PO_ID,Supplier_ID,Product_ID,Warehouse_ID,Order_Date,Quantity,Expected_Date,Received_Date,Actual_Lead_Time_Days,Delay_Days,Delivery_Status
PO000001,S008,P0006,W003,2025-03-26,853,2025-04-04,2025-04-04,9,0,On Time
PO000002,S025,P0057,W007,2025-08-02,652,2025-08-14,2025-08-19,17,5,Late
PO000003,S018,P0076,W004,2025-06-22,540,2025-06-26,2025-06-26,4,0,On Time
PO000004,S019,P0030,W002,2025-07-28,358,2025-08-03,2025-08-08,11,5,Late
PO000005,S012,P0055,W003,2025-03-05,354,2025-03-12,2025-03-12,7,0,On Time
PO000006,S012,P0084,W006,2025-09-15,200,2025-09-22,2025-09-25,10,3,Late
PO000007,S018,P0084,W006,2025-11-28,552,2025-12-02,2025-12-02,4,0,On Time
PO000008,S010,P0054,W005,2025-05-01,965,2025-05-12,2025-05-12,11,0,On Time
PO000009,S007,P0027,W004,2025-10-25,291,2025-11-08,2025-11-08,14,0,On Time
PO000010,S018,P0084,W006,2025-02-23,213,2025-02-27,2025-02-27,4,0,On Time
PO000011,S012,P0059,W005,2025-11-27,557,2025-12-04,2025-12-04,7,0,On Time
PO000012,S014,P0007,W004,2025-09-29,959,2025-10-08,2025-10-08,9,0,On Time
PO000013,S015,P0040,W003,2025-08-29,816,2025-09-05,2025-09-05,7,0,On Time
PO000014,S016,P0094,W003,2025-08-31,500,2025-09-11,2025-09-11,11,0,On Time
PO000015,S002,P0072,W005,2025-01-18,117,2025-01-31,2025-01-31,13,0,On Time
PO000016,S018,P0002,W003,2025-07-06,449,2025-07-10,2025-07-10,4,0,On Time
PO000017,S012,P0014,W005,2025-12-12,531,2025-12-19,2025-12-20,8,1,Late
PO000018,S016,P0010,W001,2025-05-24,750,2025-06-04,2025-06-11,18,7,Late
PO000019,S013,P0050,W007,2025-09-19,346,2025-09-24,2025-09-24,5,0,On Time
PO000020,S020,P0018,W004,2025-12-30,964,2026-01-10,2026-01-10,11,0,On Time
PO000021,S017,P0018,W005,2025-08-27,930,2025-09-05,2025-09-05,9,0,On Time
PO000022,S018,P0016,W004,2025-10-31,804,2025-11-04,2025-11-04,4,0,On Time
PO000023,S003,P0052,W008,2025-10-25,924,2025-11-06,2025-11-07,13,1,Late
PO000024,S023,P0069,W001,2025-03-17,992,2025-03-29,2025-03-29,12,0,On Time
PO000025,S010,P0052,W004,2025-07-07,819,2025-07-18,2025-07-18,11,0,On Time
PO000026,S001,P0031,W005,2025-11-29,597,2025-12-12,2025-12-12,13,0,On Time
PO000027,S006,P0084,W007,2025-09-03,846,2025-09-08,2025-09-10,7,2,Late
PO000028,S003,P0023,W007,2025-05-10,435,2025-05-22,2025-05-22,12,0,On Time
PO000029,S019,P0096,W003,2025-11-11,130,2025-11-17,2025-11-22,11,5,Late
PO000030,S004,P0042,W007,2025-10-10,231,2025-10-24,2025-10-29,19,5,Late
PO000031,S020,P0081,W007,2025-03-20,702,2025-03-31,2025-03-31,11,0,On Time
PO000032,S023,P0062,W008,2025-03-13,870,2025-03-25,2025-03-25,12,0,On Time
PO000033,S003,P0077,W004,2025-09-20,897,2025-10-02,2025-10-02,12,0,On Time
PO000034,S008,P0050,W004,2025-07-10,590,2025-07-19,2025-07-19,9,0,On Time
PO000035,S008,P0077,W006,2025-03-04,49,2025-03-13,2025-03-13,9,0,On Time
PO000036,S007,P0081,W006,2025-01-12,286,2025-01-26,2025-01-26,14,0,On Time
PO000037,S002,P0015,W001,2025-05-21,995,2025-06-03,2025-06-03,13,0,On Time
PO000038,S021,P0090,W002,2025-09-11,906,2025-09-25,2025-09-25,14,0,On Time
PO000039,S006,P0044,W007,2025-02-12,685,2025-02-17,2025-02-20,8,3,Late
PO000040,S016,P0092,W003,2025-01-17,369,2025-01-28,2025-02-02,16,5,Late
PO000041,S010,P0042,W007,2025-03-04,533,2025-03-15,2025-03-15,11,0,On Time
PO000042,S004,P0045,W005,2025-09-10,949,2025-09-24,2025-09-24,14,0,On Time
PO000043,S013,P0094,W001,2025-10-19,700,2025-10-24,2025-10-24,5,0,On Time
PO000044,S010,P0035,W005,2025-01-08,233,2025-01-19,2025-01-22,14,3,Late
PO000045,S021,P0022,W005,2025-11-21,270,2025-12-05,2025-12-10,19,5,Late
PO000046,S014,P0074,W004,2025-03-31,562,2025-04-09,2025-04-09,9,0,On Time
PO000047,S009,P0075,W001,2025-07-27,338,2025-08-02,2025-08-02,6,0,On Time
PO000048,S011,P0038,W001,2025-10-19,202,2025-10-24,2025-10-24,5,0,On Time
PO000049,S023,P0097,W006,2025-10-11,904,2025-10-23,2025-10-23,12,0,On Time
PO000050,S018,P0070,W008,2025-04-28,208,2025-05-02,2025-05-03,5,1,Late
PO000051,S011,P0064,W003,2025-12-15,744,2025-12-20,2025-12-20,5,0,On Time
PO000052,S017,P0007,W002,2025-06-24,146,2025-07-03,2025-07-08,14,5,Late
PO000053,S002,P0044,W005,2025-03-17,823,2025-03-30,2025-03-30,13,0,On Time
PO000054,S003,P0076,W007,2025-04-11,315,2025-04-23,2025-04-25,14,2,Late
PO000055,S011,P0007,W003,2025-05-31,42,2025-06-05,2025-06-05,5,0,On Time
PO000056,S018,P0066,W007,2025-09-27,941,2025-10-01,2025-10-01,4,0,On Time
PO000057,S003,P0060,W006,2025-03-12,549,2025-03-24,2025-03-25,13,1,Late
PO000058,S015,P0001,W008,2025-06-29,98,2025-07-06,2025-07-11,12,5,Late
PO000059,S011,P0062,W008,2025-05-04,565,2025-05-09,2025-05-10,6,1,Late
PO000060,S011,P0087,W003,2025-10-20,489,2025-10-25,2025-10-27,7,2,Late
PO000061,S025,P0089,W005,2025-10-12,943,2025-10-24,2025-10-26,14,2,Late
PO000062,S020,P0018,W004,2025-07-14,638,2025-07-25,2025-07-25,11,0,On Time
PO000063,S025,P0007,W004,2025-08-16,324,2025-08-28,2025-08-30,14,2,Late
PO000064,S011,P0054,W005,2025-10-02,467,2025-10-07,2025-10-09,7,2,Late
PO000065,S019,P0067,W006,2025-04-16,218,2025-04-22,2025-04-22,6,0,On Time
PO000066,S001,P0093,W006,2025-01-21,210,2025-02-03,2025-02-03,13,0,On Time
PO000067,S005,P0010,W001,2025-03-05,251,2025-03-19,2025-03-21,16,2,Late
PO000068,S010,P0061,W002,2025-06-14,593,2025-06-25,2025-06-27,13,2,Late
PO000069,S010,P0059,W007,2025-01-27,573,2025-02-07,2025-02-07,11,0,On Time
PO000070,S014,P0059,W004,2025-11-07,43,2025-11-16,2025-11-18,11,2,Late
PO000071,S002,P0069,W002,2025-10-12,694,2025-10-25,2025-10-27,15,2,Late
PO000072,S004,P0063,W003,2025-05-28,480,2025-06-11,2025-06-11,14,0,On Time
PO000073,S002,P0098,W007,2025-10-08,202,2025-10-21,2025-10-22,14,1,Late
PO000074,S018,P0008,W007,2025-11-22,452,2025-11-26,2025-11-26,4,0,On Time
PO000075,S013,P0078,W007,2025-11-15,864,2025-11-20,2025-11-20,5,0,On Time
PO000076,S019,P0055,W003,2025-06-13,626,2025-06-19,2025-06-19,6,0,On Time
PO000077,S005,P0006,W005,2025-08-12,974,2025-08-26,2025-08-31,19,5,Late
PO000078,S020,P0001,W008,2025-09-29,102,2025-10-10,2025-10-10,11,0,On Time
PO000079,S002,P0056,W008,2025-05-26,112,2025-06-08,2025-06-10,15,2,Late
PO000080,S011,P0097,W005,2025-12-22,297,2025-12-27,2025-12-27,5,0,On Time
PO000081,S018,P0075,W005,2025-01-30,636,2025-02-03,2025-02-06,7,3,Late
PO000082,S006,P0088,W007,2025-02-14,104,2025-02-19,2025-02-22,8,3,Late
PO000083,S023,P0010,W006,2025-10-02,592,2025-10-14,2025-10-17,15,3,Late
PO000084,S010,P0023,W004,2025-02-03,227,2025-02-14,2025-02-16,13,2,Late
PO000085,S022,P0016,W002,2025-05-21,689,2025-05-25,2025-05-28,7,3,Late
PO000086,S023,P0016,W008,2025-11-14,600,2025-11-26,2025-11-26,12,0,On Time
PO000087,S017,P0056,W003,2025-08-09,463,2025-08-18,2025-08-18,9,0,On Time
PO000088,S022,P0095,W002,2025-12-22,793,2025-12-26,2025-12-26,4,0,On Time
PO000089,S011,P0006,W008,2025-01-22,872,2025-01-27,2025-01-28,6,1,Late
PO000090,S019,P0030,W004,2025-06-29,765,2025-07-05,2025-07-05,6,0,On Time
PO000091,S017,P0063,W007,2025-11-25,389,2025-12-04,2025-12-04,9,0,On Time
PO000092,S024,P0001,W002,2025-08-19,670,2025-08-30,2025-09-02,14,3,Late
PO000093,S004,P0051,W007,2025-02-07,811,2025-02-21,2025-02-22,15,1,Late
PO000094,S024,P0089,W002,2025-03-11,495,2025-03-22,2025-03-25,14,3,Late
PO000095,S014,P0046,W006,2025-04-26,523,2025-05-05,2025-05-05,9,0,On Time
PO000096,S020,P0021,W008,2025-08-27,866,2025-09-07,2025-09-07,11,0,On Time
PO000097,S004,P0099,W005,2025-12-01,250,2025-12-15,2025-12-15,14,0,On Time
PO000098,S014,P0038,W006,2025-05-28,897,2025-06-06,2025-06-06,9,0,On Time
PO000099,S004,P0069,W006,2025-01-09,379,2025-01-23,2025-01-23,14,0,On Time
PO000100,S006,P0063,W007,2025-10-15,582,2025-10-20,2025-10-20,5,0,On Time
PO000101,S009,P0050,W002,2025-02-19,770,2025-02-25,2025-02-25,6,0,On Time
PO000102,S021,P0012,W002,2025-12-04,38,2025-12-18,2025-12-18,14,0,On Time
PO000103,S012,P0069,W006,2025-01-05,709,2025-01-12,2025-01-12,7,0,On Time
PO000104,S008,P0073,W002,2025-12-09,228,2025-12-18,2025-12-18,9,0,On Time
PO000105,S024,P0044,W006,2025-05-06,918,2025-05-17,2025-05-18,12,1,Late
PO000106,S004,P0052,W001,2025-03-16,150,2025-03-30,2025-03-31,15,1,Late
PO000107,S025,P0009,W008,2025-06-14,762,2025-06-26,2025-06-29,15,3,Late
PO000108,S025,P0099,W006,2025-10-05,403,2025-10-17,2025-10-17,12,0,On Time
PO000109,S005,P0065,W003,2025-11-20,111,2025-12-04,2025-12-11,21,7,Late
PO000110,S006,P0010,W003,2025-10-27,562,2025-11-01,2025-11-06,10,5,Late
PO000111,S005,P0046,W002,2025-10-17,381,2025-10-31,2025-10-31,14,0,On Time
PO000112,S019,P0100,W006,2025-03-18,780,2025-03-24,2025-03-24,6,0,On Time
PO000113,S008,P0058,W006,2025-10-25,143,2025-11-03,2025-11-03,9,0,On Time
PO000114,S009,P0037,W005,2025-05-17,900,2025-05-23,2025-05-24,7,1,Late
PO000115,S015,P0052,W008,2025-04-16,962,2025-04-23,2025-04-23,7,0,On Time
PO000116,S004,P0099,W007,2025-04-05,667,2025-04-19,2025-04-24,19,5,Late
PO000117,S025,P0081,W005,2025-05-15,292,2025-05-27,2025-05-27,12,0,On Time
PO000118,S009,P0013,W005,2025-03-09,374,2025-03-15,2025-03-22,13,7,Late
PO000119,S007,P0006,W006,2025-05-27,119,2025-06-10,2025-06-13,17,3,Late
PO000120,S008,P0058,W008,2025-06-08,750,2025-06-17,2025-06-22,14,5,Late
PO000121,S015,P0048,W006,2025-06-12,635,2025-06-19,2025-06-19,7,0,On Time
PO000122,S019,P0032,W003,2025-12-07,320,2025-12-13,2025-12-13,6,0,On Time
PO000123,S015,P0011,W004,2025-07-08,628,2025-07-15,2025-07-17,9,2,Late
PO000124,S005,P0081,W002,2025-12-05,847,2025-12-19,2025-12-21,16,2,Late
PO000125,S019,P0005,W003,2025-04-05,901,2025-04-11,2025-04-11,6,0,On Time
PO000126,S007,P0006,W005,2025-06-30,222,2025-07-14,2025-07-16,16,2,Late
PO000127,S006,P0074,W003,2025-10-15,40,2025-10-20,2025-10-20,5,0,On Time
PO000128,S019,P0097,W003,2025-11-18,217,2025-11-24,2025-11-24,6,0,On Time
PO000129,S025,P0094,W003,2025-07-06,131,2025-07-18,2025-07-18,12,0,On Time
PO000130,S017,P0021,W008,2025-05-18,168,2025-05-27,2025-06-01,14,5,Late
PO000131,S010,P0042,W005,2025-05-10,400,2025-05-21,2025-05-21,11,0,On Time
PO000132,S019,P0081,W004,2025-07-13,774,2025-07-19,2025-07-21,8,2,Late
PO000133,S011,P0027,W001,2025-11-12,973,2025-11-17,2025-11-17,5,0,On Time
PO000134,S015,P0003,W002,2025-09-30,202,2025-10-07,2025-10-08,8,1,Late
PO000135,S010,P0060,W002,2025-12-18,815,2025-12-29,2026-01-03,16,5,Late
PO000136,S011,P0093,W007,2025-05-24,356,2025-05-29,2025-05-29,5,0,On Time
PO000137,S023,P0066,W003,2025-01-16,357,2025-01-28,2025-01-28,12,0,On Time
PO000138,S003,P0093,W004,2025-10-29,990,2025-11-10,2025-11-10,12,0,On Time
PO000139,S003,P0049,W005,2025-09-02,833,2025-09-14,2025-09-19,17,5,Late
PO000140,S018,P0100,W001,2025-04-17,319,2025-04-21,2025-04-21,4,0,On Time
PO000141,S025,P0034,W001,2025-03-29,620,2025-04-10,2025-04-10,12,0,On Time
PO000142,S011,P0037,W003,2025-05-09,241,2025-05-14,2025-05-14,5,0,On Time
PO000143,S020,P0042,W003,2025-12-07,779,2025-12-18,2025-12-18,11,0,On Time
PO000144,S022,P0065,W005,2025-01-04,428,2025-01-08,2025-01-08,4,0,On Time
PO000145,S018,P0060,W007,2025-11-23,986,2025-11-27,2025-12-02,9,5,Late
PO000146,S025,P0090,W005,2025-11-02,708,2025-11-14,2025-11-14,12,0,On Time
PO000147,S015,P0001,W008,2025-04-05,137,2025-04-12,2025-04-12,7,0,On Time
PO000148,S007,P0059,W006,2025-07-28,193,2025-08-11,2025-08-14,17,3,Late
PO000149,S010,P0004,W005,2025-08-13,238,2025-08-24,2025-08-24,11,0,On Time
PO000150,S021,P0014,W003,2025-12-14,395,2025-12-28,2025-12-29,15,1,Late
PO000151,S023,P0018,W004,2025-11-17,749,2025-11-29,2025-12-01,14,2,Late
PO000152,S020,P0034,W003,2025-02-16,338,2025-02-27,2025-02-27,11,0,On Time
PO000153,S010,P0001,W007,2025-06-30,608,2025-07-11,2025-07-11,11,0,On Time
PO000154,S013,P0053,W003,2025-04-16,107,2025-04-21,2025-04-21,5,0,On Time
PO000155,S015,P0022,W001,2025-07-18,927,2025-07-25,2025-07-25,7,0,On Time
PO000156,S023,P0080,W008,2025-04-16,97,2025-04-28,2025-04-28,12,0,On Time
PO000157,S018,P0061,W005,2025-10-07,460,2025-10-11,2025-10-18,11,7,Late
PO000158,S023,P0022,W002,2025-09-17,220,2025-09-29,2025-09-29,12,0,On Time
PO000159,S004,P0050,W005,2025-04-18,595,2025-05-02,2025-05-05,17,3,Late
PO000160,S020,P0016,W006,2025-01-19,434,2025-01-30,2025-01-30,11,0,On Time
PO000161,S017,P0028,W004,2025-10-23,23,2025-11-01,2025-11-06,14,5,Late
PO000162,S003,P0092,W004,2025-11-02,969,2025-11-14,2025-11-16,14,2,Late
PO000163,S021,P0086,W005,2025-06-20,102,2025-07-04,2025-07-06,16,2,Late
PO000164,S021,P0070,W005,2025-11-27,724,2025-12-11,2025-12-11,14,0,On Time
PO000165,S002,P0089,W003,2025-07-14,512,2025-07-27,2025-07-27,13,0,On Time
PO000166,S004,P0042,W002,2025-01-12,25,2025-01-26,2025-01-26,14,0,On Time
PO000167,S001,P0066,W007,2025-07-14,724,2025-07-27,2025-07-29,15,2,Late
PO000168,S015,P0071,W003,2025-10-10,748,2025-10-17,2025-10-20,10,3,Late
PO000169,S025,P0081,W008,2025-07-01,366,2025-07-13,2025-07-13,12,0,On Time
PO000170,S001,P0035,W001,2025-11-01,553,2025-11-14,2025-11-19,18,5,Late
PO000171,S006,P0020,W008,2025-05-24,676,2025-05-29,2025-06-03,10,5,Late
PO000172,S007,P0002,W001,2025-11-12,974,2025-11-26,2025-11-26,14,0,On Time
PO000173,S019,P0007,W008,2025-07-01,816,2025-07-07,2025-07-07,6,0,On Time
PO000174,S012,P0096,W004,2025-01-30,470,2025-02-06,2025-02-08,9,2,Late
PO000175,S001,P0049,W004,2025-03-25,164,2025-04-07,2025-04-07,13,0,On Time
PO000176,S007,P0083,W002,2025-06-15,21,2025-06-29,2025-07-01,16,2,Late
PO000177,S019,P0076,W004,2025-10-11,307,2025-10-17,2025-10-19,8,2,Late
PO000178,S013,P0009,W006,2025-10-08,937,2025-10-13,2025-10-13,5,0,On Time
PO000179,S012,P0027,W008,2025-04-06,890,2025-04-13,2025-04-13,7,0,On Time
PO000180,S012,P0078,W001,2025-09-23,244,2025-09-30,2025-09-30,7,0,On Time
PO000181,S022,P0002,W002,2025-10-25,973,2025-10-29,2025-11-03,9,5,Late
PO000182,S013,P0085,W001,2025-10-23,456,2025-10-28,2025-10-28,5,0,On Time
PO000183,S014,P0068,W005,2025-08-13,233,2025-08-22,2025-08-22,9,0,On Time
PO000184,S022,P0060,W005,2025-11-29,962,2025-12-03,2025-12-06,7,3,Late
PO000185,S012,P0085,W002,2025-12-27,919,2026-01-03,2026-01-03,7,0,On Time
PO000186,S020,P0086,W003,2025-02-11,185,2025-02-22,2025-02-23,12,1,Late
PO000187,S012,P0049,W006,2025-10-30,392,2025-11-06,2025-11-06,7,0,On Time
PO000188,S006,P0002,W007,2025-09-03,672,2025-09-08,2025-09-08,5,0,On Time
PO000189,S010,P0017,W006,2025-07-27,848,2025-08-07,2025-08-07,11,0,On Time
PO000190,S020,P0083,W008,2025-08-25,526,2025-09-05,2025-09-05,11,0,On Time
PO000191,S024,P0088,W007,2025-01-22,595,2025-02-02,2025-02-09,18,7,Late
PO000192,S009,P0020,W004,2025-07-04,352,2025-07-10,2025-07-10,6,0,On Time
PO000193,S002,P0076,W007,2025-08-30,231,2025-09-12,2025-09-12,13,0,On Time
PO000194,S007,P0089,W002,2025-12-29,308,2026-01-12,2026-01-12,14,0,On Time
PO000195,S009,P0087,W006,2025-10-10,629,2025-10-16,2025-10-16,6,0,On Time
PO000196,S025,P0098,W007,2025-02-10,185,2025-02-22,2025-02-22,12,0,On Time
PO000197,S012,P0032,W004,2025-12-02,145,2025-12-09,2025-12-09,7,0,On Time
PO000198,S005,P0051,W001,2025-06-11,176,2025-06-25,2025-06-30,19,5,Late
PO000199,S001,P0088,W007,2025-06-09,781,2025-06-22,2025-06-22,13,0,On Time
PO000200,S022,P0042,W003,2025-03-30,592,2025-04-03,2025-04-03,4,0,On Time
PO000201,S015,P0063,W004,2025-11-18,51,2025-11-25,2025-11-25,7,0,On Time
PO000202,S008,P0089,W005,2025-01-12,926,2025-01-21,2025-01-21,9,0,On Time
PO000203,S001,P0061,W007,2025-03-14,293,2025-03-27,2025-03-27,13,0,On Time
PO000204,S018,P0062,W005,2025-03-17,320,2025-03-21,2025-03-21,4,0,On Time
PO000205,S013,P0003,W001,2025-12-12,40,2025-12-17,2025-12-17,5,0,On Time
PO000206,S001,P0089,W002,2025-07-20,543,2025-08-02,2025-08-02,13,0,On Time
PO000207,S005,P0092,W004,2025-01-10,775,2025-01-24,2025-01-24,14,0,On Time
PO000208,S018,P0076,W007,2025-12-18,634,2025-12-22,2025-12-22,4,0,On Time
PO000209,S016,P0026,W007,2025-08-14,295,2025-08-25,2025-08-25,11,0,On Time
PO000210,S010,P0048,W001,2025-06-25,26,2025-07-06,2025-07-06,11,0,On Time
PO000211,S004,P0008,W007,2025-10-03,878,2025-10-17,2025-10-22,19,5,Late
PO000212,S001,P0005,W005,2025-02-08,474,2025-02-21,2025-02-23,15,2,Late
PO000213,S023,P0011,W007,2025-03-01,149,2025-03-13,2025-03-20,19,7,Late
PO000214,S008,P0042,W008,2025-03-07,318,2025-03-16,2025-03-16,9,0,On Time
PO000215,S005,P0099,W007,2025-11-17,116,2025-12-01,2025-12-02,15,1,Late
PO000216,S002,P0091,W005,2025-05-04,296,2025-05-17,2025-05-17,13,0,On Time
PO000217,S024,P0041,W005,2025-06-13,304,2025-06-24,2025-06-26,13,2,Late
PO000218,S017,P0019,W003,2025-06-08,819,2025-06-17,2025-06-17,9,0,On Time
PO000219,S007,P0048,W003,2025-02-26,192,2025-03-12,2025-03-12,14,0,On Time
PO000220,S017,P0053,W005,2025-03-19,351,2025-03-28,2025-03-28,9,0,On Time
PO000221,S006,P0055,W006,2025-07-13,224,2025-07-18,2025-07-18,5,0,On Time
PO000222,S022,P0061,W002,2025-10-12,122,2025-10-16,2025-10-16,4,0,On Time
PO000223,S015,P0032,W003,2025-01-15,644,2025-01-22,2025-01-22,7,0,On Time
PO000224,S005,P0046,W004,2025-01-12,974,2025-01-26,2025-01-26,14,0,On Time
PO000225,S015,P0092,W003,2025-04-11,379,2025-04-18,2025-04-23,12,5,Late
PO000226,S018,P0036,W004,2025-06-05,150,2025-06-09,2025-06-12,7,3,Late
PO000227,S018,P0018,W003,2025-12-06,58,2025-12-10,2025-12-10,4,0,On Time
PO000228,S025,P0074,W005,2025-05-05,326,2025-05-17,2025-05-17,12,0,On Time
PO000229,S021,P0096,W007,2025-12-25,903,2026-01-08,2026-01-08,14,0,On Time
PO000230,S021,P0018,W004,2025-10-07,539,2025-10-21,2025-10-21,14,0,On Time
PO000231,S023,P0012,W008,2025-04-20,897,2025-05-02,2025-05-02,12,0,On Time
PO000232,S006,P0072,W007,2025-11-30,65,2025-12-05,2025-12-05,5,0,On Time
PO000233,S002,P0097,W007,2025-12-23,213,2026-01-05,2026-01-06,14,1,Late
PO000234,S017,P0046,W002,2025-05-26,537,2025-06-04,2025-06-04,9,0,On Time
PO000235,S021,P0055,W003,2025-08-04,899,2025-08-18,2025-08-18,14,0,On Time
PO000236,S004,P0038,W003,2025-06-11,589,2025-06-25,2025-06-25,14,0,On Time
PO000237,S012,P0078,W005,2025-05-08,188,2025-05-15,2025-05-15,7,0,On Time
PO000238,S019,P0002,W004,2025-11-10,141,2025-11-16,2025-11-18,8,2,Late
PO000239,S002,P0009,W006,2025-11-28,268,2025-12-11,2025-12-11,13,0,On Time
PO000240,S002,P0005,W005,2025-05-30,226,2025-06-12,2025-06-12,13,0,On Time
PO000241,S014,P0098,W007,2025-02-05,134,2025-02-14,2025-02-15,10,1,Late
PO000242,S015,P0019,W004,2025-06-22,258,2025-06-29,2025-06-29,7,0,On Time
PO000243,S020,P0071,W003,2025-01-22,585,2025-02-02,2025-02-02,11,0,On Time
PO000244,S002,P0039,W003,2025-07-25,95,2025-08-07,2025-08-07,13,0,On Time
PO000245,S004,P0042,W003,2025-05-07,188,2025-05-21,2025-05-21,14,0,On Time
PO000246,S019,P0017,W003,2025-12-02,67,2025-12-08,2025-12-08,6,0,On Time
PO000247,S009,P0063,W008,2025-12-22,755,2025-12-28,2025-12-30,8,2,Late
PO000248,S007,P0090,W001,2025-08-05,89,2025-08-19,2025-08-19,14,0,On Time
PO000249,S013,P0046,W003,2025-04-06,527,2025-04-11,2025-04-11,5,0,On Time
PO000250,S012,P0091,W003,2025-06-13,174,2025-06-20,2025-06-25,12,5,Late
PO000251,S003,P0092,W006,2025-05-28,578,2025-06-09,2025-06-09,12,0,On Time
PO000252,S013,P0020,W006,2025-01-18,480,2025-01-23,2025-01-30,12,7,Late
PO000253,S015,P0070,W004,2025-10-21,392,2025-10-28,2025-10-28,7,0,On Time
PO000254,S014,P0008,W007,2025-07-14,810,2025-07-23,2025-07-24,10,1,Late
PO000255,S024,P0096,W003,2025-05-31,221,2025-06-11,2025-06-12,12,1,Late
PO000256,S009,P0019,W003,2025-12-31,673,2026-01-06,2026-01-09,9,3,Late
PO000257,S013,P0032,W008,2025-05-03,336,2025-05-08,2025-05-08,5,0,On Time
PO000258,S023,P0019,W004,2025-07-06,470,2025-07-18,2025-07-18,12,0,On Time
PO000259,S022,P0024,W007,2025-05-29,657,2025-06-02,2025-06-02,4,0,On Time
PO000260,S004,P0024,W003,2025-04-14,863,2025-04-28,2025-05-03,19,5,Late
PO000261,S021,P0056,W008,2025-08-31,684,2025-09-14,2025-09-14,14,0,On Time
PO000262,S008,P0081,W003,2025-08-19,596,2025-08-28,2025-09-02,14,5,Late
PO000263,S003,P0018,W005,2025-07-25,115,2025-08-06,2025-08-06,12,0,On Time
PO000264,S002,P0012,W001,2025-07-17,939,2025-07-30,2025-07-30,13,0,On Time
PO000265,S019,P0041,W004,2025-12-03,712,2025-12-09,2025-12-09,6,0,On Time
PO000266,S023,P0087,W005,2025-03-28,515,2025-04-09,2025-04-09,12,0,On Time
PO000267,S008,P0048,W006,2025-05-22,381,2025-05-31,2025-06-03,12,3,Late
PO000268,S017,P0082,W007,2025-11-13,476,2025-11-22,2025-11-22,9,0,On Time
PO000269,S013,P0064,W002,2025-07-18,197,2025-07-23,2025-07-28,10,5,Late
PO000270,S007,P0016,W002,2025-02-15,148,2025-03-01,2025-03-01,14,0,On Time
PO000271,S009,P0080,W006,2025-10-15,509,2025-10-21,2025-10-22,7,1,Late
PO000272,S012,P0100,W001,2025-01-15,58,2025-01-22,2025-01-23,8,1,Late
PO000273,S014,P0023,W007,2025-02-13,477,2025-02-22,2025-02-22,9,0,On Time
PO000274,S014,P0086,W007,2025-06-18,831,2025-06-27,2025-06-27,9,0,On Time
PO000275,S015,P0039,W008,2025-11-06,892,2025-11-13,2025-11-13,7,0,On Time
PO000276,S003,P0033,W002,2025-02-13,369,2025-02-25,2025-02-25,12,0,On Time
PO000277,S015,P0024,W001,2025-04-08,664,2025-04-15,2025-04-20,12,5,Late
PO000278,S019,P0061,W002,2025-09-18,910,2025-09-24,2025-09-29,11,5,Late
PO000279,S024,P0055,W002,2025-04-19,471,2025-04-30,2025-05-01,12,1,Late
PO000280,S020,P0061,W007,2025-10-10,399,2025-10-21,2025-10-22,12,1,Late
PO000281,S014,P0084,W008,2025-12-09,128,2025-12-18,2025-12-18,9,0,On Time
PO000282,S008,P0097,W005,2025-04-14,603,2025-04-23,2025-04-23,9,0,On Time
PO000283,S005,P0095,W007,2025-09-13,227,2025-09-27,2025-09-29,16,2,Late
PO000284,S019,P0040,W002,2025-07-25,596,2025-07-31,2025-07-31,6,0,On Time
PO000285,S004,P0058,W007,2025-12-01,260,2025-12-15,2025-12-16,15,1,Late
PO000286,S014,P0072,W006,2025-02-12,610,2025-02-21,2025-02-23,11,2,Late
PO000287,S016,P0074,W001,2025-12-19,107,2025-12-30,2025-12-30,11,0,On Time
PO000288,S020,P0001,W003,2025-09-02,418,2025-09-13,2025-09-13,11,0,On Time
PO000289,S024,P0085,W007,2025-10-14,709,2025-10-25,2025-10-27,13,2,Late
PO000290,S006,P0025,W007,2025-12-21,281,2025-12-26,2025-12-26,5,0,On Time
PO000291,S023,P0096,W003,2025-09-30,597,2025-10-12,2025-10-14,14,2,Late
PO000292,S025,P0053,W003,2025-03-24,344,2025-04-05,2025-04-05,12,0,On Time
PO000293,S006,P0061,W001,2025-04-20,390,2025-04-25,2025-04-25,5,0,On Time
PO000294,S003,P0046,W008,2025-07-09,954,2025-07-21,2025-07-21,12,0,On Time
PO000295,S015,P0074,W001,2025-10-15,124,2025-10-22,2025-10-23,8,1,Late
PO000296,S003,P0060,W003,2025-09-08,117,2025-09-20,2025-09-20,12,0,On Time
PO000297,S011,P0051,W006,2025-07-31,506,2025-08-05,2025-08-05,5,0,On Time
PO000298,S003,P0073,W002,2025-10-18,115,2025-10-30,2025-10-30,12,0,On Time
PO000299,S010,P0084,W003,2025-05-13,944,2025-05-24,2025-05-24,11,0,On Time
PO000300,S018,P0048,W004,2025-07-20,491,2025-07-24,2025-07-24,4,0,On Time
PO000301,S001,P0084,W007,2025-10-12,65,2025-10-25,2025-10-25,13,0,On Time
PO000302,S016,P0040,W001,2025-11-22,909,2025-12-03,2025-12-03,11,0,On Time
PO000303,S016,P0007,W004,2025-04-05,50,2025-04-16,2025-04-16,11,0,On Time
PO000304,S010,P0075,W004,2025-10-05,427,2025-10-16,2025-10-16,11,0,On Time
PO000305,S001,P0085,W001,2025-11-21,394,2025-12-04,2025-12-04,13,0,On Time
PO000306,S004,P0019,W008,2025-08-07,401,2025-08-21,2025-08-21,14,0,On Time
PO000307,S003,P0015,W007,2025-03-30,930,2025-04-11,2025-04-11,12,0,On Time
PO000308,S005,P0070,W003,2025-03-13,735,2025-03-27,2025-03-27,14,0,On Time
PO000309,S012,P0061,W006,2025-09-04,679,2025-09-11,2025-09-18,14,7,Late
PO000310,S025,P0056,W005,2025-05-09,663,2025-05-21,2025-05-21,12,0,On Time
PO000311,S012,P0010,W008,2025-07-31,717,2025-08-07,2025-08-07,7,0,On Time
PO000312,S013,P0046,W008,2025-12-09,992,2025-12-14,2025-12-14,5,0,On Time
PO000313,S024,P0080,W004,2025-04-06,720,2025-04-17,2025-04-20,14,3,Late
PO000314,S012,P0075,W003,2025-03-16,508,2025-03-23,2025-03-28,12,5,Late
PO000315,S025,P0057,W005,2025-02-23,658,2025-03-07,2025-03-07,12,0,On Time
PO000316,S016,P0035,W007,2025-12-10,895,2025-12-21,2025-12-23,13,2,Late
PO000317,S013,P0072,W004,2025-02-23,925,2025-02-28,2025-02-28,5,0,On Time
PO000318,S005,P0092,W003,2025-08-06,828,2025-08-20,2025-08-20,14,0,On Time
PO000319,S024,P0003,W004,2025-01-16,328,2025-01-27,2025-01-27,11,0,On Time
PO000320,S004,P0066,W008,2025-04-09,618,2025-04-23,2025-04-23,14,0,On Time
PO000321,S021,P0053,W003,2025-01-20,986,2025-02-03,2025-02-03,14,0,On Time
PO000322,S015,P0078,W008,2025-02-15,652,2025-02-22,2025-02-22,7,0,On Time
PO000323,S012,P0052,W007,2025-07-12,863,2025-07-19,2025-07-19,7,0,On Time
PO000324,S019,P0093,W006,2025-02-27,835,2025-03-05,2025-03-06,7,1,Late
PO000325,S021,P0053,W007,2025-04-21,930,2025-05-05,2025-05-05,14,0,On Time
PO000326,S019,P0054,W002,2025-05-09,154,2025-05-15,2025-05-15,6,0,On Time
PO000327,S021,P0047,W002,2025-12-03,347,2025-12-17,2025-12-17,14,0,On Time
PO000328,S011,P0003,W007,2025-07-13,218,2025-07-18,2025-07-18,5,0,On Time
PO000329,S021,P0065,W001,2025-12-06,702,2025-12-20,2025-12-20,14,0,On Time
PO000330,S006,P0015,W005,2025-11-22,279,2025-11-27,2025-11-27,5,0,On Time
PO000331,S009,P0084,W007,2025-01-08,143,2025-01-14,2025-01-14,6,0,On Time
PO000332,S001,P0086,W007,2025-01-29,773,2025-02-11,2025-02-11,13,0,On Time
PO000333,S012,P0034,W004,2025-04-22,966,2025-04-29,2025-05-02,10,3,Late
PO000334,S014,P0050,W004,2025-06-10,602,2025-06-19,2025-06-19,9,0,On Time
PO000335,S006,P0033,W003,2025-05-11,401,2025-05-16,2025-05-16,5,0,On Time
PO000336,S001,P0073,W005,2025-07-07,526,2025-07-20,2025-07-20,13,0,On Time
PO000337,S022,P0003,W008,2025-06-12,590,2025-06-16,2025-06-23,11,7,Late
PO000338,S002,P0002,W004,2025-07-16,128,2025-07-29,2025-07-29,13,0,On Time
PO000339,S024,P0004,W005,2025-12-30,60,2026-01-10,2026-01-10,11,0,On Time
PO000340,S011,P0016,W007,2025-07-23,464,2025-07-28,2025-07-28,5,0,On Time
PO000341,S003,P0054,W005,2025-07-31,817,2025-08-12,2025-08-12,12,0,On Time
PO000342,S010,P0033,W002,2025-04-19,910,2025-04-30,2025-04-30,11,0,On Time
PO000343,S006,P0009,W008,2025-10-03,165,2025-10-08,2025-10-08,5,0,On Time
PO000344,S006,P0057,W004,2025-03-14,817,2025-03-19,2025-03-19,5,0,On Time
PO000345,S020,P0040,W004,2025-06-16,922,2025-06-27,2025-06-27,11,0,On Time
PO000346,S021,P0052,W001,2025-09-17,583,2025-10-01,2025-10-01,14,0,On Time
PO000347,S002,P0082,W005,2025-08-31,195,2025-09-13,2025-09-15,15,2,Late
PO000348,S024,P0016,W003,2025-10-02,298,2025-10-13,2025-10-13,11,0,On Time
PO000349,S010,P0008,W008,2025-04-12,399,2025-04-23,2025-04-26,14,3,Late
PO000350,S023,P0087,W002,2025-06-22,184,2025-07-04,2025-07-04,12,0,On Time
PO000351,S006,P0060,W007,2025-06-20,858,2025-06-25,2025-06-26,6,1,Late
PO000352,S023,P0036,W001,2025-05-21,505,2025-06-02,2025-06-02,12,0,On Time
PO000353,S017,P0003,W002,2025-07-07,783,2025-07-16,2025-07-16,9,0,On Time
PO000354,S014,P0015,W003,2025-03-27,634,2025-04-05,2025-04-06,10,1,Late
PO000355,S005,P0097,W001,2025-02-21,584,2025-03-07,2025-03-09,16,2,Late
PO000356,S023,P0082,W002,2025-04-21,786,2025-05-03,2025-05-03,12,0,On Time
PO000357,S017,P0023,W003,2025-12-31,380,2026-01-09,2026-01-11,11,2,Late
PO000358,S002,P0003,W006,2025-12-08,192,2025-12-21,2025-12-22,14,1,Late
PO000359,S009,P0030,W001,2025-02-12,782,2025-02-18,2025-02-18,6,0,On Time
PO000360,S012,P0045,W003,2025-07-30,196,2025-08-06,2025-08-09,10,3,Late
PO000361,S019,P0017,W001,2025-07-19,68,2025-07-25,2025-07-25,6,0,On Time
PO000362,S022,P0058,W004,2025-10-25,130,2025-10-29,2025-10-29,4,0,On Time
PO000363,S007,P0058,W004,2025-12-12,229,2025-12-26,2025-12-26,14,0,On Time
PO000364,S009,P0096,W002,2025-08-28,779,2025-09-03,2025-09-03,6,0,On Time
PO000365,S021,P0057,W008,2025-04-25,706,2025-05-09,2025-05-12,17,3,Late
PO000366,S016,P0007,W005,2025-01-26,638,2025-02-06,2025-02-06,11,0,On Time
PO000367,S020,P0039,W006,2025-10-26,684,2025-11-06,2025-11-06,11,0,On Time
PO000368,S011,P0078,W007,2025-03-18,878,2025-03-23,2025-03-26,8,3,Late
PO000369,S012,P0058,W005,2025-05-17,174,2025-05-24,2025-05-26,9,2,Late
PO000370,S015,P0056,W007,2025-01-20,671,2025-01-27,2025-01-27,7,0,On Time
PO000371,S018,P0015,W007,2025-07-30,682,2025-08-03,2025-08-03,4,0,On Time
PO000372,S019,P0044,W007,2025-08-28,292,2025-09-03,2025-09-04,7,1,Late
PO000373,S016,P0012,W003,2025-02-08,575,2025-02-19,2025-02-19,11,0,On Time
PO000374,S015,P0008,W001,2025-09-25,602,2025-10-02,2025-10-02,7,0,On Time
PO000375,S005,P0080,W004,2025-07-26,656,2025-08-09,2025-08-09,14,0,On Time
PO000376,S011,P0041,W005,2025-09-24,683,2025-09-29,2025-09-29,5,0,On Time
PO000377,S015,P0034,W008,2025-06-03,474,2025-06-10,2025-06-10,7,0,On Time
PO000378,S018,P0046,W007,2025-02-11,880,2025-02-15,2025-02-15,4,0,On Time
PO000379,S013,P0088,W004,2025-01-11,335,2025-01-16,2025-01-17,6,1,Late
PO000380,S004,P0029,W007,2025-10-21,840,2025-11-04,2025-11-04,14,0,On Time
PO000381,S017,P0016,W006,2025-04-08,751,2025-04-17,2025-04-17,9,0,On Time
PO000382,S004,P0005,W003,2025-10-02,234,2025-10-16,2025-10-16,14,0,On Time
PO000383,S016,P0005,W008,2025-08-18,349,2025-08-29,2025-08-29,11,0,On Time
PO000384,S023,P0030,W006,2025-08-08,163,2025-08-20,2025-08-20,12,0,On Time
PO000385,S015,P0050,W006,2025-03-06,638,2025-03-13,2025-03-13,7,0,On Time
PO000386,S014,P0005,W003,2025-12-21,373,2025-12-30,2025-12-30,9,0,On Time
PO000387,S012,P0013,W001,2025-08-20,300,2025-08-27,2025-08-28,8,1,Late
PO000388,S003,P0099,W008,2025-11-24,341,2025-12-06,2025-12-07,13,1,Late
PO000389,S010,P0049,W006,2025-02-21,325,2025-03-04,2025-03-04,11,0,On Time
PO000390,S008,P0089,W005,2025-09-20,856,2025-09-29,2025-09-29,9,0,On Time
PO000391,S006,P0050,W007,2025-09-24,865,2025-09-29,2025-10-02,8,3,Late
PO000392,S022,P0014,W003,2025-12-25,498,2025-12-29,2025-12-31,6,2,Late
PO000393,S014,P0046,W003,2025-11-13,955,2025-11-22,2025-11-29,16,7,Late
PO000394,S017,P0090,W007,2025-11-20,409,2025-11-29,2025-11-29,9,0,On Time
PO000395,S021,P0082,W004,2025-06-03,83,2025-06-17,2025-06-22,19,5,Late
PO000396,S019,P0084,W002,2025-12-24,815,2025-12-30,2025-12-30,6,0,On Time
PO000397,S016,P0034,W008,2025-05-20,284,2025-05-31,2025-05-31,11,0,On Time
PO000398,S015,P0071,W006,2025-02-20,25,2025-02-27,2025-02-27,7,0,On Time
PO000399,S015,P0047,W005,2025-04-27,932,2025-05-04,2025-05-04,7,0,On Time
PO000400,S001,P0060,W001,2025-02-15,187,2025-02-28,2025-02-28,13,0,On Time
PO000401,S024,P0074,W006,2025-11-05,374,2025-11-16,2025-11-16,11,0,On Time
PO000402,S023,P0079,W007,2025-03-29,991,2025-04-10,2025-04-13,15,3,Late
PO000403,S023,P0081,W001,2025-07-27,192,2025-08-08,2025-08-08,12,0,On Time
PO000404,S012,P0011,W004,2025-09-26,869,2025-10-03,2025-10-08,12,5,Late
PO000405,S010,P0098,W006,2025-03-30,138,2025-04-10,2025-04-10,11,0,On Time
PO000406,S014,P0091,W001,2025-04-28,958,2025-05-07,2025-05-07,9,0,On Time
PO000407,S010,P0085,W006,2025-02-23,245,2025-03-06,2025-03-06,11,0,On Time
PO000408,S010,P0095,W003,2025-04-26,193,2025-05-07,2025-05-07,11,0,On Time
PO000409,S020,P0050,W006,2025-04-28,978,2025-05-09,2025-05-10,12,1,Late
PO000410,S011,P0004,W005,2025-09-17,148,2025-09-22,2025-09-22,5,0,On Time
PO000411,S022,P0041,W006,2025-03-16,206,2025-03-20,2025-03-20,4,0,On Time
PO000412,S016,P0059,W001,2025-11-01,82,2025-11-12,2025-11-13,12,1,Late
PO000413,S009,P0060,W005,2025-01-07,994,2025-01-13,2025-01-13,6,0,On Time
PO000414,S015,P0081,W001,2025-05-02,912,2025-05-09,2025-05-09,7,0,On Time
PO000415,S014,P0062,W008,2025-01-11,293,2025-01-20,2025-01-20,9,0,On Time
PO000416,S019,P0084,W007,2025-12-14,617,2025-12-20,2025-12-20,6,0,On Time
PO000417,S009,P0025,W007,2025-08-03,229,2025-08-09,2025-08-10,7,1,Late
PO000418,S004,P0087,W002,2025-10-06,212,2025-10-20,2025-10-20,14,0,On Time
PO000419,S021,P0079,W002,2025-01-28,769,2025-02-11,2025-02-11,14,0,On Time
PO000420,S007,P0033,W005,2025-08-23,551,2025-09-06,2025-09-06,14,0,On Time
PO000421,S022,P0019,W007,2025-11-09,971,2025-11-13,2025-11-14,5,1,Late
PO000422,S008,P0057,W002,2025-01-26,201,2025-02-04,2025-02-07,12,3,Late
PO000423,S024,P0015,W002,2025-02-23,579,2025-03-06,2025-03-06,11,0,On Time
PO000424,S008,P0041,W003,2025-01-29,247,2025-02-07,2025-02-07,9,0,On Time
PO000425,S019,P0069,W001,2025-12-19,585,2025-12-25,2025-12-25,6,0,On Time
PO000426,S015,P0080,W002,2025-06-13,633,2025-06-20,2025-06-20,7,0,On Time
PO000427,S016,P0060,W005,2025-09-27,108,2025-10-08,2025-10-08,11,0,On Time
PO000428,S022,P0096,W003,2025-11-30,163,2025-12-04,2025-12-06,6,2,Late
PO000429,S023,P0022,W007,2025-02-04,679,2025-02-16,2025-02-18,14,2,Late
PO000430,S009,P0043,W002,2025-10-13,761,2025-10-19,2025-10-19,6,0,On Time
PO000431,S012,P0032,W006,2025-12-14,834,2025-12-21,2025-12-21,7,0,On Time
PO000432,S016,P0013,W007,2025-09-30,269,2025-10-11,2025-10-11,11,0,On Time
PO000433,S004,P0038,W005,2025-07-27,244,2025-08-10,2025-08-13,17,3,Late
PO000434,S005,P0026,W001,2025-08-26,922,2025-09-09,2025-09-12,17,3,Late
PO000435,S008,P0081,W008,2025-04-03,938,2025-04-12,2025-04-12,9,0,On Time
PO000436,S001,P0005,W007,2025-06-22,990,2025-07-05,2025-07-05,13,0,On Time
PO000437,S006,P0049,W006,2025-03-20,692,2025-03-25,2025-03-25,5,0,On Time
PO000438,S015,P0097,W007,2025-04-20,187,2025-04-27,2025-04-27,7,0,On Time
PO000439,S004,P0091,W002,2025-08-05,129,2025-08-19,2025-08-19,14,0,On Time
PO000440,S021,P0005,W005,2025-12-24,792,2026-01-07,2026-01-07,14,0,On Time
PO000441,S011,P0071,W006,2025-04-16,192,2025-04-21,2025-04-21,5,0,On Time
PO000442,S005,P0048,W008,2025-02-16,530,2025-03-02,2025-03-02,14,0,On Time
PO000443,S018,P0018,W005,2025-06-30,898,2025-07-04,2025-07-04,4,0,On Time
PO000444,S024,P0095,W004,2025-03-05,316,2025-03-16,2025-03-16,11,0,On Time
PO000445,S015,P0006,W007,2025-09-03,923,2025-09-10,2025-09-11,8,1,Late
PO000446,S018,P0066,W006,2025-09-01,262,2025-09-05,2025-09-05,4,0,On Time
PO000447,S020,P0077,W005,2025-11-16,228,2025-11-27,2025-11-30,14,3,Late
PO000448,S013,P0042,W006,2025-03-28,262,2025-04-02,2025-04-02,5,0,On Time
PO000449,S005,P0052,W004,2025-08-05,273,2025-08-19,2025-08-19,14,0,On Time
PO000450,S001,P0011,W001,2025-01-07,101,2025-01-20,2025-01-20,13,0,On Time
PO000451,S022,P0026,W008,2025-10-05,453,2025-10-09,2025-10-09,4,0,On Time
PO000452,S018,P0021,W001,2025-12-03,494,2025-12-07,2025-12-07,4,0,On Time
PO000453,S014,P0066,W007,2025-07-29,562,2025-08-07,2025-08-07,9,0,On Time
PO000454,S005,P0040,W003,2025-06-18,23,2025-07-02,2025-07-05,17,3,Late
PO000455,S006,P0056,W006,2025-11-26,213,2025-12-01,2025-12-02,6,1,Late
PO000456,S024,P0051,W004,2025-05-18,75,2025-05-29,2025-06-01,14,3,Late
PO000457,S025,P0020,W008,2025-11-02,280,2025-11-14,2025-11-14,12,0,On Time
PO000458,S016,P0081,W005,2025-08-18,612,2025-08-29,2025-08-29,11,0,On Time
PO000459,S022,P0080,W003,2025-11-04,585,2025-11-08,2025-11-08,4,0,On Time
PO000460,S021,P0057,W006,2025-06-10,399,2025-06-24,2025-06-25,15,1,Late
PO000461,S012,P0005,W003,2025-01-01,506,2025-01-08,2025-01-15,14,7,Late
PO000462,S020,P0014,W008,2025-08-24,115,2025-09-04,2025-09-06,13,2,Late
PO000463,S018,P0024,W006,2025-07-07,880,2025-07-11,2025-07-11,4,0,On Time
PO000464,S002,P0068,W007,2025-01-04,355,2025-01-17,2025-01-17,13,0,On Time
PO000465,S023,P0052,W007,2025-05-12,788,2025-05-24,2025-05-24,12,0,On Time
PO000466,S021,P0048,W001,2025-08-06,735,2025-08-20,2025-08-20,14,0,On Time
PO000467,S023,P0088,W005,2025-09-17,742,2025-09-29,2025-09-29,12,0,On Time
PO000468,S013,P0047,W004,2025-01-01,348,2025-01-06,2025-01-06,5,0,On Time
PO000469,S017,P0060,W007,2025-03-12,515,2025-03-21,2025-03-21,9,0,On Time
PO000470,S017,P0073,W001,2025-06-27,848,2025-07-06,2025-07-06,9,0,On Time
PO000471,S016,P0003,W003,2025-07-08,657,2025-07-19,2025-07-19,11,0,On Time
PO000472,S021,P0009,W002,2025-10-18,538,2025-11-01,2025-11-03,16,2,Late
PO000473,S018,P0082,W007,2025-01-08,945,2025-01-12,2025-01-12,4,0,On Time
PO000474,S008,P0100,W003,2025-09-10,144,2025-09-19,2025-09-19,9,0,On Time
PO000475,S003,P0083,W008,2025-10-19,802,2025-10-31,2025-10-31,12,0,On Time
PO000476,S017,P0024,W002,2025-09-01,639,2025-09-10,2025-09-10,9,0,On Time
PO000477,S018,P0004,W006,2025-05-03,279,2025-05-07,2025-05-07,4,0,On Time
PO000478,S023,P0009,W001,2025-10-26,850,2025-11-07,2025-11-10,15,3,Late
PO000479,S006,P0097,W006,2025-10-10,601,2025-10-15,2025-10-15,5,0,On Time
PO000480,S008,P0001,W004,2025-02-01,569,2025-02-10,2025-02-10,9,0,On Time
PO000481,S023,P0035,W005,2025-11-30,706,2025-12-12,2025-12-12,12,0,On Time
PO000482,S013,P0074,W007,2025-05-26,719,2025-05-31,2025-05-31,5,0,On Time
PO000483,S008,P0012,W002,2025-06-05,758,2025-06-14,2025-06-14,9,0,On Time
PO000484,S019,P0018,W007,2025-01-16,789,2025-01-22,2025-01-22,6,0,On Time
PO000485,S006,P0078,W005,2025-12-21,728,2025-12-26,2025-12-26,5,0,On Time
PO000486,S023,P0010,W006,2025-02-16,27,2025-02-28,2025-03-05,17,5,Late
PO000487,S015,P0074,W001,2025-09-08,582,2025-09-15,2025-09-15,7,0,On Time
PO000488,S010,P0018,W001,2025-07-06,392,2025-07-17,2025-07-18,12,1,Late
PO000489,S017,P0024,W006,2025-01-31,241,2025-02-09,2025-02-09,9,0,On Time
PO000490,S001,P0001,W006,2025-09-17,899,2025-09-30,2025-09-30,13,0,On Time
PO000491,S007,P0094,W001,2025-01-17,550,2025-01-31,2025-01-31,14,0,On Time
PO000492,S013,P0079,W004,2025-02-08,369,2025-02-13,2025-02-15,7,2,Late
PO000493,S003,P0072,W002,2025-10-31,778,2025-11-12,2025-11-13,13,1,Late
PO000494,S019,P0099,W005,2025-02-08,50,2025-02-14,2025-02-14,6,0,On Time
PO000495,S015,P0082,W003,2025-05-12,611,2025-05-19,2025-05-19,7,0,On Time
PO000496,S005,P0016,W007,2025-01-30,377,2025-02-13,2025-02-18,19,5,Late
PO000497,S011,P0085,W006,2025-06-07,41,2025-06-12,2025-06-15,8,3,Late
PO000498,S022,P0015,W006,2025-10-05,308,2025-10-09,2025-10-09,4,0,On Time
PO000499,S018,P0062,W007,2025-07-22,773,2025-07-26,2025-07-26,4,0,On Time
PO000500,S003,P0005,W001,2025-03-07,233,2025-03-19,2025-03-21,14,2,Late
PO000501,S006,P0045,W005,2025-04-18,731,2025-04-23,2025-04-23,5,0,On Time
PO000502,S003,P0052,W005,2025-09-25,184,2025-10-07,2025-10-08,13,1,Late
PO000503,S005,P0071,W004,2025-08-10,159,2025-08-24,2025-08-24,14,0,On Time
PO000504,S009,P0007,W002,2025-10-19,389,2025-10-25,2025-10-26,7,1,Late
PO000505,S019,P0027,W004,2025-01-18,984,2025-01-24,2025-01-24,6,0,On Time
PO000506,S013,P0089,W008,2025-03-31,339,2025-04-05,2025-04-05,5,0,On Time
PO000507,S006,P0086,W004,2025-06-30,428,2025-07-05,2025-07-05,5,0,On Time
PO000508,S011,P0013,W008,2025-09-12,457,2025-09-17,2025-09-20,8,3,Late
PO000509,S021,P0017,W005,2025-09-10,816,2025-09-24,2025-09-25,15,1,Late
PO000510,S021,P0044,W002,2025-09-14,32,2025-09-28,2025-10-01,17,3,Late
PO000511,S014,P0013,W002,2025-12-12,520,2025-12-21,2025-12-24,12,3,Late
PO000512,S006,P0090,W008,2025-03-28,45,2025-04-02,2025-04-02,5,0,On Time
PO000513,S006,P0073,W002,2025-03-31,553,2025-04-05,2025-04-05,5,0,On Time
PO000514,S017,P0005,W007,2025-08-25,880,2025-09-03,2025-09-03,9,0,On Time
PO000515,S011,P0033,W001,2025-03-11,95,2025-03-16,2025-03-19,8,3,Late
PO000516,S015,P0004,W002,2025-02-13,385,2025-02-20,2025-02-20,7,0,On Time
PO000517,S009,P0092,W005,2025-07-19,510,2025-07-25,2025-07-25,6,0,On Time
PO000518,S021,P0026,W007,2025-06-01,111,2025-06-15,2025-06-15,14,0,On Time
PO000519,S017,P0068,W001,2025-03-27,860,2025-04-05,2025-04-05,9,0,On Time
PO000520,S024,P0016,W003,2025-01-19,906,2025-01-30,2025-01-31,12,1,Late
PO000521,S007,P0022,W008,2025-04-11,285,2025-04-25,2025-04-26,15,1,Late
PO000522,S007,P0036,W006,2025-04-05,579,2025-04-19,2025-04-19,14,0,On Time
PO000523,S021,P0058,W004,2025-09-11,518,2025-09-25,2025-09-28,17,3,Late
PO000524,S001,P0055,W002,2025-12-23,189,2026-01-05,2026-01-05,13,0,On Time
PO000525,S025,P0035,W008,2025-01-30,365,2025-02-11,2025-02-11,12,0,On Time
PO000526,S025,P0025,W003,2025-09-06,776,2025-09-18,2025-09-21,15,3,Late
PO000527,S008,P0072,W002,2025-02-02,247,2025-02-11,2025-02-11,9,0,On Time
PO000528,S005,P0081,W004,2025-08-17,718,2025-08-31,2025-08-31,14,0,On Time
PO000529,S019,P0061,W005,2025-01-12,968,2025-01-18,2025-01-19,7,1,Late
PO000530,S008,P0018,W005,2025-04-28,699,2025-05-07,2025-05-10,12,3,Late
PO000531,S017,P0058,W004,2025-12-16,222,2025-12-25,2025-12-26,10,1,Late
PO000532,S019,P0076,W003,2025-06-04,465,2025-06-10,2025-06-12,8,2,Late
PO000533,S012,P0057,W008,2025-09-03,537,2025-09-10,2025-09-10,7,0,On Time
PO000534,S023,P0097,W001,2025-11-28,151,2025-12-10,2025-12-10,12,0,On Time
PO000535,S015,P0087,W006,2025-09-04,264,2025-09-11,2025-09-14,10,3,Late
PO000536,S004,P0063,W006,2025-01-29,110,2025-02-12,2025-02-12,14,0,On Time
PO000537,S023,P0012,W008,2025-06-10,842,2025-06-22,2025-06-22,12,0,On Time
PO000538,S012,P0011,W006,2025-08-23,145,2025-08-30,2025-08-30,7,0,On Time
PO000539,S013,P0013,W001,2025-07-09,491,2025-07-14,2025-07-15,6,1,Late
PO000540,S014,P0035,W002,2025-04-27,984,2025-05-06,2025-05-06,9,0,On Time
PO000541,S005,P0027,W008,2025-09-28,261,2025-10-12,2025-10-13,15,1,Late
PO000542,S022,P0089,W004,2025-09-15,521,2025-09-19,2025-09-19,4,0,On Time
PO000543,S016,P0067,W004,2025-06-29,780,2025-07-10,2025-07-10,11,0,On Time
PO000544,S007,P0089,W001,2025-06-21,406,2025-07-05,2025-07-06,15,1,Late
PO000545,S015,P0045,W003,2025-10-01,26,2025-10-08,2025-10-08,7,0,On Time
PO000546,S013,P0074,W006,2025-09-16,107,2025-09-21,2025-09-21,5,0,On Time
PO000547,S016,P0081,W008,2025-05-15,617,2025-05-26,2025-05-29,14,3,Late
PO000548,S012,P0067,W007,2025-06-20,927,2025-06-27,2025-06-28,8,1,Late
PO000549,S007,P0022,W004,2025-07-29,886,2025-08-12,2025-08-12,14,0,On Time
PO000550,S016,P0078,W008,2025-08-24,164,2025-09-04,2025-09-04,11,0,On Time
PO000551,S023,P0091,W005,2025-07-05,470,2025-07-17,2025-07-17,12,0,On Time
PO000552,S023,P0042,W005,2025-12-30,350,2026-01-11,2026-01-11,12,0,On Time
PO000553,S013,P0020,W007,2025-04-05,729,2025-04-10,2025-04-10,5,0,On Time
PO000554,S023,P0048,W004,2025-01-11,894,2025-01-23,2025-01-23,12,0,On Time
PO000555,S003,P0018,W006,2025-03-09,183,2025-03-21,2025-03-21,12,0,On Time
PO000556,S015,P0077,W006,2025-07-29,676,2025-08-05,2025-08-05,7,0,On Time
PO000557,S003,P0070,W006,2025-07-15,361,2025-07-27,2025-07-27,12,0,On Time
PO000558,S007,P0074,W003,2025-04-08,20,2025-04-22,2025-04-22,14,0,On Time
PO000559,S018,P0093,W005,2025-04-03,139,2025-04-07,2025-04-14,11,7,Late
PO000560,S014,P0006,W003,2025-01-22,598,2025-01-31,2025-02-07,16,7,Late
PO000561,S018,P0039,W001,2025-06-21,483,2025-06-25,2025-06-25,4,0,On Time
PO000562,S019,P0011,W002,2025-05-14,886,2025-05-20,2025-05-22,8,2,Late
PO000563,S014,P0025,W006,2025-01-25,481,2025-02-03,2025-02-04,10,1,Late
PO000564,S020,P0094,W001,2025-07-04,68,2025-07-15,2025-07-15,11,0,On Time
PO000565,S006,P0055,W002,2025-03-26,838,2025-03-31,2025-03-31,5,0,On Time
PO000566,S008,P0084,W007,2025-02-24,346,2025-03-05,2025-03-05,9,0,On Time
PO000567,S007,P0058,W005,2025-09-08,493,2025-09-22,2025-09-22,14,0,On Time
PO000568,S020,P0037,W002,2025-05-24,907,2025-06-04,2025-06-04,11,0,On Time
PO000569,S018,P0016,W008,2025-12-17,958,2025-12-21,2025-12-26,9,5,Late
PO000570,S018,P0095,W002,2025-06-16,387,2025-06-20,2025-06-22,6,2,Late
PO000571,S015,P0093,W004,2025-08-12,306,2025-08-19,2025-08-22,10,3,Late
PO000572,S020,P0070,W002,2025-08-08,43,2025-08-19,2025-08-22,14,3,Late
PO000573,S022,P0093,W004,2025-06-28,742,2025-07-02,2025-07-04,6,2,Late
PO000574,S019,P0096,W002,2025-04-29,312,2025-05-05,2025-05-05,6,0,On Time
PO000575,S022,P0073,W004,2025-09-22,468,2025-09-26,2025-09-26,4,0,On Time
PO000576,S021,P0037,W005,2025-05-30,82,2025-06-13,2025-06-13,14,0,On Time
PO000577,S021,P0053,W005,2025-08-03,587,2025-08-17,2025-08-18,15,1,Late
PO000578,S002,P0087,W008,2025-07-16,477,2025-07-29,2025-07-29,13,0,On Time
PO000579,S008,P0016,W002,2025-02-11,549,2025-02-20,2025-02-23,12,3,Late
PO000580,S021,P0018,W007,2025-02-22,893,2025-03-08,2025-03-15,21,7,Late
PO000581,S011,P0019,W007,2025-11-26,980,2025-12-01,2025-12-01,5,0,On Time
PO000582,S018,P0044,W003,2025-09-08,432,2025-09-12,2025-09-12,4,0,On Time
PO000583,S023,P0002,W007,2025-10-22,608,2025-11-03,2025-11-06,15,3,Late
PO000584,S013,P0058,W008,2025-09-28,279,2025-10-03,2025-10-03,5,0,On Time
PO000585,S009,P0010,W005,2025-05-03,652,2025-05-09,2025-05-09,6,0,On Time
PO000586,S009,P0076,W001,2025-12-05,927,2025-12-11,2025-12-14,9,3,Late
PO000587,S017,P0046,W007,2025-09-23,203,2025-10-02,2025-10-03,10,1,Late
PO000588,S007,P0082,W001,2025-12-14,67,2025-12-28,2025-12-28,14,0,On Time
PO000589,S009,P0019,W004,2025-01-29,166,2025-02-04,2025-02-07,9,3,Late
PO000590,S022,P0038,W003,2025-02-04,813,2025-02-08,2025-02-08,4,0,On Time
PO000591,S001,P0037,W008,2025-01-06,895,2025-01-19,2025-01-19,13,0,On Time
PO000592,S002,P0091,W008,2025-04-21,825,2025-05-04,2025-05-04,13,0,On Time
PO000593,S004,P0078,W006,2025-10-21,611,2025-11-04,2025-11-04,14,0,On Time
PO000594,S014,P0045,W004,2025-03-18,767,2025-03-27,2025-03-27,9,0,On Time
PO000595,S004,P0034,W002,2025-12-15,428,2025-12-29,2026-01-03,19,5,Late
PO000596,S002,P0002,W007,2025-05-27,459,2025-06-09,2025-06-09,13,0,On Time
PO000597,S008,P0044,W008,2025-03-08,477,2025-03-17,2025-03-17,9,0,On Time
PO000598,S018,P0097,W005,2025-01-08,248,2025-01-12,2025-01-12,4,0,On Time
PO000599,S019,P0083,W003,2025-05-02,303,2025-05-08,2025-05-08,6,0,On Time
PO000600,S014,P0027,W004,2025-12-06,592,2025-12-15,2025-12-18,12,3,Late
PO000601,S020,P0048,W004,2025-06-24,751,2025-07-05,2025-07-05,11,0,On Time
PO000602,S025,P0094,W001,2025-06-28,364,2025-07-10,2025-07-10,12,0,On Time
PO000603,S010,P0007,W002,2025-03-26,620,2025-04-06,2025-04-06,11,0,On Time
PO000604,S017,P0027,W004,2025-02-14,966,2025-02-23,2025-02-25,11,2,Late
PO000605,S008,P0085,W008,2025-05-16,927,2025-05-25,2025-05-25,9,0,On Time
PO000606,S014,P0071,W001,2025-12-09,283,2025-12-18,2025-12-18,9,0,On Time
PO000607,S021,P0089,W003,2025-01-16,759,2025-01-30,2025-02-06,21,7,Late
PO000608,S023,P0018,W004,2025-11-29,397,2025-12-11,2025-12-11,12,0,On Time
PO000609,S008,P0033,W006,2025-07-14,122,2025-07-23,2025-07-23,9,0,On Time
PO000610,S005,P0033,W006,2025-01-09,973,2025-01-23,2025-01-30,21,7,Late
PO000611,S016,P0096,W001,2025-11-12,619,2025-11-23,2025-11-24,12,1,Late
PO000612,S008,P0025,W006,2025-11-30,42,2025-12-09,2025-12-10,10,1,Late
PO000613,S010,P0014,W008,2025-11-29,312,2025-12-10,2025-12-10,11,0,On Time
PO000614,S008,P0038,W002,2025-11-23,286,2025-12-02,2025-12-02,9,0,On Time
PO000615,S009,P0038,W008,2025-01-15,548,2025-01-21,2025-01-21,6,0,On Time
PO000616,S018,P0004,W005,2025-11-23,495,2025-11-27,2025-12-04,11,7,Late
PO000617,S003,P0062,W006,2025-04-12,971,2025-04-24,2025-05-01,19,7,Late
PO000618,S017,P0082,W008,2025-08-14,968,2025-08-23,2025-08-23,9,0,On Time
PO000619,S020,P0010,W003,2025-10-05,470,2025-10-16,2025-10-16,11,0,On Time
PO000620,S015,P0035,W004,2025-04-23,917,2025-04-30,2025-04-30,7,0,On Time
PO000621,S021,P0099,W008,2025-01-01,304,2025-01-15,2025-01-15,14,0,On Time
PO000622,S017,P0023,W001,2025-09-23,332,2025-10-02,2025-10-02,9,0,On Time
PO000623,S008,P0089,W004,2025-07-27,181,2025-08-05,2025-08-06,10,1,Late
PO000624,S002,P0065,W005,2025-04-20,609,2025-05-03,2025-05-06,16,3,Late
PO000625,S017,P0082,W008,2025-07-19,141,2025-07-28,2025-07-29,10,1,Late
PO000626,S018,P0079,W004,2025-11-02,500,2025-11-06,2025-11-06,4,0,On Time
PO000627,S005,P0025,W004,2025-01-12,131,2025-01-26,2025-01-28,16,2,Late
PO000628,S009,P0096,W001,2025-12-11,258,2025-12-17,2025-12-18,7,1,Late
PO000629,S009,P0053,W008,2025-07-07,229,2025-07-13,2025-07-13,6,0,On Time
PO000630,S002,P0084,W005,2025-06-03,368,2025-06-16,2025-06-16,13,0,On Time
PO000631,S002,P0017,W003,2025-11-30,530,2025-12-13,2025-12-13,13,0,On Time
PO000632,S019,P0057,W001,2025-10-06,21,2025-10-12,2025-10-13,7,1,Late
PO000633,S023,P0075,W007,2025-06-20,911,2025-07-02,2025-07-07,17,5,Late
PO000634,S003,P0077,W005,2025-05-14,734,2025-05-26,2025-05-26,12,0,On Time
PO000635,S017,P0089,W005,2025-01-25,818,2025-02-03,2025-02-08,14,5,Late
PO000636,S014,P0020,W004,2025-01-18,648,2025-01-27,2025-01-27,9,0,On Time
PO000637,S014,P0025,W002,2025-07-09,900,2025-07-18,2025-07-20,11,2,Late
PO000638,S014,P0042,W002,2025-05-21,480,2025-05-30,2025-06-02,12,3,Late
PO000639,S006,P0045,W008,2025-02-12,831,2025-02-17,2025-02-17,5,0,On Time
PO000640,S003,P0031,W003,2025-11-30,914,2025-12-12,2025-12-17,17,5,Late
PO000641,S001,P0065,W004,2025-10-11,877,2025-10-24,2025-10-24,13,0,On Time
PO000642,S016,P0052,W002,2025-05-26,971,2025-06-06,2025-06-06,11,0,On Time
PO000643,S004,P0080,W001,2025-11-11,501,2025-11-25,2025-11-25,14,0,On Time
PO000644,S001,P0092,W008,2025-11-15,969,2025-11-28,2025-11-28,13,0,On Time
PO000645,S017,P0021,W003,2025-04-02,968,2025-04-11,2025-04-16,14,5,Late
PO000646,S018,P0030,W004,2025-06-28,645,2025-07-02,2025-07-02,4,0,On Time
PO000647,S008,P0003,W006,2025-02-25,605,2025-03-06,2025-03-06,9,0,On Time
PO000648,S002,P0098,W001,2025-06-04,991,2025-06-17,2025-06-19,15,2,Late
PO000649,S018,P0070,W002,2025-06-09,260,2025-06-13,2025-06-13,4,0,On Time
PO000650,S016,P0043,W002,2025-04-21,833,2025-05-02,2025-05-02,11,0,On Time
PO000651,S010,P0029,W002,2025-05-17,73,2025-05-28,2025-05-28,11,0,On Time
PO000652,S008,P0003,W002,2025-08-20,690,2025-08-29,2025-08-29,9,0,On Time
PO000653,S012,P0058,W005,2025-08-08,486,2025-08-15,2025-08-15,7,0,On Time
PO000654,S022,P0033,W006,2025-03-09,128,2025-03-13,2025-03-13,4,0,On Time
PO000655,S016,P0075,W003,2025-10-29,299,2025-11-09,2025-11-09,11,0,On Time
PO000656,S012,P0045,W003,2025-09-06,684,2025-09-13,2025-09-13,7,0,On Time
PO000657,S011,P0069,W002,2025-11-19,694,2025-11-24,2025-11-25,6,1,Late
PO000658,S020,P0032,W003,2025-01-06,76,2025-01-17,2025-01-18,12,1,Late
PO000659,S019,P0082,W006,2025-10-07,859,2025-10-13,2025-10-13,6,0,On Time
PO000660,S001,P0084,W001,2025-04-04,856,2025-04-17,2025-04-22,18,5,Late
PO000661,S003,P0052,W001,2025-09-26,233,2025-10-08,2025-10-11,15,3,Late
PO000662,S012,P0064,W007,2025-07-16,527,2025-07-23,2025-07-28,12,5,Late
PO000663,S009,P0040,W003,2025-01-25,47,2025-01-31,2025-01-31,6,0,On Time
PO000664,S021,P0092,W002,2025-05-28,223,2025-06-11,2025-06-14,17,3,Late
PO000665,S022,P0013,W004,2025-04-28,564,2025-05-02,2025-05-04,6,2,Late
PO000666,S005,P0090,W006,2025-12-04,328,2025-12-18,2025-12-18,14,0,On Time
PO000667,S001,P0080,W002,2025-12-04,653,2025-12-17,2025-12-17,13,0,On Time
PO000668,S010,P0089,W005,2025-03-07,547,2025-03-18,2025-03-19,12,1,Late
PO000669,S017,P0074,W008,2025-10-28,685,2025-11-06,2025-11-06,9,0,On Time
PO000670,S004,P0029,W004,2025-06-24,927,2025-07-08,2025-07-08,14,0,On Time
PO000671,S015,P0063,W006,2025-11-15,362,2025-11-22,2025-11-22,7,0,On Time
PO000672,S019,P0084,W005,2025-03-17,237,2025-03-23,2025-03-24,7,1,Late
PO000673,S008,P0026,W003,2025-04-24,636,2025-05-03,2025-05-08,14,5,Late
PO000674,S023,P0096,W005,2025-04-21,608,2025-05-03,2025-05-03,12,0,On Time
PO000675,S015,P0059,W003,2025-09-06,106,2025-09-13,2025-09-14,8,1,Late
PO000676,S007,P0049,W005,2025-07-22,50,2025-08-05,2025-08-05,14,0,On Time
PO000677,S015,P0053,W004,2025-05-27,119,2025-06-03,2025-06-04,8,1,Late
PO000678,S008,P0088,W005,2025-02-04,686,2025-02-13,2025-02-13,9,0,On Time
PO000679,S023,P0031,W002,2025-11-05,823,2025-11-17,2025-11-20,15,3,Late
PO000680,S010,P0012,W003,2025-01-26,334,2025-02-06,2025-02-06,11,0,On Time
PO000681,S018,P0058,W001,2025-08-26,514,2025-08-30,2025-08-30,4,0,On Time
PO000682,S004,P0036,W005,2025-01-14,637,2025-01-28,2025-01-28,14,0,On Time
PO000683,S015,P0010,W003,2025-02-14,490,2025-02-21,2025-02-23,9,2,Late
PO000684,S011,P0006,W001,2025-08-04,761,2025-08-09,2025-08-14,10,5,Late
PO000685,S022,P0007,W003,2025-08-21,534,2025-08-25,2025-08-25,4,0,On Time
PO000686,S003,P0031,W008,2025-07-12,753,2025-07-24,2025-07-24,12,0,On Time
PO000687,S015,P0091,W007,2025-02-20,652,2025-02-27,2025-02-28,8,1,Late
PO000688,S003,P0072,W003,2025-08-02,691,2025-08-14,2025-08-17,15,3,Late
PO000689,S015,P0003,W008,2025-05-31,802,2025-06-07,2025-06-07,7,0,On Time
PO000690,S006,P0047,W001,2025-10-02,350,2025-10-07,2025-10-07,5,0,On Time
PO000691,S001,P0085,W001,2025-12-04,213,2025-12-17,2025-12-17,13,0,On Time
PO000692,S014,P0001,W004,2025-03-17,749,2025-03-26,2025-03-26,9,0,On Time
PO000693,S016,P0045,W006,2025-08-08,210,2025-08-19,2025-08-19,11,0,On Time
PO000694,S001,P0054,W007,2025-12-14,271,2025-12-27,2025-12-27,13,0,On Time
PO000695,S021,P0050,W005,2025-07-06,757,2025-07-20,2025-07-20,14,0,On Time
PO000696,S017,P0079,W005,2025-10-16,20,2025-10-25,2025-10-26,10,1,Late
PO000697,S008,P0007,W007,2025-01-28,478,2025-02-06,2025-02-13,16,7,Late
PO000698,S018,P0063,W003,2025-06-29,664,2025-07-03,2025-07-08,9,5,Late
PO000699,S016,P0015,W007,2025-09-10,109,2025-09-21,2025-09-22,12,1,Late
PO000700,S006,P0089,W002,2025-05-06,537,2025-05-11,2025-05-14,8,3,Late
PO000701,S010,P0067,W008,2025-06-26,502,2025-07-07,2025-07-07,11,0,On Time
PO000702,S010,P0030,W002,2025-02-06,775,2025-02-17,2025-02-17,11,0,On Time
PO000703,S005,P0078,W006,2025-04-09,664,2025-04-23,2025-04-23,14,0,On Time
PO000704,S012,P0068,W003,2025-04-08,135,2025-04-15,2025-04-16,8,1,Late
PO000705,S020,P0036,W004,2025-05-07,92,2025-05-18,2025-05-25,18,7,Late
PO000706,S017,P0067,W001,2025-06-17,175,2025-06-26,2025-06-29,12,3,Late
PO000707,S014,P0005,W003,2025-03-21,742,2025-03-30,2025-03-30,9,0,On Time
PO000708,S014,P0025,W008,2025-10-21,88,2025-10-30,2025-11-01,11,2,Late
PO000709,S003,P0095,W005,2025-11-29,490,2025-12-11,2025-12-16,17,5,Late
PO000710,S012,P0011,W002,2025-05-06,511,2025-05-13,2025-05-13,7,0,On Time
PO000711,S020,P0072,W008,2025-12-09,319,2025-12-20,2025-12-22,13,2,Late
PO000712,S018,P0090,W002,2025-11-06,163,2025-11-10,2025-11-10,4,0,On Time
PO000713,S012,P0066,W002,2025-05-30,730,2025-06-06,2025-06-09,10,3,Late
PO000714,S002,P0028,W004,2025-01-16,225,2025-01-29,2025-01-29,13,0,On Time
PO000715,S002,P0060,W005,2025-01-28,937,2025-02-10,2025-02-10,13,0,On Time
PO000716,S017,P0010,W004,2025-06-22,732,2025-07-01,2025-07-02,10,1,Late
PO000717,S010,P0050,W001,2025-02-15,770,2025-02-26,2025-02-26,11,0,On Time
PO000718,S018,P0039,W003,2025-11-24,426,2025-11-28,2025-11-28,4,0,On Time
PO000719,S022,P0037,W003,2025-08-24,958,2025-08-28,2025-08-28,4,0,On Time
PO000720,S019,P0063,W007,2025-08-02,599,2025-08-08,2025-08-11,9,3,Late
PO000721,S021,P0061,W002,2025-03-26,702,2025-04-09,2025-04-09,14,0,On Time
PO000722,S001,P0085,W007,2025-10-09,941,2025-10-22,2025-10-25,16,3,Late
PO000723,S024,P0092,W002,2025-08-20,316,2025-08-31,2025-09-02,13,2,Late
PO000724,S004,P0038,W001,2025-03-26,601,2025-04-09,2025-04-09,14,0,On Time
PO000725,S025,P0033,W008,2025-03-06,818,2025-03-18,2025-03-18,12,0,On Time
PO000726,S004,P0075,W004,2025-05-14,548,2025-05-28,2025-05-28,14,0,On Time
PO000727,S002,P0045,W006,2025-05-31,156,2025-06-13,2025-06-13,13,0,On Time
PO000728,S019,P0044,W006,2025-04-25,238,2025-05-01,2025-05-01,6,0,On Time
PO000729,S021,P0001,W006,2025-03-05,842,2025-03-19,2025-03-19,14,0,On Time
PO000730,S012,P0053,W005,2025-12-09,537,2025-12-16,2025-12-16,7,0,On Time
PO000731,S010,P0047,W001,2025-12-29,729,2026-01-09,2026-01-09,11,0,On Time
PO000732,S013,P0033,W003,2025-12-18,467,2025-12-23,2025-12-24,6,1,Late
PO000733,S022,P0067,W003,2025-06-07,151,2025-06-11,2025-06-11,4,0,On Time
PO000734,S023,P0090,W004,2025-03-18,382,2025-03-30,2025-04-04,17,5,Late
PO000735,S020,P0015,W007,2025-05-26,982,2025-06-06,2025-06-06,11,0,On Time
PO000736,S023,P0014,W001,2025-12-09,363,2025-12-21,2025-12-21,12,0,On Time
PO000737,S015,P0023,W005,2025-08-13,715,2025-08-20,2025-08-20,7,0,On Time
PO000738,S003,P0054,W001,2025-11-09,37,2025-11-21,2025-11-21,12,0,On Time
PO000739,S023,P0008,W001,2025-04-13,435,2025-04-25,2025-04-27,14,2,Late
PO000740,S020,P0054,W004,2025-12-13,744,2025-12-24,2025-12-24,11,0,On Time
PO000741,S013,P0036,W008,2025-10-28,579,2025-11-02,2025-11-02,5,0,On Time
PO000742,S008,P0084,W005,2025-03-29,560,2025-04-07,2025-04-07,9,0,On Time
PO000743,S025,P0052,W006,2025-10-30,947,2025-11-11,2025-11-11,12,0,On Time
PO000744,S007,P0006,W003,2025-06-17,172,2025-07-01,2025-07-01,14,0,On Time
PO000745,S024,P0097,W008,2025-06-19,351,2025-06-30,2025-06-30,11,0,On Time
PO000746,S008,P0028,W002,2025-05-15,769,2025-05-24,2025-05-24,9,0,On Time
PO000747,S018,P0050,W007,2025-02-19,338,2025-02-23,2025-02-23,4,0,On Time
PO000748,S009,P0038,W006,2025-12-06,796,2025-12-12,2025-12-12,6,0,On Time
PO000749,S006,P0030,W005,2025-12-13,218,2025-12-18,2025-12-20,7,2,Late
PO000750,S004,P0081,W003,2025-05-14,545,2025-05-28,2025-05-28,14,0,On Time
PO000751,S015,P0073,W006,2025-12-13,807,2025-12-20,2025-12-20,7,0,On Time
PO000752,S005,P0092,W008,2025-05-17,999,2025-05-31,2025-05-31,14,0,On Time
PO000753,S005,P0054,W008,2025-09-02,29,2025-09-16,2025-09-16,14,0,On Time
PO000754,S007,P0071,W004,2025-04-19,158,2025-05-03,2025-05-03,14,0,On Time
PO000755,S009,P0046,W007,2025-11-09,186,2025-11-15,2025-11-15,6,0,On Time
PO000756,S007,P0028,W005,2025-10-14,166,2025-10-28,2025-10-28,14,0,On Time
PO000757,S009,P0017,W005,2025-01-21,422,2025-01-27,2025-01-27,6,0,On Time
PO000758,S020,P0048,W003,2025-03-31,776,2025-04-11,2025-04-13,13,2,Late
PO000759,S010,P0044,W003,2025-10-23,958,2025-11-03,2025-11-06,14,3,Late
PO000760,S004,P0060,W001,2025-04-22,464,2025-05-06,2025-05-06,14,0,On Time
PO000761,S006,P0060,W008,2025-10-28,89,2025-11-02,2025-11-02,5,0,On Time
PO000762,S024,P0005,W001,2025-03-18,347,2025-03-29,2025-03-29,11,0,On Time
PO000763,S014,P0069,W005,2025-06-26,852,2025-07-05,2025-07-07,11,2,Late
PO000764,S009,P0078,W002,2025-12-09,938,2025-12-15,2025-12-22,13,7,Late
PO000765,S001,P0070,W004,2025-05-28,635,2025-06-10,2025-06-10,13,0,On Time
PO000766,S017,P0007,W003,2025-04-11,248,2025-04-20,2025-04-20,9,0,On Time
PO000767,S013,P0053,W001,2025-09-03,847,2025-09-08,2025-09-09,6,1,Late
PO000768,S024,P0017,W004,2025-04-27,669,2025-05-08,2025-05-10,13,2,Late
PO000769,S007,P0059,W007,2025-04-02,338,2025-04-16,2025-04-16,14,0,On Time
PO000770,S009,P0009,W006,2025-01-28,917,2025-02-03,2025-02-04,7,1,Late
PO000771,S011,P0095,W006,2025-01-25,55,2025-01-30,2025-01-30,5,0,On Time
PO000772,S003,P0022,W008,2025-02-27,649,2025-03-11,2025-03-11,12,0,On Time
PO000773,S012,P0045,W005,2025-10-24,274,2025-10-31,2025-10-31,7,0,On Time
PO000774,S021,P0073,W003,2025-05-14,332,2025-05-28,2025-05-28,14,0,On Time
PO000775,S003,P0059,W008,2025-11-27,981,2025-12-09,2025-12-10,13,1,Late
PO000776,S015,P0080,W006,2025-09-06,354,2025-09-13,2025-09-14,8,1,Late
PO000777,S021,P0100,W007,2025-02-07,39,2025-02-21,2025-02-24,17,3,Late
PO000778,S010,P0098,W003,2025-03-16,317,2025-03-27,2025-03-27,11,0,On Time
PO000779,S001,P0013,W001,2025-05-22,40,2025-06-04,2025-06-04,13,0,On Time
PO000780,S014,P0083,W006,2025-11-18,497,2025-11-27,2025-11-27,9,0,On Time
PO000781,S020,P0012,W002,2025-06-17,787,2025-06-28,2025-06-28,11,0,On Time
PO000782,S006,P0036,W006,2025-09-16,779,2025-09-21,2025-09-22,6,1,Late
PO000783,S002,P0010,W003,2025-12-21,491,2026-01-03,2026-01-03,13,0,On Time
PO000784,S023,P0016,W002,2025-08-13,981,2025-08-25,2025-08-25,12,0,On Time
PO000785,S008,P0092,W004,2025-06-01,697,2025-06-10,2025-06-10,9,0,On Time
PO000786,S001,P0019,W006,2025-01-19,489,2025-02-01,2025-02-01,13,0,On Time
PO000787,S004,P0006,W003,2025-05-26,368,2025-06-09,2025-06-09,14,0,On Time
PO000788,S004,P0004,W006,2025-08-29,786,2025-09-12,2025-09-12,14,0,On Time
PO000789,S005,P0030,W006,2025-12-10,609,2025-12-24,2025-12-26,16,2,Late
PO000790,S020,P0095,W003,2025-08-25,984,2025-09-05,2025-09-06,12,1,Late
PO000791,S009,P0046,W002,2025-02-04,811,2025-02-10,2025-02-10,6,0,On Time
PO000792,S023,P0027,W001,2025-07-09,813,2025-07-21,2025-07-21,12,0,On Time
PO000793,S013,P0045,W007,2025-01-01,405,2025-01-06,2025-01-07,6,1,Late
PO000794,S018,P0085,W006,2025-06-02,961,2025-06-06,2025-06-06,4,0,On Time
PO000795,S017,P0037,W005,2025-05-06,896,2025-05-15,2025-05-17,11,2,Late
PO000796,S025,P0009,W004,2025-12-11,565,2025-12-23,2025-12-23,12,0,On Time
PO000797,S001,P0061,W003,2025-08-14,465,2025-08-27,2025-08-27,13,0,On Time
PO000798,S022,P0035,W006,2025-08-09,956,2025-08-13,2025-08-18,9,5,Late
PO000799,S015,P0047,W007,2025-07-30,118,2025-08-06,2025-08-06,7,0,On Time
PO000800,S002,P0021,W001,2025-01-25,674,2025-02-07,2025-02-07,13,0,On Time
PO000801,S016,P0017,W003,2025-01-16,74,2025-01-27,2025-01-27,11,0,On Time
PO000802,S020,P0055,W008,2025-07-01,22,2025-07-12,2025-07-12,11,0,On Time
PO000803,S022,P0088,W006,2025-11-25,351,2025-11-29,2025-11-29,4,0,On Time
PO000804,S005,P0095,W004,2025-05-09,953,2025-05-23,2025-05-23,14,0,On Time
PO000805,S022,P0006,W005,2025-02-11,454,2025-02-15,2025-02-15,4,0,On Time
PO000806,S019,P0035,W003,2025-12-02,932,2025-12-08,2025-12-13,11,5,Late
PO000807,S005,P0050,W006,2025-08-24,505,2025-09-07,2025-09-07,14,0,On Time
PO000808,S002,P0037,W002,2025-12-26,238,2026-01-08,2026-01-08,13,0,On Time
PO000809,S007,P0013,W001,2025-02-03,230,2025-02-17,2025-02-17,14,0,On Time
PO000810,S003,P0025,W005,2025-12-11,836,2025-12-23,2025-12-23,12,0,On Time
PO000811,S017,P0096,W003,2025-02-14,515,2025-02-23,2025-02-23,9,0,On Time
PO000812,S024,P0001,W006,2025-05-14,680,2025-05-25,2025-05-25,11,0,On Time
PO000813,S024,P0049,W005,2025-01-21,251,2025-02-01,2025-02-06,16,5,Late
PO000814,S003,P0035,W002,2025-05-02,619,2025-05-14,2025-05-14,12,0,On Time
PO000815,S013,P0083,W003,2025-03-11,939,2025-03-16,2025-03-16,5,0,On Time
PO000816,S007,P0053,W008,2025-12-18,742,2026-01-01,2026-01-02,15,1,Late
PO000817,S025,P0052,W005,2025-12-27,754,2026-01-08,2026-01-08,12,0,On Time
PO000818,S024,P0054,W003,2025-02-17,827,2025-02-28,2025-03-02,13,2,Late
PO000819,S003,P0076,W008,2025-02-08,167,2025-02-20,2025-02-20,12,0,On Time
PO000820,S015,P0047,W003,2025-10-14,226,2025-10-21,2025-10-22,8,1,Late
PO000821,S018,P0043,W005,2025-01-10,379,2025-01-14,2025-01-16,6,2,Late
PO000822,S010,P0020,W003,2025-01-30,438,2025-02-10,2025-02-13,14,3,Late
PO000823,S023,P0033,W002,2025-09-01,963,2025-09-13,2025-09-13,12,0,On Time
PO000824,S007,P0093,W005,2025-10-01,758,2025-10-15,2025-10-17,16,2,Late
PO000825,S009,P0016,W006,2025-03-29,436,2025-04-04,2025-04-04,6,0,On Time
PO000826,S005,P0078,W007,2025-09-01,891,2025-09-15,2025-09-16,15,1,Late
PO000827,S020,P0007,W005,2025-11-25,715,2025-12-06,2025-12-06,11,0,On Time
PO000828,S008,P0070,W002,2025-01-15,572,2025-01-24,2025-01-24,9,0,On Time
PO000829,S014,P0021,W002,2025-01-04,201,2025-01-13,2025-01-13,9,0,On Time
PO000830,S004,P0036,W002,2025-07-10,575,2025-07-24,2025-07-24,14,0,On Time
PO000831,S020,P0086,W008,2025-06-17,229,2025-06-28,2025-06-28,11,0,On Time
PO000832,S014,P0054,W006,2025-01-09,868,2025-01-18,2025-01-18,9,0,On Time
PO000833,S012,P0019,W006,2025-04-19,987,2025-04-26,2025-04-26,7,0,On Time
PO000834,S002,P0025,W007,2025-05-17,269,2025-05-30,2025-05-31,14,1,Late
PO000835,S013,P0067,W007,2025-06-03,531,2025-06-08,2025-06-08,5,0,On Time
PO000836,S001,P0100,W003,2025-07-28,615,2025-08-10,2025-08-10,13,0,On Time
PO000837,S020,P0053,W003,2025-09-29,158,2025-10-10,2025-10-10,11,0,On Time
PO000838,S007,P0098,W004,2025-05-23,250,2025-06-06,2025-06-06,14,0,On Time
PO000839,S025,P0075,W007,2025-04-09,929,2025-04-21,2025-04-21,12,0,On Time
PO000840,S009,P0048,W007,2025-11-04,957,2025-11-10,2025-11-17,13,7,Late
PO000841,S017,P0042,W003,2025-03-10,994,2025-03-19,2025-03-19,9,0,On Time
PO000842,S021,P0047,W002,2025-09-04,31,2025-09-18,2025-09-19,15,1,Late
PO000843,S023,P0091,W004,2025-09-18,999,2025-09-30,2025-09-30,12,0,On Time
PO000844,S013,P0042,W007,2025-10-03,292,2025-10-08,2025-10-11,8,3,Late
PO000845,S023,P0002,W002,2025-03-20,507,2025-04-01,2025-04-01,12,0,On Time
PO000846,S010,P0006,W001,2025-05-26,109,2025-06-06,2025-06-11,16,5,Late
PO000847,S016,P0046,W008,2025-04-21,993,2025-05-02,2025-05-02,11,0,On Time
PO000848,S006,P0066,W007,2025-09-15,44,2025-09-20,2025-09-20,5,0,On Time
PO000849,S016,P0081,W006,2025-04-03,557,2025-04-14,2025-04-14,11,0,On Time
PO000850,S011,P0040,W005,2025-01-13,962,2025-01-18,2025-01-18,5,0,On Time
PO000851,S020,P0058,W001,2025-09-17,684,2025-09-28,2025-09-28,11,0,On Time
PO000852,S003,P0078,W006,2025-04-19,591,2025-05-01,2025-05-01,12,0,On Time
PO000853,S009,P0074,W006,2025-11-26,79,2025-12-02,2025-12-04,8,2,Late
PO000854,S015,P0033,W008,2025-07-08,814,2025-07-15,2025-07-15,7,0,On Time
PO000855,S013,P0062,W002,2025-04-05,190,2025-04-10,2025-04-10,5,0,On Time
PO000856,S010,P0012,W003,2025-04-15,607,2025-04-26,2025-04-26,11,0,On Time
PO000857,S020,P0096,W005,2025-01-08,807,2025-01-19,2025-01-20,12,1,Late
PO000858,S024,P0049,W003,2025-03-08,466,2025-03-19,2025-03-19,11,0,On Time
PO000859,S013,P0088,W003,2025-07-10,739,2025-07-15,2025-07-15,5,0,On Time
PO000860,S017,P0078,W007,2025-09-13,940,2025-09-22,2025-09-22,9,0,On Time
PO000861,S007,P0005,W005,2025-01-09,686,2025-01-23,2025-01-23,14,0,On Time
PO000862,S006,P0051,W005,2025-04-27,711,2025-05-02,2025-05-02,5,0,On Time
PO000863,S013,P0069,W001,2025-09-24,613,2025-09-29,2025-10-04,10,5,Late
PO000864,S017,P0032,W002,2025-04-09,29,2025-04-18,2025-04-18,9,0,On Time
PO000865,S015,P0049,W003,2025-10-25,262,2025-11-01,2025-11-01,7,0,On Time
PO000866,S004,P0097,W008,2025-06-13,197,2025-06-27,2025-06-28,15,1,Late
PO000867,S015,P0060,W002,2025-05-21,817,2025-05-28,2025-05-28,7,0,On Time
PO000868,S014,P0046,W002,2025-09-25,276,2025-10-04,2025-10-04,9,0,On Time
PO000869,S021,P0068,W008,2025-02-06,329,2025-02-20,2025-02-27,21,7,Late
PO000870,S011,P0094,W007,2025-03-15,535,2025-03-20,2025-03-27,12,7,Late
PO000871,S024,P0041,W004,2025-03-14,234,2025-03-25,2025-03-25,11,0,On Time
PO000872,S004,P0081,W001,2025-11-04,922,2025-11-18,2025-11-18,14,0,On Time
PO000873,S003,P0067,W003,2025-07-18,49,2025-07-30,2025-08-04,17,5,Late
PO000874,S002,P0013,W006,2025-05-10,365,2025-05-23,2025-05-23,13,0,On Time
PO000875,S020,P0100,W005,2025-09-03,84,2025-09-14,2025-09-14,11,0,On Time
PO000876,S010,P0018,W005,2025-11-08,655,2025-11-19,2025-11-19,11,0,On Time
PO000877,S013,P0087,W002,2025-03-01,816,2025-03-06,2025-03-06,5,0,On Time
PO000878,S020,P0099,W008,2025-10-06,172,2025-10-17,2025-10-24,18,7,Late
PO000879,S021,P0097,W001,2025-04-13,59,2025-04-27,2025-04-28,15,1,Late
PO000880,S023,P0051,W001,2025-10-23,45,2025-11-04,2025-11-04,12,0,On Time
PO000881,S025,P0036,W003,2025-11-16,292,2025-11-28,2025-11-30,14,2,Late
PO000882,S018,P0081,W003,2025-12-07,178,2025-12-11,2025-12-11,4,0,On Time
PO000883,S021,P0034,W002,2025-05-31,720,2025-06-14,2025-06-17,17,3,Late
PO000884,S016,P0012,W002,2025-06-06,795,2025-06-17,2025-06-17,11,0,On Time
PO000885,S011,P0005,W002,2025-07-25,600,2025-07-30,2025-07-30,5,0,On Time
PO000886,S010,P0048,W004,2025-06-28,20,2025-07-09,2025-07-09,11,0,On Time
PO000887,S009,P0091,W001,2025-07-16,98,2025-07-22,2025-07-22,6,0,On Time
PO000888,S012,P0040,W002,2025-08-11,247,2025-08-18,2025-08-18,7,0,On Time
PO000889,S019,P0013,W007,2025-03-30,346,2025-04-05,2025-04-05,6,0,On Time
PO000890,S001,P0026,W001,2025-10-14,577,2025-10-27,2025-11-03,20,7,Late
PO000891,S018,P0014,W006,2025-10-03,639,2025-10-07,2025-10-12,9,5,Late
PO000892,S014,P0096,W005,2025-08-24,520,2025-09-02,2025-09-02,9,0,On Time
PO000893,S022,P0011,W005,2025-07-02,494,2025-07-06,2025-07-09,7,3,Late
PO000894,S021,P0038,W001,2025-07-28,374,2025-08-11,2025-08-16,19,5,Late
PO000895,S001,P0080,W006,2025-05-10,143,2025-05-23,2025-05-24,14,1,Late
PO000896,S017,P0057,W005,2025-06-02,679,2025-06-11,2025-06-11,9,0,On Time
PO000897,S011,P0022,W005,2025-01-13,997,2025-01-18,2025-01-21,8,3,Late
PO000898,S020,P0016,W005,2025-05-02,443,2025-05-13,2025-05-13,11,0,On Time
PO000899,S015,P0077,W003,2025-12-25,271,2026-01-01,2026-01-01,7,0,On Time
PO000900,S004,P0076,W006,2025-08-08,533,2025-08-22,2025-08-22,14,0,On Time
PO000901,S015,P0082,W008,2025-04-16,753,2025-04-23,2025-04-23,7,0,On Time
PO000902,S022,P0029,W003,2025-03-11,720,2025-03-15,2025-03-20,9,5,Late
PO000903,S022,P0082,W001,2025-07-14,526,2025-07-18,2025-07-19,5,1,Late
PO000904,S014,P0002,W001,2025-07-05,505,2025-07-14,2025-07-17,12,3,Late
PO000905,S022,P0054,W004,2025-04-09,497,2025-04-13,2025-04-15,6,2,Late
PO000906,S001,P0002,W008,2025-03-23,602,2025-04-05,2025-04-05,13,0,On Time
PO000907,S009,P0003,W003,2025-03-16,890,2025-03-22,2025-03-23,7,1,Late
PO000908,S007,P0093,W001,2025-12-06,352,2025-12-20,2025-12-20,14,0,On Time
PO000909,S023,P0056,W008,2025-07-11,628,2025-07-23,2025-07-23,12,0,On Time
PO000910,S011,P0072,W003,2025-11-21,251,2025-11-26,2025-11-28,7,2,Late
PO000911,S023,P0011,W004,2025-08-02,561,2025-08-14,2025-08-14,12,0,On Time
PO000912,S002,P0076,W001,2025-11-11,49,2025-11-24,2025-11-26,15,2,Late
PO000913,S002,P0032,W001,2025-11-14,746,2025-11-27,2025-11-27,13,0,On Time
PO000914,S006,P0004,W001,2025-05-24,192,2025-05-29,2025-05-30,6,1,Late
PO000915,S023,P0009,W001,2025-08-04,811,2025-08-16,2025-08-16,12,0,On Time
PO000916,S019,P0088,W002,2025-12-27,487,2026-01-02,2026-01-02,6,0,On Time
PO000917,S020,P0056,W006,2025-11-20,495,2025-12-01,2025-12-01,11,0,On Time
PO000918,S014,P0016,W006,2025-01-15,971,2025-01-24,2025-01-24,9,0,On Time
PO000919,S003,P0081,W003,2025-08-05,742,2025-08-17,2025-08-17,12,0,On Time
PO000920,S007,P0086,W003,2025-02-04,336,2025-02-18,2025-02-18,14,0,On Time
PO000921,S007,P0071,W008,2025-07-02,416,2025-07-16,2025-07-17,15,1,Late
PO000922,S004,P0010,W008,2025-09-27,144,2025-10-11,2025-10-11,14,0,On Time
PO000923,S023,P0093,W003,2025-12-24,99,2026-01-05,2026-01-05,12,0,On Time
PO000924,S005,P0036,W004,2025-04-10,715,2025-04-24,2025-04-24,14,0,On Time
PO000925,S017,P0024,W007,2025-01-07,546,2025-01-16,2025-01-21,14,5,Late
PO000926,S004,P0064,W002,2025-01-30,542,2025-02-13,2025-02-18,19,5,Late
PO000927,S023,P0056,W007,2025-11-01,415,2025-11-13,2025-11-13,12,0,On Time
PO000928,S013,P0078,W003,2025-05-24,873,2025-05-29,2025-05-29,5,0,On Time
PO000929,S016,P0078,W008,2025-04-21,108,2025-05-02,2025-05-02,11,0,On Time
PO000930,S016,P0089,W008,2025-08-20,22,2025-08-31,2025-08-31,11,0,On Time
PO000931,S002,P0022,W003,2025-06-28,555,2025-07-11,2025-07-11,13,0,On Time
PO000932,S018,P0052,W001,2025-03-13,620,2025-03-17,2025-03-17,4,0,On Time
PO000933,S001,P0050,W008,2025-07-29,540,2025-08-11,2025-08-11,13,0,On Time
PO000934,S018,P0047,W007,2025-08-08,577,2025-08-12,2025-08-12,4,0,On Time
PO000935,S008,P0023,W008,2025-03-21,625,2025-03-30,2025-03-30,9,0,On Time
PO000936,S011,P0096,W001,2025-03-24,90,2025-03-29,2025-03-29,5,0,On Time
PO000937,S024,P0090,W008,2025-02-11,719,2025-02-22,2025-02-25,14,3,Late
PO000938,S024,P0091,W007,2025-09-30,158,2025-10-11,2025-10-14,14,3,Late
PO000939,S015,P0076,W007,2025-07-10,29,2025-07-17,2025-07-20,10,3,Late
PO000940,S016,P0083,W001,2025-06-22,534,2025-07-03,2025-07-03,11,0,On Time
PO000941,S017,P0019,W003,2025-01-07,550,2025-01-16,2025-01-16,9,0,On Time
PO000942,S017,P0052,W001,2025-06-04,149,2025-06-13,2025-06-13,9,0,On Time
PO000943,S012,P0034,W003,2025-01-10,420,2025-01-17,2025-01-17,7,0,On Time
PO000944,S010,P0096,W007,2025-02-03,240,2025-02-14,2025-02-14,11,0,On Time
PO000945,S020,P0029,W004,2025-02-05,661,2025-02-16,2025-02-19,14,3,Late
PO000946,S006,P0061,W004,2025-01-06,456,2025-01-11,2025-01-18,12,7,Late
PO000947,S008,P0085,W005,2025-08-03,419,2025-08-12,2025-08-14,11,2,Late
PO000948,S013,P0035,W008,2025-05-14,132,2025-05-19,2025-05-20,6,1,Late
PO000949,S002,P0005,W002,2025-10-12,669,2025-10-25,2025-10-25,13,0,On Time
PO000950,S019,P0076,W001,2025-05-06,471,2025-05-12,2025-05-14,8,2,Late
PO000951,S022,P0007,W006,2025-12-03,574,2025-12-07,2025-12-12,9,5,Late
PO000952,S010,P0041,W001,2025-06-23,237,2025-07-04,2025-07-04,11,0,On Time
PO000953,S004,P0002,W002,2025-06-01,77,2025-06-15,2025-06-15,14,0,On Time
PO000954,S012,P0089,W008,2025-11-27,132,2025-12-04,2025-12-04,7,0,On Time
PO000955,S018,P0010,W008,2025-01-26,719,2025-01-30,2025-01-30,4,0,On Time
PO000956,S007,P0044,W007,2025-04-25,141,2025-05-09,2025-05-09,14,0,On Time
PO000957,S020,P0070,W002,2025-10-11,427,2025-10-22,2025-10-27,16,5,Late
PO000958,S024,P0091,W007,2025-03-16,479,2025-03-27,2025-03-27,11,0,On Time
PO000959,S024,P0035,W005,2025-06-15,104,2025-06-26,2025-06-27,12,1,Late
PO000960,S023,P0062,W002,2025-07-08,637,2025-07-20,2025-07-20,12,0,On Time
PO000961,S025,P0074,W003,2025-03-19,419,2025-03-31,2025-03-31,12,0,On Time
PO000962,S004,P0073,W001,2025-03-31,375,2025-04-14,2025-04-14,14,0,On Time
PO000963,S007,P0020,W002,2025-06-25,118,2025-07-09,2025-07-10,15,1,Late
PO000964,S010,P0035,W003,2025-01-21,540,2025-02-01,2025-02-01,11,0,On Time
PO000965,S015,P0037,W002,2025-02-23,537,2025-03-02,2025-03-09,14,7,Late
PO000966,S012,P0072,W006,2025-07-03,127,2025-07-10,2025-07-11,8,1,Late
PO000967,S001,P0054,W003,2025-12-25,980,2026-01-07,2026-01-08,14,1,Late
PO000968,S020,P0095,W004,2025-08-10,993,2025-08-21,2025-08-26,16,5,Late
PO000969,S018,P0080,W008,2025-11-11,171,2025-11-15,2025-11-22,11,7,Late
PO000970,S025,P0028,W003,2025-11-24,925,2025-12-06,2025-12-06,12,0,On Time
PO000971,S016,P0070,W005,2025-06-28,869,2025-07-09,2025-07-11,13,2,Late
PO000972,S005,P0032,W007,2025-10-03,768,2025-10-17,2025-10-17,14,0,On Time
PO000973,S019,P0092,W003,2025-04-22,988,2025-04-28,2025-04-28,6,0,On Time
PO000974,S004,P0011,W002,2025-08-12,46,2025-08-26,2025-08-26,14,0,On Time
PO000975,S006,P0042,W004,2025-08-02,138,2025-08-07,2025-08-07,5,0,On Time
PO000976,S017,P0023,W008,2025-02-28,742,2025-03-09,2025-03-09,9,0,On Time
PO000977,S007,P0030,W008,2025-11-23,119,2025-12-07,2025-12-07,14,0,On Time
PO000978,S024,P0009,W004,2025-04-19,22,2025-04-30,2025-05-01,12,1,Late
PO000979,S023,P0092,W003,2025-06-06,825,2025-06-18,2025-06-18,12,0,On Time
PO000980,S007,P0088,W002,2025-07-10,988,2025-07-24,2025-07-24,14,0,On Time
PO000981,S009,P0059,W008,2025-07-19,861,2025-07-25,2025-07-28,9,3,Late
PO000982,S013,P0028,W004,2025-11-08,348,2025-11-13,2025-11-13,5,0,On Time
PO000983,S020,P0088,W006,2025-07-15,548,2025-07-26,2025-07-26,11,0,On Time
PO000984,S014,P0079,W003,2025-02-04,125,2025-02-13,2025-02-20,16,7,Late
PO000985,S016,P0033,W003,2025-09-03,249,2025-09-14,2025-09-14,11,0,On Time
PO000986,S023,P0047,W007,2025-08-25,323,2025-09-06,2025-09-06,12,0,On Time
PO000987,S009,P0098,W008,2025-04-14,196,2025-04-20,2025-04-21,7,1,Late
PO000988,S015,P0022,W008,2025-01-07,958,2025-01-14,2025-01-14,7,0,On Time
PO000989,S005,P0029,W008,2025-10-10,103,2025-10-24,2025-10-24,14,0,On Time
PO000990,S018,P0034,W003,2025-01-01,282,2025-01-05,2025-01-07,6,2,Late
PO000991,S021,P0042,W004,2025-08-07,215,2025-08-21,2025-08-21,14,0,On Time
PO000992,S020,P0052,W001,2025-08-18,268,2025-08-29,2025-08-29,11,0,On Time
PO000993,S008,P0047,W002,2025-06-21,401,2025-06-30,2025-06-30,9,0,On Time
PO000994,S015,P0074,W005,2025-03-28,477,2025-04-04,2025-04-05,8,1,Late
PO000995,S021,P0051,W005,2025-02-10,680,2025-02-24,2025-02-25,15,1,Late
PO000996,S025,P0045,W008,2025-05-03,737,2025-05-15,2025-05-18,15,3,Late
PO000997,S009,P0094,W002,2025-11-27,428,2025-12-03,2025-12-03,6,0,On Time
PO000998,S019,P0075,W001,2025-10-25,100,2025-10-31,2025-11-01,7,1,Late
PO000999,S022,P0034,W007,2025-06-27,720,2025-07-01,2025-07-02,5,1,Late
PO001000,S006,P0021,W007,2025-03-04,431,2025-03-09,2025-03-09,5,0,On Time
PO001001,S004,P0013,W007,2025-06-14,225,2025-06-28,2025-07-05,21,7,Late
PO001002,S011,P0054,W007,2025-07-06,839,2025-07-11,2025-07-14,8,3,Late
PO001003,S010,P0025,W002,2025-07-28,800,2025-08-08,2025-08-08,11,0,On Time
PO001004,S003,P0021,W003,2025-08-15,821,2025-08-27,2025-08-28,13,1,Late
PO001005,S001,P0001,W006,2025-02-17,914,2025-03-02,2025-03-03,14,1,Late
PO001006,S012,P0058,W002,2025-08-12,892,2025-08-19,2025-08-19,7,0,On Time
PO001007,S023,P0069,W002,2025-01-03,982,2025-01-15,2025-01-18,15,3,Late
PO001008,S015,P0086,W006,2025-06-24,407,2025-07-01,2025-07-02,8,1,Late
PO001009,S015,P0071,W004,2025-04-09,831,2025-04-16,2025-04-17,8,1,Late
PO001010,S021,P0013,W005,2025-04-26,913,2025-05-10,2025-05-10,14,0,On Time
PO001011,S014,P0052,W008,2025-09-27,786,2025-10-06,2025-10-06,9,0,On Time
PO001012,S007,P0023,W005,2025-09-10,418,2025-09-24,2025-09-24,14,0,On Time
PO001013,S017,P0021,W008,2025-11-13,999,2025-11-22,2025-11-23,10,1,Late
PO001014,S024,P0006,W003,2025-04-05,27,2025-04-16,2025-04-16,11,0,On Time
PO001015,S019,P0020,W006,2025-09-30,645,2025-10-06,2025-10-06,6,0,On Time
PO001016,S007,P0076,W007,2025-01-24,536,2025-02-07,2025-02-07,14,0,On Time
PO001017,S003,P0040,W007,2025-04-26,469,2025-05-08,2025-05-08,12,0,On Time
PO001018,S003,P0009,W003,2025-05-31,495,2025-06-12,2025-06-13,13,1,Late
PO001019,S025,P0050,W004,2025-12-04,361,2025-12-16,2025-12-17,13,1,Late
PO001020,S018,P0028,W003,2025-02-19,92,2025-02-23,2025-02-23,4,0,On Time
PO001021,S020,P0011,W006,2025-07-25,879,2025-08-05,2025-08-05,11,0,On Time
PO001022,S022,P0096,W006,2025-12-01,140,2025-12-05,2025-12-05,4,0,On Time
PO001023,S014,P0075,W001,2025-03-20,321,2025-03-29,2025-03-29,9,0,On Time
PO001024,S003,P0088,W004,2025-03-11,980,2025-03-23,2025-03-25,14,2,Late
PO001025,S007,P0056,W006,2025-01-27,903,2025-02-10,2025-02-10,14,0,On Time
PO001026,S007,P0079,W006,2025-09-28,900,2025-10-12,2025-10-12,14,0,On Time
PO001027,S005,P0035,W004,2025-02-19,253,2025-03-05,2025-03-06,15,1,Late
PO001028,S003,P0081,W007,2025-10-19,85,2025-10-31,2025-11-07,19,7,Late
PO001029,S018,P0025,W002,2025-09-04,249,2025-09-08,2025-09-15,11,7,Late
PO001030,S015,P0099,W007,2025-09-21,941,2025-09-28,2025-10-03,12,5,Late
PO001031,S020,P0019,W002,2025-03-20,562,2025-03-31,2025-04-01,12,1,Late
PO001032,S014,P0031,W001,2025-07-09,838,2025-07-18,2025-07-19,10,1,Late
PO001033,S004,P0081,W007,2025-02-16,828,2025-03-02,2025-03-04,16,2,Late
PO001034,S024,P0050,W006,2025-12-27,70,2026-01-07,2026-01-10,14,3,Late
PO001035,S008,P0087,W004,2025-12-20,678,2025-12-29,2026-01-03,14,5,Late
PO001036,S021,P0063,W004,2025-12-18,626,2026-01-01,2026-01-01,14,0,On Time
PO001037,S013,P0047,W008,2025-07-08,348,2025-07-13,2025-07-13,5,0,On Time
PO001038,S022,P0001,W002,2025-09-13,406,2025-09-17,2025-09-17,4,0,On Time
PO001039,S008,P0058,W007,2025-08-10,57,2025-08-19,2025-08-20,10,1,Late
PO001040,S015,P0010,W005,2025-08-29,729,2025-09-05,2025-09-07,9,2,Late
PO001041,S017,P0008,W005,2025-09-26,772,2025-10-05,2025-10-08,12,3,Late
PO001042,S005,P0026,W006,2025-01-01,192,2025-01-15,2025-01-15,14,0,On Time
PO001043,S020,P0034,W002,2025-02-03,512,2025-02-14,2025-02-14,11,0,On Time
PO001044,S004,P0019,W006,2025-03-20,787,2025-04-03,2025-04-10,21,7,Late
PO001045,S011,P0078,W003,2025-08-24,474,2025-08-29,2025-08-29,5,0,On Time
PO001046,S018,P0072,W004,2025-11-30,60,2025-12-04,2025-12-04,4,0,On Time
PO001047,S010,P0001,W007,2025-12-15,940,2025-12-26,2025-12-27,12,1,Late
PO001048,S017,P0048,W007,2025-04-08,965,2025-04-17,2025-04-17,9,0,On Time
PO001049,S015,P0025,W006,2025-03-23,148,2025-03-30,2025-03-30,7,0,On Time
PO001050,S006,P0024,W001,2025-07-11,73,2025-07-16,2025-07-16,5,0,On Time
PO001051,S023,P0047,W007,2025-09-10,105,2025-09-22,2025-09-22,12,0,On Time
PO001052,S021,P0084,W005,2025-02-07,743,2025-02-21,2025-02-21,14,0,On Time
PO001053,S016,P0094,W006,2025-01-14,288,2025-01-25,2025-01-25,11,0,On Time
PO001054,S015,P0069,W003,2025-12-13,315,2025-12-20,2025-12-20,7,0,On Time
PO001055,S008,P0067,W004,2025-11-06,40,2025-11-15,2025-11-15,9,0,On Time
PO001056,S009,P0032,W008,2025-07-28,234,2025-08-03,2025-08-05,8,2,Late
PO001057,S011,P0017,W007,2025-12-23,444,2025-12-28,2025-12-28,5,0,On Time
PO001058,S002,P0061,W008,2025-03-30,208,2025-04-12,2025-04-12,13,0,On Time
PO001059,S013,P0069,W003,2025-02-25,180,2025-03-02,2025-03-02,5,0,On Time
PO001060,S004,P0011,W008,2025-04-04,732,2025-04-18,2025-04-18,14,0,On Time
PO001061,S009,P0038,W006,2025-04-03,560,2025-04-09,2025-04-09,6,0,On Time
PO001062,S005,P0068,W004,2025-12-06,400,2025-12-20,2025-12-20,14,0,On Time
PO001063,S019,P0019,W004,2025-03-26,263,2025-04-01,2025-04-08,13,7,Late
PO001064,S022,P0087,W002,2025-09-02,202,2025-09-06,2025-09-11,9,5,Late
PO001065,S003,P0017,W002,2025-01-22,563,2025-02-03,2025-02-03,12,0,On Time
PO001066,S021,P0013,W008,2025-10-18,798,2025-11-01,2025-11-01,14,0,On Time
PO001067,S003,P0091,W001,2025-09-29,967,2025-10-11,2025-10-11,12,0,On Time
PO001068,S006,P0001,W001,2025-11-02,567,2025-11-07,2025-11-07,5,0,On Time
PO001069,S010,P0002,W007,2025-05-02,112,2025-05-13,2025-05-14,12,1,Late
PO001070,S005,P0082,W008,2025-05-08,387,2025-05-22,2025-05-22,14,0,On Time
PO001071,S025,P0100,W003,2025-04-23,178,2025-05-05,2025-05-08,15,3,Late
PO001072,S003,P0097,W002,2025-09-30,417,2025-10-12,2025-10-17,17,5,Late
PO001073,S022,P0100,W004,2025-12-02,978,2025-12-06,2025-12-06,4,0,On Time
PO001074,S024,P0066,W002,2025-05-10,199,2025-05-21,2025-05-21,11,0,On Time
PO001075,S007,P0068,W008,2025-05-12,457,2025-05-26,2025-05-26,14,0,On Time
PO001076,S022,P0016,W004,2025-03-26,392,2025-03-30,2025-03-30,4,0,On Time
PO001077,S018,P0004,W002,2025-12-16,325,2025-12-20,2025-12-25,9,5,Late
PO001078,S023,P0057,W004,2025-03-22,398,2025-04-03,2025-04-03,12,0,On Time
PO001079,S008,P0073,W008,2025-11-21,969,2025-11-30,2025-11-30,9,0,On Time
PO001080,S001,P0085,W003,2025-03-10,237,2025-03-23,2025-03-25,15,2,Late
PO001081,S025,P0023,W002,2025-05-28,348,2025-06-09,2025-06-09,12,0,On Time
PO001082,S004,P0002,W005,2025-01-16,884,2025-01-30,2025-01-30,14,0,On Time
PO001083,S024,P0067,W005,2025-11-03,362,2025-11-14,2025-11-14,11,0,On Time
PO001084,S007,P0087,W004,2025-04-15,758,2025-04-29,2025-04-30,15,1,Late
PO001085,S014,P0026,W003,2025-06-14,743,2025-06-23,2025-06-23,9,0,On Time
PO001086,S013,P0007,W004,2025-07-20,884,2025-07-25,2025-07-26,6,1,Late
PO001087,S010,P0100,W003,2025-07-16,182,2025-07-27,2025-07-27,11,0,On Time
PO001088,S023,P0044,W008,2025-07-04,897,2025-07-16,2025-07-16,12,0,On Time
PO001089,S018,P0033,W001,2025-11-18,177,2025-11-22,2025-11-22,4,0,On Time
PO001090,S001,P0064,W002,2025-09-22,129,2025-10-05,2025-10-12,20,7,Late
PO001091,S004,P0036,W003,2025-12-29,586,2026-01-12,2026-01-12,14,0,On Time
PO001092,S016,P0004,W008,2025-04-10,369,2025-04-21,2025-04-21,11,0,On Time
PO001093,S016,P0023,W004,2025-12-08,745,2025-12-19,2025-12-24,16,5,Late
PO001094,S018,P0025,W007,2025-11-16,384,2025-11-20,2025-11-27,11,7,Late
PO001095,S008,P0090,W007,2025-08-02,916,2025-08-11,2025-08-13,11,2,Late
PO001096,S010,P0092,W001,2025-10-05,34,2025-10-16,2025-10-16,11,0,On Time
PO001097,S016,P0092,W007,2025-06-11,172,2025-06-22,2025-06-22,11,0,On Time
PO001098,S023,P0085,W004,2025-06-06,551,2025-06-18,2025-06-18,12,0,On Time
PO001099,S024,P0074,W005,2025-09-08,986,2025-09-19,2025-09-21,13,2,Late
PO001100,S011,P0027,W005,2025-04-07,419,2025-04-12,2025-04-12,5,0,On Time
PO001101,S006,P0051,W002,2025-01-18,71,2025-01-23,2025-01-23,5,0,On Time
PO001102,S001,P0079,W006,2025-11-23,874,2025-12-06,2025-12-06,13,0,On Time
PO001103,S012,P0081,W002,2025-04-07,488,2025-04-14,2025-04-14,7,0,On Time
PO001104,S025,P0099,W007,2025-01-01,340,2025-01-13,2025-01-14,13,1,Late
PO001105,S006,P0069,W001,2025-08-04,898,2025-08-09,2025-08-11,7,2,Late
PO001106,S013,P0080,W007,2025-05-12,615,2025-05-17,2025-05-18,6,1,Late
PO001107,S017,P0023,W005,2025-09-17,386,2025-09-26,2025-09-26,9,0,On Time
PO001108,S001,P0009,W008,2025-05-05,998,2025-05-18,2025-05-21,16,3,Late
PO001109,S008,P0033,W003,2025-03-23,857,2025-04-01,2025-04-01,9,0,On Time
PO001110,S022,P0035,W005,2025-10-10,505,2025-10-14,2025-10-14,4,0,On Time
PO001111,S008,P0050,W006,2025-06-20,755,2025-06-29,2025-06-29,9,0,On Time
PO001112,S024,P0024,W002,2025-02-28,660,2025-03-11,2025-03-11,11,0,On Time
PO001113,S011,P0088,W004,2025-02-01,881,2025-02-06,2025-02-06,5,0,On Time
PO001114,S014,P0024,W007,2025-06-10,913,2025-06-19,2025-06-19,9,0,On Time
PO001115,S024,P0019,W001,2025-10-11,35,2025-10-22,2025-10-27,16,5,Late
PO001116,S010,P0039,W006,2025-04-16,430,2025-04-27,2025-05-02,16,5,Late
PO001117,S015,P0061,W005,2025-04-15,293,2025-04-22,2025-04-22,7,0,On Time
PO001118,S007,P0025,W003,2025-08-16,608,2025-08-30,2025-08-30,14,0,On Time
PO001119,S007,P0095,W006,2025-07-07,831,2025-07-21,2025-07-21,14,0,On Time
PO001120,S010,P0025,W008,2025-03-11,325,2025-03-22,2025-03-22,11,0,On Time
PO001121,S004,P0027,W008,2025-11-14,111,2025-11-28,2025-11-28,14,0,On Time
PO001122,S025,P0032,W003,2025-10-17,477,2025-10-29,2025-10-29,12,0,On Time
PO001123,S018,P0011,W003,2025-03-28,289,2025-04-01,2025-04-02,5,1,Late
PO001124,S025,P0069,W001,2025-12-28,71,2026-01-09,2026-01-09,12,0,On Time
PO001125,S010,P0033,W008,2025-02-25,880,2025-03-08,2025-03-08,11,0,On Time
PO001126,S019,P0019,W003,2025-04-23,140,2025-04-29,2025-05-01,8,2,Late
PO001127,S014,P0016,W003,2025-01-13,990,2025-01-22,2025-01-24,11,2,Late
PO001128,S013,P0099,W008,2025-01-18,69,2025-01-23,2025-01-23,5,0,On Time
PO001129,S015,P0011,W005,2025-07-01,910,2025-07-08,2025-07-08,7,0,On Time
PO001130,S016,P0075,W001,2025-04-23,494,2025-05-04,2025-05-09,16,5,Late
PO001131,S002,P0074,W008,2025-08-17,511,2025-08-30,2025-08-31,14,1,Late
PO001132,S004,P0098,W008,2025-06-20,804,2025-07-04,2025-07-04,14,0,On Time
PO001133,S021,P0069,W004,2025-10-22,399,2025-11-05,2025-11-05,14,0,On Time
PO001134,S018,P0087,W008,2025-07-08,651,2025-07-12,2025-07-12,4,0,On Time
PO001135,S017,P0055,W004,2025-03-20,406,2025-03-29,2025-03-29,9,0,On Time
PO001136,S010,P0025,W003,2025-05-26,977,2025-06-06,2025-06-06,11,0,On Time
PO001137,S021,P0093,W006,2025-07-01,626,2025-07-15,2025-07-15,14,0,On Time
PO001138,S009,P0077,W008,2025-10-13,680,2025-10-19,2025-10-20,7,1,Late
PO001139,S015,P0096,W002,2025-09-07,308,2025-09-14,2025-09-14,7,0,On Time
PO001140,S012,P0034,W001,2025-12-20,788,2025-12-27,2025-12-27,7,0,On Time
PO001141,S021,P0012,W007,2025-11-10,473,2025-11-24,2025-11-24,14,0,On Time
PO001142,S009,P0088,W002,2025-07-15,390,2025-07-21,2025-07-21,6,0,On Time
PO001143,S014,P0021,W001,2025-11-19,203,2025-11-28,2025-11-28,9,0,On Time
PO001144,S013,P0029,W001,2025-03-12,791,2025-03-17,2025-03-17,5,0,On Time
PO001145,S006,P0051,W005,2025-09-05,681,2025-09-10,2025-09-11,6,1,Late
PO001146,S019,P0023,W008,2025-05-26,224,2025-06-01,2025-06-01,6,0,On Time
PO001147,S004,P0033,W003,2025-04-16,973,2025-04-30,2025-05-01,15,1,Late
PO001148,S020,P0008,W005,2025-09-20,191,2025-10-01,2025-10-03,13,2,Late
PO001149,S017,P0042,W008,2025-10-23,844,2025-11-01,2025-11-01,9,0,On Time
PO001150,S019,P0077,W006,2025-03-11,241,2025-03-17,2025-03-18,7,1,Late
PO001151,S003,P0069,W007,2025-07-12,187,2025-07-24,2025-07-31,19,7,Late
PO001152,S014,P0041,W002,2025-03-09,263,2025-03-18,2025-03-18,9,0,On Time
PO001153,S017,P0074,W002,2025-11-01,237,2025-11-10,2025-11-15,14,5,Late
PO001154,S013,P0063,W004,2025-02-21,75,2025-02-26,2025-02-26,5,0,On Time
PO001155,S009,P0014,W006,2025-12-29,594,2026-01-04,2026-01-04,6,0,On Time
PO001156,S001,P0088,W007,2025-10-12,634,2025-10-25,2025-10-25,13,0,On Time
PO001157,S025,P0062,W006,2025-11-30,904,2025-12-12,2025-12-13,13,1,Late
PO001158,S017,P0075,W008,2025-01-09,186,2025-01-18,2025-01-18,9,0,On Time
PO001159,S016,P0046,W005,2025-09-08,538,2025-09-19,2025-09-20,12,1,Late
PO001160,S018,P0067,W008,2025-11-28,161,2025-12-02,2025-12-04,6,2,Late
PO001161,S002,P0093,W005,2025-10-25,144,2025-11-07,2025-11-07,13,0,On Time
PO001162,S014,P0053,W006,2025-07-03,109,2025-07-12,2025-07-12,9,0,On Time
PO001163,S022,P0052,W005,2025-06-28,933,2025-07-02,2025-07-02,4,0,On Time
PO001164,S023,P0094,W004,2025-07-17,330,2025-07-29,2025-07-29,12,0,On Time
PO001165,S017,P0007,W008,2025-05-08,390,2025-05-17,2025-05-20,12,3,Late
PO001166,S003,P0081,W007,2025-01-20,971,2025-02-01,2025-02-01,12,0,On Time
PO001167,S002,P0084,W007,2025-11-24,235,2025-12-07,2025-12-07,13,0,On Time
PO001168,S008,P0054,W005,2025-03-06,460,2025-03-15,2025-03-15,9,0,On Time
PO001169,S025,P0011,W005,2025-07-01,654,2025-07-13,2025-07-16,15,3,Late
PO001170,S002,P0025,W007,2025-08-29,903,2025-09-11,2025-09-11,13,0,On Time
PO001171,S002,P0059,W006,2025-01-24,205,2025-02-06,2025-02-13,20,7,Late
PO001172,S009,P0088,W007,2025-03-24,902,2025-03-30,2025-03-31,7,1,Late
PO001173,S020,P0066,W006,2025-11-15,172,2025-11-26,2025-11-29,14,3,Late
PO001174,S021,P0027,W005,2025-07-04,780,2025-07-18,2025-07-18,14,0,On Time
PO001175,S025,P0083,W005,2025-11-12,645,2025-11-24,2025-11-24,12,0,On Time
PO001176,S006,P0058,W008,2025-04-09,115,2025-04-14,2025-04-14,5,0,On Time
PO001177,S012,P0093,W008,2025-03-03,729,2025-03-10,2025-03-10,7,0,On Time
PO001178,S025,P0011,W006,2025-10-13,355,2025-10-25,2025-10-26,13,1,Late
PO001179,S009,P0055,W002,2025-01-22,534,2025-01-28,2025-01-28,6,0,On Time
PO001180,S007,P0019,W003,2025-07-31,168,2025-08-14,2025-08-14,14,0,On Time
PO001181,S012,P0092,W002,2025-05-06,947,2025-05-13,2025-05-13,7,0,On Time
PO001182,S025,P0039,W005,2025-02-11,917,2025-02-23,2025-02-23,12,0,On Time
PO001183,S005,P0085,W001,2025-04-08,642,2025-04-22,2025-04-22,14,0,On Time
PO001184,S016,P0090,W001,2025-01-31,551,2025-02-11,2025-02-11,11,0,On Time
PO001185,S005,P0086,W004,2025-06-07,734,2025-06-21,2025-06-22,15,1,Late
PO001186,S012,P0070,W002,2025-04-22,902,2025-04-29,2025-04-29,7,0,On Time
PO001187,S024,P0011,W006,2025-09-04,421,2025-09-15,2025-09-15,11,0,On Time
PO001188,S020,P0014,W008,2025-05-02,713,2025-05-13,2025-05-13,11,0,On Time
PO001189,S009,P0060,W004,2025-09-30,350,2025-10-06,2025-10-06,6,0,On Time
PO001190,S023,P0036,W004,2025-10-21,246,2025-11-02,2025-11-04,14,2,Late
PO001191,S007,P0041,W001,2025-07-26,823,2025-08-09,2025-08-10,15,1,Late
PO001192,S019,P0002,W002,2025-04-20,377,2025-04-26,2025-04-26,6,0,On Time
PO001193,S020,P0057,W003,2025-10-05,607,2025-10-16,2025-10-16,11,0,On Time
PO001194,S023,P0060,W007,2025-02-25,848,2025-03-09,2025-03-09,12,0,On Time
PO001195,S011,P0020,W006,2025-02-26,335,2025-03-03,2025-03-06,8,3,Late
PO001196,S021,P0022,W002,2025-10-18,754,2025-11-01,2025-11-03,16,2,Late
PO001197,S012,P0004,W008,2025-04-24,904,2025-05-01,2025-05-01,7,0,On Time
PO001198,S003,P0056,W004,2025-11-04,55,2025-11-16,2025-11-21,17,5,Late
PO001199,S017,P0093,W005,2025-12-07,528,2025-12-16,2025-12-16,9,0,On Time
PO001200,S007,P0058,W004,2025-07-17,497,2025-07-31,2025-08-01,15,1,Late
PO001201,S022,P0088,W002,2025-11-17,447,2025-11-21,2025-11-28,11,7,Late
PO001202,S010,P0065,W001,2025-06-28,855,2025-07-09,2025-07-09,11,0,On Time
PO001203,S023,P0088,W007,2025-08-07,469,2025-08-19,2025-08-19,12,0,On Time
PO001204,S015,P0058,W002,2025-10-04,831,2025-10-11,2025-10-12,8,1,Late
PO001205,S002,P0030,W003,2025-01-16,864,2025-01-29,2025-01-29,13,0,On Time
PO001206,S013,P0076,W006,2025-03-02,109,2025-03-07,2025-03-10,8,3,Late
PO001207,S004,P0019,W006,2025-02-23,560,2025-03-09,2025-03-09,14,0,On Time
PO001208,S018,P0062,W005,2025-06-17,195,2025-06-21,2025-06-22,5,1,Late
PO001209,S024,P0068,W005,2025-01-26,439,2025-02-06,2025-02-06,11,0,On Time
PO001210,S023,P0079,W004,2025-12-02,751,2025-12-14,2025-12-14,12,0,On Time
PO001211,S001,P0084,W002,2025-03-06,667,2025-03-19,2025-03-22,16,3,Late
PO001212,S002,P0044,W006,2025-04-10,920,2025-04-23,2025-04-24,14,1,Late
PO001213,S002,P0084,W001,2025-03-15,883,2025-03-28,2025-03-28,13,0,On Time
PO001214,S004,P0061,W003,2025-07-11,993,2025-07-25,2025-07-25,14,0,On Time
PO001215,S003,P0021,W004,2025-06-20,706,2025-07-02,2025-07-03,13,1,Late
PO001216,S017,P0010,W002,2025-09-30,657,2025-10-09,2025-10-12,12,3,Late
PO001217,S014,P0030,W001,2025-07-06,190,2025-07-15,2025-07-16,10,1,Late
PO001218,S002,P0024,W002,2025-01-23,413,2025-02-05,2025-02-05,13,0,On Time
PO001219,S016,P0048,W001,2025-06-30,285,2025-07-11,2025-07-11,11,0,On Time
PO001220,S011,P0055,W008,2025-11-23,523,2025-11-28,2025-12-01,8,3,Late
PO001221,S025,P0052,W007,2025-04-18,153,2025-04-30,2025-05-01,13,1,Late
PO001222,S013,P0038,W002,2025-12-01,803,2025-12-06,2025-12-06,5,0,On Time
PO001223,S001,P0067,W002,2025-06-11,975,2025-06-24,2025-06-24,13,0,On Time
PO001224,S025,P0093,W008,2025-10-29,45,2025-11-10,2025-11-10,12,0,On Time
PO001225,S023,P0008,W007,2025-07-25,296,2025-08-06,2025-08-08,14,2,Late
PO001226,S002,P0029,W006,2025-03-19,119,2025-04-01,2025-04-02,14,1,Late
PO001227,S002,P0010,W004,2025-01-16,461,2025-01-29,2025-02-01,16,3,Late
PO001228,S021,P0069,W002,2025-11-23,444,2025-12-07,2025-12-07,14,0,On Time
PO001229,S005,P0075,W002,2025-04-06,893,2025-04-20,2025-04-20,14,0,On Time
PO001230,S004,P0068,W004,2025-05-27,49,2025-06-10,2025-06-13,17,3,Late
PO001231,S012,P0049,W004,2025-01-02,664,2025-01-09,2025-01-09,7,0,On Time
PO001232,S003,P0058,W005,2025-01-10,925,2025-01-22,2025-01-22,12,0,On Time
PO001233,S020,P0035,W005,2025-05-05,515,2025-05-16,2025-05-16,11,0,On Time
PO001234,S010,P0050,W006,2025-03-22,882,2025-04-02,2025-04-07,16,5,Late
PO001235,S020,P0040,W004,2025-05-20,670,2025-05-31,2025-05-31,11,0,On Time
PO001236,S018,P0012,W007,2025-11-22,210,2025-11-26,2025-11-26,4,0,On Time
PO001237,S021,P0085,W003,2025-05-30,922,2025-06-13,2025-06-13,14,0,On Time
PO001238,S021,P0016,W006,2025-10-15,206,2025-10-29,2025-10-29,14,0,On Time
PO001239,S021,P0078,W001,2025-12-27,159,2026-01-10,2026-01-10,14,0,On Time
PO001240,S010,P0085,W008,2025-12-06,339,2025-12-17,2025-12-17,11,0,On Time
PO001241,S001,P0048,W004,2025-05-09,910,2025-05-22,2025-05-25,16,3,Late
PO001242,S006,P0091,W005,2025-08-27,768,2025-09-01,2025-09-01,5,0,On Time
PO001243,S011,P0100,W008,2025-02-27,388,2025-03-04,2025-03-04,5,0,On Time
PO001244,S002,P0001,W002,2025-07-17,316,2025-07-30,2025-08-02,16,3,Late
PO001245,S007,P0065,W004,2025-07-30,975,2025-08-13,2025-08-13,14,0,On Time
PO001246,S020,P0022,W004,2025-02-14,219,2025-02-25,2025-02-25,11,0,On Time
PO001247,S021,P0015,W005,2025-04-07,815,2025-04-21,2025-04-21,14,0,On Time
PO001248,S021,P0084,W005,2025-10-06,398,2025-10-20,2025-10-22,16,2,Late
PO001249,S021,P0067,W003,2025-01-23,99,2025-02-06,2025-02-07,15,1,Late
PO001250,S018,P0014,W006,2025-12-01,466,2025-12-05,2025-12-05,4,0,On Time
PO001251,S021,P0073,W005,2025-02-13,520,2025-02-27,2025-02-27,14,0,On Time
PO001252,S019,P0019,W005,2025-01-27,278,2025-02-02,2025-02-04,8,2,Late
PO001253,S004,P0040,W005,2025-10-09,632,2025-10-23,2025-10-23,14,0,On Time
PO001254,S013,P0098,W008,2025-04-07,563,2025-04-12,2025-04-14,7,2,Late
PO001255,S018,P0004,W006,2025-02-05,808,2025-02-09,2025-02-09,4,0,On Time
PO001256,S020,P0033,W002,2025-04-19,140,2025-04-30,2025-04-30,11,0,On Time
PO001257,S025,P0043,W004,2025-02-24,74,2025-03-08,2025-03-08,12,0,On Time
PO001258,S024,P0037,W004,2025-07-11,512,2025-07-22,2025-07-22,11,0,On Time
PO001259,S013,P0066,W005,2025-08-07,37,2025-08-12,2025-08-12,5,0,On Time
PO001260,S019,P0027,W007,2025-07-04,328,2025-07-10,2025-07-10,6,0,On Time
PO001261,S017,P0045,W007,2025-03-10,899,2025-03-19,2025-03-19,9,0,On Time
PO001262,S001,P0081,W006,2025-11-13,652,2025-11-26,2025-11-26,13,0,On Time
PO001263,S006,P0050,W003,2025-05-10,129,2025-05-15,2025-05-15,5,0,On Time
PO001264,S019,P0095,W005,2025-02-24,350,2025-03-02,2025-03-02,6,0,On Time
PO001265,S020,P0063,W008,2025-04-07,592,2025-04-18,2025-04-20,13,2,Late
PO001266,S001,P0006,W006,2025-12-02,965,2025-12-15,2025-12-20,18,5,Late
PO001267,S008,P0095,W006,2025-03-28,283,2025-04-06,2025-04-06,9,0,On Time
PO001268,S017,P0067,W008,2025-10-21,287,2025-10-30,2025-10-30,9,0,On Time
PO001269,S021,P0067,W003,2025-04-29,454,2025-05-13,2025-05-13,14,0,On Time
PO001270,S022,P0097,W006,2025-07-27,469,2025-07-31,2025-07-31,4,0,On Time
PO001271,S015,P0059,W008,2025-11-30,316,2025-12-07,2025-12-08,8,1,Late
PO001272,S018,P0013,W004,2025-06-03,937,2025-06-07,2025-06-07,4,0,On Time
PO001273,S007,P0021,W003,2025-02-04,658,2025-02-18,2025-02-20,16,2,Late
PO001274,S016,P0064,W003,2025-03-20,156,2025-03-31,2025-03-31,11,0,On Time
PO001275,S007,P0037,W001,2025-03-08,609,2025-03-22,2025-03-22,14,0,On Time
PO001276,S017,P0080,W003,2025-12-09,738,2025-12-18,2025-12-21,12,3,Late
PO001277,S004,P0085,W003,2025-02-03,926,2025-02-17,2025-02-17,14,0,On Time
PO001278,S012,P0048,W008,2025-04-07,416,2025-04-14,2025-04-14,7,0,On Time
PO001279,S013,P0056,W002,2025-06-18,203,2025-06-23,2025-06-23,5,0,On Time
PO001280,S004,P0044,W004,2025-06-18,431,2025-07-02,2025-07-09,21,7,Late
PO001281,S021,P0013,W005,2025-05-31,620,2025-06-14,2025-06-14,14,0,On Time
PO001282,S001,P0004,W008,2025-03-12,339,2025-03-25,2025-03-25,13,0,On Time
PO001283,S001,P0095,W001,2025-01-03,760,2025-01-16,2025-01-18,15,2,Late
PO001284,S007,P0073,W003,2025-11-10,595,2025-11-24,2025-11-24,14,0,On Time
PO001285,S009,P0033,W002,2025-02-01,345,2025-02-07,2025-02-10,9,3,Late
PO001286,S001,P0037,W002,2025-10-14,586,2025-10-27,2025-10-27,13,0,On Time
PO001287,S016,P0053,W008,2025-03-23,824,2025-04-03,2025-04-10,18,7,Late
PO001288,S018,P0024,W006,2025-02-12,436,2025-02-16,2025-02-18,6,2,Late
PO001289,S022,P0089,W005,2025-04-15,812,2025-04-19,2025-04-19,4,0,On Time
PO001290,S015,P0051,W005,2025-01-01,901,2025-01-08,2025-01-08,7,0,On Time
PO001291,S006,P0041,W007,2025-03-02,810,2025-03-07,2025-03-12,10,5,Late
PO001292,S002,P0029,W004,2025-09-27,719,2025-10-10,2025-10-11,14,1,Late
PO001293,S009,P0059,W007,2025-06-29,971,2025-07-05,2025-07-05,6,0,On Time
PO001294,S004,P0040,W006,2025-08-12,722,2025-08-26,2025-08-28,16,2,Late
PO001295,S013,P0051,W003,2025-01-06,923,2025-01-11,2025-01-11,5,0,On Time
PO001296,S023,P0050,W002,2025-04-13,804,2025-04-25,2025-04-25,12,0,On Time
PO001297,S022,P0036,W001,2025-01-10,626,2025-01-14,2025-01-14,4,0,On Time
PO001298,S011,P0079,W004,2025-03-12,109,2025-03-17,2025-03-17,5,0,On Time
PO001299,S013,P0060,W008,2025-03-31,778,2025-04-05,2025-04-05,5,0,On Time
PO001300,S011,P0018,W003,2025-08-14,460,2025-08-19,2025-08-19,5,0,On Time
PO001301,S019,P0020,W006,2025-06-07,94,2025-06-13,2025-06-15,8,2,Late
PO001302,S008,P0005,W005,2025-08-16,593,2025-08-25,2025-08-25,9,0,On Time
PO001303,S007,P0018,W006,2025-05-06,753,2025-05-20,2025-05-20,14,0,On Time
PO001304,S025,P0040,W003,2025-07-28,286,2025-08-09,2025-08-12,15,3,Late
PO001305,S016,P0001,W006,2025-04-07,982,2025-04-18,2025-04-18,11,0,On Time
PO001306,S003,P0019,W005,2025-03-15,955,2025-03-27,2025-03-27,12,0,On Time
PO001307,S017,P0087,W003,2025-04-25,955,2025-05-04,2025-05-06,11,2,Late
PO001308,S018,P0026,W001,2025-07-10,652,2025-07-14,2025-07-15,5,1,Late
PO001309,S015,P0029,W007,2025-06-19,331,2025-06-26,2025-06-26,7,0,On Time
PO001310,S017,P0059,W004,2025-11-03,840,2025-11-12,2025-11-12,9,0,On Time
PO001311,S011,P0063,W006,2025-07-23,872,2025-07-28,2025-07-28,5,0,On Time
PO001312,S005,P0098,W005,2025-02-25,502,2025-03-11,2025-03-14,17,3,Late
PO001313,S016,P0083,W001,2025-07-27,47,2025-08-07,2025-08-07,11,0,On Time
PO001314,S015,P0062,W002,2025-02-10,361,2025-02-17,2025-02-17,7,0,On Time
PO001315,S010,P0048,W001,2025-02-01,445,2025-02-12,2025-02-15,14,3,Late
PO001316,S014,P0062,W001,2025-01-15,902,2025-01-24,2025-01-24,9,0,On Time
PO001317,S002,P0018,W001,2025-03-03,833,2025-03-16,2025-03-16,13,0,On Time
PO001318,S016,P0066,W008,2025-06-04,805,2025-06-15,2025-06-15,11,0,On Time
PO001319,S019,P0027,W005,2025-10-11,554,2025-10-17,2025-10-17,6,0,On Time
PO001320,S008,P0006,W008,2025-07-28,429,2025-08-06,2025-08-07,10,1,Late
PO001321,S015,P0070,W002,2025-11-16,630,2025-11-23,2025-11-23,7,0,On Time
PO001322,S010,P0059,W004,2025-07-06,304,2025-07-17,2025-07-17,11,0,On Time
PO001323,S005,P0006,W001,2025-05-10,839,2025-05-24,2025-05-24,14,0,On Time
PO001324,S020,P0031,W005,2025-05-07,641,2025-05-18,2025-05-18,11,0,On Time
PO001325,S016,P0094,W005,2025-10-19,734,2025-10-30,2025-11-04,16,5,Late
PO001326,S021,P0056,W004,2025-04-24,125,2025-05-08,2025-05-09,15,1,Late
PO001327,S022,P0054,W007,2025-07-18,523,2025-07-22,2025-07-22,4,0,On Time
PO001328,S012,P0085,W003,2025-01-13,65,2025-01-20,2025-01-20,7,0,On Time
PO001329,S023,P0041,W002,2025-09-28,788,2025-10-10,2025-10-10,12,0,On Time
PO001330,S013,P0018,W002,2025-03-30,466,2025-04-04,2025-04-04,5,0,On Time
PO001331,S009,P0087,W006,2025-08-03,163,2025-08-09,2025-08-16,13,7,Late
PO001332,S017,P0023,W001,2025-10-05,556,2025-10-14,2025-10-16,11,2,Late
PO001333,S020,P0092,W003,2025-07-22,81,2025-08-02,2025-08-02,11,0,On Time
PO001334,S012,P0036,W007,2025-03-15,761,2025-03-22,2025-03-22,7,0,On Time
PO001335,S025,P0025,W002,2025-01-25,101,2025-02-06,2025-02-06,12,0,On Time
PO001336,S005,P0007,W007,2025-04-11,355,2025-04-25,2025-04-25,14,0,On Time
PO001337,S024,P0082,W006,2025-06-25,230,2025-07-06,2025-07-06,11,0,On Time
PO001338,S012,P0020,W001,2025-04-27,419,2025-05-04,2025-05-04,7,0,On Time
PO001339,S001,P0005,W003,2025-06-15,728,2025-06-28,2025-06-28,13,0,On Time
PO001340,S020,P0018,W005,2025-02-10,366,2025-02-21,2025-02-21,11,0,On Time
PO001341,S016,P0033,W001,2025-12-10,217,2025-12-21,2025-12-21,11,0,On Time
PO001342,S012,P0079,W003,2025-04-30,396,2025-05-07,2025-05-12,12,5,Late
PO001343,S009,P0035,W004,2025-04-07,181,2025-04-13,2025-04-18,11,5,Late
PO001344,S013,P0065,W002,2025-05-25,227,2025-05-30,2025-05-30,5,0,On Time
PO001345,S017,P0063,W007,2025-08-04,840,2025-08-13,2025-08-13,9,0,On Time
PO001346,S017,P0085,W001,2025-08-17,938,2025-08-26,2025-08-26,9,0,On Time
PO001347,S004,P0072,W006,2025-11-09,446,2025-11-23,2025-11-26,17,3,Late
PO001348,S014,P0071,W005,2025-05-10,63,2025-05-19,2025-05-24,14,5,Late
PO001349,S019,P0041,W006,2025-12-18,819,2025-12-24,2025-12-27,9,3,Late
PO001350,S007,P0050,W007,2025-11-14,510,2025-11-28,2025-11-29,15,1,Late
PO001351,S003,P0030,W001,2025-05-17,298,2025-05-29,2025-05-29,12,0,On Time
PO001352,S001,P0038,W002,2025-11-20,935,2025-12-03,2025-12-03,13,0,On Time
PO001353,S012,P0035,W002,2025-12-03,806,2025-12-10,2025-12-10,7,0,On Time
PO001354,S015,P0066,W003,2025-09-30,752,2025-10-07,2025-10-07,7,0,On Time
PO001355,S011,P0046,W006,2025-04-27,987,2025-05-02,2025-05-02,5,0,On Time
PO001356,S010,P0008,W006,2025-11-02,816,2025-11-13,2025-11-14,12,1,Late
PO001357,S002,P0068,W005,2025-04-04,165,2025-04-17,2025-04-18,14,1,Late
PO001358,S004,P0037,W007,2025-06-17,88,2025-07-01,2025-07-01,14,0,On Time
PO001359,S017,P0085,W003,2025-07-22,671,2025-07-31,2025-08-05,14,5,Late
PO001360,S017,P0013,W005,2025-12-07,541,2025-12-16,2025-12-16,9,0,On Time
PO001361,S008,P0073,W008,2025-05-29,130,2025-06-07,2025-06-12,14,5,Late
PO001362,S023,P0045,W001,2025-07-02,568,2025-07-14,2025-07-19,17,5,Late
PO001363,S014,P0029,W001,2025-06-01,612,2025-06-10,2025-06-10,9,0,On Time
PO001364,S024,P0041,W008,2025-03-15,627,2025-03-26,2025-03-26,11,0,On Time
PO001365,S004,P0056,W006,2025-12-31,74,2026-01-14,2026-01-14,14,0,On Time
PO001366,S006,P0088,W007,2025-10-01,663,2025-10-06,2025-10-08,7,2,Late
PO001367,S019,P0016,W003,2025-02-11,242,2025-02-17,2025-02-17,6,0,On Time
PO001368,S024,P0012,W008,2025-07-31,915,2025-08-11,2025-08-16,16,5,Late
PO001369,S004,P0066,W007,2025-04-11,594,2025-04-25,2025-04-25,14,0,On Time
PO001370,S003,P0062,W004,2025-02-14,543,2025-02-26,2025-02-27,13,1,Late
PO001371,S020,P0019,W002,2025-03-23,165,2025-04-03,2025-04-10,18,7,Late
PO001372,S006,P0030,W008,2025-01-17,283,2025-01-22,2025-01-23,6,1,Late
PO001373,S023,P0016,W007,2025-03-14,563,2025-03-26,2025-03-26,12,0,On Time
PO001374,S007,P0088,W003,2025-01-14,487,2025-01-28,2025-01-28,14,0,On Time
PO001375,S014,P0013,W008,2025-06-06,580,2025-06-15,2025-06-15,9,0,On Time
PO001376,S012,P0069,W007,2025-08-11,891,2025-08-18,2025-08-18,7,0,On Time
PO001377,S016,P0023,W008,2025-05-12,978,2025-05-23,2025-05-23,11,0,On Time
PO001378,S020,P0062,W003,2025-12-04,992,2025-12-15,2025-12-15,11,0,On Time
PO001379,S008,P0031,W001,2025-02-16,206,2025-02-25,2025-02-27,11,2,Late
PO001380,S023,P0053,W002,2025-04-17,362,2025-04-29,2025-04-29,12,0,On Time
PO001381,S002,P0017,W007,2025-04-18,982,2025-05-01,2025-05-02,14,1,Late
PO001382,S013,P0049,W007,2025-09-22,118,2025-09-27,2025-09-27,5,0,On Time
PO001383,S008,P0049,W007,2025-07-24,698,2025-08-02,2025-08-02,9,0,On Time
PO001384,S025,P0067,W008,2025-03-20,325,2025-04-01,2025-04-01,12,0,On Time
PO001385,S021,P0026,W003,2025-06-04,744,2025-06-18,2025-06-18,14,0,On Time
PO001386,S020,P0013,W008,2025-09-28,218,2025-10-09,2025-10-09,11,0,On Time
PO001387,S016,P0038,W007,2025-09-04,777,2025-09-15,2025-09-15,11,0,On Time
PO001388,S004,P0022,W001,2025-01-19,173,2025-02-02,2025-02-09,21,7,Late
PO001389,S016,P0085,W001,2025-12-12,938,2025-12-23,2025-12-23,11,0,On Time
PO001390,S020,P0029,W006,2025-01-26,115,2025-02-06,2025-02-06,11,0,On Time
PO001391,S006,P0045,W008,2025-08-05,594,2025-08-10,2025-08-10,5,0,On Time
PO001392,S004,P0046,W006,2025-06-03,725,2025-06-17,2025-06-20,17,3,Late
PO001393,S016,P0039,W003,2025-06-03,954,2025-06-14,2025-06-15,12,1,Late
PO001394,S023,P0069,W003,2025-06-23,853,2025-07-05,2025-07-07,14,2,Late
PO001395,S023,P0078,W001,2025-04-02,378,2025-04-14,2025-04-14,12,0,On Time
PO001396,S021,P0082,W006,2025-12-04,833,2025-12-18,2025-12-18,14,0,On Time
PO001397,S013,P0068,W007,2025-06-30,418,2025-07-05,2025-07-05,5,0,On Time
PO001398,S005,P0097,W007,2025-05-11,803,2025-05-25,2025-05-28,17,3,Late
PO001399,S015,P0039,W008,2025-10-25,395,2025-11-01,2025-11-01,7,0,On Time
PO001400,S008,P0020,W003,2025-10-02,621,2025-10-11,2025-10-11,9,0,On Time
PO001401,S007,P0077,W002,2025-09-30,347,2025-10-14,2025-10-14,14,0,On Time
PO001402,S014,P0100,W001,2025-03-17,291,2025-03-26,2025-03-26,9,0,On Time
PO001403,S007,P0068,W001,2025-06-26,616,2025-07-10,2025-07-10,14,0,On Time
PO001404,S022,P0035,W003,2025-07-03,314,2025-07-07,2025-07-07,4,0,On Time
PO001405,S007,P0008,W003,2025-11-15,414,2025-11-29,2025-11-29,14,0,On Time
PO001406,S023,P0052,W003,2025-05-11,491,2025-05-23,2025-05-30,19,7,Late
PO001407,S018,P0040,W008,2025-12-29,567,2026-01-02,2026-01-02,4,0,On Time
PO001408,S010,P0036,W007,2025-02-18,37,2025-03-01,2025-03-01,11,0,On Time
PO001409,S018,P0006,W007,2025-02-24,938,2025-02-28,2025-02-28,4,0,On Time
PO001410,S014,P0086,W008,2025-06-03,96,2025-06-12,2025-06-15,12,3,Late
PO001411,S010,P0070,W002,2025-12-21,68,2026-01-01,2026-01-01,11,0,On Time
PO001412,S007,P0100,W008,2025-07-19,517,2025-08-02,2025-08-02,14,0,On Time
PO001413,S007,P0073,W001,2025-11-04,445,2025-11-18,2025-11-18,14,0,On Time
PO001414,S007,P0016,W004,2025-12-22,890,2026-01-05,2026-01-05,14,0,On Time
PO001415,S005,P0046,W008,2025-04-28,767,2025-05-12,2025-05-12,14,0,On Time
PO001416,S001,P0059,W002,2025-09-20,575,2025-10-03,2025-10-03,13,0,On Time
PO001417,S014,P0038,W002,2025-02-15,640,2025-02-24,2025-02-25,10,1,Late
PO001418,S018,P0097,W007,2025-10-29,148,2025-11-02,2025-11-04,6,2,Late
PO001419,S013,P0018,W008,2025-12-22,538,2025-12-27,2025-12-30,8,3,Late
PO001420,S025,P0012,W006,2025-07-08,323,2025-07-20,2025-07-20,12,0,On Time
PO001421,S008,P0054,W001,2025-11-06,131,2025-11-15,2025-11-15,9,0,On Time
PO001422,S008,P0091,W007,2025-11-14,744,2025-11-23,2025-11-28,14,5,Late
PO001423,S010,P0047,W004,2025-05-09,931,2025-05-20,2025-05-22,13,2,Late
PO001424,S017,P0001,W001,2025-02-18,835,2025-02-27,2025-02-27,9,0,On Time
PO001425,S006,P0015,W002,2025-01-25,993,2025-01-30,2025-01-30,5,0,On Time
PO001426,S015,P0091,W003,2025-09-23,958,2025-09-30,2025-10-05,12,5,Late
PO001427,S015,P0080,W001,2025-04-28,838,2025-05-05,2025-05-05,7,0,On Time
PO001428,S025,P0021,W008,2025-05-24,382,2025-06-05,2025-06-08,15,3,Late
PO001429,S016,P0001,W001,2025-07-19,85,2025-07-30,2025-07-30,11,0,On Time
PO001430,S008,P0093,W003,2025-06-06,50,2025-06-15,2025-06-15,9,0,On Time
PO001431,S019,P0067,W004,2025-12-14,314,2025-12-20,2025-12-20,6,0,On Time
PO001432,S020,P0012,W004,2025-05-14,796,2025-05-25,2025-05-25,11,0,On Time
PO001433,S015,P0028,W001,2025-05-28,828,2025-06-04,2025-06-04,7,0,On Time
PO001434,S003,P0039,W007,2025-12-02,338,2025-12-14,2025-12-17,15,3,Late
PO001435,S006,P0037,W008,2025-03-12,33,2025-03-17,2025-03-18,6,1,Late
PO001436,S025,P0095,W003,2025-08-21,589,2025-09-02,2025-09-03,13,1,Late
PO001437,S008,P0060,W006,2025-11-30,989,2025-12-09,2025-12-09,9,0,On Time
PO001438,S016,P0031,W001,2025-10-26,875,2025-11-06,2025-11-06,11,0,On Time
PO001439,S015,P0058,W003,2025-06-03,261,2025-06-10,2025-06-10,7,0,On Time
PO001440,S013,P0097,W002,2025-03-31,372,2025-04-05,2025-04-10,10,5,Late
PO001441,S020,P0097,W006,2025-11-30,267,2025-12-11,2025-12-11,11,0,On Time
PO001442,S015,P0011,W003,2025-07-18,629,2025-07-25,2025-07-25,7,0,On Time
PO001443,S018,P0029,W007,2025-06-10,487,2025-06-14,2025-06-21,11,7,Late
PO001444,S013,P0089,W001,2025-01-26,979,2025-01-31,2025-01-31,5,0,On Time
PO001445,S024,P0013,W005,2025-05-01,943,2025-05-12,2025-05-15,14,3,Late
PO001446,S008,P0051,W004,2025-10-28,407,2025-11-06,2025-11-09,12,3,Late
PO001447,S014,P0054,W001,2025-07-31,693,2025-08-09,2025-08-09,9,0,On Time
PO001448,S011,P0019,W003,2025-03-04,919,2025-03-09,2025-03-09,5,0,On Time
PO001449,S006,P0058,W008,2025-03-09,778,2025-03-14,2025-03-21,12,7,Late
PO001450,S024,P0036,W006,2025-09-10,857,2025-09-21,2025-09-21,11,0,On Time
PO001451,S025,P0028,W006,2025-01-02,461,2025-01-14,2025-01-14,12,0,On Time
PO001452,S001,P0068,W003,2025-04-18,361,2025-05-01,2025-05-01,13,0,On Time
PO001453,S025,P0003,W008,2025-10-13,535,2025-10-25,2025-10-25,12,0,On Time
PO001454,S002,P0089,W004,2025-02-18,837,2025-03-03,2025-03-05,15,2,Late
PO001455,S013,P0041,W001,2025-05-20,792,2025-05-25,2025-05-30,10,5,Late
PO001456,S001,P0035,W006,2025-08-06,862,2025-08-19,2025-08-24,18,5,Late
PO001457,S024,P0093,W006,2025-02-13,64,2025-02-24,2025-03-01,16,5,Late
PO001458,S024,P0093,W005,2025-09-26,438,2025-10-07,2025-10-07,11,0,On Time
PO001459,S004,P0076,W002,2025-03-19,742,2025-04-02,2025-04-03,15,1,Late
PO001460,S024,P0099,W005,2025-08-04,775,2025-08-15,2025-08-15,11,0,On Time
PO001461,S023,P0084,W002,2025-04-08,222,2025-04-20,2025-04-20,12,0,On Time
PO001462,S002,P0081,W006,2025-08-24,734,2025-09-06,2025-09-08,15,2,Late
PO001463,S021,P0076,W002,2025-10-09,904,2025-10-23,2025-10-23,14,0,On Time
PO001464,S020,P0050,W001,2025-05-29,558,2025-06-09,2025-06-14,16,5,Late
PO001465,S016,P0100,W006,2025-10-31,405,2025-11-11,2025-11-11,11,0,On Time
PO001466,S003,P0074,W006,2025-03-07,969,2025-03-19,2025-03-21,14,2,Late
PO001467,S017,P0082,W008,2025-08-22,649,2025-08-31,2025-08-31,9,0,On Time
PO001468,S005,P0030,W002,2025-03-28,987,2025-04-11,2025-04-11,14,0,On Time
PO001469,S008,P0072,W003,2025-03-20,757,2025-03-29,2025-03-29,9,0,On Time
PO001470,S012,P0077,W002,2025-07-24,379,2025-07-31,2025-07-31,7,0,On Time
PO001471,S025,P0095,W002,2025-10-06,487,2025-10-18,2025-10-18,12,0,On Time
PO001472,S023,P0070,W004,2025-12-03,994,2025-12-15,2025-12-20,17,5,Late
PO001473,S012,P0054,W004,2025-09-11,963,2025-09-18,2025-09-19,8,1,Late
PO001474,S001,P0071,W001,2025-10-31,224,2025-11-13,2025-11-13,13,0,On Time
PO001475,S001,P0085,W001,2025-05-10,266,2025-05-23,2025-05-23,13,0,On Time
PO001476,S015,P0051,W003,2025-03-25,68,2025-04-01,2025-04-01,7,0,On Time
PO001477,S017,P0028,W004,2025-10-03,385,2025-10-12,2025-10-12,9,0,On Time
PO001478,S002,P0064,W005,2025-07-06,272,2025-07-19,2025-07-19,13,0,On Time
PO001479,S017,P0085,W001,2025-02-15,97,2025-02-24,2025-02-24,9,0,On Time
PO001480,S020,P0021,W001,2025-07-02,788,2025-07-13,2025-07-15,13,2,Late
PO001481,S009,P0088,W004,2025-09-25,651,2025-10-01,2025-10-01,6,0,On Time
PO001482,S012,P0027,W004,2025-10-23,436,2025-10-30,2025-10-30,7,0,On Time
PO001483,S004,P0027,W003,2025-11-18,54,2025-12-02,2025-12-02,14,0,On Time
PO001484,S013,P0077,W008,2025-04-10,457,2025-04-15,2025-04-15,5,0,On Time
PO001485,S004,P0050,W004,2025-03-19,331,2025-04-02,2025-04-04,16,2,Late
PO001486,S007,P0029,W008,2025-09-29,162,2025-10-13,2025-10-13,14,0,On Time
PO001487,S014,P0039,W007,2025-12-05,216,2025-12-14,2025-12-14,9,0,On Time
PO001488,S009,P0057,W002,2025-06-11,279,2025-06-17,2025-06-17,6,0,On Time
PO001489,S023,P0092,W006,2025-02-13,385,2025-02-25,2025-03-02,17,5,Late
PO001490,S001,P0037,W005,2025-08-26,615,2025-09-08,2025-09-09,14,1,Late
PO001491,S001,P0093,W006,2025-05-14,211,2025-05-27,2025-05-27,13,0,On Time
PO001492,S020,P0064,W002,2025-07-11,506,2025-07-22,2025-07-22,11,0,On Time
PO001493,S004,P0048,W007,2025-12-22,553,2026-01-05,2026-01-05,14,0,On Time
PO001494,S001,P0022,W007,2025-10-05,43,2025-10-18,2025-10-18,13,0,On Time
PO001495,S022,P0100,W002,2025-01-18,962,2025-01-22,2025-01-29,11,7,Late
PO001496,S010,P0030,W006,2025-01-12,94,2025-01-23,2025-01-23,11,0,On Time
PO001497,S002,P0028,W002,2025-06-29,897,2025-07-12,2025-07-15,16,3,Late
PO001498,S021,P0023,W001,2025-05-03,665,2025-05-17,2025-05-17,14,0,On Time
PO001499,S024,P0097,W007,2025-09-03,942,2025-09-14,2025-09-14,11,0,On Time
PO001500,S015,P0004,W006,2025-08-10,413,2025-08-17,2025-08-24,14,7,Late
PO001501,S003,P0003,W008,2025-02-20,698,2025-03-04,2025-03-04,12,0,On Time
PO001502,S025,P0061,W002,2025-03-12,477,2025-03-24,2025-03-24,12,0,On Time
PO001503,S023,P0096,W008,2025-02-17,129,2025-03-01,2025-03-06,17,5,Late
PO001504,S009,P0004,W001,2025-01-19,109,2025-01-25,2025-01-30,11,5,Late
PO001505,S017,P0065,W004,2025-09-19,56,2025-09-28,2025-10-01,12,3,Late
PO001506,S021,P0012,W007,2025-03-25,841,2025-04-08,2025-04-11,17,3,Late
PO001507,S013,P0013,W005,2025-06-04,582,2025-06-09,2025-06-10,6,1,Late
PO001508,S003,P0034,W005,2025-02-22,591,2025-03-06,2025-03-06,12,0,On Time
PO001509,S004,P0059,W002,2025-04-17,603,2025-05-01,2025-05-02,15,1,Late
PO001510,S004,P0093,W005,2025-12-23,659,2026-01-06,2026-01-13,21,7,Late
PO001511,S011,P0073,W001,2025-10-31,326,2025-11-05,2025-11-05,5,0,On Time
PO001512,S007,P0031,W004,2025-05-15,81,2025-05-29,2025-05-29,14,0,On Time
PO001513,S011,P0071,W002,2025-03-10,324,2025-03-15,2025-03-15,5,0,On Time
PO001514,S024,P0013,W003,2025-01-11,198,2025-01-22,2025-01-23,12,1,Late
PO001515,S011,P0054,W006,2025-05-23,559,2025-05-28,2025-05-28,5,0,On Time
PO001516,S010,P0002,W007,2025-07-11,771,2025-07-22,2025-07-23,12,1,Late
PO001517,S005,P0033,W008,2025-03-10,951,2025-03-24,2025-03-24,14,0,On Time
PO001518,S013,P0050,W005,2025-01-23,763,2025-01-28,2025-01-28,5,0,On Time
PO001519,S012,P0007,W005,2025-06-30,684,2025-07-07,2025-07-07,7,0,On Time
PO001520,S010,P0018,W002,2025-10-20,951,2025-10-31,2025-10-31,11,0,On Time
PO001521,S007,P0051,W006,2025-01-09,864,2025-01-23,2025-01-23,14,0,On Time
PO001522,S019,P0008,W006,2025-09-28,463,2025-10-04,2025-10-04,6,0,On Time
PO001523,S019,P0055,W005,2025-04-03,538,2025-04-09,2025-04-09,6,0,On Time
PO001524,S019,P0076,W005,2025-01-17,596,2025-01-23,2025-01-23,6,0,On Time
PO001525,S012,P0043,W008,2025-06-03,988,2025-06-10,2025-06-10,7,0,On Time
PO001526,S020,P0059,W003,2025-11-24,654,2025-12-05,2025-12-05,11,0,On Time
PO001527,S022,P0030,W006,2025-05-29,55,2025-06-02,2025-06-09,11,7,Late
PO001528,S015,P0059,W001,2025-09-24,769,2025-10-01,2025-10-03,9,2,Late
PO001529,S005,P0009,W007,2025-11-24,497,2025-12-08,2025-12-11,17,3,Late
PO001530,S024,P0092,W002,2025-04-16,92,2025-04-27,2025-04-27,11,0,On Time
PO001531,S014,P0068,W002,2025-02-04,49,2025-02-13,2025-02-13,9,0,On Time
PO001532,S012,P0039,W003,2025-04-29,758,2025-05-06,2025-05-06,7,0,On Time
PO001533,S021,P0081,W007,2025-01-14,322,2025-01-28,2025-01-29,15,1,Late
PO001534,S011,P0011,W003,2025-01-14,366,2025-01-19,2025-01-19,5,0,On Time
PO001535,S005,P0002,W001,2025-09-23,816,2025-10-07,2025-10-08,15,1,Late
PO001536,S016,P0023,W004,2025-05-20,530,2025-05-31,2025-05-31,11,0,On Time
PO001537,S018,P0063,W002,2025-10-21,536,2025-10-25,2025-10-25,4,0,On Time
PO001538,S012,P0022,W006,2025-12-30,84,2026-01-06,2026-01-06,7,0,On Time
PO001539,S005,P0061,W007,2025-04-29,766,2025-05-13,2025-05-15,16,2,Late
PO001540,S016,P0026,W005,2025-08-26,646,2025-09-06,2025-09-06,11,0,On Time
PO001541,S012,P0012,W007,2025-02-03,472,2025-02-10,2025-02-10,7,0,On Time
PO001542,S023,P0032,W001,2025-06-18,850,2025-06-30,2025-07-05,17,5,Late
PO001543,S002,P0009,W008,2025-01-10,777,2025-01-23,2025-01-24,14,1,Late
PO001544,S006,P0069,W002,2025-05-02,880,2025-05-07,2025-05-07,5,0,On Time
PO001545,S023,P0090,W006,2025-05-25,971,2025-06-06,2025-06-06,12,0,On Time
PO001546,S021,P0071,W001,2025-08-11,548,2025-08-25,2025-08-25,14,0,On Time
PO001547,S025,P0093,W008,2025-09-14,914,2025-09-26,2025-09-26,12,0,On Time
PO001548,S004,P0033,W004,2025-09-25,838,2025-10-09,2025-10-11,16,2,Late
PO001549,S013,P0024,W006,2025-12-25,388,2025-12-30,2025-12-30,5,0,On Time
PO001550,S010,P0089,W002,2025-01-04,56,2025-01-15,2025-01-18,14,3,Late
PO001551,S017,P0095,W007,2025-12-20,875,2025-12-29,2025-12-29,9,0,On Time
PO001552,S014,P0093,W005,2025-04-16,903,2025-04-25,2025-04-25,9,0,On Time
PO001553,S024,P0069,W006,2025-03-26,400,2025-04-06,2025-04-13,18,7,Late
PO001554,S015,P0038,W008,2025-08-02,238,2025-08-09,2025-08-09,7,0,On Time
PO001555,S008,P0011,W008,2025-05-01,668,2025-05-10,2025-05-13,12,3,Late
PO001556,S023,P0032,W002,2025-05-12,265,2025-05-24,2025-05-25,13,1,Late
PO001557,S024,P0064,W008,2025-12-04,569,2025-12-15,2025-12-15,11,0,On Time
PO001558,S018,P0072,W001,2025-07-16,270,2025-07-20,2025-07-20,4,0,On Time
PO001559,S003,P0020,W004,2025-01-19,584,2025-01-31,2025-01-31,12,0,On Time
PO001560,S025,P0034,W008,2025-05-10,928,2025-05-22,2025-05-27,17,5,Late
PO001561,S017,P0042,W006,2025-01-12,365,2025-01-21,2025-01-21,9,0,On Time
PO001562,S024,P0008,W001,2025-03-22,840,2025-04-02,2025-04-02,11,0,On Time
PO001563,S024,P0066,W001,2025-11-26,734,2025-12-07,2025-12-07,11,0,On Time
PO001564,S007,P0021,W003,2025-12-20,906,2026-01-03,2026-01-03,14,0,On Time
PO001565,S013,P0079,W001,2025-09-19,491,2025-09-24,2025-09-24,5,0,On Time
PO001566,S016,P0070,W007,2025-05-05,906,2025-05-16,2025-05-16,11,0,On Time
PO001567,S005,P0005,W006,2025-11-03,580,2025-11-17,2025-11-24,21,7,Late
PO001568,S004,P0067,W004,2025-09-24,141,2025-10-08,2025-10-08,14,0,On Time
PO001569,S010,P0043,W005,2025-05-20,345,2025-05-31,2025-05-31,11,0,On Time
PO001570,S013,P0016,W003,2025-11-25,950,2025-11-30,2025-12-01,6,1,Late
PO001571,S010,P0099,W001,2025-01-02,547,2025-01-13,2025-01-15,13,2,Late
PO001572,S014,P0073,W006,2025-01-08,800,2025-01-17,2025-01-17,9,0,On Time
PO001573,S022,P0035,W007,2025-09-07,767,2025-09-11,2025-09-11,4,0,On Time
PO001574,S012,P0083,W007,2025-05-19,140,2025-05-26,2025-05-26,7,0,On Time
PO001575,S001,P0043,W007,2025-05-04,158,2025-05-17,2025-05-17,13,0,On Time
PO001576,S021,P0098,W002,2025-11-05,106,2025-11-19,2025-11-20,15,1,Late
PO001577,S020,P0039,W003,2025-08-16,149,2025-08-27,2025-08-27,11,0,On Time
PO001578,S020,P0010,W004,2025-01-10,271,2025-01-21,2025-01-22,12,1,Late
PO001579,S007,P0074,W002,2025-07-31,881,2025-08-14,2025-08-14,14,0,On Time
PO001580,S009,P0020,W008,2025-04-22,806,2025-04-28,2025-04-30,8,2,Late
PO001581,S008,P0001,W004,2025-01-08,379,2025-01-17,2025-01-17,9,0,On Time
PO001582,S013,P0006,W002,2025-10-19,832,2025-10-24,2025-10-29,10,5,Late
PO001583,S014,P0053,W005,2025-12-28,449,2026-01-06,2026-01-06,9,0,On Time
PO001584,S012,P0046,W004,2025-09-10,66,2025-09-17,2025-09-19,9,2,Late
PO001585,S008,P0066,W002,2025-01-14,964,2025-01-23,2025-01-23,9,0,On Time
PO001586,S021,P0038,W008,2025-08-28,610,2025-09-11,2025-09-11,14,0,On Time
PO001587,S022,P0033,W007,2025-08-30,520,2025-09-03,2025-09-06,7,3,Late
PO001588,S018,P0067,W008,2025-12-08,829,2025-12-12,2025-12-12,4,0,On Time
PO001589,S016,P0100,W004,2025-05-29,948,2025-06-09,2025-06-09,11,0,On Time
PO001590,S011,P0077,W008,2025-08-24,895,2025-08-29,2025-08-30,6,1,Late
PO001591,S016,P0035,W003,2025-11-02,444,2025-11-13,2025-11-15,13,2,Late
PO001592,S014,P0079,W004,2025-06-16,394,2025-06-25,2025-06-25,9,0,On Time
PO001593,S003,P0045,W006,2025-01-20,984,2025-02-01,2025-02-01,12,0,On Time
PO001594,S021,P0022,W004,2025-08-04,873,2025-08-18,2025-08-18,14,0,On Time
PO001595,S002,P0068,W002,2025-12-09,750,2025-12-22,2025-12-27,18,5,Late
PO001596,S003,P0017,W008,2025-05-15,130,2025-05-27,2025-05-27,12,0,On Time
PO001597,S004,P0005,W008,2025-05-09,246,2025-05-23,2025-05-25,16,2,Late
PO001598,S022,P0085,W004,2025-10-21,806,2025-10-25,2025-10-25,4,0,On Time
PO001599,S005,P0057,W005,2025-09-03,787,2025-09-17,2025-09-17,14,0,On Time
PO001600,S010,P0088,W001,2025-07-08,58,2025-07-19,2025-07-19,11,0,On Time
PO001601,S020,P0095,W003,2025-02-13,154,2025-02-24,2025-02-25,12,1,Late
PO001602,S002,P0040,W006,2025-03-27,314,2025-04-09,2025-04-09,13,0,On Time
PO001603,S012,P0030,W007,2025-02-13,629,2025-02-20,2025-02-20,7,0,On Time
PO001604,S005,P0042,W002,2025-11-26,53,2025-12-10,2025-12-10,14,0,On Time
PO001605,S005,P0007,W007,2025-05-25,447,2025-06-08,2025-06-08,14,0,On Time
PO001606,S023,P0071,W007,2025-02-20,984,2025-03-04,2025-03-04,12,0,On Time
PO001607,S001,P0091,W008,2025-08-30,87,2025-09-12,2025-09-12,13,0,On Time
PO001608,S004,P0088,W004,2025-10-21,722,2025-11-04,2025-11-06,16,2,Late
PO001609,S021,P0019,W004,2025-02-20,218,2025-03-06,2025-03-06,14,0,On Time
PO001610,S024,P0041,W004,2025-09-23,579,2025-10-04,2025-10-04,11,0,On Time
PO001611,S012,P0034,W008,2025-04-30,278,2025-05-07,2025-05-14,14,7,Late
PO001612,S012,P0022,W003,2025-07-19,744,2025-07-26,2025-07-26,7,0,On Time
PO001613,S016,P0052,W006,2025-09-05,693,2025-09-16,2025-09-21,16,5,Late
PO001614,S024,P0091,W001,2025-03-11,644,2025-03-22,2025-03-22,11,0,On Time
PO001615,S017,P0006,W005,2025-12-07,156,2025-12-16,2025-12-16,9,0,On Time
PO001616,S021,P0074,W006,2025-02-26,848,2025-03-12,2025-03-12,14,0,On Time
PO001617,S010,P0095,W005,2025-02-08,935,2025-02-19,2025-02-19,11,0,On Time
PO001618,S017,P0025,W007,2025-10-16,955,2025-10-25,2025-10-25,9,0,On Time
PO001619,S017,P0066,W006,2025-01-18,400,2025-01-27,2025-01-27,9,0,On Time
PO001620,S018,P0010,W002,2025-08-08,543,2025-08-12,2025-08-14,6,2,Late
PO001621,S002,P0074,W001,2025-11-09,890,2025-11-22,2025-11-22,13,0,On Time
PO001622,S025,P0026,W001,2025-09-01,257,2025-09-13,2025-09-13,12,0,On Time
PO001623,S004,P0005,W003,2025-12-18,303,2026-01-01,2026-01-01,14,0,On Time
PO001624,S019,P0086,W008,2025-10-31,707,2025-11-06,2025-11-08,8,2,Late
PO001625,S011,P0068,W006,2025-10-25,756,2025-10-30,2025-10-30,5,0,On Time
PO001626,S017,P0098,W004,2025-10-10,477,2025-10-19,2025-10-19,9,0,On Time
PO001627,S012,P0071,W001,2025-03-15,606,2025-03-22,2025-03-24,9,2,Late
PO001628,S002,P0050,W006,2025-04-20,154,2025-05-03,2025-05-10,20,7,Late
PO001629,S006,P0017,W004,2025-06-29,101,2025-07-04,2025-07-04,5,0,On Time
PO001630,S009,P0011,W003,2025-02-01,614,2025-02-07,2025-02-12,11,5,Late
PO001631,S005,P0053,W007,2025-08-22,673,2025-09-05,2025-09-05,14,0,On Time
PO001632,S020,P0050,W007,2025-10-09,228,2025-10-20,2025-10-25,16,5,Late
PO001633,S021,P0008,W006,2025-01-25,746,2025-02-08,2025-02-08,14,0,On Time
PO001634,S009,P0092,W006,2025-11-27,422,2025-12-03,2025-12-06,9,3,Late
PO001635,S023,P0097,W002,2025-10-06,841,2025-10-18,2025-10-20,14,2,Late
PO001636,S008,P0062,W006,2025-08-14,786,2025-08-23,2025-08-23,9,0,On Time
PO001637,S020,P0089,W002,2025-02-26,207,2025-03-09,2025-03-09,11,0,On Time
PO001638,S008,P0085,W004,2025-06-29,512,2025-07-08,2025-07-08,9,0,On Time
PO001639,S022,P0076,W008,2025-08-20,778,2025-08-24,2025-08-24,4,0,On Time
PO001640,S021,P0090,W007,2025-12-09,274,2025-12-23,2025-12-23,14,0,On Time
PO001641,S023,P0029,W008,2025-10-14,342,2025-10-26,2025-10-31,17,5,Late
PO001642,S006,P0099,W004,2025-03-05,693,2025-03-10,2025-03-10,5,0,On Time
PO001643,S003,P0044,W007,2025-08-20,876,2025-09-01,2025-09-01,12,0,On Time
PO001644,S005,P0045,W007,2025-10-16,444,2025-10-30,2025-10-30,14,0,On Time
PO001645,S009,P0029,W001,2025-08-01,434,2025-08-07,2025-08-07,6,0,On Time
PO001646,S007,P0088,W003,2025-09-15,186,2025-09-29,2025-09-29,14,0,On Time
PO001647,S004,P0059,W008,2025-01-18,609,2025-02-01,2025-02-01,14,0,On Time
PO001648,S007,P0015,W002,2025-06-24,504,2025-07-08,2025-07-11,17,3,Late
PO001649,S005,P0070,W007,2025-08-17,455,2025-08-31,2025-09-02,16,2,Late
PO001650,S011,P0096,W001,2025-08-14,706,2025-08-19,2025-08-21,7,2,Late
PO001651,S015,P0044,W008,2025-03-25,551,2025-04-01,2025-04-03,9,2,Late
PO001652,S002,P0098,W005,2025-10-18,627,2025-10-31,2025-10-31,13,0,On Time
PO001653,S013,P0036,W001,2025-09-03,500,2025-09-08,2025-09-09,6,1,Late
PO001654,S022,P0084,W004,2025-04-20,199,2025-04-24,2025-04-24,4,0,On Time
PO001655,S016,P0057,W005,2025-09-11,626,2025-09-22,2025-09-22,11,0,On Time
PO001656,S007,P0064,W008,2025-03-29,90,2025-04-12,2025-04-12,14,0,On Time
PO001657,S008,P0076,W001,2025-03-13,721,2025-03-22,2025-03-22,9,0,On Time
PO001658,S006,P0099,W006,2025-01-30,920,2025-02-04,2025-02-04,5,0,On Time
PO001659,S024,P0038,W003,2025-06-21,460,2025-07-02,2025-07-02,11,0,On Time
PO001660,S007,P0017,W002,2025-11-05,663,2025-11-19,2025-11-19,14,0,On Time
PO001661,S018,P0027,W006,2025-12-09,158,2025-12-13,2025-12-13,4,0,On Time
PO001662,S022,P0017,W005,2025-06-26,806,2025-06-30,2025-07-01,5,1,Late
PO001663,S025,P0063,W007,2025-05-19,121,2025-05-31,2025-05-31,12,0,On Time
PO001664,S022,P0011,W003,2025-07-13,487,2025-07-17,2025-07-22,9,5,Late
PO001665,S020,P0064,W007,2025-07-05,302,2025-07-16,2025-07-16,11,0,On Time
PO001666,S007,P0039,W001,2025-08-06,48,2025-08-20,2025-08-21,15,1,Late
PO001667,S003,P0002,W006,2025-06-13,37,2025-06-25,2025-06-26,13,1,Late
PO001668,S005,P0066,W004,2025-06-10,952,2025-06-24,2025-06-29,19,5,Late
PO001669,S001,P0054,W008,2025-01-13,976,2025-01-26,2025-01-26,13,0,On Time
PO001670,S015,P0029,W004,2025-10-23,775,2025-10-30,2025-10-30,7,0,On Time
PO001671,S003,P0045,W003,2025-03-30,706,2025-04-11,2025-04-11,12,0,On Time
PO001672,S008,P0088,W004,2025-11-20,527,2025-11-29,2025-11-29,9,0,On Time
PO001673,S025,P0088,W002,2025-02-11,620,2025-02-23,2025-02-23,12,0,On Time
PO001674,S009,P0080,W008,2025-07-29,39,2025-08-04,2025-08-07,9,3,Late
PO001675,S015,P0031,W007,2025-08-17,345,2025-08-24,2025-08-24,7,0,On Time
PO001676,S010,P0049,W003,2025-12-16,375,2025-12-27,2025-12-27,11,0,On Time
PO001677,S002,P0009,W008,2025-10-02,452,2025-10-15,2025-10-15,13,0,On Time
PO001678,S020,P0027,W003,2025-10-06,418,2025-10-17,2025-10-17,11,0,On Time
PO001679,S005,P0056,W004,2025-09-08,37,2025-09-22,2025-09-27,19,5,Late
PO001680,S019,P0078,W003,2025-11-06,569,2025-11-12,2025-11-15,9,3,Late
PO001681,S013,P0045,W001,2025-07-27,395,2025-08-01,2025-08-01,5,0,On Time
PO001682,S011,P0089,W005,2025-11-17,620,2025-11-22,2025-11-22,5,0,On Time
PO001683,S001,P0043,W006,2025-05-20,359,2025-06-02,2025-06-07,18,5,Late
PO001684,S022,P0022,W005,2025-10-07,169,2025-10-11,2025-10-11,4,0,On Time
PO001685,S015,P0099,W008,2025-02-03,735,2025-02-10,2025-02-10,7,0,On Time
PO001686,S018,P0033,W007,2025-11-05,252,2025-11-09,2025-11-14,9,5,Late
PO001687,S016,P0027,W006,2025-01-18,123,2025-01-29,2025-01-29,11,0,On Time
PO001688,S009,P0040,W004,2025-02-26,975,2025-03-04,2025-03-04,6,0,On Time
PO001689,S001,P0026,W008,2025-04-22,642,2025-05-05,2025-05-05,13,0,On Time
PO001690,S011,P0083,W002,2025-01-05,756,2025-01-10,2025-01-15,10,5,Late
PO001691,S009,P0045,W002,2025-07-01,240,2025-07-07,2025-07-07,6,0,On Time
PO001692,S023,P0045,W004,2025-01-13,981,2025-01-25,2025-01-25,12,0,On Time
PO001693,S011,P0026,W007,2025-12-05,45,2025-12-10,2025-12-12,7,2,Late
PO001694,S013,P0070,W004,2025-10-12,83,2025-10-17,2025-10-20,8,3,Late
PO001695,S002,P0067,W003,2025-09-16,273,2025-09-29,2025-09-29,13,0,On Time
PO001696,S014,P0006,W002,2025-03-31,268,2025-04-09,2025-04-09,9,0,On Time
PO001697,S006,P0028,W008,2025-04-14,755,2025-04-19,2025-04-19,5,0,On Time
PO001698,S008,P0067,W005,2025-07-05,845,2025-07-14,2025-07-14,9,0,On Time
PO001699,S018,P0013,W004,2025-09-07,150,2025-09-11,2025-09-11,4,0,On Time
PO001700,S016,P0063,W007,2025-09-12,49,2025-09-23,2025-09-25,13,2,Late
PO001701,S021,P0013,W008,2025-03-17,806,2025-03-31,2025-03-31,14,0,On Time
PO001702,S012,P0077,W007,2025-04-18,29,2025-04-25,2025-04-25,7,0,On Time
PO001703,S011,P0001,W005,2025-06-05,108,2025-06-10,2025-06-10,5,0,On Time
PO001704,S006,P0040,W006,2025-03-23,449,2025-03-28,2025-03-28,5,0,On Time
PO001705,S003,P0037,W005,2025-03-18,166,2025-03-30,2025-03-31,13,1,Late
PO001706,S014,P0031,W007,2025-09-15,146,2025-09-24,2025-09-26,11,2,Late
PO001707,S002,P0017,W002,2025-05-07,717,2025-05-20,2025-05-21,14,1,Late
PO001708,S011,P0009,W006,2025-10-09,143,2025-10-14,2025-10-14,5,0,On Time
PO001709,S022,P0064,W008,2025-03-29,638,2025-04-02,2025-04-03,5,1,Late
PO001710,S003,P0057,W005,2025-07-23,360,2025-08-04,2025-08-04,12,0,On Time
PO001711,S018,P0013,W003,2025-01-16,537,2025-01-20,2025-01-20,4,0,On Time
PO001712,S001,P0037,W003,2025-05-31,70,2025-06-13,2025-06-13,13,0,On Time
PO001713,S024,P0014,W002,2025-09-11,417,2025-09-22,2025-09-22,11,0,On Time
PO001714,S001,P0075,W008,2025-07-07,333,2025-07-20,2025-07-20,13,0,On Time
PO001715,S012,P0025,W003,2025-11-25,667,2025-12-02,2025-12-02,7,0,On Time
PO001716,S015,P0095,W004,2025-02-01,533,2025-02-08,2025-02-08,7,0,On Time
PO001717,S005,P0078,W006,2025-09-28,521,2025-10-12,2025-10-12,14,0,On Time
PO001718,S006,P0057,W002,2025-01-05,549,2025-01-10,2025-01-11,6,1,Late
PO001719,S016,P0071,W006,2025-11-26,780,2025-12-07,2025-12-07,11,0,On Time
PO001720,S012,P0088,W008,2025-11-04,716,2025-11-11,2025-11-16,12,5,Late
PO001721,S012,P0100,W007,2025-11-29,753,2025-12-06,2025-12-06,7,0,On Time
PO001722,S003,P0042,W005,2025-06-18,759,2025-06-30,2025-06-30,12,0,On Time
PO001723,S023,P0042,W004,2025-06-30,879,2025-07-12,2025-07-12,12,0,On Time
PO001724,S002,P0047,W002,2025-06-27,438,2025-07-10,2025-07-10,13,0,On Time
PO001725,S007,P0044,W005,2025-05-23,213,2025-06-06,2025-06-09,17,3,Late
PO001726,S002,P0041,W005,2025-12-28,331,2026-01-10,2026-01-10,13,0,On Time
PO001727,S021,P0003,W005,2025-09-05,741,2025-09-19,2025-09-19,14,0,On Time
PO001728,S007,P0090,W005,2025-05-07,318,2025-05-21,2025-05-21,14,0,On Time
PO001729,S011,P0090,W005,2025-09-20,348,2025-09-25,2025-09-25,5,0,On Time
PO001730,S011,P0001,W002,2025-02-09,495,2025-02-14,2025-02-14,5,0,On Time
PO001731,S014,P0079,W003,2025-12-21,603,2025-12-30,2025-12-30,9,0,On Time
PO001732,S003,P0011,W005,2025-09-12,136,2025-09-24,2025-09-24,12,0,On Time
PO001733,S014,P0007,W007,2025-05-23,283,2025-06-01,2025-06-03,11,2,Late
PO001734,S011,P0012,W007,2025-08-28,536,2025-09-02,2025-09-03,6,1,Late
PO001735,S004,P0038,W004,2025-08-16,800,2025-08-30,2025-08-30,14,0,On Time
PO001736,S017,P0054,W002,2025-12-07,538,2025-12-16,2025-12-16,9,0,On Time
PO001737,S016,P0067,W001,2025-07-17,40,2025-07-28,2025-07-30,13,2,Late
PO001738,S003,P0053,W003,2025-03-06,496,2025-03-18,2025-03-19,13,1,Late
PO001739,S025,P0090,W004,2025-01-11,568,2025-01-23,2025-01-23,12,0,On Time
PO001740,S010,P0094,W007,2025-04-18,192,2025-04-29,2025-04-29,11,0,On Time
PO001741,S021,P0032,W005,2025-01-26,967,2025-02-09,2025-02-09,14,0,On Time
PO001742,S015,P0100,W002,2025-05-31,963,2025-06-07,2025-06-07,7,0,On Time
PO001743,S008,P0045,W002,2025-08-09,81,2025-08-18,2025-08-18,9,0,On Time
PO001744,S018,P0051,W005,2025-12-07,225,2025-12-11,2025-12-11,4,0,On Time
PO001745,S003,P0037,W007,2025-08-25,632,2025-09-06,2025-09-08,14,2,Late
PO001746,S007,P0059,W004,2025-08-25,650,2025-09-08,2025-09-08,14,0,On Time
PO001747,S010,P0054,W002,2025-08-07,198,2025-08-18,2025-08-18,11,0,On Time
PO001748,S020,P0018,W006,2025-05-31,663,2025-06-11,2025-06-11,11,0,On Time
PO001749,S009,P0001,W007,2025-05-03,907,2025-05-09,2025-05-10,7,1,Late
PO001750,S014,P0021,W007,2025-05-24,361,2025-06-02,2025-06-02,9,0,On Time
PO001751,S023,P0028,W003,2025-07-08,459,2025-07-20,2025-07-20,12,0,On Time
PO001752,S014,P0016,W004,2025-09-12,94,2025-09-21,2025-09-21,9,0,On Time
PO001753,S011,P0048,W007,2025-03-09,309,2025-03-14,2025-03-14,5,0,On Time
PO001754,S001,P0028,W008,2025-04-14,576,2025-04-27,2025-04-27,13,0,On Time
PO001755,S004,P0022,W005,2025-12-02,163,2025-12-16,2025-12-16,14,0,On Time
PO001756,S006,P0083,W008,2025-06-08,668,2025-06-13,2025-06-13,5,0,On Time
PO001757,S022,P0001,W007,2025-11-05,227,2025-11-09,2025-11-09,4,0,On Time
PO001758,S022,P0095,W008,2025-12-28,762,2026-01-01,2026-01-01,4,0,On Time
PO001759,S005,P0042,W004,2025-10-27,291,2025-11-10,2025-11-10,14,0,On Time
PO001760,S003,P0098,W008,2025-03-31,626,2025-04-12,2025-04-12,12,0,On Time
PO001761,S002,P0070,W006,2025-12-23,434,2026-01-05,2026-01-05,13,0,On Time
PO001762,S003,P0092,W007,2025-09-13,416,2025-09-25,2025-09-28,15,3,Late
PO001763,S009,P0003,W004,2025-12-19,403,2025-12-25,2025-12-27,8,2,Late
PO001764,S019,P0095,W007,2025-08-08,280,2025-08-14,2025-08-21,13,7,Late
PO001765,S019,P0080,W001,2025-01-09,910,2025-01-15,2025-01-15,6,0,On Time
PO001766,S017,P0081,W008,2025-01-12,658,2025-01-21,2025-01-21,9,0,On Time
PO001767,S018,P0044,W008,2025-11-21,962,2025-11-25,2025-11-25,4,0,On Time
PO001768,S011,P0027,W005,2025-09-01,186,2025-09-06,2025-09-06,5,0,On Time
PO001769,S012,P0051,W003,2025-07-01,37,2025-07-08,2025-07-08,7,0,On Time
PO001770,S003,P0024,W005,2025-10-11,679,2025-10-23,2025-10-23,12,0,On Time
PO001771,S018,P0020,W001,2025-11-08,266,2025-11-12,2025-11-12,4,0,On Time
PO001772,S024,P0032,W005,2025-04-09,661,2025-04-20,2025-04-20,11,0,On Time
PO001773,S006,P0099,W005,2025-07-16,315,2025-07-21,2025-07-26,10,5,Late
PO001774,S007,P0013,W003,2025-08-14,433,2025-08-28,2025-08-28,14,0,On Time
PO001775,S001,P0043,W008,2025-11-29,797,2025-12-12,2025-12-12,13,0,On Time
PO001776,S006,P0020,W001,2025-04-13,339,2025-04-18,2025-04-18,5,0,On Time
PO001777,S018,P0002,W005,2025-04-16,573,2025-04-20,2025-04-22,6,2,Late
PO001778,S013,P0068,W006,2025-12-31,734,2026-01-05,2026-01-06,6,1,Late
PO001779,S022,P0091,W007,2025-02-27,712,2025-03-03,2025-03-03,4,0,On Time
PO001780,S019,P0060,W005,2025-03-19,880,2025-03-25,2025-03-25,6,0,On Time
PO001781,S007,P0089,W002,2025-03-16,200,2025-03-30,2025-03-31,15,1,Late
PO001782,S019,P0004,W005,2025-02-11,315,2025-02-17,2025-02-17,6,0,On Time
PO001783,S009,P0096,W003,2025-11-20,675,2025-11-26,2025-12-03,13,7,Late
PO001784,S003,P0017,W002,2025-06-30,963,2025-07-12,2025-07-12,12,0,On Time
PO001785,S023,P0001,W006,2025-02-02,912,2025-02-14,2025-02-14,12,0,On Time
PO001786,S012,P0033,W007,2025-03-12,80,2025-03-19,2025-03-22,10,3,Late
PO001787,S020,P0030,W006,2025-02-25,228,2025-03-08,2025-03-08,11,0,On Time
PO001788,S024,P0005,W006,2025-04-15,185,2025-04-26,2025-04-26,11,0,On Time
PO001789,S018,P0012,W001,2025-07-19,901,2025-07-23,2025-07-23,4,0,On Time
PO001790,S008,P0032,W006,2025-04-11,319,2025-04-20,2025-04-22,11,2,Late
PO001791,S009,P0038,W004,2025-09-13,674,2025-09-19,2025-09-19,6,0,On Time
PO001792,S013,P0017,W003,2025-11-03,370,2025-11-08,2025-11-08,5,0,On Time
PO001793,S008,P0058,W001,2025-03-15,80,2025-03-24,2025-03-24,9,0,On Time
PO001794,S022,P0040,W002,2025-06-20,282,2025-06-24,2025-06-26,6,2,Late
PO001795,S010,P0096,W004,2025-05-23,143,2025-06-03,2025-06-03,11,0,On Time
PO001796,S017,P0024,W001,2025-06-15,257,2025-06-24,2025-06-24,9,0,On Time
PO001797,S007,P0012,W003,2025-09-18,561,2025-10-02,2025-10-02,14,0,On Time
PO001798,S017,P0095,W002,2025-08-09,951,2025-08-18,2025-08-19,10,1,Late
PO001799,S023,P0019,W003,2025-03-24,786,2025-04-05,2025-04-07,14,2,Late
PO001800,S018,P0029,W003,2025-07-01,900,2025-07-05,2025-07-05,4,0,On Time
PO001801,S024,P0085,W002,2025-11-03,109,2025-11-14,2025-11-16,13,2,Late
PO001802,S002,P0090,W006,2025-01-10,158,2025-01-23,2025-01-23,13,0,On Time
PO001803,S003,P0052,W005,2025-01-04,910,2025-01-16,2025-01-16,12,0,On Time
PO001804,S019,P0092,W003,2025-12-17,985,2025-12-23,2025-12-26,9,3,Late
PO001805,S001,P0017,W006,2025-12-02,381,2025-12-15,2025-12-15,13,0,On Time
PO001806,S021,P0073,W007,2025-10-19,432,2025-11-02,2025-11-02,14,0,On Time
PO001807,S021,P0021,W002,2025-10-08,879,2025-10-22,2025-10-27,19,5,Late
PO001808,S010,P0060,W003,2025-08-03,738,2025-08-14,2025-08-14,11,0,On Time
PO001809,S021,P0098,W005,2025-04-08,112,2025-04-22,2025-04-22,14,0,On Time
PO001810,S014,P0075,W007,2025-04-11,153,2025-04-20,2025-04-23,12,3,Late
PO001811,S013,P0020,W002,2025-01-09,899,2025-01-14,2025-01-14,5,0,On Time
PO001812,S009,P0053,W008,2025-03-02,223,2025-03-08,2025-03-08,6,0,On Time
PO001813,S006,P0080,W001,2025-11-05,838,2025-11-10,2025-11-10,5,0,On Time
PO001814,S006,P0063,W001,2025-05-26,867,2025-05-31,2025-05-31,5,0,On Time
PO001815,S019,P0057,W008,2025-03-04,641,2025-03-10,2025-03-11,7,1,Late
PO001816,S021,P0029,W006,2025-05-01,57,2025-05-15,2025-05-15,14,0,On Time
PO001817,S010,P0001,W001,2025-08-14,476,2025-08-25,2025-08-25,11,0,On Time
PO001818,S023,P0082,W004,2025-04-15,553,2025-04-27,2025-04-29,14,2,Late
PO001819,S003,P0059,W008,2025-09-17,756,2025-09-29,2025-09-29,12,0,On Time
PO001820,S018,P0064,W003,2025-12-15,877,2025-12-19,2025-12-19,4,0,On Time
PO001821,S021,P0086,W003,2025-09-12,457,2025-09-26,2025-09-28,16,2,Late
PO001822,S019,P0072,W002,2025-07-26,699,2025-08-01,2025-08-02,7,1,Late
PO001823,S005,P0071,W004,2025-01-28,666,2025-02-11,2025-02-11,14,0,On Time
PO001824,S025,P0089,W003,2025-06-19,641,2025-07-01,2025-07-01,12,0,On Time
PO001825,S011,P0094,W002,2025-12-02,243,2025-12-07,2025-12-07,5,0,On Time
PO001826,S010,P0098,W005,2025-03-17,187,2025-03-28,2025-03-28,11,0,On Time
PO001827,S017,P0044,W003,2025-04-26,126,2025-05-05,2025-05-05,9,0,On Time
PO001828,S004,P0048,W006,2025-03-10,399,2025-03-24,2025-03-25,15,1,Late
PO001829,S021,P0075,W003,2025-12-20,43,2026-01-03,2026-01-03,14,0,On Time
PO001830,S018,P0015,W005,2025-08-22,530,2025-08-26,2025-09-02,11,7,Late
PO001831,S018,P0035,W005,2025-01-01,828,2025-01-05,2025-01-07,6,2,Late
PO001832,S001,P0023,W003,2025-06-16,326,2025-06-29,2025-06-29,13,0,On Time
PO001833,S014,P0053,W005,2025-12-18,954,2025-12-27,2025-12-27,9,0,On Time
PO001834,S008,P0045,W002,2025-08-06,377,2025-08-15,2025-08-16,10,1,Late
PO001835,S002,P0085,W003,2025-09-30,389,2025-10-13,2025-10-14,14,1,Late
PO001836,S019,P0092,W003,2025-09-08,742,2025-09-14,2025-09-21,13,7,Late
PO001837,S015,P0013,W001,2025-12-13,190,2025-12-20,2025-12-20,7,0,On Time
PO001838,S002,P0034,W006,2025-12-10,600,2025-12-23,2025-12-23,13,0,On Time
PO001839,S004,P0038,W003,2025-06-23,241,2025-07-07,2025-07-12,19,5,Late
PO001840,S001,P0070,W007,2025-06-19,462,2025-07-02,2025-07-02,13,0,On Time
PO001841,S019,P0068,W001,2025-09-03,172,2025-09-09,2025-09-10,7,1,Late
PO001842,S021,P0005,W005,2025-03-31,881,2025-04-14,2025-04-14,14,0,On Time
PO001843,S010,P0040,W006,2025-02-18,395,2025-03-01,2025-03-03,13,2,Late
PO001844,S001,P0070,W006,2025-10-21,300,2025-11-03,2025-11-03,13,0,On Time
PO001845,S020,P0021,W005,2025-05-30,732,2025-06-10,2025-06-11,12,1,Late
PO001846,S022,P0028,W002,2025-05-12,238,2025-05-16,2025-05-16,4,0,On Time
PO001847,S015,P0003,W008,2025-02-28,939,2025-03-07,2025-03-12,12,5,Late
PO001848,S004,P0023,W008,2025-11-20,977,2025-12-04,2025-12-04,14,0,On Time
PO001849,S007,P0072,W001,2025-07-18,635,2025-08-01,2025-08-01,14,0,On Time
PO001850,S007,P0019,W003,2025-08-03,830,2025-08-17,2025-08-17,14,0,On Time
PO001851,S022,P0075,W001,2025-02-18,846,2025-02-22,2025-02-25,7,3,Late
PO001852,S025,P0050,W005,2025-08-20,841,2025-09-01,2025-09-01,12,0,On Time
PO001853,S018,P0074,W005,2025-09-04,505,2025-09-08,2025-09-08,4,0,On Time
PO001854,S013,P0058,W007,2025-08-27,529,2025-09-01,2025-09-01,5,0,On Time
PO001855,S010,P0092,W008,2025-06-17,354,2025-06-28,2025-06-28,11,0,On Time
PO001856,S024,P0020,W002,2025-02-17,761,2025-02-28,2025-02-28,11,0,On Time
PO001857,S008,P0092,W008,2025-02-20,429,2025-03-01,2025-03-01,9,0,On Time
PO001858,S010,P0093,W006,2025-10-26,73,2025-11-06,2025-11-08,13,2,Late
PO001859,S014,P0072,W006,2025-04-08,720,2025-04-17,2025-04-17,9,0,On Time
PO001860,S014,P0083,W005,2025-08-04,753,2025-08-13,2025-08-13,9,0,On Time
PO001861,S020,P0053,W001,2025-06-26,94,2025-07-07,2025-07-09,13,2,Late
PO001862,S022,P0085,W006,2025-03-21,368,2025-03-25,2025-03-30,9,5,Late
PO001863,S011,P0082,W007,2025-07-04,994,2025-07-09,2025-07-10,6,1,Late
PO001864,S006,P0009,W007,2025-01-27,703,2025-02-01,2025-02-01,5,0,On Time
PO001865,S021,P0004,W003,2025-07-14,412,2025-07-28,2025-07-28,14,0,On Time
PO001866,S001,P0041,W003,2025-08-02,573,2025-08-15,2025-08-15,13,0,On Time
PO001867,S019,P0025,W001,2025-12-08,176,2025-12-14,2025-12-14,6,0,On Time
PO001868,S007,P0034,W008,2025-04-24,866,2025-05-08,2025-05-08,14,0,On Time
PO001869,S024,P0073,W008,2025-08-30,100,2025-09-10,2025-09-13,14,3,Late
PO001870,S018,P0009,W002,2025-05-04,227,2025-05-08,2025-05-08,4,0,On Time
PO001871,S003,P0082,W003,2025-11-01,845,2025-11-13,2025-11-13,12,0,On Time
PO001872,S020,P0075,W001,2025-03-17,105,2025-03-28,2025-03-28,11,0,On Time
PO001873,S011,P0013,W001,2025-11-07,763,2025-11-12,2025-11-12,5,0,On Time
PO001874,S005,P0009,W005,2025-11-08,466,2025-11-22,2025-11-22,14,0,On Time
PO001875,S019,P0080,W006,2025-07-15,196,2025-07-21,2025-07-21,6,0,On Time
PO001876,S021,P0004,W005,2025-12-17,530,2025-12-31,2025-12-31,14,0,On Time
PO001877,S024,P0034,W006,2025-02-13,638,2025-02-24,2025-02-24,11,0,On Time
PO001878,S024,P0007,W002,2025-07-05,158,2025-07-16,2025-07-19,14,3,Late
PO001879,S002,P0015,W002,2025-12-09,121,2025-12-22,2025-12-23,14,1,Late
PO001880,S022,P0038,W002,2025-09-03,492,2025-09-07,2025-09-09,6,2,Late
PO001881,S004,P0075,W001,2025-03-25,841,2025-04-08,2025-04-08,14,0,On Time
PO001882,S025,P0096,W001,2025-07-26,561,2025-08-07,2025-08-10,15,3,Late
PO001883,S010,P0091,W008,2025-05-31,213,2025-06-11,2025-06-11,11,0,On Time
PO001884,S002,P0094,W005,2025-06-05,852,2025-06-18,2025-06-21,16,3,Late
PO001885,S008,P0052,W003,2025-01-16,775,2025-01-25,2025-01-25,9,0,On Time
PO001886,S001,P0081,W007,2025-06-14,505,2025-06-27,2025-06-27,13,0,On Time
PO001887,S006,P0100,W006,2025-05-25,333,2025-05-30,2025-05-30,5,0,On Time
PO001888,S011,P0083,W006,2025-02-06,716,2025-02-11,2025-02-11,5,0,On Time
PO001889,S010,P0007,W002,2025-11-29,824,2025-12-10,2025-12-10,11,0,On Time
PO001890,S013,P0045,W008,2025-02-14,266,2025-02-19,2025-02-24,10,5,Late
PO001891,S001,P0059,W006,2025-07-25,649,2025-08-07,2025-08-07,13,0,On Time
PO001892,S002,P0021,W004,2025-03-03,457,2025-03-16,2025-03-16,13,0,On Time
PO001893,S003,P0028,W002,2025-12-22,92,2026-01-03,2026-01-03,12,0,On Time
PO001894,S009,P0003,W007,2025-11-04,88,2025-11-10,2025-11-10,6,0,On Time
PO001895,S005,P0014,W006,2025-01-19,773,2025-02-02,2025-02-03,15,1,Late
PO001896,S010,P0002,W005,2025-12-31,171,2026-01-11,2026-01-11,11,0,On Time
PO001897,S010,P0029,W006,2025-10-27,850,2025-11-07,2025-11-09,13,2,Late
PO001898,S012,P0018,W001,2025-01-07,113,2025-01-14,2025-01-14,7,0,On Time
PO001899,S018,P0037,W005,2025-09-06,454,2025-09-10,2025-09-15,9,5,Late
PO001900,S021,P0045,W005,2025-04-27,802,2025-05-11,2025-05-11,14,0,On Time
PO001901,S021,P0045,W005,2025-03-09,450,2025-03-23,2025-03-28,19,5,Late
PO001902,S001,P0024,W004,2025-02-03,476,2025-02-16,2025-02-16,13,0,On Time
PO001903,S003,P0046,W004,2025-07-13,449,2025-07-25,2025-07-26,13,1,Late
PO001904,S005,P0012,W006,2025-11-21,248,2025-12-05,2025-12-05,14,0,On Time
PO001905,S025,P0053,W002,2025-02-24,49,2025-03-08,2025-03-08,12,0,On Time
PO001906,S017,P0045,W008,2025-09-23,644,2025-10-02,2025-10-02,9,0,On Time
PO001907,S008,P0032,W006,2025-02-11,354,2025-02-20,2025-02-20,9,0,On Time
PO001908,S017,P0018,W006,2025-10-24,679,2025-11-02,2025-11-02,9,0,On Time
PO001909,S009,P0013,W008,2025-08-19,588,2025-08-25,2025-08-25,6,0,On Time
PO001910,S006,P0004,W008,2025-01-10,196,2025-01-15,2025-01-15,5,0,On Time
PO001911,S017,P0023,W006,2025-12-24,843,2026-01-02,2026-01-03,10,1,Late
PO001912,S008,P0062,W008,2025-05-08,587,2025-05-17,2025-05-24,16,7,Late
PO001913,S021,P0054,W007,2025-06-28,428,2025-07-12,2025-07-12,14,0,On Time
PO001914,S007,P0074,W001,2025-07-12,796,2025-07-26,2025-07-26,14,0,On Time
PO001915,S007,P0055,W005,2025-04-02,256,2025-04-16,2025-04-16,14,0,On Time
PO001916,S015,P0069,W003,2025-08-19,297,2025-08-26,2025-08-27,8,1,Late
PO001917,S007,P0040,W007,2025-03-19,96,2025-04-02,2025-04-07,19,5,Late
PO001918,S022,P0014,W002,2025-03-26,952,2025-03-30,2025-04-06,11,7,Late
PO001919,S008,P0098,W002,2025-01-30,655,2025-02-08,2025-02-13,14,5,Late
PO001920,S009,P0028,W005,2025-08-01,559,2025-08-07,2025-08-10,9,3,Late
PO001921,S015,P0072,W002,2025-02-18,673,2025-02-25,2025-03-04,14,7,Late
PO001922,S002,P0080,W005,2025-09-22,177,2025-10-05,2025-10-05,13,0,On Time
PO001923,S007,P0095,W002,2025-05-25,186,2025-06-08,2025-06-13,19,5,Late
PO001924,S015,P0071,W006,2025-03-10,204,2025-03-17,2025-03-19,9,2,Late
PO001925,S018,P0067,W001,2025-02-27,408,2025-03-03,2025-03-03,4,0,On Time
PO001926,S022,P0029,W007,2025-07-04,31,2025-07-08,2025-07-08,4,0,On Time
PO001927,S018,P0100,W007,2025-03-03,950,2025-03-07,2025-03-07,4,0,On Time
PO001928,S010,P0061,W002,2025-11-04,188,2025-11-15,2025-11-17,13,2,Late
PO001929,S022,P0068,W007,2025-10-23,850,2025-10-27,2025-10-27,4,0,On Time
PO001930,S018,P0009,W002,2025-06-15,445,2025-06-19,2025-06-19,4,0,On Time
PO001931,S001,P0017,W008,2025-06-20,912,2025-07-03,2025-07-04,14,1,Late
PO001932,S007,P0049,W008,2025-03-04,468,2025-03-18,2025-03-18,14,0,On Time
PO001933,S003,P0063,W008,2025-05-27,513,2025-06-08,2025-06-10,14,2,Late
PO001934,S014,P0084,W003,2025-11-02,468,2025-11-11,2025-11-13,11,2,Late
PO001935,S012,P0078,W007,2025-06-10,125,2025-06-17,2025-06-24,14,7,Late
PO001936,S014,P0046,W001,2025-05-21,785,2025-05-30,2025-05-30,9,0,On Time
PO001937,S004,P0093,W007,2025-11-30,446,2025-12-14,2025-12-19,19,5,Late
PO001938,S013,P0013,W006,2025-04-07,975,2025-04-12,2025-04-12,5,0,On Time
PO001939,S016,P0100,W001,2025-08-09,935,2025-08-20,2025-08-20,11,0,On Time
PO001940,S016,P0045,W007,2025-02-12,117,2025-02-23,2025-02-23,11,0,On Time
PO001941,S022,P0053,W001,2025-10-19,650,2025-10-23,2025-10-23,4,0,On Time
PO001942,S005,P0017,W007,2025-04-18,245,2025-05-02,2025-05-09,21,7,Late
PO001943,S020,P0047,W002,2025-09-23,466,2025-10-04,2025-10-04,11,0,On Time
PO001944,S025,P0062,W004,2025-04-05,906,2025-04-17,2025-04-22,17,5,Late
PO001945,S006,P0050,W008,2025-09-19,683,2025-09-24,2025-09-24,5,0,On Time
PO001946,S006,P0043,W002,2025-11-09,495,2025-11-14,2025-11-14,5,0,On Time
PO001947,S018,P0068,W005,2025-03-12,222,2025-03-16,2025-03-16,4,0,On Time
PO001948,S006,P0084,W008,2025-08-07,987,2025-08-12,2025-08-12,5,0,On Time
PO001949,S007,P0075,W007,2025-01-21,694,2025-02-04,2025-02-11,21,7,Late
PO001950,S024,P0086,W003,2025-04-02,316,2025-04-13,2025-04-14,12,1,Late
PO001951,S024,P0072,W001,2025-05-07,653,2025-05-18,2025-05-18,11,0,On Time
PO001952,S016,P0028,W005,2025-03-21,35,2025-04-01,2025-04-03,13,2,Late
PO001953,S009,P0045,W006,2025-11-08,397,2025-11-14,2025-11-14,6,0,On Time
PO001954,S013,P0041,W008,2025-08-26,355,2025-08-31,2025-08-31,5,0,On Time
PO001955,S012,P0094,W005,2025-07-01,637,2025-07-08,2025-07-08,7,0,On Time
PO001956,S019,P0097,W008,2025-01-25,793,2025-01-31,2025-01-31,6,0,On Time
PO001957,S023,P0097,W004,2025-06-05,39,2025-06-17,2025-06-24,19,7,Late
PO001958,S023,P0036,W007,2025-01-05,459,2025-01-17,2025-01-17,12,0,On Time
PO001959,S001,P0091,W001,2025-04-30,263,2025-05-13,2025-05-13,13,0,On Time
PO001960,S008,P0084,W002,2025-10-04,263,2025-10-13,2025-10-13,9,0,On Time
PO001961,S004,P0033,W001,2025-01-18,990,2025-02-01,2025-02-01,14,0,On Time
PO001962,S021,P0025,W008,2025-07-17,411,2025-07-31,2025-07-31,14,0,On Time
PO001963,S022,P0019,W003,2025-02-26,743,2025-03-02,2025-03-02,4,0,On Time
PO001964,S019,P0047,W001,2025-04-03,755,2025-04-09,2025-04-10,7,1,Late
PO001965,S021,P0085,W005,2025-01-19,884,2025-02-02,2025-02-02,14,0,On Time
PO001966,S005,P0033,W005,2025-12-19,281,2026-01-02,2026-01-02,14,0,On Time
PO001967,S017,P0067,W002,2025-07-12,239,2025-07-21,2025-07-21,9,0,On Time
PO001968,S003,P0014,W002,2025-08-25,27,2025-09-06,2025-09-06,12,0,On Time
PO001969,S019,P0079,W002,2025-10-04,465,2025-10-10,2025-10-13,9,3,Late
PO001970,S001,P0033,W006,2025-08-15,33,2025-08-28,2025-08-28,13,0,On Time
PO001971,S023,P0042,W007,2025-08-21,406,2025-09-02,2025-09-02,12,0,On Time
PO001972,S001,P0086,W003,2025-02-09,661,2025-02-22,2025-02-22,13,0,On Time
PO001973,S023,P0065,W006,2025-11-19,41,2025-12-01,2025-12-08,19,7,Late
PO001974,S020,P0095,W008,2025-06-02,244,2025-06-13,2025-06-16,14,3,Late
PO001975,S009,P0047,W006,2025-05-07,254,2025-05-13,2025-05-13,6,0,On Time
PO001976,S023,P0035,W006,2025-08-25,360,2025-09-06,2025-09-06,12,0,On Time
PO001977,S005,P0084,W008,2025-02-24,985,2025-03-10,2025-03-10,14,0,On Time
PO001978,S007,P0032,W001,2025-06-21,730,2025-07-05,2025-07-07,16,2,Late
PO001979,S025,P0055,W004,2025-04-19,153,2025-05-01,2025-05-01,12,0,On Time
PO001980,S006,P0054,W008,2025-12-20,197,2025-12-25,2025-12-25,5,0,On Time
PO001981,S017,P0076,W007,2025-07-03,575,2025-07-12,2025-07-12,9,0,On Time
PO001982,S022,P0051,W001,2025-07-17,539,2025-07-21,2025-07-21,4,0,On Time
PO001983,S017,P0080,W008,2025-03-28,811,2025-04-06,2025-04-06,9,0,On Time
PO001984,S013,P0059,W002,2025-07-20,558,2025-07-25,2025-07-25,5,0,On Time
PO001985,S012,P0072,W008,2025-12-03,456,2025-12-10,2025-12-10,7,0,On Time
PO001986,S004,P0014,W003,2025-11-18,70,2025-12-02,2025-12-02,14,0,On Time
PO001987,S008,P0018,W008,2025-10-02,943,2025-10-11,2025-10-11,9,0,On Time
PO001988,S005,P0055,W006,2025-07-30,462,2025-08-13,2025-08-13,14,0,On Time
PO001989,S005,P0094,W001,2025-04-28,600,2025-05-12,2025-05-12,14,0,On Time
PO001990,S013,P0097,W007,2025-07-10,998,2025-07-15,2025-07-20,10,5,Late
PO001991,S011,P0098,W005,2025-02-11,988,2025-02-16,2025-02-16,5,0,On Time
PO001992,S008,P0056,W007,2025-02-11,300,2025-02-20,2025-02-20,9,0,On Time
PO001993,S008,P0049,W006,2025-11-11,63,2025-11-20,2025-11-23,12,3,Late
PO001994,S001,P0098,W007,2025-10-03,706,2025-10-16,2025-10-16,13,0,On Time
PO001995,S013,P0060,W001,2025-11-25,650,2025-11-30,2025-11-30,5,0,On Time
PO001996,S005,P0053,W005,2025-01-17,384,2025-01-31,2025-01-31,14,0,On Time
PO001997,S021,P0071,W008,2025-10-10,907,2025-10-24,2025-10-24,14,0,On Time
PO001998,S008,P0006,W001,2025-09-15,288,2025-09-24,2025-09-24,9,0,On Time
PO001999,S017,P0070,W008,2025-03-04,712,2025-03-13,2025-03-13,9,0,On Time
PO002000,S023,P0086,W001,2025-03-03,584,2025-03-15,2025-03-18,15,3,Late
PO002001,S023,P0008,W008,2025-04-10,312,2025-04-22,2025-04-23,13,1,Late
PO002002,S013,P0015,W006,2025-01-19,722,2025-01-24,2025-01-24,5,0,On Time
PO002003,S009,P0026,W008,2025-01-17,213,2025-01-23,2025-01-25,8,2,Late
PO002004,S002,P0039,W001,2025-11-21,390,2025-12-04,2025-12-04,13,0,On Time
PO002005,S019,P0003,W002,2025-09-03,571,2025-09-09,2025-09-10,7,1,Late
PO002006,S020,P0057,W007,2025-09-08,97,2025-09-19,2025-09-19,11,0,On Time
PO002007,S017,P0010,W005,2025-03-22,208,2025-03-31,2025-04-01,10,1,Late
PO002008,S007,P0003,W008,2025-02-08,626,2025-02-22,2025-02-22,14,0,On Time
PO002009,S003,P0094,W003,2025-02-05,409,2025-02-17,2025-02-17,12,0,On Time
PO002010,S019,P0046,W004,2025-07-16,44,2025-07-22,2025-07-22,6,0,On Time
PO002011,S019,P0022,W007,2025-06-07,634,2025-06-13,2025-06-14,7,1,Late
PO002012,S024,P0067,W006,2025-07-23,321,2025-08-03,2025-08-03,11,0,On Time
PO002013,S009,P0065,W005,2025-07-15,690,2025-07-21,2025-07-21,6,0,On Time
PO002014,S010,P0097,W002,2025-08-04,377,2025-08-15,2025-08-15,11,0,On Time
PO002015,S014,P0019,W005,2025-10-12,739,2025-10-21,2025-10-21,9,0,On Time
PO002016,S018,P0100,W003,2025-07-15,978,2025-07-19,2025-07-20,5,1,Late
PO002017,S015,P0062,W006,2025-11-03,878,2025-11-10,2025-11-17,14,7,Late
PO002018,S001,P0098,W005,2025-06-01,113,2025-06-14,2025-06-16,15,2,Late
PO002019,S025,P0057,W007,2025-01-14,855,2025-01-26,2025-01-29,15,3,Late
PO002020,S006,P0095,W002,2025-11-21,570,2025-11-26,2025-11-26,5,0,On Time
PO002021,S015,P0088,W006,2025-05-26,355,2025-06-02,2025-06-02,7,0,On Time
PO002022,S025,P0076,W002,2025-02-26,183,2025-03-10,2025-03-10,12,0,On Time
PO002023,S006,P0013,W006,2025-07-30,922,2025-08-04,2025-08-11,12,7,Late
PO002024,S018,P0016,W004,2025-09-25,360,2025-09-29,2025-09-30,5,1,Late
PO002025,S001,P0016,W003,2025-07-29,853,2025-08-11,2025-08-11,13,0,On Time
PO002026,S024,P0052,W004,2025-01-17,586,2025-01-28,2025-01-28,11,0,On Time
PO002027,S003,P0084,W007,2025-10-13,91,2025-10-25,2025-10-25,12,0,On Time
PO002028,S017,P0041,W007,2025-12-10,61,2025-12-19,2025-12-19,9,0,On Time
PO002029,S016,P0048,W007,2025-07-22,430,2025-08-02,2025-08-03,12,1,Late
PO002030,S008,P0091,W001,2025-04-09,917,2025-04-18,2025-04-18,9,0,On Time
PO002031,S017,P0039,W007,2025-10-06,857,2025-10-15,2025-10-18,12,3,Late
PO002032,S008,P0013,W002,2025-07-28,663,2025-08-06,2025-08-11,14,5,Late
PO002033,S017,P0004,W004,2025-05-09,40,2025-05-18,2025-05-21,12,3,Late
PO002034,S025,P0096,W002,2025-12-01,20,2025-12-13,2025-12-18,17,5,Late
PO002035,S009,P0098,W006,2025-10-15,697,2025-10-21,2025-10-21,6,0,On Time
PO002036,S012,P0043,W008,2025-09-09,591,2025-09-16,2025-09-23,14,7,Late
PO002037,S025,P0081,W002,2025-09-22,95,2025-10-04,2025-10-04,12,0,On Time
PO002038,S019,P0088,W001,2025-09-28,622,2025-10-04,2025-10-07,9,3,Late
PO002039,S004,P0093,W002,2025-07-07,417,2025-07-21,2025-07-21,14,0,On Time
PO002040,S021,P0046,W006,2025-08-02,738,2025-08-16,2025-08-16,14,0,On Time
PO002041,S022,P0092,W008,2025-10-10,107,2025-10-14,2025-10-14,4,0,On Time
PO002042,S025,P0047,W006,2025-07-30,613,2025-08-11,2025-08-11,12,0,On Time
PO002043,S011,P0086,W004,2025-12-31,36,2026-01-05,2026-01-10,10,5,Late
PO002044,S004,P0092,W007,2025-03-17,348,2025-03-31,2025-04-02,16,2,Late
PO002045,S014,P0053,W003,2025-05-28,962,2025-06-06,2025-06-06,9,0,On Time
PO002046,S014,P0025,W005,2025-11-17,229,2025-11-26,2025-11-26,9,0,On Time
PO002047,S006,P0041,W008,2025-08-01,843,2025-08-06,2025-08-07,6,1,Late
PO002048,S017,P0003,W004,2025-04-19,402,2025-04-28,2025-04-28,9,0,On Time
PO002049,S002,P0077,W008,2025-05-09,584,2025-05-22,2025-05-24,15,2,Late
PO002050,S008,P0095,W001,2025-01-10,659,2025-01-19,2025-01-19,9,0,On Time
PO002051,S004,P0013,W005,2025-02-16,165,2025-03-02,2025-03-02,14,0,On Time
PO002052,S010,P0018,W002,2025-11-11,472,2025-11-22,2025-11-29,18,7,Late
PO002053,S007,P0037,W004,2025-04-06,835,2025-04-20,2025-04-20,14,0,On Time
PO002054,S004,P0043,W005,2025-04-13,412,2025-04-27,2025-04-27,14,0,On Time
PO002055,S016,P0034,W007,2025-12-08,329,2025-12-19,2025-12-24,16,5,Late
PO002056,S014,P0081,W007,2025-05-26,950,2025-06-04,2025-06-09,14,5,Late
PO002057,S016,P0055,W004,2025-01-27,511,2025-02-07,2025-02-14,18,7,Late
PO002058,S025,P0052,W007,2025-08-08,779,2025-08-20,2025-08-20,12,0,On Time
PO002059,S009,P0085,W002,2025-01-18,449,2025-01-24,2025-01-24,6,0,On Time
PO002060,S004,P0036,W006,2025-06-16,20,2025-06-30,2025-06-30,14,0,On Time
PO002061,S024,P0054,W004,2025-03-23,60,2025-04-03,2025-04-03,11,0,On Time
PO002062,S006,P0059,W001,2025-03-13,604,2025-03-18,2025-03-19,6,1,Late
PO002063,S001,P0052,W005,2025-11-06,691,2025-11-19,2025-11-19,13,0,On Time
PO002064,S007,P0019,W005,2025-09-11,231,2025-09-25,2025-09-25,14,0,On Time
PO002065,S001,P0012,W005,2025-06-11,352,2025-06-24,2025-06-29,18,5,Late
PO002066,S019,P0092,W004,2025-11-23,827,2025-11-29,2025-12-04,11,5,Late
PO002067,S008,P0011,W002,2025-02-07,670,2025-02-16,2025-02-16,9,0,On Time
PO002068,S025,P0048,W004,2025-07-20,465,2025-08-01,2025-08-01,12,0,On Time
PO002069,S003,P0092,W004,2025-07-19,961,2025-07-31,2025-08-03,15,3,Late
PO002070,S001,P0099,W007,2025-09-12,323,2025-09-25,2025-09-25,13,0,On Time
PO002071,S001,P0079,W006,2025-06-28,574,2025-07-11,2025-07-13,15,2,Late
PO002072,S007,P0016,W005,2025-02-04,710,2025-02-18,2025-02-21,17,3,Late
PO002073,S021,P0071,W002,2025-03-23,720,2025-04-06,2025-04-06,14,0,On Time
PO002074,S013,P0047,W003,2025-08-08,777,2025-08-13,2025-08-13,5,0,On Time
PO002075,S001,P0067,W008,2025-06-07,829,2025-06-20,2025-06-20,13,0,On Time
PO002076,S016,P0031,W002,2025-01-04,173,2025-01-15,2025-01-16,12,1,Late
PO002077,S022,P0076,W007,2025-06-16,635,2025-06-20,2025-06-20,4,0,On Time
PO002078,S022,P0008,W004,2025-07-23,542,2025-07-27,2025-07-29,6,2,Late
PO002079,S014,P0089,W001,2025-07-13,44,2025-07-22,2025-07-27,14,5,Late
PO002080,S004,P0061,W002,2025-08-23,827,2025-09-06,2025-09-06,14,0,On Time
PO002081,S023,P0044,W005,2025-07-25,44,2025-08-06,2025-08-13,19,7,Late
PO002082,S023,P0050,W001,2025-05-30,615,2025-06-11,2025-06-11,12,0,On Time
PO002083,S012,P0035,W003,2025-06-08,125,2025-06-15,2025-06-18,10,3,Late
PO002084,S025,P0076,W003,2025-10-06,772,2025-10-18,2025-10-18,12,0,On Time
PO002085,S012,P0061,W008,2025-10-31,138,2025-11-07,2025-11-07,7,0,On Time
PO002086,S017,P0085,W001,2025-06-15,990,2025-06-24,2025-06-24,9,0,On Time
PO002087,S021,P0090,W007,2025-11-07,127,2025-11-21,2025-11-21,14,0,On Time
PO002088,S015,P0055,W003,2025-03-09,349,2025-03-16,2025-03-16,7,0,On Time
PO002089,S010,P0066,W001,2025-03-29,199,2025-04-09,2025-04-12,14,3,Late
PO002090,S003,P0014,W004,2025-08-05,900,2025-08-17,2025-08-17,12,0,On Time
PO002091,S023,P0004,W001,2025-01-01,150,2025-01-13,2025-01-20,19,7,Late
PO002092,S020,P0017,W004,2025-05-15,826,2025-05-26,2025-05-26,11,0,On Time
PO002093,S020,P0069,W008,2025-07-04,622,2025-07-15,2025-07-15,11,0,On Time
PO002094,S012,P0024,W007,2025-12-17,950,2025-12-24,2025-12-24,7,0,On Time
PO002095,S001,P0049,W005,2025-05-20,772,2025-06-02,2025-06-09,20,7,Late
PO002096,S001,P0055,W005,2025-04-16,778,2025-04-29,2025-04-29,13,0,On Time
PO002097,S010,P0071,W003,2025-05-13,187,2025-05-24,2025-05-24,11,0,On Time
PO002098,S018,P0023,W006,2025-04-18,242,2025-04-22,2025-04-27,9,5,Late
PO002099,S015,P0081,W006,2025-06-27,488,2025-07-04,2025-07-04,7,0,On Time
PO002100,S002,P0012,W001,2025-10-25,297,2025-11-07,2025-11-08,14,1,Late
PO002101,S017,P0011,W007,2025-12-24,209,2026-01-02,2026-01-02,9,0,On Time
PO002102,S008,P0075,W008,2025-12-25,550,2026-01-03,2026-01-03,9,0,On Time
PO002103,S022,P0098,W004,2025-05-26,545,2025-05-30,2025-05-30,4,0,On Time
PO002104,S022,P0029,W005,2025-03-15,774,2025-03-19,2025-03-24,9,5,Late
PO002105,S009,P0062,W007,2025-04-18,640,2025-04-24,2025-04-29,11,5,Late
PO002106,S021,P0053,W005,2025-05-02,965,2025-05-16,2025-05-16,14,0,On Time
PO002107,S020,P0048,W005,2025-01-17,209,2025-01-28,2025-01-28,11,0,On Time
PO002108,S011,P0100,W003,2025-07-15,237,2025-07-20,2025-07-20,5,0,On Time
PO002109,S006,P0091,W005,2025-11-23,318,2025-11-28,2025-11-28,5,0,On Time
PO002110,S024,P0086,W008,2025-11-14,330,2025-11-25,2025-11-25,11,0,On Time
PO002111,S014,P0066,W006,2025-10-24,255,2025-11-02,2025-11-02,9,0,On Time
PO002112,S001,P0100,W008,2025-09-09,187,2025-09-22,2025-09-22,13,0,On Time
PO002113,S007,P0048,W002,2025-04-29,799,2025-05-13,2025-05-13,14,0,On Time
PO002114,S024,P0094,W003,2025-06-11,212,2025-06-22,2025-06-23,12,1,Late
PO002115,S009,P0059,W001,2025-07-17,261,2025-07-23,2025-07-26,9,3,Late
PO002116,S011,P0071,W002,2025-02-14,181,2025-02-19,2025-02-19,5,0,On Time
PO002117,S024,P0057,W003,2025-11-10,895,2025-11-21,2025-11-22,12,1,Late
PO002118,S023,P0076,W007,2025-06-28,358,2025-07-10,2025-07-10,12,0,On Time
PO002119,S016,P0003,W003,2025-02-13,810,2025-02-24,2025-02-24,11,0,On Time
PO002120,S019,P0081,W008,2025-09-28,474,2025-10-04,2025-10-05,7,1,Late
PO002121,S002,P0032,W004,2025-03-19,154,2025-04-01,2025-04-02,14,1,Late
PO002122,S015,P0008,W002,2025-11-22,212,2025-11-29,2025-11-29,7,0,On Time
PO002123,S003,P0087,W002,2025-06-27,421,2025-07-09,2025-07-09,12,0,On Time
PO002124,S004,P0030,W008,2025-12-23,411,2026-01-06,2026-01-11,19,5,Late
PO002125,S020,P0015,W006,2025-01-03,620,2025-01-14,2025-01-14,11,0,On Time
PO002126,S022,P0074,W002,2025-08-02,61,2025-08-06,2025-08-06,4,0,On Time
PO002127,S007,P0055,W005,2025-12-08,112,2025-12-22,2025-12-24,16,2,Late
PO002128,S012,P0038,W006,2025-03-15,234,2025-03-22,2025-03-22,7,0,On Time
PO002129,S004,P0015,W007,2025-02-20,368,2025-03-06,2025-03-06,14,0,On Time
PO002130,S010,P0030,W005,2025-03-08,532,2025-03-19,2025-03-24,16,5,Late
PO002131,S006,P0046,W006,2025-11-28,354,2025-12-03,2025-12-03,5,0,On Time
PO002132,S025,P0064,W001,2025-04-03,418,2025-04-15,2025-04-15,12,0,On Time
PO002133,S022,P0026,W007,2025-06-25,943,2025-06-29,2025-06-29,4,0,On Time
PO002134,S014,P0078,W006,2025-05-25,183,2025-06-03,2025-06-03,9,0,On Time
PO002135,S003,P0067,W001,2025-01-07,125,2025-01-19,2025-01-19,12,0,On Time
PO002136,S017,P0036,W006,2025-09-26,251,2025-10-05,2025-10-05,9,0,On Time
PO002137,S011,P0090,W001,2025-11-18,577,2025-11-23,2025-11-23,5,0,On Time
PO002138,S010,P0078,W005,2025-01-04,736,2025-01-15,2025-01-15,11,0,On Time
PO002139,S021,P0031,W007,2025-05-18,552,2025-06-01,2025-06-01,14,0,On Time
PO002140,S010,P0078,W007,2025-08-19,196,2025-08-30,2025-08-30,11,0,On Time
PO002141,S010,P0040,W006,2025-03-29,698,2025-04-09,2025-04-09,11,0,On Time
PO002142,S003,P0074,W004,2025-01-17,313,2025-01-29,2025-01-29,12,0,On Time
PO002143,S024,P0073,W006,2025-02-21,284,2025-03-04,2025-03-04,11,0,On Time
PO002144,S015,P0046,W001,2025-05-14,807,2025-05-21,2025-05-21,7,0,On Time
PO002145,S017,P0042,W007,2025-07-30,871,2025-08-08,2025-08-10,11,2,Late
PO002146,S018,P0018,W003,2025-11-21,539,2025-11-25,2025-11-26,5,1,Late
PO002147,S019,P0100,W005,2025-08-07,289,2025-08-13,2025-08-13,6,0,On Time
PO002148,S019,P0036,W004,2025-07-24,849,2025-07-30,2025-07-30,6,0,On Time
PO002149,S012,P0076,W003,2025-07-30,231,2025-08-06,2025-08-06,7,0,On Time
PO002150,S024,P0050,W008,2025-10-04,182,2025-10-15,2025-10-15,11,0,On Time
PO002151,S005,P0061,W003,2025-01-24,842,2025-02-07,2025-02-07,14,0,On Time
PO002152,S024,P0040,W005,2025-01-04,576,2025-01-15,2025-01-15,11,0,On Time
PO002153,S016,P0003,W006,2025-06-01,936,2025-06-12,2025-06-12,11,0,On Time
PO002154,S015,P0082,W002,2025-09-16,764,2025-09-23,2025-09-30,14,7,Late
PO002155,S015,P0007,W004,2025-11-20,72,2025-11-27,2025-11-28,8,1,Late
PO002156,S006,P0031,W006,2025-12-23,252,2025-12-28,2025-12-31,8,3,Late
PO002157,S012,P0065,W005,2025-06-17,457,2025-06-24,2025-06-24,7,0,On Time
PO002158,S002,P0095,W002,2025-06-25,873,2025-07-08,2025-07-08,13,0,On Time
PO002159,S020,P0064,W008,2025-11-06,702,2025-11-17,2025-11-17,11,0,On Time
PO002160,S009,P0077,W005,2025-10-18,537,2025-10-24,2025-10-29,11,5,Late
PO002161,S004,P0093,W005,2025-02-25,970,2025-03-11,2025-03-11,14,0,On Time
PO002162,S005,P0003,W003,2025-04-18,63,2025-05-02,2025-05-02,14,0,On Time
PO002163,S021,P0093,W007,2025-10-23,622,2025-11-06,2025-11-06,14,0,On Time
PO002164,S008,P0035,W006,2025-11-20,727,2025-11-29,2025-11-30,10,1,Late
PO002165,S022,P0015,W008,2025-10-29,535,2025-11-02,2025-11-02,4,0,On Time
PO002166,S010,P0021,W005,2025-11-30,652,2025-12-11,2025-12-11,11,0,On Time
PO002167,S007,P0062,W006,2025-05-21,594,2025-06-04,2025-06-11,21,7,Late
PO002168,S022,P0083,W002,2025-06-04,111,2025-06-08,2025-06-08,4,0,On Time
PO002169,S014,P0028,W003,2025-09-19,778,2025-09-28,2025-09-28,9,0,On Time
PO002170,S005,P0004,W002,2025-09-30,750,2025-10-14,2025-10-14,14,0,On Time
PO002171,S016,P0013,W002,2025-08-20,973,2025-08-31,2025-09-02,13,2,Late
PO002172,S015,P0079,W003,2025-08-29,457,2025-09-05,2025-09-05,7,0,On Time
PO002173,S005,P0051,W006,2025-12-21,356,2026-01-04,2026-01-04,14,0,On Time
PO002174,S003,P0048,W002,2025-12-03,762,2025-12-15,2025-12-17,14,2,Late
PO002175,S023,P0039,W001,2025-09-15,313,2025-09-27,2025-09-27,12,0,On Time
PO002176,S010,P0096,W006,2025-09-06,719,2025-09-17,2025-09-22,16,5,Late
PO002177,S005,P0067,W007,2025-03-18,839,2025-04-01,2025-04-01,14,0,On Time
PO002178,S023,P0094,W007,2025-06-29,944,2025-07-11,2025-07-11,12,0,On Time
PO002179,S015,P0058,W005,2025-03-07,699,2025-03-14,2025-03-14,7,0,On Time
PO002180,S018,P0084,W003,2025-11-04,986,2025-11-08,2025-11-09,5,1,Late
PO002181,S025,P0002,W007,2025-12-14,283,2025-12-26,2025-12-27,13,1,Late
PO002182,S008,P0025,W003,2025-06-20,124,2025-06-29,2025-06-29,9,0,On Time
PO002183,S021,P0011,W006,2025-01-22,243,2025-02-05,2025-02-05,14,0,On Time
PO002184,S002,P0001,W001,2025-04-17,438,2025-04-30,2025-05-05,18,5,Late
PO002185,S022,P0048,W008,2025-11-19,997,2025-11-23,2025-11-23,4,0,On Time
PO002186,S008,P0048,W001,2025-08-15,134,2025-08-24,2025-08-24,9,0,On Time
PO002187,S023,P0010,W001,2025-08-04,910,2025-08-16,2025-08-23,19,7,Late
PO002188,S008,P0081,W001,2025-03-10,254,2025-03-19,2025-03-20,10,1,Late
PO002189,S004,P0030,W004,2025-03-25,803,2025-04-08,2025-04-08,14,0,On Time
PO002190,S019,P0035,W008,2025-04-13,293,2025-04-19,2025-04-24,11,5,Late
PO002191,S023,P0019,W003,2025-02-08,974,2025-02-20,2025-02-20,12,0,On Time
PO002192,S018,P0053,W002,2025-01-13,249,2025-01-17,2025-01-17,4,0,On Time
PO002193,S021,P0034,W003,2025-10-24,748,2025-11-07,2025-11-08,15,1,Late
PO002194,S023,P0032,W007,2025-11-09,53,2025-11-21,2025-11-21,12,0,On Time
PO002195,S001,P0076,W008,2025-06-30,407,2025-07-13,2025-07-18,18,5,Late
PO002196,S020,P0081,W003,2025-09-25,728,2025-10-06,2025-10-09,14,3,Late
PO002197,S015,P0006,W003,2025-01-13,520,2025-01-20,2025-01-20,7,0,On Time
PO002198,S018,P0013,W008,2025-04-30,914,2025-05-04,2025-05-07,7,3,Late
PO002199,S022,P0086,W001,2025-12-19,481,2025-12-23,2025-12-23,4,0,On Time
PO002200,S012,P0075,W001,2025-02-26,468,2025-03-05,2025-03-05,7,0,On Time
PO002201,S001,P0064,W004,2025-02-09,848,2025-02-22,2025-02-27,18,5,Late
PO002202,S007,P0007,W006,2025-12-02,233,2025-12-16,2025-12-19,17,3,Late
PO002203,S019,P0045,W003,2025-05-08,65,2025-05-14,2025-05-14,6,0,On Time
PO002204,S001,P0045,W005,2025-06-22,424,2025-07-05,2025-07-05,13,0,On Time
PO002205,S024,P0085,W008,2025-02-04,352,2025-02-15,2025-02-15,11,0,On Time
PO002206,S007,P0065,W006,2025-09-16,259,2025-09-30,2025-09-30,14,0,On Time
PO002207,S002,P0094,W007,2025-01-05,273,2025-01-18,2025-01-18,13,0,On Time
PO002208,S007,P0019,W008,2025-08-06,247,2025-08-20,2025-08-20,14,0,On Time
PO002209,S019,P0047,W004,2025-01-11,752,2025-01-17,2025-01-17,6,0,On Time
PO002210,S013,P0046,W008,2025-11-23,910,2025-11-28,2025-12-01,8,3,Late
PO002211,S025,P0029,W007,2025-04-27,185,2025-05-09,2025-05-09,12,0,On Time
PO002212,S024,P0099,W001,2025-07-03,604,2025-07-14,2025-07-14,11,0,On Time
PO002213,S005,P0084,W007,2025-12-28,756,2026-01-11,2026-01-16,19,5,Late
PO002214,S023,P0100,W003,2025-04-26,530,2025-05-08,2025-05-08,12,0,On Time
PO002215,S019,P0061,W001,2025-06-11,617,2025-06-17,2025-06-19,8,2,Late
PO002216,S001,P0065,W008,2025-03-08,612,2025-03-21,2025-03-21,13,0,On Time
PO002217,S001,P0023,W006,2025-07-19,975,2025-08-01,2025-08-01,13,0,On Time
PO002218,S018,P0095,W002,2025-01-31,746,2025-02-04,2025-02-04,4,0,On Time
PO002219,S024,P0051,W001,2025-03-16,695,2025-03-27,2025-03-27,11,0,On Time
PO002220,S001,P0063,W001,2025-08-25,409,2025-09-07,2025-09-07,13,0,On Time
PO002221,S005,P0099,W004,2025-11-23,771,2025-12-07,2025-12-07,14,0,On Time
PO002222,S009,P0022,W002,2025-03-07,442,2025-03-13,2025-03-13,6,0,On Time
PO002223,S012,P0071,W006,2025-03-11,944,2025-03-18,2025-03-18,7,0,On Time
PO002224,S009,P0033,W008,2025-10-24,430,2025-10-30,2025-10-30,6,0,On Time
PO002225,S018,P0100,W005,2025-01-20,600,2025-01-24,2025-01-31,11,7,Late
PO002226,S023,P0044,W005,2025-08-14,668,2025-08-26,2025-08-29,15,3,Late
PO002227,S011,P0007,W008,2025-07-18,683,2025-07-23,2025-07-26,8,3,Late
PO002228,S001,P0091,W005,2025-02-08,466,2025-02-21,2025-02-22,14,1,Late
PO002229,S019,P0002,W003,2025-05-25,422,2025-05-31,2025-05-31,6,0,On Time
PO002230,S022,P0017,W005,2025-02-14,116,2025-02-18,2025-02-18,4,0,On Time
PO002231,S025,P0065,W003,2025-11-22,398,2025-12-04,2025-12-06,14,2,Late
PO002232,S010,P0058,W006,2025-04-01,689,2025-04-12,2025-04-12,11,0,On Time
PO002233,S002,P0030,W006,2025-08-26,205,2025-09-08,2025-09-08,13,0,On Time
PO002234,S007,P0086,W001,2025-03-11,699,2025-03-25,2025-03-25,14,0,On Time
PO002235,S020,P0092,W008,2025-06-15,263,2025-06-26,2025-06-26,11,0,On Time
PO002236,S002,P0097,W005,2025-05-10,650,2025-05-23,2025-05-23,13,0,On Time
PO002237,S019,P0026,W004,2025-08-02,727,2025-08-08,2025-08-15,13,7,Late
PO002238,S006,P0035,W006,2025-12-06,522,2025-12-11,2025-12-12,6,1,Late
PO002239,S010,P0063,W002,2025-03-30,307,2025-04-10,2025-04-10,11,0,On Time
PO002240,S009,P0075,W002,2025-12-01,388,2025-12-07,2025-12-07,6,0,On Time
PO002241,S008,P0071,W008,2025-09-09,84,2025-09-18,2025-09-18,9,0,On Time
PO002242,S011,P0028,W008,2025-12-15,181,2025-12-20,2025-12-20,5,0,On Time
PO002243,S009,P0025,W006,2025-03-13,616,2025-03-19,2025-03-22,9,3,Late
PO002244,S020,P0061,W001,2025-06-14,946,2025-06-25,2025-06-25,11,0,On Time
PO002245,S020,P0031,W008,2025-02-18,590,2025-03-01,2025-03-02,12,1,Late
PO002246,S009,P0054,W007,2025-02-21,993,2025-02-27,2025-02-27,6,0,On Time
PO002247,S008,P0067,W002,2025-10-16,813,2025-10-25,2025-10-25,9,0,On Time
PO002248,S015,P0097,W008,2025-10-05,681,2025-10-12,2025-10-13,8,1,Late
PO002249,S002,P0051,W002,2025-04-24,437,2025-05-07,2025-05-09,15,2,Late
PO002250,S024,P0058,W007,2025-08-27,500,2025-09-07,2025-09-08,12,1,Late
PO002251,S001,P0034,W001,2025-05-13,652,2025-05-26,2025-06-02,20,7,Late
PO002252,S009,P0059,W007,2025-10-01,288,2025-10-07,2025-10-09,8,2,Late
PO002253,S009,P0021,W001,2025-06-15,786,2025-06-21,2025-06-23,8,2,Late
PO002254,S013,P0056,W001,2025-10-20,755,2025-10-25,2025-10-28,8,3,Late
PO002255,S008,P0037,W004,2025-08-31,586,2025-09-09,2025-09-09,9,0,On Time
PO002256,S021,P0064,W001,2025-11-16,667,2025-11-30,2025-11-30,14,0,On Time
PO002257,S005,P0019,W001,2025-05-18,209,2025-06-01,2025-06-01,14,0,On Time
PO002258,S003,P0085,W001,2025-03-20,425,2025-04-01,2025-04-01,12,0,On Time
PO002259,S021,P0078,W006,2025-06-19,784,2025-07-03,2025-07-06,17,3,Late
PO002260,S004,P0074,W008,2025-05-03,508,2025-05-17,2025-05-17,14,0,On Time
PO002261,S017,P0053,W008,2025-06-25,331,2025-07-04,2025-07-04,9,0,On Time
PO002262,S016,P0071,W005,2025-10-27,615,2025-11-07,2025-11-10,14,3,Late
PO002263,S016,P0093,W006,2025-03-23,936,2025-04-03,2025-04-03,11,0,On Time
PO002264,S025,P0063,W005,2025-03-28,885,2025-04-09,2025-04-09,12,0,On Time
PO002265,S020,P0062,W004,2025-08-13,708,2025-08-24,2025-08-24,11,0,On Time
PO002266,S003,P0072,W004,2025-01-16,113,2025-01-28,2025-01-30,14,2,Late
PO002267,S006,P0077,W008,2025-11-06,409,2025-11-11,2025-11-11,5,0,On Time
PO002268,S001,P0019,W008,2025-12-24,566,2026-01-06,2026-01-11,18,5,Late
PO002269,S021,P0075,W002,2025-06-12,430,2025-06-26,2025-06-26,14,0,On Time
PO002270,S016,P0002,W007,2025-04-08,231,2025-04-19,2025-04-22,14,3,Late
PO002271,S015,P0006,W007,2025-06-05,657,2025-06-12,2025-06-12,7,0,On Time
PO002272,S007,P0029,W006,2025-01-02,388,2025-01-16,2025-01-16,14,0,On Time
PO002273,S002,P0041,W005,2025-12-16,761,2025-12-29,2025-12-29,13,0,On Time
PO002274,S010,P0051,W004,2025-06-18,187,2025-06-29,2025-06-29,11,0,On Time
PO002275,S025,P0005,W004,2025-11-11,33,2025-11-23,2025-11-23,12,0,On Time
PO002276,S015,P0041,W008,2025-11-21,605,2025-11-28,2025-11-28,7,0,On Time
PO002277,S006,P0062,W006,2025-04-02,583,2025-04-07,2025-04-07,5,0,On Time
PO002278,S002,P0030,W002,2025-06-30,893,2025-07-13,2025-07-16,16,3,Late
PO002279,S024,P0062,W008,2025-08-19,226,2025-08-30,2025-08-30,11,0,On Time
PO002280,S024,P0100,W008,2025-10-28,827,2025-11-08,2025-11-15,18,7,Late
PO002281,S017,P0027,W001,2025-05-28,62,2025-06-06,2025-06-09,12,3,Late
PO002282,S001,P0050,W003,2025-10-07,899,2025-10-20,2025-10-20,13,0,On Time
PO002283,S001,P0082,W002,2025-07-08,461,2025-07-21,2025-07-21,13,0,On Time
PO002284,S004,P0052,W007,2025-12-13,534,2025-12-27,2025-12-27,14,0,On Time
PO002285,S020,P0049,W008,2025-12-16,930,2025-12-27,2025-12-29,13,2,Late
PO002286,S016,P0062,W007,2025-11-10,960,2025-11-21,2025-11-24,14,3,Late
PO002287,S008,P0100,W003,2025-05-08,626,2025-05-17,2025-05-17,9,0,On Time
PO002288,S001,P0060,W002,2025-01-07,414,2025-01-20,2025-01-20,13,0,On Time
PO002289,S019,P0080,W002,2025-02-16,257,2025-02-22,2025-02-22,6,0,On Time
PO002290,S011,P0054,W001,2025-02-22,698,2025-02-27,2025-03-02,8,3,Late
PO002291,S017,P0005,W004,2025-07-06,550,2025-07-15,2025-07-16,10,1,Late
PO002292,S025,P0009,W005,2025-02-07,738,2025-02-19,2025-02-22,15,3,Late
PO002293,S010,P0034,W002,2025-08-14,761,2025-08-25,2025-08-26,12,1,Late
PO002294,S012,P0098,W001,2025-02-22,423,2025-03-01,2025-03-01,7,0,On Time
PO002295,S009,P0036,W007,2025-08-12,233,2025-08-18,2025-08-25,13,7,Late
PO002296,S007,P0095,W003,2025-06-03,986,2025-06-17,2025-06-22,19,5,Late
PO002297,S012,P0020,W006,2025-02-17,587,2025-02-24,2025-02-24,7,0,On Time
PO002298,S015,P0081,W007,2025-12-17,865,2025-12-24,2025-12-24,7,0,On Time
PO002299,S008,P0084,W008,2025-05-27,393,2025-06-05,2025-06-05,9,0,On Time
PO002300,S017,P0092,W006,2025-03-05,151,2025-03-14,2025-03-16,11,2,Late
PO002301,S005,P0085,W004,2025-12-15,28,2025-12-29,2025-12-29,14,0,On Time
PO002302,S014,P0083,W006,2025-07-01,762,2025-07-10,2025-07-10,9,0,On Time
PO002303,S002,P0063,W002,2025-05-05,172,2025-05-18,2025-05-18,13,0,On Time
PO002304,S016,P0067,W003,2025-06-28,450,2025-07-09,2025-07-09,11,0,On Time
PO002305,S017,P0030,W002,2025-02-08,502,2025-02-17,2025-02-17,9,0,On Time
PO002306,S003,P0069,W006,2025-09-17,324,2025-09-29,2025-09-29,12,0,On Time
PO002307,S023,P0070,W005,2025-01-03,942,2025-01-15,2025-01-18,15,3,Late
PO002308,S001,P0003,W007,2025-03-05,303,2025-03-18,2025-03-18,13,0,On Time
PO002309,S018,P0049,W008,2025-01-29,491,2025-02-02,2025-02-03,5,1,Late
PO002310,S018,P0042,W006,2025-01-11,209,2025-01-15,2025-01-16,5,1,Late
PO002311,S004,P0024,W008,2025-04-07,547,2025-04-21,2025-04-21,14,0,On Time
PO002312,S015,P0044,W005,2025-12-24,531,2025-12-31,2025-12-31,7,0,On Time
PO002313,S019,P0001,W006,2025-07-22,362,2025-07-28,2025-07-28,6,0,On Time
PO002314,S019,P0054,W004,2025-01-21,449,2025-01-27,2025-01-27,6,0,On Time
PO002315,S010,P0052,W003,2025-02-08,734,2025-02-19,2025-02-24,16,5,Late
PO002316,S005,P0036,W005,2025-08-11,705,2025-08-25,2025-08-27,16,2,Late
PO002317,S019,P0079,W001,2025-04-12,699,2025-04-18,2025-04-18,6,0,On Time
PO002318,S011,P0038,W004,2025-02-15,870,2025-02-20,2025-02-25,10,5,Late
PO002319,S007,P0044,W002,2025-03-07,53,2025-03-21,2025-03-24,17,3,Late
PO002320,S005,P0082,W006,2025-04-01,490,2025-04-15,2025-04-20,19,5,Late
PO002321,S020,P0087,W003,2025-06-13,413,2025-06-24,2025-06-24,11,0,On Time
PO002322,S012,P0047,W003,2025-04-21,760,2025-04-28,2025-04-29,8,1,Late
PO002323,S019,P0029,W006,2025-12-04,514,2025-12-10,2025-12-10,6,0,On Time
PO002324,S015,P0051,W001,2025-05-03,532,2025-05-10,2025-05-11,8,1,Late
PO002325,S012,P0041,W007,2025-07-12,341,2025-07-19,2025-07-19,7,0,On Time
PO002326,S004,P0086,W007,2025-04-09,134,2025-04-23,2025-04-24,15,1,Late
PO002327,S012,P0064,W005,2025-10-18,233,2025-10-25,2025-10-25,7,0,On Time
PO002328,S018,P0088,W006,2025-06-08,785,2025-06-12,2025-06-15,7,3,Late
PO002329,S017,P0048,W008,2025-04-13,164,2025-04-22,2025-04-24,11,2,Late
PO002330,S019,P0077,W003,2025-10-08,578,2025-10-14,2025-10-14,6,0,On Time
PO002331,S016,P0097,W001,2025-02-12,811,2025-02-23,2025-02-23,11,0,On Time
PO002332,S011,P0022,W007,2025-03-25,197,2025-03-30,2025-03-31,6,1,Late
PO002333,S002,P0099,W001,2025-07-10,744,2025-07-23,2025-07-23,13,0,On Time
PO002334,S016,P0017,W007,2025-02-20,379,2025-03-03,2025-03-03,11,0,On Time
PO002335,S001,P0086,W002,2025-07-29,304,2025-08-11,2025-08-13,15,2,Late
PO002336,S017,P0005,W001,2025-05-06,264,2025-05-15,2025-05-18,12,3,Late
PO002337,S018,P0061,W004,2025-03-10,784,2025-03-14,2025-03-14,4,0,On Time
PO002338,S025,P0089,W008,2025-09-22,225,2025-10-04,2025-10-04,12,0,On Time
PO002339,S013,P0006,W003,2025-09-15,603,2025-09-20,2025-09-22,7,2,Late
PO002340,S005,P0053,W004,2025-07-07,753,2025-07-21,2025-07-24,17,3,Late
PO002341,S025,P0081,W007,2025-08-18,361,2025-08-30,2025-08-30,12,0,On Time
PO002342,S024,P0095,W001,2025-07-08,746,2025-07-19,2025-07-19,11,0,On Time
PO002343,S006,P0017,W001,2025-01-10,379,2025-01-15,2025-01-15,5,0,On Time
PO002344,S001,P0059,W008,2025-04-24,518,2025-05-07,2025-05-12,18,5,Late
PO002345,S010,P0097,W004,2025-03-17,160,2025-03-28,2025-03-28,11,0,On Time
PO002346,S005,P0039,W002,2025-06-13,979,2025-06-27,2025-06-27,14,0,On Time
PO002347,S001,P0054,W001,2025-03-26,687,2025-04-08,2025-04-08,13,0,On Time
PO002348,S023,P0048,W004,2025-02-18,241,2025-03-02,2025-03-02,12,0,On Time
PO002349,S011,P0037,W004,2025-11-22,408,2025-11-27,2025-11-28,6,1,Late
PO002350,S024,P0048,W008,2025-06-26,349,2025-07-07,2025-07-07,11,0,On Time
PO002351,S024,P0068,W003,2025-08-06,762,2025-08-17,2025-08-17,11,0,On Time
PO002352,S007,P0078,W002,2025-07-08,412,2025-07-22,2025-07-22,14,0,On Time
PO002353,S018,P0077,W005,2025-12-12,673,2025-12-16,2025-12-16,4,0,On Time
PO002354,S021,P0027,W004,2025-08-18,377,2025-09-01,2025-09-03,16,2,Late
PO002355,S020,P0088,W008,2025-09-12,413,2025-09-23,2025-09-23,11,0,On Time
PO002356,S021,P0027,W008,2025-08-24,948,2025-09-07,2025-09-10,17,3,Late
PO002357,S010,P0072,W003,2025-01-26,606,2025-02-06,2025-02-06,11,0,On Time
PO002358,S025,P0063,W005,2025-03-13,59,2025-03-25,2025-03-25,12,0,On Time
PO002359,S015,P0052,W008,2025-09-18,921,2025-09-25,2025-09-25,7,0,On Time
PO002360,S004,P0047,W008,2025-09-11,292,2025-09-25,2025-09-30,19,5,Late
PO002361,S016,P0021,W003,2025-09-28,439,2025-10-09,2025-10-09,11,0,On Time
PO002362,S015,P0057,W003,2025-05-03,89,2025-05-10,2025-05-11,8,1,Late
PO002363,S015,P0075,W006,2025-05-24,848,2025-05-31,2025-05-31,7,0,On Time
PO002364,S012,P0095,W002,2025-09-14,642,2025-09-21,2025-09-21,7,0,On Time
PO002365,S008,P0091,W001,2025-05-24,477,2025-06-02,2025-06-02,9,0,On Time
PO002366,S008,P0042,W002,2025-09-16,964,2025-09-25,2025-09-30,14,5,Late
PO002367,S018,P0048,W005,2025-02-16,253,2025-02-20,2025-02-20,4,0,On Time
PO002368,S006,P0027,W006,2025-12-17,216,2025-12-22,2025-12-23,6,1,Late
PO002369,S005,P0072,W008,2025-01-13,870,2025-01-27,2025-02-03,21,7,Late
PO002370,S002,P0033,W002,2025-07-27,730,2025-08-09,2025-08-09,13,0,On Time
PO002371,S012,P0076,W008,2025-11-07,528,2025-11-14,2025-11-14,7,0,On Time
PO002372,S004,P0035,W001,2025-08-23,555,2025-09-06,2025-09-06,14,0,On Time
PO002373,S023,P0098,W002,2025-05-29,838,2025-06-10,2025-06-10,12,0,On Time
PO002374,S013,P0016,W002,2025-11-18,957,2025-11-23,2025-11-23,5,0,On Time
PO002375,S017,P0036,W002,2025-06-04,166,2025-06-13,2025-06-13,9,0,On Time
PO002376,S016,P0066,W004,2025-06-15,593,2025-06-26,2025-06-27,12,1,Late
PO002377,S009,P0076,W004,2025-03-31,478,2025-04-06,2025-04-07,7,1,Late
PO002378,S001,P0091,W002,2025-07-05,86,2025-07-18,2025-07-23,18,5,Late
PO002379,S015,P0056,W001,2025-11-14,49,2025-11-21,2025-11-21,7,0,On Time
PO002380,S012,P0017,W008,2025-12-24,126,2025-12-31,2025-12-31,7,0,On Time
PO002381,S005,P0020,W007,2025-06-23,697,2025-07-07,2025-07-07,14,0,On Time
PO002382,S023,P0085,W001,2025-08-05,409,2025-08-17,2025-08-17,12,0,On Time
PO002383,S024,P0094,W001,2025-09-21,898,2025-10-02,2025-10-02,11,0,On Time
PO002384,S018,P0084,W001,2025-04-07,425,2025-04-11,2025-04-11,4,0,On Time
PO002385,S020,P0008,W008,2025-04-27,140,2025-05-08,2025-05-11,14,3,Late
PO002386,S002,P0018,W006,2025-07-18,30,2025-07-31,2025-08-05,18,5,Late
PO002387,S004,P0018,W006,2025-11-16,603,2025-11-30,2025-11-30,14,0,On Time
PO002388,S015,P0018,W003,2025-01-21,366,2025-01-28,2025-01-30,9,2,Late
PO002389,S006,P0002,W002,2025-07-19,272,2025-07-24,2025-07-26,7,2,Late
PO002390,S022,P0076,W007,2025-12-07,816,2025-12-11,2025-12-11,4,0,On Time
PO002391,S012,P0096,W007,2025-09-05,138,2025-09-12,2025-09-12,7,0,On Time
PO002392,S018,P0072,W002,2025-10-03,906,2025-10-07,2025-10-14,11,7,Late
PO002393,S020,P0051,W003,2025-09-21,539,2025-10-02,2025-10-03,12,1,Late
PO002394,S004,P0010,W001,2025-02-27,234,2025-03-13,2025-03-20,21,7,Late
PO002395,S001,P0075,W005,2025-10-29,752,2025-11-11,2025-11-11,13,0,On Time
PO002396,S015,P0014,W005,2025-01-31,99,2025-02-07,2025-02-07,7,0,On Time
PO002397,S018,P0026,W008,2025-09-06,438,2025-09-10,2025-09-10,4,0,On Time
PO002398,S014,P0047,W003,2025-04-03,603,2025-04-12,2025-04-19,16,7,Late
PO002399,S003,P0030,W007,2025-09-22,731,2025-10-04,2025-10-04,12,0,On Time
PO002400,S015,P0056,W005,2025-09-28,704,2025-10-05,2025-10-05,7,0,On Time
PO002401,S005,P0042,W004,2025-04-04,308,2025-04-18,2025-04-18,14,0,On Time
PO002402,S024,P0004,W002,2025-06-03,253,2025-06-14,2025-06-14,11,0,On Time
PO002403,S022,P0011,W005,2025-10-12,280,2025-10-16,2025-10-16,4,0,On Time
PO002404,S003,P0024,W008,2025-03-21,977,2025-04-02,2025-04-02,12,0,On Time
PO002405,S022,P0086,W006,2025-10-19,952,2025-10-23,2025-10-23,4,0,On Time
PO002406,S007,P0067,W008,2025-03-25,676,2025-04-08,2025-04-08,14,0,On Time
PO002407,S006,P0037,W006,2025-12-31,41,2026-01-05,2026-01-05,5,0,On Time
PO002408,S022,P0002,W007,2025-02-06,97,2025-02-10,2025-02-10,4,0,On Time
PO002409,S001,P0012,W007,2025-12-08,761,2025-12-21,2025-12-21,13,0,On Time
PO002410,S019,P0021,W004,2025-11-23,691,2025-11-29,2025-11-29,6,0,On Time
PO002411,S007,P0069,W008,2025-08-20,33,2025-09-03,2025-09-04,15,1,Late
PO002412,S004,P0071,W002,2025-04-03,767,2025-04-17,2025-04-17,14,0,On Time
PO002413,S012,P0064,W008,2025-12-02,167,2025-12-09,2025-12-09,7,0,On Time
PO002414,S020,P0068,W004,2025-04-12,681,2025-04-23,2025-04-23,11,0,On Time
PO002415,S023,P0043,W002,2025-06-15,49,2025-06-27,2025-06-27,12,0,On Time
PO002416,S025,P0054,W002,2025-06-08,457,2025-06-20,2025-06-20,12,0,On Time
PO002417,S018,P0100,W007,2025-01-14,692,2025-01-18,2025-01-18,4,0,On Time
PO002418,S009,P0062,W005,2025-08-13,792,2025-08-19,2025-08-20,7,1,Late
PO002419,S019,P0086,W008,2025-03-14,549,2025-03-20,2025-03-21,7,1,Late
PO002420,S022,P0093,W006,2025-09-06,82,2025-09-10,2025-09-10,4,0,On Time
PO002421,S004,P0073,W003,2025-04-01,449,2025-04-15,2025-04-15,14,0,On Time
PO002422,S001,P0090,W005,2025-08-04,154,2025-08-17,2025-08-19,15,2,Late
PO002423,S009,P0012,W008,2025-03-31,176,2025-04-06,2025-04-06,6,0,On Time
PO002424,S015,P0001,W007,2025-01-29,588,2025-02-05,2025-02-05,7,0,On Time
PO002425,S022,P0072,W001,2025-11-01,962,2025-11-05,2025-11-06,5,1,Late
PO002426,S008,P0033,W004,2025-08-08,796,2025-08-17,2025-08-17,9,0,On Time
PO002427,S015,P0064,W007,2025-11-24,273,2025-12-01,2025-12-02,8,1,Late
PO002428,S015,P0068,W008,2025-08-03,206,2025-08-10,2025-08-10,7,0,On Time
PO002429,S018,P0014,W001,2025-08-09,899,2025-08-13,2025-08-13,4,0,On Time
PO002430,S007,P0093,W002,2025-02-11,892,2025-02-25,2025-02-28,17,3,Late
PO002431,S022,P0014,W007,2025-05-15,398,2025-05-19,2025-05-19,4,0,On Time
PO002432,S018,P0009,W005,2025-02-11,346,2025-02-15,2025-02-15,4,0,On Time
PO002433,S016,P0073,W008,2025-06-13,218,2025-06-24,2025-06-24,11,0,On Time
PO002434,S002,P0026,W001,2025-12-27,900,2026-01-09,2026-01-09,13,0,On Time
PO002435,S004,P0049,W001,2025-10-10,190,2025-10-24,2025-10-24,14,0,On Time
PO002436,S020,P0017,W006,2025-02-27,334,2025-03-10,2025-03-10,11,0,On Time
PO002437,S016,P0068,W007,2025-10-29,25,2025-11-09,2025-11-16,18,7,Late
PO002438,S003,P0060,W001,2025-11-18,897,2025-11-30,2025-12-03,15,3,Late
PO002439,S024,P0003,W006,2025-01-25,275,2025-02-05,2025-02-05,11,0,On Time
PO002440,S023,P0093,W006,2025-03-14,898,2025-03-26,2025-03-29,15,3,Late
PO002441,S002,P0025,W002,2025-05-09,840,2025-05-22,2025-05-22,13,0,On Time
PO002442,S003,P0021,W008,2025-03-28,339,2025-04-09,2025-04-09,12,0,On Time
PO002443,S025,P0012,W006,2025-11-26,267,2025-12-08,2025-12-08,12,0,On Time
PO002444,S005,P0054,W002,2025-06-02,750,2025-06-16,2025-06-17,15,1,Late
PO002445,S002,P0001,W006,2025-07-01,23,2025-07-14,2025-07-14,13,0,On Time
PO002446,S019,P0001,W006,2025-05-05,532,2025-05-11,2025-05-11,6,0,On Time
PO002447,S024,P0045,W007,2025-03-08,857,2025-03-19,2025-03-21,13,2,Late
PO002448,S020,P0046,W007,2025-01-06,525,2025-01-17,2025-01-17,11,0,On Time
PO002449,S002,P0048,W002,2025-05-05,50,2025-05-18,2025-05-18,13,0,On Time
PO002450,S002,P0007,W001,2025-11-10,852,2025-11-23,2025-11-23,13,0,On Time
PO002451,S022,P0010,W004,2025-11-22,648,2025-11-26,2025-11-26,4,0,On Time
PO002452,S024,P0015,W005,2025-02-22,984,2025-03-05,2025-03-05,11,0,On Time
PO002453,S023,P0040,W005,2025-03-07,294,2025-03-19,2025-03-19,12,0,On Time
PO002454,S020,P0011,W002,2025-11-10,728,2025-11-21,2025-11-21,11,0,On Time
PO002455,S018,P0056,W001,2025-03-23,905,2025-03-27,2025-03-27,4,0,On Time
PO002456,S025,P0046,W007,2025-03-28,344,2025-04-09,2025-04-09,12,0,On Time
PO002457,S020,P0045,W007,2025-01-02,196,2025-01-13,2025-01-20,18,7,Late
PO002458,S025,P0087,W004,2025-07-23,306,2025-08-04,2025-08-04,12,0,On Time
PO002459,S021,P0013,W003,2025-05-30,975,2025-06-13,2025-06-14,15,1,Late
PO002460,S014,P0027,W007,2025-10-20,767,2025-10-29,2025-10-30,10,1,Late
PO002461,S015,P0081,W002,2025-04-13,986,2025-04-20,2025-04-20,7,0,On Time
PO002462,S012,P0050,W003,2025-01-24,98,2025-01-31,2025-01-31,7,0,On Time
PO002463,S011,P0061,W005,2025-07-31,262,2025-08-05,2025-08-05,5,0,On Time
PO002464,S011,P0013,W005,2025-03-06,842,2025-03-11,2025-03-12,6,1,Late
PO002465,S007,P0012,W007,2025-07-28,520,2025-08-11,2025-08-11,14,0,On Time
PO002466,S012,P0029,W004,2025-09-08,224,2025-09-15,2025-09-15,7,0,On Time
PO002467,S016,P0085,W008,2025-04-27,479,2025-05-08,2025-05-08,11,0,On Time
PO002468,S005,P0084,W004,2025-04-26,402,2025-05-10,2025-05-10,14,0,On Time
PO002469,S002,P0020,W003,2025-08-25,742,2025-09-07,2025-09-07,13,0,On Time
PO002470,S022,P0031,W008,2025-04-15,352,2025-04-19,2025-04-24,9,5,Late
PO002471,S016,P0008,W007,2025-09-16,622,2025-09-27,2025-09-27,11,0,On Time
PO002472,S023,P0024,W005,2025-02-15,185,2025-02-27,2025-02-27,12,0,On Time
PO002473,S015,P0075,W004,2025-11-07,180,2025-11-14,2025-11-15,8,1,Late
PO002474,S011,P0039,W004,2025-11-27,25,2025-12-02,2025-12-04,7,2,Late
PO002475,S006,P0033,W008,2025-08-04,672,2025-08-09,2025-08-09,5,0,On Time
PO002476,S013,P0042,W005,2025-10-28,224,2025-11-02,2025-11-02,5,0,On Time
PO002477,S019,P0015,W007,2025-11-29,992,2025-12-05,2025-12-05,6,0,On Time
PO002478,S010,P0068,W005,2025-01-24,551,2025-02-04,2025-02-04,11,0,On Time
PO002479,S024,P0065,W001,2025-02-04,119,2025-02-15,2025-02-15,11,0,On Time
PO002480,S019,P0032,W006,2025-01-24,696,2025-01-30,2025-01-30,6,0,On Time
PO002481,S005,P0011,W004,2025-01-28,64,2025-02-11,2025-02-11,14,0,On Time
PO002482,S025,P0094,W003,2025-01-16,476,2025-01-28,2025-02-02,17,5,Late
PO002483,S021,P0037,W007,2025-02-28,868,2025-03-14,2025-03-14,14,0,On Time
PO002484,S007,P0019,W002,2025-08-31,246,2025-09-14,2025-09-14,14,0,On Time
PO002485,S011,P0051,W002,2025-07-26,334,2025-07-31,2025-08-07,12,7,Late
PO002486,S014,P0100,W005,2025-09-28,71,2025-10-07,2025-10-08,10,1,Late
PO002487,S023,P0034,W006,2025-09-06,165,2025-09-18,2025-09-18,12,0,On Time
PO002488,S021,P0071,W007,2025-09-24,300,2025-10-08,2025-10-08,14,0,On Time
PO002489,S016,P0060,W007,2025-07-12,142,2025-07-23,2025-07-30,18,7,Late
PO002490,S018,P0084,W003,2025-12-01,738,2025-12-05,2025-12-05,4,0,On Time
PO002491,S021,P0053,W001,2025-08-06,490,2025-08-20,2025-08-21,15,1,Late
PO002492,S023,P0012,W008,2025-04-25,916,2025-05-07,2025-05-10,15,3,Late
PO002493,S023,P0062,W004,2025-03-09,316,2025-03-21,2025-03-21,12,0,On Time
PO002494,S004,P0096,W001,2025-10-26,633,2025-11-09,2025-11-10,15,1,Late
PO002495,S001,P0066,W007,2025-11-21,531,2025-12-04,2025-12-11,20,7,Late
PO002496,S022,P0086,W003,2025-03-16,805,2025-03-20,2025-03-20,4,0,On Time
PO002497,S015,P0048,W001,2025-04-13,660,2025-04-20,2025-04-20,7,0,On Time
PO002498,S014,P0040,W005,2025-10-24,521,2025-11-02,2025-11-05,12,3,Late
PO002499,S019,P0024,W002,2025-06-27,698,2025-07-03,2025-07-03,6,0,On Time
PO002500,S005,P0050,W005,2025-08-03,221,2025-08-17,2025-08-18,15,1,Late
PO002501,S004,P0095,W004,2025-11-11,434,2025-11-25,2025-11-25,14,0,On Time
PO002502,S013,P0068,W005,2025-02-08,633,2025-02-13,2025-02-13,5,0,On Time
PO002503,S018,P0088,W003,2025-09-16,602,2025-09-20,2025-09-20,4,0,On Time
PO002504,S012,P0043,W007,2025-07-23,441,2025-07-30,2025-07-30,7,0,On Time
PO002505,S023,P0017,W003,2025-01-07,539,2025-01-19,2025-01-19,12,0,On Time
PO002506,S021,P0083,W004,2025-02-18,693,2025-03-04,2025-03-04,14,0,On Time
PO002507,S015,P0055,W004,2025-01-26,92,2025-02-02,2025-02-02,7,0,On Time
PO002508,S023,P0034,W002,2025-06-10,364,2025-06-22,2025-06-22,12,0,On Time
PO002509,S009,P0097,W001,2025-12-23,46,2025-12-29,2026-01-01,9,3,Late
PO002510,S004,P0070,W002,2025-06-25,188,2025-07-09,2025-07-11,16,2,Late
PO002511,S005,P0060,W005,2025-03-20,794,2025-04-03,2025-04-03,14,0,On Time
PO002512,S009,P0051,W001,2025-01-02,819,2025-01-08,2025-01-08,6,0,On Time
PO002513,S013,P0100,W004,2025-05-12,604,2025-05-17,2025-05-17,5,0,On Time
PO002514,S010,P0077,W003,2025-10-03,228,2025-10-14,2025-10-14,11,0,On Time
PO002515,S016,P0073,W005,2025-04-27,630,2025-05-08,2025-05-08,11,0,On Time
PO002516,S013,P0035,W008,2025-06-13,899,2025-06-18,2025-06-20,7,2,Late
PO002517,S004,P0034,W002,2025-10-15,931,2025-10-29,2025-10-29,14,0,On Time
PO002518,S021,P0016,W007,2025-01-28,917,2025-02-11,2025-02-12,15,1,Late
PO002519,S013,P0082,W006,2025-11-29,958,2025-12-04,2025-12-05,6,1,Late
PO002520,S021,P0018,W006,2025-01-01,562,2025-01-15,2025-01-15,14,0,On Time
PO002521,S008,P0038,W004,2025-07-07,867,2025-07-16,2025-07-16,9,0,On Time
PO002522,S013,P0043,W007,2025-02-25,962,2025-03-02,2025-03-02,5,0,On Time
PO002523,S015,P0032,W001,2025-02-04,564,2025-02-11,2025-02-11,7,0,On Time
PO002524,S020,P0007,W006,2025-04-22,744,2025-05-03,2025-05-03,11,0,On Time
PO002525,S020,P0087,W001,2025-10-13,676,2025-10-24,2025-10-24,11,0,On Time
PO002526,S013,P0087,W003,2025-11-06,630,2025-11-11,2025-11-11,5,0,On Time
PO002527,S023,P0046,W004,2025-02-05,841,2025-02-17,2025-02-17,12,0,On Time
PO002528,S005,P0061,W008,2025-08-05,329,2025-08-19,2025-08-19,14,0,On Time
PO002529,S022,P0018,W004,2025-03-21,966,2025-03-25,2025-03-25,4,0,On Time
PO002530,S022,P0071,W005,2025-11-10,199,2025-11-14,2025-11-14,4,0,On Time
PO002531,S006,P0040,W005,2025-03-24,666,2025-03-29,2025-03-29,5,0,On Time
PO002532,S005,P0088,W007,2025-03-06,457,2025-03-20,2025-03-20,14,0,On Time
PO002533,S013,P0078,W001,2025-11-21,496,2025-11-26,2025-11-27,6,1,Late
PO002534,S005,P0050,W008,2025-05-08,414,2025-05-22,2025-05-24,16,2,Late
PO002535,S025,P0005,W006,2025-11-03,721,2025-11-15,2025-11-15,12,0,On Time
PO002536,S013,P0054,W006,2025-01-22,561,2025-01-27,2025-01-27,5,0,On Time
PO002537,S024,P0086,W002,2025-08-04,613,2025-08-15,2025-08-18,14,3,Late
PO002538,S020,P0058,W008,2025-04-17,76,2025-04-28,2025-04-28,11,0,On Time
PO002539,S023,P0022,W001,2025-04-19,193,2025-05-01,2025-05-01,12,0,On Time
PO002540,S008,P0074,W006,2025-12-23,739,2026-01-01,2026-01-02,10,1,Late
PO002541,S009,P0090,W005,2025-06-30,345,2025-07-06,2025-07-06,6,0,On Time
PO002542,S021,P0079,W005,2025-12-22,341,2026-01-05,2026-01-05,14,0,On Time
PO002543,S019,P0038,W008,2025-06-13,202,2025-06-19,2025-06-26,13,7,Late
PO002544,S020,P0049,W005,2025-03-09,254,2025-03-20,2025-03-20,11,0,On Time
PO002545,S015,P0001,W001,2025-10-19,638,2025-10-26,2025-10-31,12,5,Late
PO002546,S022,P0078,W004,2025-06-29,205,2025-07-03,2025-07-03,4,0,On Time
PO002547,S010,P0036,W007,2025-06-30,285,2025-07-11,2025-07-11,11,0,On Time
PO002548,S011,P0095,W002,2025-06-18,663,2025-06-23,2025-06-23,5,0,On Time
PO002549,S005,P0028,W002,2025-01-22,861,2025-02-05,2025-02-07,16,2,Late
PO002550,S009,P0098,W005,2025-03-07,348,2025-03-13,2025-03-13,6,0,On Time
PO002551,S011,P0035,W003,2025-01-21,849,2025-01-26,2025-01-26,5,0,On Time
PO002552,S019,P0060,W008,2025-04-10,384,2025-04-16,2025-04-18,8,2,Late
PO002553,S002,P0062,W001,2025-10-27,702,2025-11-09,2025-11-09,13,0,On Time
PO002554,S006,P0087,W008,2025-04-13,829,2025-04-18,2025-04-18,5,0,On Time
PO002555,S023,P0046,W006,2025-02-16,43,2025-02-28,2025-02-28,12,0,On Time
PO002556,S021,P0083,W008,2025-02-08,280,2025-02-22,2025-02-23,15,1,Late
PO002557,S001,P0082,W006,2025-10-12,374,2025-10-25,2025-10-28,16,3,Late
PO002558,S003,P0079,W008,2025-11-06,215,2025-11-18,2025-11-18,12,0,On Time
PO002559,S003,P0061,W008,2025-03-31,630,2025-04-12,2025-04-12,12,0,On Time
PO002560,S014,P0065,W007,2025-03-26,509,2025-04-04,2025-04-04,9,0,On Time
PO002561,S020,P0089,W004,2025-09-30,907,2025-10-11,2025-10-11,11,0,On Time
PO002562,S022,P0026,W005,2025-12-02,352,2025-12-06,2025-12-06,4,0,On Time
PO002563,S005,P0035,W003,2025-07-07,632,2025-07-21,2025-07-22,15,1,Late
PO002564,S017,P0057,W005,2025-06-08,883,2025-06-17,2025-06-24,16,7,Late
PO002565,S015,P0079,W008,2025-08-31,960,2025-09-07,2025-09-09,9,2,Late
PO002566,S006,P0063,W008,2025-03-14,974,2025-03-19,2025-03-19,5,0,On Time
PO002567,S014,P0004,W003,2025-02-18,651,2025-02-27,2025-02-27,9,0,On Time
PO002568,S014,P0079,W002,2025-04-11,340,2025-04-20,2025-04-20,9,0,On Time
PO002569,S025,P0042,W003,2025-01-02,466,2025-01-14,2025-01-14,12,0,On Time
PO002570,S017,P0045,W002,2025-09-01,396,2025-09-10,2025-09-10,9,0,On Time
PO002571,S008,P0039,W002,2025-06-25,222,2025-07-04,2025-07-04,9,0,On Time
PO002572,S008,P0065,W008,2025-08-26,109,2025-09-04,2025-09-05,10,1,Late
PO002573,S019,P0022,W001,2025-02-28,726,2025-03-06,2025-03-06,6,0,On Time
PO002574,S009,P0011,W007,2025-12-19,196,2025-12-25,2025-12-30,11,5,Late
PO002575,S011,P0037,W003,2025-04-09,646,2025-04-14,2025-04-14,5,0,On Time
PO002576,S013,P0090,W004,2025-12-25,864,2025-12-30,2025-12-30,5,0,On Time
PO002577,S013,P0051,W004,2025-01-02,51,2025-01-07,2025-01-07,5,0,On Time
PO002578,S024,P0091,W003,2025-08-31,899,2025-09-11,2025-09-11,11,0,On Time
PO002579,S019,P0058,W007,2025-10-24,965,2025-10-30,2025-11-06,13,7,Late
PO002580,S021,P0077,W001,2025-07-30,746,2025-08-13,2025-08-13,14,0,On Time
PO002581,S019,P0007,W004,2025-05-03,973,2025-05-09,2025-05-14,11,5,Late
PO002582,S005,P0008,W005,2025-08-17,839,2025-08-31,2025-08-31,14,0,On Time
PO002583,S016,P0051,W004,2025-03-23,810,2025-04-03,2025-04-03,11,0,On Time
PO002584,S009,P0023,W008,2025-05-24,262,2025-05-30,2025-05-30,6,0,On Time
PO002585,S020,P0090,W001,2025-05-20,817,2025-05-31,2025-06-03,14,3,Late
PO002586,S022,P0091,W002,2025-01-29,89,2025-02-02,2025-02-02,4,0,On Time
PO002587,S003,P0009,W002,2025-09-27,90,2025-10-09,2025-10-16,19,7,Late
PO002588,S019,P0046,W002,2025-09-04,642,2025-09-10,2025-09-10,6,0,On Time
PO002589,S005,P0038,W008,2025-01-12,177,2025-01-26,2025-01-26,14,0,On Time
PO002590,S008,P0013,W001,2025-12-21,568,2025-12-30,2025-12-30,9,0,On Time
PO002591,S014,P0007,W002,2025-12-03,835,2025-12-12,2025-12-12,9,0,On Time
PO002592,S024,P0011,W007,2025-04-16,947,2025-04-27,2025-04-27,11,0,On Time
PO002593,S003,P0074,W002,2025-02-01,345,2025-02-13,2025-02-15,14,2,Late
PO002594,S024,P0097,W001,2025-03-15,54,2025-03-26,2025-03-26,11,0,On Time
PO002595,S013,P0050,W008,2025-06-20,499,2025-06-25,2025-06-25,5,0,On Time
PO002596,S011,P0067,W005,2025-12-03,479,2025-12-08,2025-12-08,5,0,On Time
PO002597,S008,P0041,W004,2025-03-10,855,2025-03-19,2025-03-19,9,0,On Time
PO002598,S019,P0029,W001,2025-10-28,435,2025-11-03,2025-11-03,6,0,On Time
PO002599,S010,P0037,W001,2025-12-28,590,2026-01-08,2026-01-08,11,0,On Time
PO002600,S018,P0056,W003,2025-05-17,905,2025-05-21,2025-05-23,6,2,Late
PO002601,S018,P0080,W002,2025-04-10,438,2025-04-14,2025-04-14,4,0,On Time
PO002602,S025,P0016,W006,2025-05-26,530,2025-06-07,2025-06-09,14,2,Late
PO002603,S007,P0044,W005,2025-01-09,387,2025-01-23,2025-01-23,14,0,On Time
PO002604,S016,P0050,W006,2025-03-03,931,2025-03-14,2025-03-14,11,0,On Time
PO002605,S006,P0071,W003,2025-07-04,906,2025-07-09,2025-07-09,5,0,On Time
PO002606,S016,P0079,W005,2025-01-29,902,2025-02-09,2025-02-11,13,2,Late
PO002607,S016,P0006,W002,2025-04-24,226,2025-05-05,2025-05-07,13,2,Late
PO002608,S023,P0018,W006,2025-05-23,380,2025-06-04,2025-06-04,12,0,On Time
PO002609,S024,P0019,W008,2025-04-30,455,2025-05-11,2025-05-11,11,0,On Time
PO002610,S001,P0051,W002,2025-06-19,597,2025-07-02,2025-07-03,14,1,Late
PO002611,S024,P0066,W002,2025-06-06,793,2025-06-17,2025-06-20,14,3,Late
PO002612,S019,P0003,W004,2025-12-01,289,2025-12-07,2025-12-09,8,2,Late
PO002613,S003,P0089,W005,2025-12-15,252,2025-12-27,2025-12-27,12,0,On Time
PO002614,S006,P0100,W005,2025-09-17,688,2025-09-22,2025-09-22,5,0,On Time
PO002615,S004,P0054,W003,2025-03-23,125,2025-04-06,2025-04-08,16,2,Late
PO002616,S004,P0049,W008,2025-08-30,685,2025-09-13,2025-09-13,14,0,On Time
PO002617,S004,P0028,W001,2025-06-21,37,2025-07-05,2025-07-05,14,0,On Time
PO002618,S010,P0038,W002,2025-08-19,514,2025-08-30,2025-08-30,11,0,On Time
PO002619,S009,P0028,W002,2025-07-27,279,2025-08-02,2025-08-02,6,0,On Time
PO002620,S008,P0032,W006,2025-03-16,504,2025-03-25,2025-04-01,16,7,Late
PO002621,S019,P0041,W003,2025-09-27,332,2025-10-03,2025-10-08,11,5,Late
PO002622,S017,P0036,W005,2025-04-24,650,2025-05-03,2025-05-03,9,0,On Time
PO002623,S017,P0036,W004,2025-03-03,840,2025-03-12,2025-03-12,9,0,On Time
PO002624,S001,P0087,W005,2025-12-28,121,2026-01-10,2026-01-11,14,1,Late
PO002625,S020,P0066,W004,2025-11-16,556,2025-11-27,2025-11-27,11,0,On Time
PO002626,S014,P0010,W004,2025-04-12,962,2025-04-21,2025-04-21,9,0,On Time
PO002627,S022,P0070,W005,2025-12-28,199,2026-01-01,2026-01-01,4,0,On Time
PO002628,S020,P0072,W006,2025-07-29,529,2025-08-09,2025-08-09,11,0,On Time
PO002629,S011,P0079,W002,2025-09-12,496,2025-09-17,2025-09-17,5,0,On Time
PO002630,S003,P0093,W004,2025-01-20,693,2025-02-01,2025-02-01,12,0,On Time
PO002631,S024,P0063,W006,2025-02-27,419,2025-03-10,2025-03-10,11,0,On Time
PO002632,S008,P0092,W003,2025-04-22,369,2025-05-01,2025-05-04,12,3,Late
PO002633,S022,P0022,W003,2025-11-09,234,2025-11-13,2025-11-18,9,5,Late
PO002634,S025,P0098,W004,2025-07-15,402,2025-07-27,2025-07-28,13,1,Late
PO002635,S010,P0020,W002,2025-12-19,143,2025-12-30,2025-12-30,11,0,On Time
PO002636,S017,P0033,W004,2025-04-02,311,2025-04-11,2025-04-11,9,0,On Time
PO002637,S008,P0015,W003,2025-02-21,687,2025-03-02,2025-03-03,10,1,Late
PO002638,S022,P0007,W007,2025-10-20,724,2025-10-24,2025-10-29,9,5,Late
PO002639,S001,P0088,W003,2025-01-08,347,2025-01-21,2025-01-21,13,0,On Time
PO002640,S020,P0090,W005,2025-10-27,584,2025-11-07,2025-11-07,11,0,On Time
PO002641,S021,P0050,W007,2025-04-08,701,2025-04-22,2025-04-22,14,0,On Time
PO002642,S007,P0010,W002,2025-08-24,866,2025-09-07,2025-09-07,14,0,On Time
PO002643,S024,P0079,W005,2025-03-10,117,2025-03-21,2025-03-21,11,0,On Time
PO002644,S009,P0037,W007,2025-02-14,678,2025-02-20,2025-02-25,11,5,Late
PO002645,S012,P0059,W006,2025-05-17,319,2025-05-24,2025-05-24,7,0,On Time
PO002646,S022,P0088,W007,2025-08-22,49,2025-08-26,2025-08-26,4,0,On Time
PO002647,S009,P0075,W006,2025-02-01,93,2025-02-07,2025-02-12,11,5,Late
PO002648,S020,P0063,W006,2025-10-16,191,2025-10-27,2025-10-27,11,0,On Time
PO002649,S024,P0021,W007,2025-05-06,904,2025-05-17,2025-05-20,14,3,Late
PO002650,S003,P0079,W007,2025-03-08,942,2025-03-20,2025-03-20,12,0,On Time
PO002651,S004,P0079,W001,2025-01-30,103,2025-02-13,2025-02-18,19,5,Late
PO002652,S010,P0037,W007,2025-04-24,604,2025-05-05,2025-05-05,11,0,On Time
PO002653,S004,P0045,W006,2025-07-23,763,2025-08-06,2025-08-13,21,7,Late
PO002654,S022,P0014,W004,2025-01-29,309,2025-02-02,2025-02-02,4,0,On Time
PO002655,S009,P0043,W005,2025-05-11,658,2025-05-17,2025-05-17,6,0,On Time
PO002656,S022,P0085,W006,2025-07-04,104,2025-07-08,2025-07-08,4,0,On Time
PO002657,S001,P0084,W002,2025-09-10,273,2025-09-23,2025-09-23,13,0,On Time
PO002658,S005,P0033,W008,2025-10-13,683,2025-10-27,2025-10-27,14,0,On Time
PO002659,S009,P0003,W007,2025-03-03,843,2025-03-09,2025-03-16,13,7,Late
PO002660,S005,P0087,W006,2025-01-03,538,2025-01-17,2025-01-17,14,0,On Time
PO002661,S006,P0044,W004,2025-03-09,471,2025-03-14,2025-03-15,6,1,Late
PO002662,S019,P0087,W008,2025-01-25,326,2025-01-31,2025-01-31,6,0,On Time
PO002663,S008,P0091,W007,2025-06-28,667,2025-07-07,2025-07-09,11,2,Late
PO002664,S010,P0035,W004,2025-05-21,203,2025-06-01,2025-06-01,11,0,On Time
PO002665,S011,P0025,W008,2025-08-19,992,2025-08-24,2025-08-31,12,7,Late
PO002666,S013,P0096,W008,2025-10-27,333,2025-11-01,2025-11-01,5,0,On Time
PO002667,S020,P0086,W004,2025-06-12,360,2025-06-23,2025-06-23,11,0,On Time
PO002668,S004,P0008,W004,2025-11-07,246,2025-11-21,2025-11-21,14,0,On Time
PO002669,S011,P0062,W004,2025-05-10,856,2025-05-15,2025-05-16,6,1,Late
PO002670,S012,P0018,W002,2025-09-03,775,2025-09-10,2025-09-11,8,1,Late
PO002671,S005,P0092,W001,2025-10-24,283,2025-11-07,2025-11-09,16,2,Late
PO002672,S010,P0028,W003,2025-06-21,469,2025-07-02,2025-07-02,11,0,On Time
PO002673,S025,P0075,W001,2025-03-05,270,2025-03-17,2025-03-17,12,0,On Time
PO002674,S024,P0012,W003,2025-01-31,427,2025-02-11,2025-02-16,16,5,Late
PO002675,S007,P0064,W005,2025-02-16,189,2025-03-02,2025-03-02,14,0,On Time
PO002676,S021,P0002,W007,2025-05-10,585,2025-05-24,2025-05-24,14,0,On Time
PO002677,S009,P0059,W004,2025-12-18,931,2025-12-24,2025-12-25,7,1,Late
PO002678,S009,P0037,W005,2025-11-29,151,2025-12-05,2025-12-05,6,0,On Time
PO002679,S010,P0004,W005,2025-04-20,846,2025-05-01,2025-05-02,12,1,Late
PO002680,S010,P0041,W007,2025-03-10,625,2025-03-21,2025-03-21,11,0,On Time
PO002681,S002,P0045,W003,2025-02-27,65,2025-03-12,2025-03-19,20,7,Late
PO002682,S004,P0034,W002,2025-04-16,369,2025-04-30,2025-05-03,17,3,Late
PO002683,S008,P0087,W004,2025-10-27,118,2025-11-05,2025-11-06,10,1,Late
PO002684,S014,P0013,W008,2025-11-26,765,2025-12-05,2025-12-05,9,0,On Time
PO002685,S017,P0007,W006,2025-09-13,800,2025-09-22,2025-09-22,9,0,On Time
PO002686,S013,P0032,W007,2025-11-08,56,2025-11-13,2025-11-16,8,3,Late
PO002687,S021,P0023,W008,2025-06-20,457,2025-07-04,2025-07-04,14,0,On Time
PO002688,S024,P0049,W007,2025-06-11,964,2025-06-22,2025-06-24,13,2,Late
PO002689,S018,P0072,W008,2025-10-13,94,2025-10-17,2025-10-17,4,0,On Time
PO002690,S018,P0047,W005,2025-03-12,77,2025-03-16,2025-03-16,4,0,On Time
PO002691,S013,P0037,W001,2025-09-12,38,2025-09-17,2025-09-17,5,0,On Time
PO002692,S008,P0098,W008,2025-02-24,421,2025-03-05,2025-03-05,9,0,On Time
PO002693,S012,P0048,W004,2025-11-19,207,2025-11-26,2025-11-28,9,2,Late
PO002694,S025,P0029,W008,2025-01-03,932,2025-01-15,2025-01-16,13,1,Late
PO002695,S023,P0037,W002,2025-01-26,158,2025-02-07,2025-02-07,12,0,On Time
PO002696,S024,P0023,W004,2025-11-09,162,2025-11-20,2025-11-20,11,0,On Time
PO002697,S021,P0038,W006,2025-05-06,987,2025-05-20,2025-05-23,17,3,Late
PO002698,S001,P0093,W006,2025-02-22,127,2025-03-07,2025-03-08,14,1,Late
PO002699,S020,P0044,W005,2025-07-17,240,2025-07-28,2025-07-28,11,0,On Time
PO002700,S018,P0005,W008,2025-10-26,164,2025-10-30,2025-10-30,4,0,On Time
PO002701,S003,P0052,W001,2025-07-07,877,2025-07-19,2025-07-22,15,3,Late
PO002702,S012,P0040,W005,2025-07-05,529,2025-07-12,2025-07-12,7,0,On Time
PO002703,S019,P0011,W002,2025-11-01,395,2025-11-07,2025-11-10,9,3,Late
PO002704,S025,P0078,W003,2025-10-25,24,2025-11-06,2025-11-08,14,2,Late
PO002705,S013,P0002,W006,2025-07-23,976,2025-07-28,2025-07-30,7,2,Late
PO002706,S010,P0035,W001,2025-01-11,407,2025-01-22,2025-01-29,18,7,Late
PO002707,S015,P0045,W006,2025-12-25,587,2026-01-01,2026-01-02,8,1,Late
PO002708,S020,P0049,W002,2025-12-20,786,2025-12-31,2025-12-31,11,0,On Time
PO002709,S002,P0035,W002,2025-05-26,990,2025-06-08,2025-06-08,13,0,On Time
PO002710,S019,P0092,W008,2025-03-26,753,2025-04-01,2025-04-01,6,0,On Time
PO002711,S003,P0072,W006,2025-04-10,891,2025-04-22,2025-04-22,12,0,On Time
PO002712,S014,P0032,W005,2025-04-14,579,2025-04-23,2025-04-23,9,0,On Time
PO002713,S007,P0068,W006,2025-02-15,835,2025-03-01,2025-03-01,14,0,On Time
PO002714,S008,P0071,W008,2025-02-13,182,2025-02-22,2025-02-22,9,0,On Time
PO002715,S011,P0039,W005,2025-10-05,767,2025-10-10,2025-10-10,5,0,On Time
PO002716,S022,P0048,W006,2025-06-30,779,2025-07-04,2025-07-07,7,3,Late
PO002717,S020,P0091,W005,2025-07-06,384,2025-07-17,2025-07-18,12,1,Late
PO002718,S006,P0037,W008,2025-04-24,436,2025-04-29,2025-05-04,10,5,Late
PO002719,S011,P0060,W003,2025-09-12,528,2025-09-17,2025-09-17,5,0,On Time
PO002720,S017,P0081,W004,2025-01-30,631,2025-02-08,2025-02-08,9,0,On Time
PO002721,S010,P0074,W004,2025-09-21,40,2025-10-02,2025-10-02,11,0,On Time
PO002722,S024,P0004,W005,2025-04-08,633,2025-04-19,2025-04-19,11,0,On Time
PO002723,S017,P0023,W005,2025-11-09,536,2025-11-18,2025-11-18,9,0,On Time
PO002724,S021,P0014,W007,2025-11-25,979,2025-12-09,2025-12-09,14,0,On Time
PO002725,S002,P0005,W007,2025-04-25,216,2025-05-08,2025-05-08,13,0,On Time
PO002726,S006,P0066,W003,2025-10-03,680,2025-10-08,2025-10-09,6,1,Late
PO002727,S025,P0024,W008,2025-10-08,364,2025-10-20,2025-10-22,14,2,Late
PO002728,S005,P0018,W004,2025-10-02,349,2025-10-16,2025-10-16,14,0,On Time
PO002729,S004,P0027,W003,2025-09-18,397,2025-10-02,2025-10-02,14,0,On Time
PO002730,S002,P0024,W007,2025-11-27,230,2025-12-10,2025-12-10,13,0,On Time
PO002731,S012,P0029,W007,2025-07-26,179,2025-08-02,2025-08-02,7,0,On Time
PO002732,S003,P0011,W002,2025-11-24,677,2025-12-06,2025-12-11,17,5,Late
PO002733,S006,P0018,W006,2025-07-30,589,2025-08-04,2025-08-07,8,3,Late
PO002734,S024,P0004,W007,2025-08-03,373,2025-08-14,2025-08-14,11,0,On Time
PO002735,S014,P0033,W004,2025-02-09,259,2025-02-18,2025-02-18,9,0,On Time
PO002736,S008,P0078,W005,2025-01-26,98,2025-02-04,2025-02-04,9,0,On Time
PO002737,S021,P0042,W008,2025-01-27,171,2025-02-10,2025-02-10,14,0,On Time
PO002738,S021,P0032,W001,2025-07-09,536,2025-07-23,2025-07-28,19,5,Late
PO002739,S014,P0051,W007,2025-03-24,402,2025-04-02,2025-04-04,11,2,Late
PO002740,S003,P0004,W002,2025-06-19,712,2025-07-01,2025-07-01,12,0,On Time
PO002741,S016,P0020,W006,2025-06-16,371,2025-06-27,2025-06-27,11,0,On Time
PO002742,S015,P0085,W001,2025-07-07,220,2025-07-14,2025-07-16,9,2,Late
PO002743,S007,P0067,W003,2025-06-18,970,2025-07-02,2025-07-02,14,0,On Time
PO002744,S015,P0089,W006,2025-10-16,152,2025-10-23,2025-10-23,7,0,On Time
PO002745,S013,P0068,W003,2025-08-17,984,2025-08-22,2025-08-22,5,0,On Time
PO002746,S006,P0062,W003,2025-04-07,653,2025-04-12,2025-04-12,5,0,On Time
PO002747,S015,P0058,W005,2025-01-16,188,2025-01-23,2025-01-24,8,1,Late
PO002748,S017,P0047,W003,2025-10-06,885,2025-10-15,2025-10-15,9,0,On Time
PO002749,S004,P0075,W007,2025-05-15,410,2025-05-29,2025-05-29,14,0,On Time
PO002750,S022,P0080,W001,2025-01-26,877,2025-01-30,2025-01-30,4,0,On Time
PO002751,S022,P0059,W002,2025-12-18,404,2025-12-22,2025-12-22,4,0,On Time
PO002752,S014,P0100,W008,2025-01-12,839,2025-01-21,2025-01-22,10,1,Late
PO002753,S015,P0006,W007,2025-03-13,117,2025-03-20,2025-03-20,7,0,On Time
PO002754,S012,P0095,W005,2025-05-13,813,2025-05-20,2025-05-21,8,1,Late
PO002755,S019,P0040,W002,2025-04-16,396,2025-04-22,2025-04-22,6,0,On Time
PO002756,S022,P0077,W003,2025-08-08,978,2025-08-12,2025-08-12,4,0,On Time
PO002757,S010,P0023,W004,2025-06-26,799,2025-07-07,2025-07-08,12,1,Late
PO002758,S006,P0052,W006,2025-10-09,857,2025-10-14,2025-10-15,6,1,Late
PO002759,S025,P0004,W005,2025-05-13,359,2025-05-25,2025-05-25,12,0,On Time
PO002760,S009,P0037,W003,2025-01-22,550,2025-01-28,2025-01-28,6,0,On Time
PO002761,S002,P0042,W005,2025-09-26,995,2025-10-09,2025-10-09,13,0,On Time
PO002762,S004,P0044,W004,2025-06-10,151,2025-06-24,2025-06-27,17,3,Late
PO002763,S009,P0097,W008,2025-04-17,627,2025-04-23,2025-04-23,6,0,On Time
PO002764,S015,P0042,W001,2025-10-06,229,2025-10-13,2025-10-13,7,0,On Time
PO002765,S013,P0029,W007,2025-12-19,24,2025-12-24,2025-12-24,5,0,On Time
PO002766,S020,P0019,W001,2025-08-23,396,2025-09-03,2025-09-03,11,0,On Time
PO002767,S008,P0084,W006,2025-01-18,659,2025-01-27,2025-01-29,11,2,Late
PO002768,S019,P0032,W001,2025-08-30,73,2025-09-05,2025-09-05,6,0,On Time
PO002769,S019,P0044,W008,2025-04-27,517,2025-05-03,2025-05-03,6,0,On Time
PO002770,S025,P0055,W007,2025-10-13,217,2025-10-25,2025-10-25,12,0,On Time
PO002771,S016,P0080,W007,2025-10-09,460,2025-10-20,2025-10-20,11,0,On Time
PO002772,S011,P0005,W008,2025-05-24,737,2025-05-29,2025-05-29,5,0,On Time
PO002773,S010,P0046,W004,2025-07-24,199,2025-08-04,2025-08-04,11,0,On Time
PO002774,S008,P0076,W002,2025-02-08,260,2025-02-17,2025-02-17,9,0,On Time
PO002775,S001,P0045,W008,2025-06-03,805,2025-06-16,2025-06-18,15,2,Late
PO002776,S010,P0021,W004,2025-06-25,339,2025-07-06,2025-07-07,12,1,Late
PO002777,S018,P0078,W004,2025-08-29,520,2025-09-02,2025-09-02,4,0,On Time
PO002778,S003,P0022,W003,2025-05-14,669,2025-05-26,2025-05-26,12,0,On Time
PO002779,S011,P0030,W008,2025-02-15,42,2025-02-20,2025-02-20,5,0,On Time
PO002780,S018,P0023,W001,2025-02-19,651,2025-02-23,2025-02-23,4,0,On Time
PO002781,S003,P0005,W005,2025-06-15,646,2025-06-27,2025-06-30,15,3,Late
PO002782,S008,P0063,W007,2025-04-16,613,2025-04-25,2025-05-02,16,7,Late
PO002783,S014,P0093,W006,2025-08-04,727,2025-08-13,2025-08-13,9,0,On Time
PO002784,S006,P0059,W002,2025-05-26,199,2025-05-31,2025-05-31,5,0,On Time
PO002785,S015,P0094,W007,2025-03-13,883,2025-03-20,2025-03-21,8,1,Late
PO002786,S014,P0082,W005,2025-11-26,194,2025-12-05,2025-12-05,9,0,On Time
PO002787,S007,P0052,W003,2025-09-30,217,2025-10-14,2025-10-14,14,0,On Time
PO002788,S010,P0065,W008,2025-09-04,557,2025-09-15,2025-09-15,11,0,On Time
PO002789,S015,P0039,W003,2025-07-05,473,2025-07-12,2025-07-12,7,0,On Time
PO002790,S010,P0081,W002,2025-03-11,118,2025-03-22,2025-03-22,11,0,On Time
PO002791,S022,P0003,W005,2025-05-30,764,2025-06-03,2025-06-03,4,0,On Time
PO002792,S017,P0042,W002,2025-09-03,446,2025-09-12,2025-09-12,9,0,On Time
PO002793,S019,P0071,W002,2025-09-19,472,2025-09-25,2025-09-27,8,2,Late
PO002794,S017,P0027,W001,2025-01-26,210,2025-02-04,2025-02-06,11,2,Late
PO002795,S012,P0028,W008,2025-05-20,993,2025-05-27,2025-06-03,14,7,Late
PO002796,S015,P0054,W005,2025-04-09,597,2025-04-16,2025-04-16,7,0,On Time
PO002797,S012,P0095,W001,2025-10-05,777,2025-10-12,2025-10-12,7,0,On Time
PO002798,S025,P0015,W007,2025-02-20,518,2025-03-04,2025-03-04,12,0,On Time
PO002799,S009,P0053,W001,2025-05-31,635,2025-06-06,2025-06-08,8,2,Late
PO002800,S005,P0072,W007,2025-04-14,210,2025-04-28,2025-04-28,14,0,On Time
PO002801,S004,P0070,W006,2025-03-30,160,2025-04-13,2025-04-13,14,0,On Time
PO002802,S012,P0092,W001,2025-05-21,710,2025-05-28,2025-05-28,7,0,On Time
PO002803,S016,P0004,W004,2025-08-01,792,2025-08-12,2025-08-19,18,7,Late
PO002804,S009,P0094,W003,2025-08-21,194,2025-08-27,2025-08-30,9,3,Late
PO002805,S025,P0017,W003,2025-07-02,439,2025-07-14,2025-07-14,12,0,On Time
PO002806,S003,P0034,W004,2025-09-08,695,2025-09-20,2025-09-23,15,3,Late
PO002807,S021,P0006,W007,2025-01-09,453,2025-01-23,2025-01-23,14,0,On Time
PO002808,S003,P0036,W007,2025-03-20,459,2025-04-01,2025-04-01,12,0,On Time
PO002809,S018,P0099,W008,2025-02-21,550,2025-02-25,2025-02-26,5,1,Late
PO002810,S017,P0039,W002,2025-09-26,551,2025-10-05,2025-10-05,9,0,On Time
PO002811,S010,P0080,W005,2025-08-14,937,2025-08-25,2025-08-25,11,0,On Time
PO002812,S002,P0066,W005,2025-02-20,818,2025-03-05,2025-03-08,16,3,Late
PO002813,S024,P0008,W005,2025-07-05,380,2025-07-16,2025-07-16,11,0,On Time
PO002814,S011,P0015,W001,2025-02-03,770,2025-02-08,2025-02-15,12,7,Late
PO002815,S024,P0063,W005,2025-10-18,465,2025-10-29,2025-10-29,11,0,On Time
PO002816,S003,P0091,W005,2025-08-18,575,2025-08-30,2025-08-30,12,0,On Time
PO002817,S023,P0080,W007,2025-05-11,727,2025-05-23,2025-05-23,12,0,On Time
PO002818,S023,P0065,W005,2025-04-30,726,2025-05-12,2025-05-15,15,3,Late
PO002819,S002,P0059,W003,2025-11-22,376,2025-12-05,2025-12-05,13,0,On Time
PO002820,S009,P0010,W004,2025-09-04,876,2025-09-10,2025-09-10,6,0,On Time
PO002821,S019,P0007,W006,2025-07-11,580,2025-07-17,2025-07-17,6,0,On Time
PO002822,S002,P0074,W007,2025-11-19,78,2025-12-02,2025-12-04,15,2,Late
PO002823,S019,P0076,W002,2025-07-29,663,2025-08-04,2025-08-04,6,0,On Time
PO002824,S002,P0081,W004,2025-04-13,904,2025-04-26,2025-04-26,13,0,On Time
PO002825,S015,P0012,W005,2025-11-25,186,2025-12-02,2025-12-02,7,0,On Time
PO002826,S024,P0079,W002,2025-05-13,666,2025-05-24,2025-05-24,11,0,On Time
PO002827,S021,P0046,W002,2025-11-19,986,2025-12-03,2025-12-03,14,0,On Time
PO002828,S003,P0032,W004,2025-05-19,964,2025-05-31,2025-05-31,12,0,On Time
PO002829,S005,P0032,W004,2025-05-01,620,2025-05-15,2025-05-18,17,3,Late
PO002830,S011,P0090,W004,2025-04-04,802,2025-04-09,2025-04-09,5,0,On Time
PO002831,S024,P0078,W007,2025-05-09,282,2025-05-20,2025-05-20,11,0,On Time
PO002832,S007,P0090,W007,2025-04-01,450,2025-04-15,2025-04-15,14,0,On Time
PO002833,S006,P0061,W006,2025-04-02,647,2025-04-07,2025-04-12,10,5,Late
PO002834,S014,P0069,W004,2025-03-04,215,2025-03-13,2025-03-13,9,0,On Time
PO002835,S001,P0061,W006,2025-01-29,373,2025-02-11,2025-02-13,15,2,Late
PO002836,S017,P0046,W001,2025-07-29,905,2025-08-07,2025-08-10,12,3,Late
PO002837,S017,P0068,W008,2025-01-12,960,2025-01-21,2025-01-21,9,0,On Time
PO002838,S014,P0092,W003,2025-11-29,639,2025-12-08,2025-12-08,9,0,On Time
PO002839,S010,P0055,W008,2025-10-24,893,2025-11-04,2025-11-05,12,1,Late
PO002840,S008,P0001,W006,2025-05-10,934,2025-05-19,2025-05-20,10,1,Late
PO002841,S008,P0077,W003,2025-10-20,66,2025-10-29,2025-10-31,11,2,Late
PO002842,S014,P0067,W005,2025-06-22,772,2025-07-01,2025-07-04,12,3,Late
PO002843,S007,P0049,W001,2025-07-27,328,2025-08-10,2025-08-10,14,0,On Time
PO002844,S006,P0025,W002,2025-01-24,249,2025-01-29,2025-01-30,6,1,Late
PO002845,S004,P0016,W004,2025-04-09,430,2025-04-23,2025-04-23,14,0,On Time
PO002846,S001,P0085,W005,2025-12-22,920,2026-01-04,2026-01-04,13,0,On Time
PO002847,S015,P0013,W002,2025-05-19,776,2025-05-26,2025-05-26,7,0,On Time
PO002848,S025,P0052,W007,2025-11-10,335,2025-11-22,2025-11-22,12,0,On Time
PO002849,S015,P0036,W003,2025-06-23,781,2025-06-30,2025-06-30,7,0,On Time
PO002850,S001,P0072,W002,2025-01-29,96,2025-02-11,2025-02-11,13,0,On Time
PO002851,S020,P0044,W008,2025-05-23,81,2025-06-03,2025-06-03,11,0,On Time
PO002852,S003,P0083,W004,2025-11-12,590,2025-11-24,2025-11-27,15,3,Late
PO002853,S023,P0047,W004,2025-12-17,257,2025-12-29,2025-12-29,12,0,On Time
PO002854,S005,P0080,W008,2025-02-11,720,2025-02-25,2025-02-26,15,1,Late
PO002855,S005,P0076,W006,2025-10-26,587,2025-11-09,2025-11-09,14,0,On Time
PO002856,S004,P0020,W006,2025-07-27,97,2025-08-10,2025-08-10,14,0,On Time
PO002857,S017,P0018,W007,2025-11-26,753,2025-12-05,2025-12-05,9,0,On Time
PO002858,S021,P0054,W003,2025-07-11,578,2025-07-25,2025-07-25,14,0,On Time
PO002859,S020,P0012,W004,2025-06-09,963,2025-06-20,2025-06-20,11,0,On Time
PO002860,S014,P0025,W001,2025-03-05,669,2025-03-14,2025-03-17,12,3,Late
PO002861,S008,P0060,W005,2025-08-31,435,2025-09-09,2025-09-09,9,0,On Time
PO002862,S002,P0075,W003,2025-09-15,980,2025-09-28,2025-09-28,13,0,On Time
PO002863,S008,P0086,W003,2025-06-01,43,2025-06-10,2025-06-10,9,0,On Time
PO002864,S001,P0034,W002,2025-08-03,48,2025-08-16,2025-08-16,13,0,On Time
PO002865,S004,P0013,W003,2025-11-18,510,2025-12-02,2025-12-02,14,0,On Time
PO002866,S019,P0038,W007,2025-06-15,154,2025-06-21,2025-06-22,7,1,Late
PO002867,S005,P0012,W008,2025-01-31,370,2025-02-14,2025-02-14,14,0,On Time
PO002868,S005,P0036,W005,2025-08-20,932,2025-09-03,2025-09-03,14,0,On Time
PO002869,S021,P0028,W001,2025-10-09,369,2025-10-23,2025-10-23,14,0,On Time
PO002870,S020,P0091,W002,2025-01-29,300,2025-02-09,2025-02-09,11,0,On Time
PO002871,S024,P0039,W005,2025-07-14,495,2025-07-25,2025-07-25,11,0,On Time
PO002872,S019,P0077,W008,2025-11-30,311,2025-12-06,2025-12-06,6,0,On Time
PO002873,S012,P0043,W008,2025-09-13,208,2025-09-20,2025-09-22,9,2,Late
PO002874,S020,P0091,W006,2025-10-08,602,2025-10-19,2025-10-19,11,0,On Time
PO002875,S001,P0031,W003,2025-10-31,438,2025-11-13,2025-11-14,14,1,Late
PO002876,S007,P0002,W007,2025-11-17,907,2025-12-01,2025-12-01,14,0,On Time
PO002877,S017,P0082,W004,2025-11-19,487,2025-11-28,2025-11-30,11,2,Late
PO002878,S002,P0090,W006,2025-12-12,225,2025-12-25,2025-12-30,18,5,Late
PO002879,S011,P0042,W004,2025-10-21,261,2025-10-26,2025-10-26,5,0,On Time
PO002880,S007,P0031,W005,2025-03-28,325,2025-04-11,2025-04-11,14,0,On Time
PO002881,S017,P0061,W001,2025-05-29,203,2025-06-07,2025-06-07,9,0,On Time
PO002882,S003,P0056,W004,2025-09-06,497,2025-09-18,2025-09-18,12,0,On Time
PO002883,S022,P0086,W007,2025-11-17,523,2025-11-21,2025-11-21,4,0,On Time
PO002884,S006,P0100,W005,2025-10-10,147,2025-10-15,2025-10-16,6,1,Late
PO002885,S022,P0083,W002,2025-12-28,468,2026-01-01,2026-01-01,4,0,On Time
PO002886,S011,P0014,W003,2025-07-17,249,2025-07-22,2025-07-22,5,0,On Time
PO002887,S018,P0014,W001,2025-02-13,60,2025-02-17,2025-02-18,5,1,Late
PO002888,S018,P0029,W008,2025-12-22,812,2025-12-26,2025-12-27,5,1,Late
PO002889,S022,P0081,W007,2025-01-28,693,2025-02-01,2025-02-01,4,0,On Time
PO002890,S010,P0050,W007,2025-01-17,411,2025-01-28,2025-01-29,12,1,Late
PO002891,S005,P0050,W001,2025-05-07,843,2025-05-21,2025-05-26,19,5,Late
PO002892,S023,P0063,W002,2025-06-17,359,2025-06-29,2025-06-29,12,0,On Time
PO002893,S023,P0073,W001,2025-09-01,689,2025-09-13,2025-09-13,12,0,On Time
PO002894,S021,P0065,W005,2025-03-17,855,2025-03-31,2025-04-01,15,1,Late
PO002895,S024,P0068,W001,2025-08-19,40,2025-08-30,2025-08-31,12,1,Late
PO002896,S022,P0071,W001,2025-07-23,366,2025-07-27,2025-07-27,4,0,On Time
PO002897,S015,P0011,W001,2025-09-05,29,2025-09-12,2025-09-12,7,0,On Time
PO002898,S021,P0014,W008,2025-10-29,106,2025-11-12,2025-11-14,16,2,Late
PO002899,S020,P0083,W005,2025-08-02,564,2025-08-13,2025-08-18,16,5,Late
PO002900,S023,P0003,W006,2025-08-03,990,2025-08-15,2025-08-17,14,2,Late
PO002901,S004,P0008,W003,2025-06-07,892,2025-06-21,2025-06-28,21,7,Late
PO002902,S021,P0093,W004,2025-03-10,358,2025-03-24,2025-03-24,14,0,On Time
PO002903,S021,P0043,W006,2025-03-26,734,2025-04-09,2025-04-14,19,5,Late
PO002904,S001,P0009,W001,2025-09-24,23,2025-10-07,2025-10-08,14,1,Late
PO002905,S015,P0019,W002,2025-03-10,42,2025-03-17,2025-03-22,12,5,Late
PO002906,S017,P0012,W007,2025-04-09,216,2025-04-18,2025-04-18,9,0,On Time
PO002907,S019,P0027,W002,2025-12-13,840,2025-12-19,2025-12-21,8,2,Late
PO002908,S014,P0058,W005,2025-08-04,900,2025-08-13,2025-08-13,9,0,On Time
PO002909,S019,P0025,W003,2025-06-10,517,2025-06-16,2025-06-16,6,0,On Time
PO002910,S018,P0045,W001,2025-04-04,920,2025-04-08,2025-04-08,4,0,On Time
PO002911,S002,P0048,W005,2025-06-23,805,2025-07-06,2025-07-06,13,0,On Time
PO002912,S006,P0050,W004,2025-06-14,292,2025-06-19,2025-06-19,5,0,On Time
PO002913,S013,P0081,W003,2025-04-25,973,2025-04-30,2025-05-07,12,7,Late
PO002914,S017,P0044,W003,2025-08-08,470,2025-08-17,2025-08-18,10,1,Late
PO002915,S006,P0059,W005,2025-01-31,126,2025-02-05,2025-02-10,10,5,Late
PO002916,S021,P0033,W006,2025-01-11,900,2025-01-25,2025-02-01,21,7,Late
PO002917,S022,P0078,W007,2025-12-09,397,2025-12-13,2025-12-13,4,0,On Time
PO002918,S005,P0028,W002,2025-05-10,219,2025-05-24,2025-05-24,14,0,On Time
PO002919,S007,P0018,W006,2025-04-15,971,2025-04-29,2025-04-29,14,0,On Time
PO002920,S001,P0055,W003,2025-01-27,955,2025-02-09,2025-02-09,13,0,On Time
PO002921,S013,P0033,W002,2025-08-15,874,2025-08-20,2025-08-20,5,0,On Time
PO002922,S019,P0015,W003,2025-01-02,746,2025-01-08,2025-01-08,6,0,On Time
PO002923,S022,P0061,W008,2025-12-25,21,2025-12-29,2025-12-29,4,0,On Time
PO002924,S001,P0011,W007,2025-04-11,140,2025-04-24,2025-04-24,13,0,On Time
PO002925,S013,P0036,W003,2025-01-21,634,2025-01-26,2025-01-26,5,0,On Time
PO002926,S011,P0015,W003,2025-02-27,168,2025-03-04,2025-03-04,5,0,On Time
PO002927,S007,P0053,W004,2025-06-29,967,2025-07-13,2025-07-16,17,3,Late
PO002928,S020,P0062,W002,2025-12-07,171,2025-12-18,2025-12-18,11,0,On Time
PO002929,S003,P0048,W004,2025-12-15,584,2025-12-27,2025-12-27,12,0,On Time
PO002930,S025,P0094,W002,2025-01-20,697,2025-02-01,2025-02-01,12,0,On Time
PO002931,S001,P0015,W007,2025-09-12,935,2025-09-25,2025-09-27,15,2,Late
PO002932,S008,P0063,W007,2025-11-13,325,2025-11-22,2025-11-22,9,0,On Time
PO002933,S017,P0087,W008,2025-02-07,698,2025-02-16,2025-02-16,9,0,On Time
PO002934,S013,P0043,W004,2025-05-28,847,2025-06-02,2025-06-02,5,0,On Time
PO002935,S014,P0050,W004,2025-01-25,901,2025-02-03,2025-02-08,14,5,Late
PO002936,S005,P0060,W004,2025-05-01,494,2025-05-15,2025-05-20,19,5,Late
PO002937,S024,P0059,W007,2025-01-26,383,2025-02-06,2025-02-06,11,0,On Time
PO002938,S022,P0015,W007,2025-06-18,826,2025-06-22,2025-06-23,5,1,Late
PO002939,S023,P0029,W005,2025-11-19,90,2025-12-01,2025-12-01,12,0,On Time
PO002940,S024,P0075,W004,2025-08-13,659,2025-08-24,2025-08-24,11,0,On Time
PO002941,S006,P0082,W008,2025-01-01,52,2025-01-06,2025-01-06,5,0,On Time
PO002942,S022,P0040,W006,2025-11-03,176,2025-11-07,2025-11-07,4,0,On Time
PO002943,S006,P0031,W006,2025-09-18,349,2025-09-23,2025-09-25,7,2,Late
PO002944,S021,P0073,W003,2025-01-13,797,2025-01-27,2025-02-01,19,5,Late
PO002945,S008,P0086,W001,2025-02-17,735,2025-02-26,2025-02-26,9,0,On Time
PO002946,S013,P0011,W004,2025-11-09,726,2025-11-14,2025-11-14,5,0,On Time
PO002947,S018,P0081,W001,2025-10-18,406,2025-10-22,2025-10-22,4,0,On Time
PO002948,S023,P0097,W001,2025-11-28,992,2025-12-10,2025-12-10,12,0,On Time
PO002949,S004,P0062,W003,2025-04-04,640,2025-04-18,2025-04-23,19,5,Late
PO002950,S017,P0075,W001,2025-09-18,178,2025-09-27,2025-09-30,12,3,Late
PO002951,S005,P0008,W008,2025-10-05,814,2025-10-19,2025-10-19,14,0,On Time
PO002952,S003,P0051,W007,2025-12-25,985,2026-01-06,2026-01-06,12,0,On Time
PO002953,S004,P0057,W001,2025-07-24,558,2025-08-07,2025-08-09,16,2,Late
PO002954,S023,P0004,W007,2025-07-04,246,2025-07-16,2025-07-16,12,0,On Time
PO002955,S005,P0036,W007,2025-06-24,271,2025-07-08,2025-07-15,21,7,Late
PO002956,S014,P0019,W006,2025-11-05,386,2025-11-14,2025-11-14,9,0,On Time
PO002957,S015,P0024,W007,2025-03-10,796,2025-03-17,2025-03-17,7,0,On Time
PO002958,S020,P0041,W001,2025-04-14,281,2025-04-25,2025-04-25,11,0,On Time
PO002959,S017,P0049,W002,2025-09-03,665,2025-09-12,2025-09-12,9,0,On Time
PO002960,S006,P0082,W008,2025-06-10,557,2025-06-15,2025-06-15,5,0,On Time
PO002961,S010,P0097,W004,2025-07-19,62,2025-07-30,2025-07-31,12,1,Late
PO002962,S022,P0046,W008,2025-08-04,550,2025-08-08,2025-08-10,6,2,Late
PO002963,S023,P0036,W008,2025-07-31,35,2025-08-12,2025-08-12,12,0,On Time
PO002964,S016,P0010,W004,2025-01-16,124,2025-01-27,2025-01-27,11,0,On Time
PO002965,S017,P0078,W001,2025-11-28,810,2025-12-07,2025-12-10,12,3,Late
PO002966,S014,P0007,W003,2025-07-24,222,2025-08-02,2025-08-04,11,2,Late
PO002967,S020,P0012,W002,2025-12-31,739,2026-01-11,2026-01-11,11,0,On Time
PO002968,S012,P0086,W003,2025-02-08,944,2025-02-15,2025-02-17,9,2,Late
PO002969,S009,P0091,W003,2025-03-30,697,2025-04-05,2025-04-12,13,7,Late
PO002970,S015,P0048,W001,2025-09-13,78,2025-09-20,2025-09-20,7,0,On Time
PO002971,S012,P0037,W005,2025-09-11,67,2025-09-18,2025-09-18,7,0,On Time
PO002972,S014,P0075,W001,2025-08-04,679,2025-08-13,2025-08-13,9,0,On Time
PO002973,S022,P0036,W006,2025-10-30,296,2025-11-03,2025-11-03,4,0,On Time
PO002974,S018,P0060,W005,2025-06-21,431,2025-06-25,2025-06-26,5,1,Late
PO002975,S020,P0077,W007,2025-05-17,197,2025-05-28,2025-05-28,11,0,On Time
PO002976,S006,P0096,W002,2025-06-27,820,2025-07-02,2025-07-07,10,5,Late
PO002977,S004,P0008,W005,2025-03-18,133,2025-04-01,2025-04-01,14,0,On Time
PO002978,S023,P0007,W001,2025-07-07,315,2025-07-19,2025-07-19,12,0,On Time
PO002979,S012,P0043,W001,2025-01-15,749,2025-01-22,2025-01-23,8,1,Late
PO002980,S013,P0058,W003,2025-10-19,457,2025-10-24,2025-10-24,5,0,On Time
PO002981,S019,P0081,W001,2025-11-15,285,2025-11-21,2025-11-21,6,0,On Time
PO002982,S022,P0086,W007,2025-11-21,181,2025-11-25,2025-11-25,4,0,On Time
PO002983,S013,P0046,W006,2025-08-02,860,2025-08-07,2025-08-07,5,0,On Time
PO002984,S012,P0034,W001,2025-07-27,523,2025-08-03,2025-08-10,14,7,Late
PO002985,S020,P0084,W004,2025-06-18,55,2025-06-29,2025-06-29,11,0,On Time
PO002986,S003,P0072,W004,2025-11-26,606,2025-12-08,2025-12-10,14,2,Late
PO002987,S003,P0022,W003,2025-10-07,477,2025-10-19,2025-10-19,12,0,On Time
PO002988,S014,P0091,W005,2025-11-01,666,2025-11-10,2025-11-11,10,1,Late
PO002989,S018,P0098,W005,2025-05-26,390,2025-05-30,2025-05-30,4,0,On Time
PO002990,S019,P0021,W004,2025-09-20,505,2025-09-26,2025-09-26,6,0,On Time
PO002991,S010,P0015,W006,2025-01-04,291,2025-01-15,2025-01-22,18,7,Late
PO002992,S017,P0005,W002,2025-03-31,198,2025-04-09,2025-04-09,9,0,On Time
PO002993,S015,P0017,W007,2025-03-01,499,2025-03-08,2025-03-09,8,1,Late
PO002994,S019,P0072,W008,2025-11-07,976,2025-11-13,2025-11-13,6,0,On Time
PO002995,S009,P0019,W007,2025-01-16,178,2025-01-22,2025-01-22,6,0,On Time
PO002996,S004,P0005,W007,2025-08-15,774,2025-08-29,2025-09-01,17,3,Late
PO002997,S015,P0023,W006,2025-01-29,947,2025-02-05,2025-02-07,9,2,Late
PO002998,S019,P0083,W004,2025-05-31,832,2025-06-06,2025-06-06,6,0,On Time
PO002999,S016,P0014,W007,2025-09-02,223,2025-09-13,2025-09-18,16,5,Late
PO003000,S008,P0010,W006,2025-09-27,814,2025-10-06,2025-10-06,9,0,On Time
PO003001,S017,P0031,W002,2025-03-20,297,2025-03-29,2025-03-29,9,0,On Time
PO003002,S021,P0013,W005,2025-10-16,162,2025-10-30,2025-10-30,14,0,On Time
PO003003,S001,P0022,W004,2025-06-02,539,2025-06-15,2025-06-15,13,0,On Time
PO003004,S007,P0037,W008,2025-10-04,531,2025-10-18,2025-10-18,14,0,On Time
PO003005,S021,P0039,W001,2025-10-06,983,2025-10-20,2025-10-20,14,0,On Time
PO003006,S018,P0010,W007,2025-02-26,135,2025-03-02,2025-03-09,11,7,Late
PO003007,S012,P0031,W002,2025-07-05,411,2025-07-12,2025-07-12,7,0,On Time
PO003008,S016,P0043,W002,2025-04-03,362,2025-04-14,2025-04-14,11,0,On Time
PO003009,S001,P0099,W002,2025-10-03,392,2025-10-16,2025-10-16,13,0,On Time
PO003010,S015,P0077,W005,2025-06-07,803,2025-06-14,2025-06-14,7,0,On Time
PO003011,S007,P0094,W006,2025-10-02,707,2025-10-16,2025-10-16,14,0,On Time
PO003012,S017,P0098,W003,2025-06-30,949,2025-07-09,2025-07-09,9,0,On Time
PO003013,S003,P0036,W007,2025-12-25,745,2026-01-06,2026-01-06,12,0,On Time
PO003014,S011,P0035,W001,2025-03-18,388,2025-03-23,2025-03-23,5,0,On Time
PO003015,S006,P0068,W007,2025-05-31,234,2025-06-05,2025-06-07,7,2,Late
PO003016,S006,P0055,W004,2025-08-26,530,2025-08-31,2025-09-07,12,7,Late
PO003017,S015,P0068,W008,2025-10-16,588,2025-10-23,2025-10-23,7,0,On Time
PO003018,S007,P0047,W006,2025-08-19,920,2025-09-02,2025-09-02,14,0,On Time
PO003019,S011,P0006,W002,2025-01-18,760,2025-01-23,2025-01-23,5,0,On Time
PO003020,S017,P0028,W008,2025-03-14,831,2025-03-23,2025-03-25,11,2,Late
PO003021,S023,P0030,W007,2025-07-08,346,2025-07-20,2025-07-21,13,1,Late
PO003022,S018,P0027,W005,2025-01-17,56,2025-01-21,2025-01-21,4,0,On Time
PO003023,S022,P0069,W002,2025-01-19,399,2025-01-23,2025-01-23,4,0,On Time
PO003024,S024,P0039,W006,2025-08-07,815,2025-08-18,2025-08-20,13,2,Late
PO003025,S021,P0035,W004,2025-11-22,531,2025-12-06,2025-12-06,14,0,On Time
PO003026,S019,P0044,W008,2025-04-30,343,2025-05-06,2025-05-06,6,0,On Time
PO003027,S008,P0015,W001,2025-04-11,388,2025-04-20,2025-04-20,9,0,On Time
PO003028,S024,P0083,W002,2025-02-03,243,2025-02-14,2025-02-14,11,0,On Time
PO003029,S020,P0094,W007,2025-03-25,953,2025-04-05,2025-04-07,13,2,Late
PO003030,S008,P0032,W007,2025-07-15,833,2025-07-24,2025-07-27,12,3,Late
PO003031,S021,P0029,W008,2025-11-26,732,2025-12-10,2025-12-11,15,1,Late
PO003032,S011,P0063,W005,2025-07-21,119,2025-07-26,2025-07-26,5,0,On Time
PO003033,S021,P0006,W008,2025-12-10,813,2025-12-24,2025-12-25,15,1,Late
PO003034,S003,P0090,W005,2025-12-07,94,2025-12-19,2025-12-19,12,0,On Time
PO003035,S023,P0027,W003,2025-01-11,743,2025-01-23,2025-01-23,12,0,On Time
PO003036,S014,P0099,W005,2025-12-13,456,2025-12-22,2025-12-25,12,3,Late
PO003037,S009,P0028,W003,2025-08-06,722,2025-08-12,2025-08-12,6,0,On Time
PO003038,S025,P0005,W001,2025-09-10,387,2025-09-22,2025-09-22,12,0,On Time
PO003039,S001,P0041,W004,2025-08-10,82,2025-08-23,2025-08-30,20,7,Late
PO003040,S001,P0056,W003,2025-03-21,643,2025-04-03,2025-04-10,20,7,Late
PO003041,S012,P0054,W002,2025-01-07,953,2025-01-14,2025-01-14,7,0,On Time
PO003042,S011,P0080,W006,2025-09-29,674,2025-10-04,2025-10-04,5,0,On Time
PO003043,S021,P0018,W007,2025-08-15,118,2025-08-29,2025-08-29,14,0,On Time
PO003044,S001,P0077,W002,2025-01-16,796,2025-01-29,2025-02-03,18,5,Late
PO003045,S020,P0043,W007,2025-01-12,244,2025-01-23,2025-01-23,11,0,On Time
PO003046,S012,P0089,W004,2025-10-18,94,2025-10-25,2025-11-01,14,7,Late
PO003047,S017,P0074,W008,2025-08-29,809,2025-09-07,2025-09-07,9,0,On Time
PO003048,S015,P0029,W005,2025-01-21,729,2025-01-28,2025-01-28,7,0,On Time
PO003049,S002,P0010,W006,2025-06-27,203,2025-07-10,2025-07-10,13,0,On Time
PO003050,S018,P0006,W002,2025-08-16,312,2025-08-20,2025-08-20,4,0,On Time
PO003051,S016,P0080,W006,2025-09-30,76,2025-10-11,2025-10-16,16,5,Late
PO003052,S004,P0089,W003,2025-10-15,268,2025-10-29,2025-10-29,14,0,On Time
PO003053,S008,P0004,W004,2025-10-24,975,2025-11-02,2025-11-02,9,0,On Time
PO003054,S002,P0034,W002,2025-05-14,645,2025-05-27,2025-05-27,13,0,On Time
PO003055,S014,P0083,W005,2025-10-10,488,2025-10-19,2025-10-20,10,1,Late
PO003056,S025,P0033,W006,2025-06-02,159,2025-06-14,2025-06-14,12,0,On Time
PO003057,S015,P0004,W005,2025-03-07,922,2025-03-14,2025-03-17,10,3,Late
PO003058,S009,P0044,W006,2025-05-17,981,2025-05-23,2025-05-23,6,0,On Time
PO003059,S002,P0098,W002,2025-04-02,378,2025-04-15,2025-04-15,13,0,On Time
PO003060,S017,P0076,W004,2025-11-13,572,2025-11-22,2025-11-22,9,0,On Time
PO003061,S010,P0031,W001,2025-09-16,427,2025-09-27,2025-09-27,11,0,On Time
PO003062,S009,P0080,W002,2025-04-13,493,2025-04-19,2025-04-19,6,0,On Time
PO003063,S002,P0066,W005,2025-02-24,684,2025-03-09,2025-03-16,20,7,Late
PO003064,S024,P0058,W001,2025-09-14,465,2025-09-25,2025-09-25,11,0,On Time
PO003065,S019,P0060,W008,2025-04-11,999,2025-04-17,2025-04-17,6,0,On Time
PO003066,S017,P0002,W004,2025-07-17,251,2025-07-26,2025-07-26,9,0,On Time
PO003067,S011,P0036,W005,2025-10-28,636,2025-11-02,2025-11-02,5,0,On Time
PO003068,S017,P0070,W004,2025-08-14,637,2025-08-23,2025-08-24,10,1,Late
PO003069,S010,P0060,W006,2025-08-25,319,2025-09-05,2025-09-07,13,2,Late
PO003070,S018,P0023,W002,2025-01-26,661,2025-01-30,2025-01-30,4,0,On Time
PO003071,S023,P0047,W004,2025-05-01,445,2025-05-13,2025-05-14,13,1,Late
PO003072,S006,P0046,W005,2025-07-01,180,2025-07-06,2025-07-06,5,0,On Time
PO003073,S016,P0080,W002,2025-07-18,420,2025-07-29,2025-07-29,11,0,On Time
PO003074,S018,P0044,W007,2025-10-29,397,2025-11-02,2025-11-02,4,0,On Time
PO003075,S020,P0019,W005,2025-09-12,978,2025-09-23,2025-09-25,13,2,Late
PO003076,S018,P0049,W005,2025-05-02,937,2025-05-06,2025-05-06,4,0,On Time
PO003077,S001,P0088,W007,2025-01-31,276,2025-02-13,2025-02-13,13,0,On Time
PO003078,S003,P0058,W007,2025-11-11,760,2025-11-23,2025-11-23,12,0,On Time
PO003079,S015,P0091,W001,2025-10-12,881,2025-10-19,2025-10-19,7,0,On Time
PO003080,S020,P0007,W003,2025-04-16,513,2025-04-27,2025-04-27,11,0,On Time
PO003081,S010,P0094,W004,2025-08-12,985,2025-08-23,2025-08-23,11,0,On Time
PO003082,S021,P0041,W004,2025-09-30,508,2025-10-14,2025-10-17,17,3,Late
PO003083,S005,P0078,W001,2025-08-20,201,2025-09-03,2025-09-03,14,0,On Time
PO003084,S015,P0015,W008,2025-09-13,545,2025-09-20,2025-09-20,7,0,On Time
PO003085,S023,P0076,W006,2025-01-24,119,2025-02-05,2025-02-07,14,2,Late
PO003086,S014,P0053,W008,2025-04-19,756,2025-04-28,2025-04-29,10,1,Late
PO003087,S015,P0093,W004,2025-07-10,377,2025-07-17,2025-07-17,7,0,On Time
PO003088,S010,P0023,W007,2025-12-13,250,2025-12-24,2025-12-24,11,0,On Time
PO003089,S024,P0077,W008,2025-01-25,584,2025-02-05,2025-02-06,12,1,Late
PO003090,S009,P0073,W001,2025-07-06,25,2025-07-12,2025-07-12,6,0,On Time
PO003091,S012,P0088,W004,2025-10-15,109,2025-10-22,2025-10-22,7,0,On Time
PO003092,S007,P0094,W004,2025-04-26,83,2025-05-10,2025-05-10,14,0,On Time
PO003093,S005,P0065,W005,2025-12-04,107,2025-12-18,2025-12-25,21,7,Late
PO003094,S025,P0060,W001,2025-02-06,52,2025-02-18,2025-02-18,12,0,On Time
PO003095,S024,P0010,W007,2025-10-09,91,2025-10-20,2025-10-20,11,0,On Time
PO003096,S010,P0058,W006,2025-05-17,575,2025-05-28,2025-05-28,11,0,On Time
PO003097,S025,P0047,W004,2025-08-15,272,2025-08-27,2025-08-30,15,3,Late
PO003098,S008,P0015,W006,2025-11-16,126,2025-11-25,2025-11-25,9,0,On Time
PO003099,S022,P0009,W003,2025-11-24,821,2025-11-28,2025-11-30,6,2,Late
PO003100,S020,P0013,W001,2025-07-01,949,2025-07-12,2025-07-13,12,1,Late
PO003101,S025,P0023,W001,2025-12-28,939,2026-01-09,2026-01-09,12,0,On Time
PO003102,S016,P0033,W001,2025-03-27,533,2025-04-07,2025-04-10,14,3,Late
PO003103,S012,P0009,W007,2025-02-22,155,2025-03-01,2025-03-01,7,0,On Time
PO003104,S009,P0003,W008,2025-12-14,648,2025-12-20,2025-12-25,11,5,Late
PO003105,S010,P0094,W007,2025-12-21,428,2026-01-01,2026-01-03,13,2,Late
PO003106,S016,P0073,W005,2025-08-23,140,2025-09-03,2025-09-08,16,5,Late
PO003107,S010,P0025,W008,2025-09-24,497,2025-10-05,2025-10-07,13,2,Late
PO003108,S009,P0088,W001,2025-10-14,819,2025-10-20,2025-10-23,9,3,Late
PO003109,S003,P0096,W005,2025-04-10,843,2025-04-22,2025-04-22,12,0,On Time
PO003110,S019,P0071,W007,2025-03-28,113,2025-04-03,2025-04-03,6,0,On Time
PO003111,S011,P0036,W003,2025-01-15,524,2025-01-20,2025-01-20,5,0,On Time
PO003112,S006,P0089,W002,2025-04-11,26,2025-04-16,2025-04-16,5,0,On Time
PO003113,S006,P0020,W005,2025-06-14,963,2025-06-19,2025-06-20,6,1,Late
PO003114,S015,P0081,W004,2025-01-29,619,2025-02-05,2025-02-05,7,0,On Time
PO003115,S015,P0054,W001,2025-04-24,713,2025-05-01,2025-05-01,7,0,On Time
PO003116,S013,P0100,W008,2025-04-17,210,2025-04-22,2025-04-24,7,2,Late
PO003117,S022,P0090,W002,2025-12-30,476,2026-01-03,2026-01-08,9,5,Late
PO003118,S005,P0019,W005,2025-05-10,739,2025-05-24,2025-05-26,16,2,Late
PO003119,S014,P0060,W008,2025-03-25,405,2025-04-03,2025-04-05,11,2,Late
PO003120,S021,P0037,W008,2025-09-28,822,2025-10-12,2025-10-12,14,0,On Time
PO003121,S002,P0003,W006,2025-09-01,885,2025-09-14,2025-09-17,16,3,Late
PO003122,S023,P0092,W007,2025-08-02,297,2025-08-14,2025-08-14,12,0,On Time
PO003123,S012,P0086,W006,2025-11-02,998,2025-11-09,2025-11-16,14,7,Late
PO003124,S020,P0019,W004,2025-06-15,467,2025-06-26,2025-06-26,11,0,On Time
PO003125,S014,P0053,W002,2025-10-06,846,2025-10-15,2025-10-17,11,2,Late
PO003126,S019,P0046,W003,2025-02-28,964,2025-03-06,2025-03-06,6,0,On Time
PO003127,S024,P0080,W005,2025-03-31,71,2025-04-11,2025-04-11,11,0,On Time
PO003128,S020,P0056,W006,2025-11-27,424,2025-12-08,2025-12-09,12,1,Late
PO003129,S015,P0070,W006,2025-07-13,415,2025-07-20,2025-07-23,10,3,Late
PO003130,S020,P0031,W005,2025-05-03,798,2025-05-14,2025-05-17,14,3,Late
PO003131,S024,P0053,W006,2025-05-16,775,2025-05-27,2025-05-27,11,0,On Time
PO003132,S017,P0034,W003,2025-05-19,713,2025-05-28,2025-05-28,9,0,On Time
PO003133,S025,P0031,W008,2025-08-17,230,2025-08-29,2025-08-29,12,0,On Time
PO003134,S014,P0060,W006,2025-10-01,909,2025-10-10,2025-10-10,9,0,On Time
PO003135,S023,P0011,W005,2025-02-19,729,2025-03-03,2025-03-03,12,0,On Time
PO003136,S018,P0100,W001,2025-04-28,289,2025-05-02,2025-05-03,5,1,Late
PO003137,S022,P0006,W006,2025-07-21,564,2025-07-25,2025-07-25,4,0,On Time
PO003138,S024,P0027,W005,2025-07-10,633,2025-07-21,2025-07-23,13,2,Late
PO003139,S005,P0007,W008,2025-12-30,864,2026-01-13,2026-01-13,14,0,On Time
PO003140,S022,P0049,W008,2025-11-19,301,2025-11-23,2025-11-23,4,0,On Time
PO003141,S012,P0096,W001,2025-06-30,417,2025-07-07,2025-07-07,7,0,On Time
PO003142,S010,P0072,W006,2025-03-19,768,2025-03-30,2025-04-01,13,2,Late
PO003143,S008,P0060,W006,2025-03-16,235,2025-03-25,2025-03-27,11,2,Late
PO003144,S006,P0033,W005,2025-10-22,451,2025-10-27,2025-10-27,5,0,On Time
PO003145,S025,P0047,W004,2025-10-08,340,2025-10-20,2025-10-20,12,0,On Time
PO003146,S015,P0044,W004,2025-01-21,833,2025-01-28,2025-01-28,7,0,On Time
PO003147,S012,P0079,W002,2025-06-20,658,2025-06-27,2025-06-29,9,2,Late
PO003148,S025,P0027,W004,2025-01-15,512,2025-01-27,2025-01-28,13,1,Late
PO003149,S025,P0094,W003,2025-07-30,970,2025-08-11,2025-08-11,12,0,On Time
PO003150,S006,P0022,W008,2025-02-17,625,2025-02-22,2025-02-22,5,0,On Time
PO003151,S012,P0047,W002,2025-03-27,605,2025-04-03,2025-04-03,7,0,On Time
PO003152,S015,P0093,W008,2025-05-29,147,2025-06-05,2025-06-05,7,0,On Time
PO003153,S012,P0048,W004,2025-07-07,93,2025-07-14,2025-07-14,7,0,On Time
PO003154,S009,P0030,W001,2025-11-02,495,2025-11-08,2025-11-08,6,0,On Time
PO003155,S019,P0002,W007,2025-05-31,471,2025-06-06,2025-06-06,6,0,On Time
PO003156,S021,P0015,W005,2025-05-21,481,2025-06-04,2025-06-04,14,0,On Time
PO003157,S002,P0047,W008,2025-03-10,927,2025-03-23,2025-03-23,13,0,On Time
PO003158,S013,P0027,W004,2025-09-17,457,2025-09-22,2025-09-22,5,0,On Time
PO003159,S013,P0071,W001,2025-11-30,275,2025-12-05,2025-12-05,5,0,On Time
PO003160,S008,P0027,W007,2025-01-09,467,2025-01-18,2025-01-19,10,1,Late
PO003161,S013,P0085,W002,2025-05-01,121,2025-05-06,2025-05-06,5,0,On Time
PO003162,S004,P0013,W005,2025-04-11,578,2025-04-25,2025-04-25,14,0,On Time
PO003163,S006,P0055,W008,2025-05-29,696,2025-06-03,2025-06-05,7,2,Late
PO003164,S006,P0017,W004,2025-05-26,989,2025-05-31,2025-06-05,10,5,Late
PO003165,S021,P0075,W002,2025-12-19,787,2026-01-02,2026-01-02,14,0,On Time
PO003166,S012,P0059,W008,2025-08-31,956,2025-09-07,2025-09-07,7,0,On Time
PO003167,S012,P0010,W004,2025-08-29,302,2025-09-05,2025-09-08,10,3,Late
PO003168,S017,P0033,W002,2025-12-03,957,2025-12-12,2025-12-17,14,5,Late
PO003169,S007,P0078,W008,2025-02-12,779,2025-02-26,2025-02-26,14,0,On Time
PO003170,S015,P0037,W004,2025-04-05,223,2025-04-12,2025-04-12,7,0,On Time
PO003171,S024,P0008,W007,2025-08-14,105,2025-08-25,2025-08-27,13,2,Late
PO003172,S017,P0033,W001,2025-01-06,343,2025-01-15,2025-01-15,9,0,On Time
PO003173,S010,P0007,W003,2025-08-02,944,2025-08-13,2025-08-18,16,5,Late
PO003174,S023,P0034,W007,2025-07-25,183,2025-08-06,2025-08-06,12,0,On Time
PO003175,S020,P0071,W008,2025-03-08,896,2025-03-19,2025-03-22,14,3,Late
PO003176,S006,P0007,W001,2025-04-10,76,2025-04-15,2025-04-15,5,0,On Time
PO003177,S009,P0041,W005,2025-01-12,225,2025-01-18,2025-01-18,6,0,On Time
PO003178,S015,P0100,W004,2025-08-25,927,2025-09-01,2025-09-08,14,7,Late
PO003179,S016,P0055,W003,2025-11-18,448,2025-11-29,2025-11-29,11,0,On Time
PO003180,S021,P0007,W007,2025-09-15,167,2025-09-29,2025-09-29,14,0,On Time
PO003181,S008,P0084,W003,2025-12-03,320,2025-12-12,2025-12-15,12,3,Late
PO003182,S016,P0018,W005,2025-05-15,810,2025-05-26,2025-05-26,11,0,On Time
PO003183,S005,P0043,W008,2025-08-10,977,2025-08-24,2025-08-24,14,0,On Time
PO003184,S018,P0078,W005,2025-06-05,309,2025-06-09,2025-06-09,4,0,On Time
PO003185,S020,P0040,W003,2025-05-22,40,2025-06-02,2025-06-02,11,0,On Time
PO003186,S014,P0053,W005,2025-06-07,966,2025-06-16,2025-06-17,10,1,Late
PO003187,S002,P0014,W005,2025-11-22,156,2025-12-05,2025-12-08,16,3,Late
PO003188,S023,P0021,W008,2025-12-10,989,2025-12-22,2025-12-22,12,0,On Time
PO003189,S023,P0057,W004,2025-09-19,388,2025-10-01,2025-10-01,12,0,On Time
PO003190,S003,P0091,W001,2025-10-10,541,2025-10-22,2025-10-22,12,0,On Time
PO003191,S014,P0046,W006,2025-12-04,839,2025-12-13,2025-12-16,12,3,Late
PO003192,S007,P0026,W008,2025-12-10,576,2025-12-24,2025-12-25,15,1,Late
PO003193,S015,P0091,W002,2025-08-17,455,2025-08-24,2025-08-29,12,5,Late
PO003194,S017,P0024,W008,2025-10-07,780,2025-10-16,2025-10-23,16,7,Late
PO003195,S001,P0005,W003,2025-12-24,49,2026-01-06,2026-01-06,13,0,On Time
PO003196,S009,P0042,W002,2025-10-17,467,2025-10-23,2025-10-23,6,0,On Time
PO003197,S022,P0092,W003,2025-06-17,244,2025-06-21,2025-06-21,4,0,On Time
PO003198,S014,P0043,W003,2025-02-16,405,2025-02-25,2025-02-25,9,0,On Time
PO003199,S016,P0032,W001,2025-07-22,708,2025-08-02,2025-08-02,11,0,On Time
PO003200,S021,P0088,W007,2025-08-02,627,2025-08-16,2025-08-19,17,3,Late
PO003201,S013,P0006,W007,2025-09-03,448,2025-09-08,2025-09-08,5,0,On Time
PO003202,S006,P0074,W003,2025-01-24,548,2025-01-29,2025-01-29,5,0,On Time
PO003203,S022,P0067,W003,2025-11-17,47,2025-11-21,2025-11-21,4,0,On Time
PO003204,S001,P0007,W001,2025-10-01,145,2025-10-14,2025-10-16,15,2,Late
PO003205,S021,P0029,W005,2025-02-13,832,2025-02-27,2025-02-27,14,0,On Time
PO003206,S025,P0034,W007,2025-11-28,804,2025-12-10,2025-12-10,12,0,On Time
PO003207,S004,P0007,W006,2025-11-09,518,2025-11-23,2025-11-23,14,0,On Time
PO003208,S003,P0081,W008,2025-12-29,206,2026-01-10,2026-01-13,15,3,Late
PO003209,S017,P0077,W002,2025-06-05,673,2025-06-14,2025-06-14,9,0,On Time
PO003210,S002,P0058,W003,2025-07-18,391,2025-07-31,2025-08-05,18,5,Late
PO003211,S019,P0085,W001,2025-06-11,157,2025-06-17,2025-06-17,6,0,On Time
PO003212,S020,P0031,W003,2025-08-22,993,2025-09-02,2025-09-09,18,7,Late
PO003213,S023,P0073,W007,2025-06-12,356,2025-06-24,2025-06-27,15,3,Late
PO003214,S022,P0045,W001,2025-04-26,760,2025-04-30,2025-04-30,4,0,On Time
PO003215,S008,P0047,W002,2025-04-03,233,2025-04-12,2025-04-12,9,0,On Time
PO003216,S025,P0077,W004,2025-02-11,805,2025-02-23,2025-02-23,12,0,On Time
PO003217,S015,P0081,W007,2025-10-11,310,2025-10-18,2025-10-20,9,2,Late
PO003218,S006,P0072,W005,2025-07-29,963,2025-08-03,2025-08-03,5,0,On Time
PO003219,S023,P0073,W008,2025-07-25,589,2025-08-06,2025-08-06,12,0,On Time
PO003220,S020,P0073,W008,2025-08-08,390,2025-08-19,2025-08-19,11,0,On Time
PO003221,S002,P0040,W004,2025-10-07,549,2025-10-20,2025-10-21,14,1,Late
PO003222,S025,P0030,W001,2025-05-16,711,2025-05-28,2025-05-28,12,0,On Time
PO003223,S025,P0062,W003,2025-04-16,689,2025-04-28,2025-04-28,12,0,On Time
PO003224,S015,P0071,W005,2025-04-28,787,2025-05-05,2025-05-05,7,0,On Time
PO003225,S020,P0017,W007,2025-08-25,568,2025-09-05,2025-09-05,11,0,On Time
PO003226,S012,P0005,W002,2025-11-05,315,2025-11-12,2025-11-12,7,0,On Time
PO003227,S003,P0081,W008,2025-04-10,793,2025-04-22,2025-04-24,14,2,Late
PO003228,S010,P0001,W007,2025-09-18,610,2025-09-29,2025-09-29,11,0,On Time
PO003229,S014,P0080,W006,2025-11-01,438,2025-11-10,2025-11-10,9,0,On Time
PO003230,S022,P0081,W005,2025-12-20,685,2025-12-24,2025-12-24,4,0,On Time
PO003231,S014,P0094,W008,2025-10-13,380,2025-10-22,2025-10-29,16,7,Late
PO003232,S003,P0031,W003,2025-11-24,878,2025-12-06,2025-12-06,12,0,On Time
PO003233,S001,P0035,W008,2025-04-13,177,2025-04-26,2025-05-03,20,7,Late
PO003234,S020,P0072,W008,2025-03-04,94,2025-03-15,2025-03-15,11,0,On Time
PO003235,S001,P0030,W004,2025-06-24,391,2025-07-07,2025-07-07,13,0,On Time
PO003236,S002,P0085,W001,2025-10-09,939,2025-10-22,2025-10-23,14,1,Late
PO003237,S019,P0015,W004,2025-10-20,909,2025-10-26,2025-10-26,6,0,On Time
PO003238,S024,P0098,W007,2025-08-14,586,2025-08-25,2025-08-27,13,2,Late
PO003239,S010,P0056,W005,2025-01-07,737,2025-01-18,2025-01-21,14,3,Late
PO003240,S004,P0060,W006,2025-05-07,746,2025-05-21,2025-05-21,14,0,On Time
PO003241,S004,P0027,W003,2025-04-02,540,2025-04-16,2025-04-17,15,1,Late
PO003242,S013,P0002,W001,2025-07-09,125,2025-07-14,2025-07-14,5,0,On Time
PO003243,S009,P0074,W003,2025-12-25,849,2025-12-31,2026-01-03,9,3,Late
PO003244,S007,P0064,W003,2025-02-22,386,2025-03-08,2025-03-08,14,0,On Time
PO003245,S016,P0005,W006,2025-08-30,421,2025-09-10,2025-09-10,11,0,On Time
PO003246,S018,P0091,W005,2025-05-12,776,2025-05-16,2025-05-16,4,0,On Time
PO003247,S003,P0068,W004,2025-12-30,838,2026-01-11,2026-01-16,17,5,Late
PO003248,S020,P0013,W003,2025-04-22,122,2025-05-03,2025-05-03,11,0,On Time
PO003249,S020,P0081,W007,2025-01-07,806,2025-01-18,2025-01-18,11,0,On Time
PO003250,S010,P0085,W007,2025-08-18,344,2025-08-29,2025-08-29,11,0,On Time
PO003251,S024,P0023,W003,2025-06-05,392,2025-06-16,2025-06-18,13,2,Late
PO003252,S022,P0097,W003,2025-07-16,357,2025-07-20,2025-07-20,4,0,On Time
PO003253,S016,P0050,W001,2025-11-19,910,2025-11-30,2025-11-30,11,0,On Time
PO003254,S003,P0079,W003,2025-12-30,52,2026-01-11,2026-01-11,12,0,On Time
PO003255,S011,P0078,W007,2025-08-11,127,2025-08-16,2025-08-16,5,0,On Time
PO003256,S025,P0073,W003,2025-09-07,441,2025-09-19,2025-09-19,12,0,On Time
PO003257,S010,P0037,W008,2025-03-24,288,2025-04-04,2025-04-04,11,0,On Time
PO003258,S016,P0030,W008,2025-08-28,964,2025-09-08,2025-09-08,11,0,On Time
PO003259,S008,P0093,W005,2025-12-26,92,2026-01-04,2026-01-04,9,0,On Time
PO003260,S009,P0023,W007,2025-11-19,877,2025-11-25,2025-11-25,6,0,On Time
PO003261,S015,P0034,W003,2025-09-20,200,2025-09-27,2025-09-27,7,0,On Time
PO003262,S021,P0064,W006,2025-07-08,916,2025-07-22,2025-07-24,16,2,Late
PO003263,S003,P0055,W008,2025-10-17,799,2025-10-29,2025-10-29,12,0,On Time
PO003264,S004,P0071,W006,2025-12-28,171,2026-01-11,2026-01-11,14,0,On Time
PO003265,S013,P0009,W007,2025-02-27,531,2025-03-04,2025-03-04,5,0,On Time
PO003266,S012,P0004,W003,2025-01-09,916,2025-01-16,2025-01-16,7,0,On Time
PO003267,S021,P0066,W006,2025-10-31,87,2025-11-14,2025-11-17,17,3,Late
PO003268,S009,P0091,W005,2025-04-25,922,2025-05-01,2025-05-01,6,0,On Time
PO003269,S025,P0033,W001,2025-07-29,391,2025-08-10,2025-08-10,12,0,On Time
PO003270,S014,P0032,W006,2025-02-10,367,2025-02-19,2025-02-22,12,3,Late
PO003271,S019,P0044,W007,2025-10-31,728,2025-11-06,2025-11-07,7,1,Late
PO003272,S007,P0037,W006,2025-06-22,826,2025-07-06,2025-07-08,16,2,Late
PO003273,S016,P0091,W004,2025-08-22,51,2025-09-02,2025-09-03,12,1,Late
PO003274,S022,P0092,W005,2025-10-08,964,2025-10-12,2025-10-12,4,0,On Time
PO003275,S020,P0067,W006,2025-03-19,946,2025-03-30,2025-04-04,16,5,Late
PO003276,S005,P0060,W001,2025-04-18,639,2025-05-02,2025-05-07,19,5,Late
PO003277,S010,P0059,W004,2025-10-08,98,2025-10-19,2025-10-19,11,0,On Time
PO003278,S018,P0036,W007,2025-02-08,278,2025-02-12,2025-02-14,6,2,Late
PO003279,S011,P0049,W007,2025-04-29,516,2025-05-04,2025-05-04,5,0,On Time
PO003280,S007,P0051,W003,2025-12-01,897,2025-12-15,2025-12-16,15,1,Late
PO003281,S014,P0008,W005,2025-12-02,194,2025-12-11,2025-12-11,9,0,On Time
PO003282,S020,P0050,W008,2025-01-27,386,2025-02-07,2025-02-07,11,0,On Time
PO003283,S018,P0041,W006,2025-04-14,34,2025-04-18,2025-04-18,4,0,On Time
PO003284,S011,P0038,W003,2025-03-15,70,2025-03-20,2025-03-20,5,0,On Time
PO003285,S022,P0086,W005,2025-07-10,126,2025-07-14,2025-07-14,4,0,On Time
PO003286,S012,P0078,W007,2025-11-20,741,2025-11-27,2025-11-27,7,0,On Time
PO003287,S018,P0079,W004,2025-05-27,488,2025-05-31,2025-06-01,5,1,Late
PO003288,S002,P0055,W006,2025-09-12,221,2025-09-25,2025-09-28,16,3,Late
PO003289,S023,P0068,W007,2025-10-11,808,2025-10-23,2025-10-23,12,0,On Time
PO003290,S001,P0018,W008,2025-08-01,237,2025-08-14,2025-08-17,16,3,Late
PO003291,S023,P0065,W001,2025-05-03,60,2025-05-15,2025-05-15,12,0,On Time
PO003292,S010,P0064,W008,2025-07-25,907,2025-08-05,2025-08-08,14,3,Late
PO003293,S021,P0012,W005,2025-08-28,790,2025-09-11,2025-09-11,14,0,On Time
PO003294,S001,P0041,W007,2025-12-05,404,2025-12-18,2025-12-21,16,3,Late
PO003295,S006,P0042,W007,2025-10-13,936,2025-10-18,2025-10-19,6,1,Late
PO003296,S007,P0060,W008,2025-01-22,734,2025-02-05,2025-02-05,14,0,On Time
PO003297,S017,P0050,W001,2025-09-16,355,2025-09-25,2025-09-25,9,0,On Time
PO003298,S009,P0081,W008,2025-12-23,630,2025-12-29,2026-01-05,13,7,Late
PO003299,S007,P0083,W008,2025-04-15,680,2025-04-29,2025-05-01,16,2,Late
PO003300,S017,P0036,W003,2025-09-15,124,2025-09-24,2025-09-24,9,0,On Time
PO003301,S003,P0048,W007,2025-07-23,222,2025-08-04,2025-08-04,12,0,On Time
PO003302,S016,P0071,W003,2025-11-06,529,2025-11-17,2025-11-19,13,2,Late
PO003303,S005,P0073,W004,2025-09-19,114,2025-10-03,2025-10-10,21,7,Late
PO003304,S020,P0008,W004,2025-04-17,196,2025-04-28,2025-04-28,11,0,On Time
PO003305,S018,P0025,W002,2025-09-08,84,2025-09-12,2025-09-17,9,5,Late
PO003306,S001,P0007,W002,2025-08-09,572,2025-08-22,2025-08-22,13,0,On Time
PO003307,S004,P0008,W004,2025-08-10,243,2025-08-24,2025-08-29,19,5,Late
PO003308,S023,P0088,W006,2025-09-15,598,2025-09-27,2025-09-28,13,1,Late
PO003309,S011,P0081,W008,2025-07-20,399,2025-07-25,2025-07-25,5,0,On Time
PO003310,S020,P0076,W003,2025-09-15,274,2025-09-26,2025-09-26,11,0,On Time
PO003311,S009,P0031,W001,2025-12-15,317,2025-12-21,2025-12-21,6,0,On Time
PO003312,S008,P0012,W007,2025-08-13,600,2025-08-22,2025-08-22,9,0,On Time
PO003313,S008,P0057,W008,2025-07-21,972,2025-07-30,2025-08-04,14,5,Late
PO003314,S005,P0066,W007,2025-08-14,190,2025-08-28,2025-08-30,16,2,Late
PO003315,S012,P0012,W004,2025-08-24,632,2025-08-31,2025-08-31,7,0,On Time
PO003316,S001,P0027,W008,2025-07-02,671,2025-07-15,2025-07-20,18,5,Late
PO003317,S015,P0046,W006,2025-07-19,737,2025-07-26,2025-07-26,7,0,On Time
PO003318,S025,P0007,W008,2025-12-23,851,2026-01-04,2026-01-07,15,3,Late
PO003319,S018,P0061,W001,2025-09-03,383,2025-09-07,2025-09-10,7,3,Late
PO003320,S006,P0058,W002,2025-12-19,838,2025-12-24,2025-12-29,10,5,Late
PO003321,S010,P0058,W001,2025-04-21,92,2025-05-02,2025-05-02,11,0,On Time
PO003322,S014,P0013,W004,2025-01-06,79,2025-01-15,2025-01-15,9,0,On Time
PO003323,S021,P0053,W003,2025-08-24,474,2025-09-07,2025-09-07,14,0,On Time
PO003324,S008,P0100,W008,2025-05-07,355,2025-05-16,2025-05-16,9,0,On Time
PO003325,S003,P0065,W004,2025-04-14,687,2025-04-26,2025-04-26,12,0,On Time
PO003326,S022,P0049,W007,2025-08-25,143,2025-08-29,2025-09-01,7,3,Late
PO003327,S022,P0035,W007,2025-06-04,474,2025-06-08,2025-06-08,4,0,On Time
PO003328,S019,P0094,W005,2025-09-14,33,2025-09-20,2025-09-20,6,0,On Time
PO003329,S012,P0095,W006,2025-08-23,435,2025-08-30,2025-08-30,7,0,On Time
PO003330,S012,P0017,W006,2025-10-16,795,2025-10-23,2025-10-23,7,0,On Time
PO003331,S015,P0072,W006,2025-02-09,46,2025-02-16,2025-02-17,8,1,Late
PO003332,S007,P0067,W005,2025-10-15,776,2025-10-29,2025-10-29,14,0,On Time
PO003333,S004,P0010,W005,2025-07-16,69,2025-07-30,2025-07-30,14,0,On Time
PO003334,S021,P0034,W003,2025-09-30,206,2025-10-14,2025-10-14,14,0,On Time
PO003335,S009,P0086,W006,2025-09-21,76,2025-09-27,2025-09-27,6,0,On Time
PO003336,S022,P0004,W004,2025-02-26,790,2025-03-02,2025-03-02,4,0,On Time
PO003337,S016,P0096,W005,2025-10-25,686,2025-11-05,2025-11-08,14,3,Late
PO003338,S013,P0029,W004,2025-04-08,53,2025-04-13,2025-04-16,8,3,Late
PO003339,S004,P0046,W002,2025-05-17,557,2025-05-31,2025-05-31,14,0,On Time
PO003340,S024,P0075,W006,2025-03-28,781,2025-04-08,2025-04-08,11,0,On Time
PO003341,S009,P0046,W005,2025-08-30,955,2025-09-05,2025-09-10,11,5,Late
PO003342,S021,P0077,W005,2025-07-18,390,2025-08-01,2025-08-01,14,0,On Time
PO003343,S018,P0059,W003,2025-11-06,105,2025-11-10,2025-11-10,4,0,On Time
PO003344,S015,P0061,W004,2025-03-25,179,2025-04-01,2025-04-01,7,0,On Time
PO003345,S015,P0068,W003,2025-08-30,444,2025-09-06,2025-09-08,9,2,Late
PO003346,S006,P0066,W003,2025-10-08,917,2025-10-13,2025-10-18,10,5,Late
PO003347,S011,P0034,W004,2025-11-19,898,2025-11-24,2025-11-24,5,0,On Time
PO003348,S008,P0086,W002,2025-09-09,731,2025-09-18,2025-09-18,9,0,On Time
PO003349,S021,P0005,W004,2025-07-09,125,2025-07-23,2025-07-24,15,1,Late
PO003350,S017,P0009,W002,2025-06-01,410,2025-06-10,2025-06-17,16,7,Late
PO003351,S024,P0020,W003,2025-10-29,531,2025-11-09,2025-11-12,14,3,Late
PO003352,S025,P0021,W002,2025-10-05,294,2025-10-17,2025-10-18,13,1,Late
PO003353,S017,P0017,W006,2025-05-19,308,2025-05-28,2025-05-31,12,3,Late
PO003354,S024,P0012,W002,2025-06-25,277,2025-07-06,2025-07-06,11,0,On Time
PO003355,S018,P0092,W008,2025-01-08,982,2025-01-12,2025-01-12,4,0,On Time
PO003356,S004,P0082,W002,2025-10-22,239,2025-11-05,2025-11-05,14,0,On Time
PO003357,S015,P0067,W008,2025-08-23,993,2025-08-30,2025-08-30,7,0,On Time
PO003358,S002,P0005,W005,2025-06-12,546,2025-06-25,2025-06-25,13,0,On Time
PO003359,S002,P0060,W005,2025-02-18,552,2025-03-03,2025-03-06,16,3,Late
PO003360,S010,P0053,W007,2025-10-29,865,2025-11-09,2025-11-09,11,0,On Time
PO003361,S003,P0052,W003,2025-02-07,78,2025-02-19,2025-02-20,13,1,Late
PO003362,S008,P0078,W004,2025-05-16,379,2025-05-25,2025-05-25,9,0,On Time
PO003363,S020,P0048,W002,2025-11-06,613,2025-11-17,2025-11-18,12,1,Late
PO003364,S007,P0090,W006,2025-08-07,649,2025-08-21,2025-08-21,14,0,On Time
PO003365,S012,P0019,W005,2025-12-14,132,2025-12-21,2025-12-22,8,1,Late
PO003366,S019,P0017,W004,2025-10-23,826,2025-10-29,2025-10-29,6,0,On Time
PO003367,S015,P0054,W006,2025-02-03,295,2025-02-10,2025-02-10,7,0,On Time
PO003368,S014,P0068,W002,2025-12-18,276,2025-12-27,2025-12-27,9,0,On Time
PO003369,S016,P0035,W004,2025-03-20,348,2025-03-31,2025-03-31,11,0,On Time
PO003370,S014,P0088,W007,2025-08-24,796,2025-09-02,2025-09-02,9,0,On Time
PO003371,S003,P0041,W008,2025-09-30,254,2025-10-12,2025-10-12,12,0,On Time
PO003372,S018,P0013,W008,2025-06-10,70,2025-06-14,2025-06-14,4,0,On Time
PO003373,S022,P0033,W006,2025-06-24,697,2025-06-28,2025-06-29,5,1,Late
PO003374,S006,P0015,W001,2025-11-04,762,2025-11-09,2025-11-10,6,1,Late
PO003375,S017,P0063,W006,2025-08-09,240,2025-08-18,2025-08-23,14,5,Late
PO003376,S023,P0015,W006,2025-01-09,802,2025-01-21,2025-01-21,12,0,On Time
PO003377,S014,P0031,W002,2025-10-16,615,2025-10-25,2025-10-25,9,0,On Time
PO003378,S014,P0028,W008,2025-04-23,249,2025-05-02,2025-05-04,11,2,Late
PO003379,S020,P0010,W004,2025-07-24,828,2025-08-04,2025-08-04,11,0,On Time
PO003380,S013,P0057,W002,2025-07-05,241,2025-07-10,2025-07-10,5,0,On Time
PO003381,S003,P0071,W002,2025-12-07,962,2025-12-19,2025-12-20,13,1,Late
PO003382,S013,P0033,W001,2025-07-16,685,2025-07-21,2025-07-21,5,0,On Time
PO003383,S024,P0007,W007,2025-09-23,73,2025-10-04,2025-10-04,11,0,On Time
PO003384,S002,P0005,W006,2025-09-19,650,2025-10-02,2025-10-04,15,2,Late
PO003385,S009,P0090,W004,2025-09-05,729,2025-09-11,2025-09-13,8,2,Late
PO003386,S013,P0080,W007,2025-04-25,954,2025-04-30,2025-05-02,7,2,Late
PO003387,S008,P0057,W003,2025-05-01,292,2025-05-10,2025-05-10,9,0,On Time
PO003388,S016,P0072,W005,2025-05-21,217,2025-06-01,2025-06-04,14,3,Late
PO003389,S024,P0086,W007,2025-03-06,147,2025-03-17,2025-03-18,12,1,Late
PO003390,S003,P0098,W002,2025-10-03,623,2025-10-15,2025-10-18,15,3,Late
PO003391,S013,P0040,W002,2025-11-09,28,2025-11-14,2025-11-15,6,1,Late
PO003392,S004,P0028,W008,2025-08-27,246,2025-09-10,2025-09-10,14,0,On Time
PO003393,S018,P0036,W002,2025-10-29,577,2025-11-02,2025-11-02,4,0,On Time
PO003394,S002,P0056,W002,2025-01-10,153,2025-01-23,2025-01-24,14,1,Late
PO003395,S020,P0047,W005,2025-08-21,983,2025-09-01,2025-09-02,12,1,Late
PO003396,S022,P0071,W003,2025-07-14,35,2025-07-18,2025-07-18,4,0,On Time
PO003397,S021,P0040,W001,2025-01-12,234,2025-01-26,2025-01-27,15,1,Late
PO003398,S015,P0059,W003,2025-06-26,131,2025-07-03,2025-07-03,7,0,On Time
PO003399,S017,P0043,W005,2025-06-26,874,2025-07-05,2025-07-05,9,0,On Time
PO003400,S010,P0092,W004,2025-08-05,176,2025-08-16,2025-08-16,11,0,On Time
PO003401,S001,P0066,W001,2025-01-11,444,2025-01-24,2025-01-24,13,0,On Time
PO003402,S006,P0009,W001,2025-04-28,471,2025-05-03,2025-05-03,5,0,On Time
PO003403,S003,P0006,W004,2025-06-13,337,2025-06-25,2025-06-27,14,2,Late
PO003404,S019,P0065,W006,2025-02-08,379,2025-02-14,2025-02-14,6,0,On Time
PO003405,S007,P0003,W002,2025-02-22,395,2025-03-08,2025-03-08,14,0,On Time
PO003406,S013,P0074,W008,2025-08-06,955,2025-08-11,2025-08-18,12,7,Late
PO003407,S013,P0037,W008,2025-07-25,977,2025-07-30,2025-07-30,5,0,On Time
PO003408,S017,P0087,W005,2025-11-08,939,2025-11-17,2025-11-18,10,1,Late
PO003409,S001,P0033,W004,2025-12-26,921,2026-01-08,2026-01-13,18,5,Late
PO003410,S014,P0009,W008,2025-02-25,315,2025-03-06,2025-03-06,9,0,On Time
PO003411,S003,P0053,W003,2025-04-28,217,2025-05-10,2025-05-12,14,2,Late
PO003412,S014,P0077,W003,2025-09-10,589,2025-09-19,2025-09-26,16,7,Late
PO003413,S024,P0092,W006,2025-10-13,417,2025-10-24,2025-10-27,14,3,Late
PO003414,S001,P0051,W004,2025-09-25,609,2025-10-08,2025-10-08,13,0,On Time
PO003415,S016,P0071,W005,2025-10-18,261,2025-10-29,2025-10-29,11,0,On Time
PO003416,S010,P0026,W006,2025-11-29,448,2025-12-10,2025-12-10,11,0,On Time
PO003417,S013,P0016,W006,2025-06-29,898,2025-07-04,2025-07-07,8,3,Late
PO003418,S004,P0040,W006,2025-12-24,630,2026-01-07,2026-01-10,17,3,Late
PO003419,S009,P0090,W008,2025-08-23,25,2025-08-29,2025-09-01,9,3,Late
PO003420,S014,P0051,W008,2025-12-09,810,2025-12-18,2025-12-18,9,0,On Time
PO003421,S004,P0039,W001,2025-07-15,337,2025-07-29,2025-07-29,14,0,On Time
PO003422,S010,P0055,W001,2025-11-04,231,2025-11-15,2025-11-15,11,0,On Time
PO003423,S008,P0096,W002,2025-03-21,292,2025-03-30,2025-03-30,9,0,On Time
PO003424,S023,P0036,W008,2025-05-15,103,2025-05-27,2025-05-29,14,2,Late
PO003425,S003,P0065,W005,2025-01-22,643,2025-02-03,2025-02-03,12,0,On Time
PO003426,S023,P0085,W003,2025-11-27,729,2025-12-09,2025-12-09,12,0,On Time
PO003427,S007,P0077,W003,2025-08-13,379,2025-08-27,2025-08-30,17,3,Late
PO003428,S010,P0090,W002,2025-02-27,400,2025-03-10,2025-03-10,11,0,On Time
PO003429,S003,P0045,W003,2025-04-03,559,2025-04-15,2025-04-20,17,5,Late
PO003430,S002,P0009,W006,2025-07-11,160,2025-07-24,2025-07-24,13,0,On Time
PO003431,S015,P0037,W008,2025-04-13,944,2025-04-20,2025-04-25,12,5,Late
PO003432,S009,P0087,W002,2025-01-07,529,2025-01-13,2025-01-13,6,0,On Time
PO003433,S015,P0001,W002,2025-05-08,192,2025-05-15,2025-05-15,7,0,On Time
PO003434,S017,P0066,W004,2025-02-24,39,2025-03-05,2025-03-06,10,1,Late
PO003435,S007,P0063,W001,2025-08-19,973,2025-09-02,2025-09-05,17,3,Late
PO003436,S020,P0043,W005,2025-12-28,996,2026-01-08,2026-01-08,11,0,On Time
PO003437,S018,P0028,W005,2025-03-03,648,2025-03-07,2025-03-08,5,1,Late
PO003438,S015,P0100,W001,2025-08-28,522,2025-09-04,2025-09-11,14,7,Late
PO003439,S018,P0031,W006,2025-03-31,585,2025-04-04,2025-04-04,4,0,On Time
PO003440,S024,P0069,W005,2025-08-20,246,2025-08-31,2025-09-02,13,2,Late
PO003441,S023,P0089,W003,2025-08-21,128,2025-09-02,2025-09-02,12,0,On Time
PO003442,S012,P0008,W003,2025-12-20,762,2025-12-27,2025-12-27,7,0,On Time
PO003443,S023,P0034,W005,2025-11-29,339,2025-12-11,2025-12-11,12,0,On Time
PO003444,S021,P0049,W007,2025-10-19,327,2025-11-02,2025-11-02,14,0,On Time
PO003445,S008,P0096,W007,2025-12-11,760,2025-12-20,2025-12-20,9,0,On Time
PO003446,S002,P0058,W008,2025-06-01,830,2025-06-14,2025-06-14,13,0,On Time
PO003447,S002,P0075,W004,2025-05-25,106,2025-06-07,2025-06-07,13,0,On Time
PO003448,S005,P0047,W005,2025-05-10,805,2025-05-24,2025-05-24,14,0,On Time
PO003449,S001,P0025,W002,2025-05-21,247,2025-06-03,2025-06-03,13,0,On Time
PO003450,S022,P0003,W006,2025-04-03,871,2025-04-07,2025-04-07,4,0,On Time
PO003451,S004,P0045,W008,2025-04-24,329,2025-05-08,2025-05-08,14,0,On Time
PO003452,S006,P0052,W008,2025-10-11,847,2025-10-16,2025-10-21,10,5,Late
PO003453,S023,P0096,W002,2025-05-23,398,2025-06-04,2025-06-04,12,0,On Time
PO003454,S013,P0099,W001,2025-08-11,602,2025-08-16,2025-08-16,5,0,On Time
PO003455,S019,P0096,W006,2025-08-20,759,2025-08-26,2025-08-26,6,0,On Time
PO003456,S011,P0034,W006,2025-02-02,404,2025-02-07,2025-02-08,6,1,Late
PO003457,S013,P0069,W003,2025-10-03,132,2025-10-08,2025-10-08,5,0,On Time
PO003458,S008,P0092,W006,2025-06-19,312,2025-06-28,2025-06-28,9,0,On Time
PO003459,S007,P0092,W004,2025-05-20,324,2025-06-03,2025-06-05,16,2,Late
PO003460,S013,P0008,W005,2025-12-23,310,2025-12-28,2025-12-28,5,0,On Time
PO003461,S001,P0027,W002,2025-07-20,124,2025-08-02,2025-08-02,13,0,On Time
PO003462,S006,P0080,W003,2025-01-23,982,2025-01-28,2025-02-02,10,5,Late
PO003463,S007,P0063,W008,2025-08-12,310,2025-08-26,2025-08-26,14,0,On Time
PO003464,S016,P0082,W008,2025-09-27,496,2025-10-08,2025-10-08,11,0,On Time
PO003465,S015,P0025,W007,2025-12-13,540,2025-12-20,2025-12-20,7,0,On Time
PO003466,S020,P0058,W008,2025-06-02,696,2025-06-13,2025-06-13,11,0,On Time
PO003467,S002,P0048,W003,2025-11-29,79,2025-12-12,2025-12-12,13,0,On Time
PO003468,S025,P0001,W004,2025-03-26,331,2025-04-07,2025-04-07,12,0,On Time
PO003469,S023,P0008,W004,2025-04-19,125,2025-05-01,2025-05-01,12,0,On Time
PO003470,S016,P0021,W004,2025-01-31,642,2025-02-11,2025-02-11,11,0,On Time
PO003471,S017,P0098,W004,2025-08-17,108,2025-08-26,2025-08-31,14,5,Late
PO003472,S024,P0088,W007,2025-08-28,287,2025-09-08,2025-09-10,13,2,Late
PO003473,S015,P0090,W002,2025-12-29,761,2026-01-05,2026-01-05,7,0,On Time
PO003474,S003,P0078,W004,2025-11-06,858,2025-11-18,2025-11-18,12,0,On Time
PO003475,S004,P0029,W003,2025-05-21,602,2025-06-04,2025-06-04,14,0,On Time
PO003476,S012,P0030,W003,2025-06-05,138,2025-06-12,2025-06-12,7,0,On Time
PO003477,S005,P0003,W007,2025-10-26,919,2025-11-09,2025-11-16,21,7,Late
PO003478,S017,P0007,W006,2025-12-11,464,2025-12-20,2025-12-27,16,7,Late
PO003479,S006,P0100,W005,2025-04-09,448,2025-04-14,2025-04-14,5,0,On Time
PO003480,S010,P0011,W003,2025-02-16,370,2025-02-27,2025-02-27,11,0,On Time
PO003481,S022,P0032,W003,2025-11-23,965,2025-11-27,2025-12-02,9,5,Late
PO003482,S018,P0059,W007,2025-03-08,325,2025-03-12,2025-03-14,6,2,Late
PO003483,S010,P0012,W002,2025-03-03,634,2025-03-14,2025-03-14,11,0,On Time
PO003484,S006,P0079,W008,2025-04-19,221,2025-04-24,2025-04-24,5,0,On Time
PO003485,S024,P0038,W006,2025-06-16,963,2025-06-27,2025-06-27,11,0,On Time
PO003486,S006,P0024,W003,2025-02-06,42,2025-02-11,2025-02-16,10,5,Late
PO003487,S020,P0065,W001,2025-04-29,109,2025-05-10,2025-05-10,11,0,On Time
PO003488,S015,P0018,W003,2025-03-27,490,2025-04-03,2025-04-05,9,2,Late
PO003489,S004,P0046,W008,2025-02-21,112,2025-03-07,2025-03-07,14,0,On Time
PO003490,S025,P0056,W005,2025-04-01,795,2025-04-13,2025-04-18,17,5,Late
PO003491,S016,P0063,W005,2025-10-16,998,2025-10-27,2025-10-27,11,0,On Time
PO003492,S022,P0007,W006,2025-12-03,304,2025-12-07,2025-12-07,4,0,On Time
PO003493,S024,P0066,W006,2025-10-25,702,2025-11-05,2025-11-05,11,0,On Time
PO003494,S008,P0040,W004,2025-07-23,328,2025-08-01,2025-08-01,9,0,On Time
PO003495,S007,P0054,W002,2025-08-26,921,2025-09-09,2025-09-09,14,0,On Time
PO003496,S019,P0031,W008,2025-06-04,752,2025-06-10,2025-06-10,6,0,On Time
PO003497,S017,P0097,W005,2025-08-28,555,2025-09-06,2025-09-06,9,0,On Time
PO003498,S021,P0052,W001,2025-05-16,395,2025-05-30,2025-05-30,14,0,On Time
PO003499,S013,P0094,W001,2025-12-28,733,2026-01-02,2026-01-02,5,0,On Time
PO003500,S015,P0031,W004,2025-03-05,518,2025-03-12,2025-03-12,7,0,On Time
PO003501,S002,P0034,W002,2025-05-03,655,2025-05-16,2025-05-16,13,0,On Time
PO003502,S010,P0007,W002,2025-09-11,161,2025-09-22,2025-09-22,11,0,On Time
PO003503,S013,P0089,W006,2025-04-24,71,2025-04-29,2025-04-29,5,0,On Time
PO003504,S018,P0016,W003,2025-01-20,89,2025-01-24,2025-01-24,4,0,On Time
PO003505,S023,P0022,W001,2025-01-16,279,2025-01-28,2025-01-28,12,0,On Time
PO003506,S011,P0100,W001,2025-05-25,717,2025-05-30,2025-05-30,5,0,On Time
PO003507,S013,P0053,W007,2025-07-27,903,2025-08-01,2025-08-01,5,0,On Time
PO003508,S019,P0091,W001,2025-01-19,738,2025-01-25,2025-01-26,7,1,Late
PO003509,S024,P0017,W001,2025-06-15,312,2025-06-26,2025-06-26,11,0,On Time
PO003510,S025,P0004,W007,2025-02-07,835,2025-02-19,2025-02-19,12,0,On Time
PO003511,S024,P0061,W005,2025-06-30,397,2025-07-11,2025-07-13,13,2,Late
PO003512,S022,P0099,W002,2025-12-15,58,2025-12-19,2025-12-19,4,0,On Time
PO003513,S005,P0086,W003,2025-04-15,367,2025-04-29,2025-04-29,14,0,On Time
PO003514,S003,P0052,W005,2025-04-10,597,2025-04-22,2025-04-22,12,0,On Time
PO003515,S019,P0035,W002,2025-03-31,544,2025-04-06,2025-04-07,7,1,Late
PO003516,S023,P0044,W004,2025-10-27,725,2025-11-08,2025-11-09,13,1,Late
PO003517,S013,P0015,W001,2025-11-28,847,2025-12-03,2025-12-05,7,2,Late
PO003518,S005,P0061,W003,2025-03-20,525,2025-04-03,2025-04-06,17,3,Late
PO003519,S012,P0044,W002,2025-03-14,401,2025-03-21,2025-03-23,9,2,Late
PO003520,S014,P0021,W008,2025-06-25,444,2025-07-04,2025-07-07,12,3,Late
PO003521,S006,P0077,W004,2025-04-06,819,2025-04-11,2025-04-11,5,0,On Time
PO003522,S022,P0047,W001,2025-12-11,455,2025-12-15,2025-12-15,4,0,On Time
PO003523,S009,P0075,W004,2025-04-13,664,2025-04-19,2025-04-24,11,5,Late
PO003524,S017,P0049,W007,2025-08-12,726,2025-08-21,2025-08-26,14,5,Late
PO003525,S008,P0053,W004,2025-01-06,341,2025-01-15,2025-01-15,9,0,On Time
PO003526,S013,P0027,W005,2025-05-02,609,2025-05-07,2025-05-07,5,0,On Time
PO003527,S005,P0031,W004,2025-08-24,269,2025-09-07,2025-09-10,17,3,Late
PO003528,S022,P0044,W005,2025-04-26,763,2025-04-30,2025-04-30,4,0,On Time
PO003529,S022,P0032,W008,2025-06-12,199,2025-06-16,2025-06-16,4,0,On Time
PO003530,S017,P0030,W006,2025-08-14,913,2025-08-23,2025-08-23,9,0,On Time
PO003531,S003,P0018,W005,2025-08-18,708,2025-08-30,2025-08-30,12,0,On Time
PO003532,S006,P0063,W007,2025-07-01,48,2025-07-06,2025-07-06,5,0,On Time
PO003533,S014,P0016,W007,2025-09-06,515,2025-09-15,2025-09-17,11,2,Late
PO003534,S015,P0035,W004,2025-11-14,697,2025-11-21,2025-11-21,7,0,On Time
PO003535,S014,P0062,W002,2025-07-29,345,2025-08-07,2025-08-12,14,5,Late
PO003536,S011,P0009,W004,2025-05-24,757,2025-05-29,2025-06-03,10,5,Late
PO003537,S011,P0062,W004,2025-12-11,667,2025-12-16,2025-12-18,7,2,Late
PO003538,S009,P0039,W002,2025-04-06,206,2025-04-12,2025-04-19,13,7,Late
PO003539,S006,P0051,W001,2025-12-12,74,2025-12-17,2025-12-17,5,0,On Time
PO003540,S015,P0010,W003,2025-09-01,897,2025-09-08,2025-09-08,7,0,On Time
PO003541,S012,P0052,W006,2025-03-27,533,2025-04-03,2025-04-06,10,3,Late
PO003542,S006,P0012,W008,2025-07-03,429,2025-07-08,2025-07-08,5,0,On Time
PO003543,S001,P0072,W001,2025-05-01,850,2025-05-14,2025-05-14,13,0,On Time
PO003544,S025,P0062,W004,2025-11-28,36,2025-12-10,2025-12-10,12,0,On Time
PO003545,S016,P0003,W001,2025-04-02,590,2025-04-13,2025-04-14,12,1,Late
PO003546,S020,P0083,W003,2025-03-11,107,2025-03-22,2025-03-24,13,2,Late
PO003547,S015,P0011,W007,2025-05-13,242,2025-05-20,2025-05-21,8,1,Late
PO003548,S002,P0008,W001,2025-10-06,803,2025-10-19,2025-10-20,14,1,Late
PO003549,S017,P0090,W003,2025-05-17,77,2025-05-26,2025-05-27,10,1,Late
PO003550,S003,P0023,W008,2025-11-10,723,2025-11-22,2025-11-22,12,0,On Time
PO003551,S003,P0010,W001,2025-07-06,581,2025-07-18,2025-07-18,12,0,On Time
PO003552,S005,P0018,W008,2025-08-09,744,2025-08-23,2025-08-25,16,2,Late
PO003553,S017,P0076,W005,2025-02-15,249,2025-02-24,2025-02-24,9,0,On Time
PO003554,S023,P0039,W004,2025-10-05,173,2025-10-17,2025-10-24,19,7,Late
PO003555,S017,P0026,W003,2025-07-11,292,2025-07-20,2025-07-22,11,2,Late
PO003556,S020,P0011,W006,2025-01-08,901,2025-01-19,2025-01-20,12,1,Late
PO003557,S006,P0010,W004,2025-10-03,65,2025-10-08,2025-10-15,12,7,Late
PO003558,S001,P0003,W005,2025-06-28,893,2025-07-11,2025-07-11,13,0,On Time
PO003559,S007,P0062,W007,2025-11-30,914,2025-12-14,2025-12-14,14,0,On Time
PO003560,S015,P0071,W001,2025-02-08,471,2025-02-15,2025-02-15,7,0,On Time
PO003561,S007,P0061,W004,2025-10-20,325,2025-11-03,2025-11-03,14,0,On Time
PO003562,S019,P0004,W001,2025-06-27,446,2025-07-03,2025-07-03,6,0,On Time
PO003563,S020,P0061,W001,2025-06-11,137,2025-06-22,2025-06-22,11,0,On Time
PO003564,S022,P0008,W004,2025-11-27,707,2025-12-01,2025-12-03,6,2,Late
PO003565,S011,P0013,W003,2025-04-14,599,2025-04-19,2025-04-19,5,0,On Time
PO003566,S023,P0012,W003,2025-06-10,270,2025-06-22,2025-06-22,12,0,On Time
PO003567,S014,P0035,W004,2025-10-14,422,2025-10-23,2025-10-23,9,0,On Time
PO003568,S013,P0054,W003,2025-05-03,761,2025-05-08,2025-05-08,5,0,On Time
PO003569,S020,P0051,W002,2025-02-23,940,2025-03-06,2025-03-06,11,0,On Time
PO003570,S025,P0043,W001,2025-02-03,219,2025-02-15,2025-02-15,12,0,On Time
PO003571,S009,P0100,W004,2025-08-30,165,2025-09-05,2025-09-07,8,2,Late
PO003572,S009,P0066,W006,2025-04-23,70,2025-04-29,2025-04-29,6,0,On Time
PO003573,S016,P0015,W005,2025-11-14,933,2025-11-25,2025-11-25,11,0,On Time
PO003574,S012,P0049,W008,2025-01-23,387,2025-01-30,2025-01-30,7,0,On Time
PO003575,S010,P0034,W007,2025-02-15,717,2025-02-26,2025-02-26,11,0,On Time
PO003576,S006,P0039,W004,2025-11-08,339,2025-11-13,2025-11-15,7,2,Late
PO003577,S018,P0026,W004,2025-05-15,218,2025-05-19,2025-05-26,11,7,Late
PO003578,S002,P0069,W001,2025-04-28,460,2025-05-11,2025-05-12,14,1,Late
PO003579,S020,P0048,W005,2025-07-08,164,2025-07-19,2025-07-19,11,0,On Time
PO003580,S009,P0089,W001,2025-05-11,78,2025-05-17,2025-05-17,6,0,On Time
PO003581,S019,P0051,W006,2025-07-31,726,2025-08-06,2025-08-06,6,0,On Time
PO003582,S006,P0098,W007,2025-04-23,162,2025-04-28,2025-04-28,5,0,On Time
PO003583,S002,P0004,W008,2025-02-13,242,2025-02-26,2025-02-26,13,0,On Time
PO003584,S015,P0098,W008,2025-05-08,119,2025-05-15,2025-05-16,8,1,Late
PO003585,S017,P0027,W003,2025-12-30,45,2026-01-08,2026-01-08,9,0,On Time
PO003586,S016,P0042,W004,2025-06-07,451,2025-06-18,2025-06-18,11,0,On Time
PO003587,S021,P0056,W001,2025-09-30,545,2025-10-14,2025-10-14,14,0,On Time
PO003588,S008,P0093,W008,2025-11-11,141,2025-11-20,2025-11-22,11,2,Late
PO003589,S010,P0069,W007,2025-12-21,484,2026-01-01,2026-01-01,11,0,On Time
PO003590,S010,P0018,W006,2025-12-06,284,2025-12-17,2025-12-17,11,0,On Time
PO003591,S018,P0061,W006,2025-02-14,26,2025-02-18,2025-02-18,4,0,On Time
PO003592,S010,P0004,W007,2025-04-18,750,2025-04-29,2025-04-29,11,0,On Time
PO003593,S009,P0001,W008,2025-08-07,239,2025-08-13,2025-08-13,6,0,On Time
PO003594,S024,P0050,W008,2025-11-14,714,2025-11-25,2025-11-25,11,0,On Time
PO003595,S019,P0084,W002,2025-11-11,415,2025-11-17,2025-11-17,6,0,On Time
PO003596,S001,P0070,W004,2025-06-26,932,2025-07-09,2025-07-09,13,0,On Time
PO003597,S004,P0020,W006,2025-08-16,476,2025-08-30,2025-08-30,14,0,On Time
PO003598,S024,P0020,W007,2025-07-10,127,2025-07-21,2025-07-23,13,2,Late
PO003599,S003,P0046,W003,2025-06-09,511,2025-06-21,2025-06-21,12,0,On Time
PO003600,S010,P0027,W008,2025-09-24,923,2025-10-05,2025-10-05,11,0,On Time
PO003601,S012,P0026,W001,2025-12-24,878,2025-12-31,2025-12-31,7,0,On Time
PO003602,S018,P0032,W001,2025-11-22,655,2025-11-26,2025-11-27,5,1,Late
PO003603,S023,P0010,W002,2025-07-09,701,2025-07-21,2025-07-21,12,0,On Time
PO003604,S020,P0082,W003,2025-06-24,479,2025-07-05,2025-07-05,11,0,On Time
PO003605,S006,P0012,W006,2025-10-17,952,2025-10-22,2025-10-24,7,2,Late
PO003606,S021,P0074,W007,2025-12-23,935,2026-01-06,2026-01-06,14,0,On Time
PO003607,S002,P0088,W002,2025-05-25,788,2025-06-07,2025-06-07,13,0,On Time
PO003608,S010,P0024,W006,2025-08-20,28,2025-08-31,2025-08-31,11,0,On Time
PO003609,S002,P0051,W006,2025-12-26,386,2026-01-08,2026-01-08,13,0,On Time
PO003610,S009,P0038,W004,2025-07-23,811,2025-07-29,2025-08-05,13,7,Late
PO003611,S010,P0046,W005,2025-08-01,144,2025-08-12,2025-08-12,11,0,On Time
PO003612,S002,P0089,W007,2025-02-09,181,2025-02-22,2025-02-22,13,0,On Time
PO003613,S008,P0008,W006,2025-10-02,55,2025-10-11,2025-10-18,16,7,Late
PO003614,S024,P0055,W001,2025-11-19,23,2025-11-30,2025-12-01,12,1,Late
PO003615,S017,P0078,W006,2025-03-23,432,2025-04-01,2025-04-01,9,0,On Time
PO003616,S017,P0031,W002,2025-06-30,106,2025-07-09,2025-07-10,10,1,Late
PO003617,S004,P0088,W007,2025-11-16,502,2025-11-30,2025-12-01,15,1,Late
PO003618,S018,P0016,W008,2025-03-24,931,2025-03-28,2025-03-30,6,2,Late
PO003619,S012,P0020,W006,2025-10-30,795,2025-11-06,2025-11-06,7,0,On Time
PO003620,S017,P0038,W007,2025-09-19,622,2025-09-28,2025-09-28,9,0,On Time
PO003621,S009,P0015,W008,2025-09-29,826,2025-10-05,2025-10-05,6,0,On Time
PO003622,S019,P0078,W008,2025-07-19,77,2025-07-25,2025-07-25,6,0,On Time
PO003623,S014,P0076,W001,2025-08-28,159,2025-09-06,2025-09-06,9,0,On Time
PO003624,S014,P0034,W001,2025-06-29,191,2025-07-08,2025-07-08,9,0,On Time
PO003625,S017,P0072,W002,2025-06-20,279,2025-06-29,2025-06-29,9,0,On Time
PO003626,S002,P0019,W001,2025-10-22,514,2025-11-04,2025-11-04,13,0,On Time
PO003627,S008,P0069,W003,2025-06-26,44,2025-07-05,2025-07-05,9,0,On Time
PO003628,S005,P0091,W003,2025-08-25,217,2025-09-08,2025-09-08,14,0,On Time
PO003629,S007,P0063,W005,2025-05-18,598,2025-06-01,2025-06-04,17,3,Late
PO003630,S022,P0077,W007,2025-11-23,442,2025-11-27,2025-11-29,6,2,Late
PO003631,S016,P0032,W003,2025-11-07,137,2025-11-18,2025-11-25,18,7,Late
PO003632,S016,P0095,W002,2025-05-09,811,2025-05-20,2025-05-20,11,0,On Time
PO003633,S017,P0037,W006,2025-02-18,25,2025-02-27,2025-02-28,10,1,Late
PO003634,S022,P0066,W003,2025-06-13,116,2025-06-17,2025-06-20,7,3,Late
PO003635,S007,P0007,W005,2025-10-04,91,2025-10-18,2025-10-21,17,3,Late
PO003636,S020,P0048,W007,2025-10-20,948,2025-10-31,2025-11-01,12,1,Late
PO003637,S008,P0011,W004,2025-04-26,451,2025-05-05,2025-05-05,9,0,On Time
PO003638,S008,P0075,W004,2025-01-24,982,2025-02-02,2025-02-02,9,0,On Time
PO003639,S023,P0087,W008,2025-11-07,399,2025-11-19,2025-11-22,15,3,Late
PO003640,S011,P0031,W002,2025-01-25,789,2025-01-30,2025-02-01,7,2,Late
PO003641,S015,P0044,W005,2025-05-07,569,2025-05-14,2025-05-17,10,3,Late
PO003642,S018,P0045,W003,2025-08-22,827,2025-08-26,2025-08-26,4,0,On Time
PO003643,S006,P0072,W005,2025-07-28,75,2025-08-02,2025-08-02,5,0,On Time
PO003644,S022,P0056,W001,2025-04-03,634,2025-04-07,2025-04-07,4,0,On Time
PO003645,S012,P0032,W005,2025-04-04,122,2025-04-11,2025-04-14,10,3,Late
PO003646,S015,P0021,W008,2025-11-23,235,2025-11-30,2025-12-03,10,3,Late
PO003647,S023,P0031,W003,2025-08-13,40,2025-08-25,2025-08-25,12,0,On Time
PO003648,S006,P0001,W002,2025-10-07,646,2025-10-12,2025-10-13,6,1,Late
PO003649,S018,P0077,W001,2025-01-11,229,2025-01-15,2025-01-15,4,0,On Time
PO003650,S024,P0011,W005,2025-11-25,310,2025-12-06,2025-12-06,11,0,On Time
PO003651,S020,P0093,W004,2025-01-12,734,2025-01-23,2025-01-23,11,0,On Time
PO003652,S009,P0068,W008,2025-02-04,990,2025-02-10,2025-02-12,8,2,Late
PO003653,S008,P0036,W003,2025-08-16,854,2025-08-25,2025-08-28,12,3,Late
PO003654,S014,P0079,W002,2025-08-08,207,2025-08-17,2025-08-17,9,0,On Time
PO003655,S019,P0059,W006,2025-05-21,170,2025-05-27,2025-05-27,6,0,On Time
PO003656,S019,P0067,W008,2025-01-23,980,2025-01-29,2025-01-29,6,0,On Time
PO003657,S008,P0056,W003,2025-03-24,210,2025-04-02,2025-04-02,9,0,On Time
PO003658,S002,P0051,W005,2025-08-17,426,2025-08-30,2025-09-06,20,7,Late
PO003659,S025,P0029,W007,2025-12-10,233,2025-12-22,2025-12-25,15,3,Late
PO003660,S004,P0085,W002,2025-03-21,910,2025-04-04,2025-04-04,14,0,On Time
PO003661,S006,P0002,W004,2025-12-19,573,2025-12-24,2025-12-24,5,0,On Time
PO003662,S003,P0006,W001,2025-10-17,497,2025-10-29,2025-10-29,12,0,On Time
PO003663,S003,P0031,W005,2025-11-27,979,2025-12-09,2025-12-09,12,0,On Time
PO003664,S019,P0054,W002,2025-06-08,213,2025-06-14,2025-06-15,7,1,Late
PO003665,S011,P0088,W001,2025-05-08,269,2025-05-13,2025-05-13,5,0,On Time
PO003666,S010,P0040,W007,2025-07-09,612,2025-07-20,2025-07-23,14,3,Late
PO003667,S012,P0017,W002,2025-01-31,60,2025-02-07,2025-02-07,7,0,On Time
PO003668,S014,P0005,W006,2025-12-25,389,2026-01-03,2026-01-10,16,7,Late
PO003669,S018,P0002,W005,2025-01-15,39,2025-01-19,2025-01-19,4,0,On Time
PO003670,S024,P0058,W002,2025-11-09,28,2025-11-20,2025-11-23,14,3,Late
PO003671,S009,P0012,W004,2025-03-16,844,2025-03-22,2025-03-24,8,2,Late
PO003672,S015,P0005,W007,2025-02-03,655,2025-02-10,2025-02-10,7,0,On Time
PO003673,S024,P0060,W002,2025-12-25,222,2026-01-05,2026-01-05,11,0,On Time
PO003674,S003,P0041,W008,2025-07-15,932,2025-07-27,2025-07-30,15,3,Late
PO003675,S023,P0020,W005,2025-11-27,609,2025-12-09,2025-12-09,12,0,On Time
PO003676,S011,P0072,W002,2025-01-29,741,2025-02-03,2025-02-03,5,0,On Time
PO003677,S010,P0001,W008,2025-07-13,37,2025-07-24,2025-07-29,16,5,Late
PO003678,S018,P0056,W001,2025-01-16,767,2025-01-20,2025-01-20,4,0,On Time
PO003679,S004,P0070,W008,2025-03-18,338,2025-04-01,2025-04-01,14,0,On Time
PO003680,S013,P0056,W001,2025-10-20,731,2025-10-25,2025-10-26,6,1,Late
PO003681,S006,P0054,W007,2025-03-22,880,2025-03-27,2025-03-27,5,0,On Time
PO003682,S021,P0011,W006,2025-05-04,987,2025-05-18,2025-05-18,14,0,On Time
PO003683,S013,P0003,W003,2025-01-19,301,2025-01-24,2025-01-24,5,0,On Time
PO003684,S025,P0095,W007,2025-04-12,495,2025-04-24,2025-04-25,13,1,Late
PO003685,S020,P0028,W006,2025-03-18,987,2025-03-29,2025-03-29,11,0,On Time
PO003686,S005,P0005,W007,2025-08-17,271,2025-08-31,2025-09-01,15,1,Late
PO003687,S020,P0090,W003,2025-10-24,359,2025-11-04,2025-11-04,11,0,On Time
PO003688,S014,P0016,W004,2025-07-22,770,2025-07-31,2025-08-03,12,3,Late
PO003689,S013,P0031,W001,2025-03-02,987,2025-03-07,2025-03-07,5,0,On Time
PO003690,S014,P0028,W003,2025-01-26,481,2025-02-04,2025-02-11,16,7,Late
PO003691,S008,P0007,W002,2025-03-12,800,2025-03-21,2025-03-21,9,0,On Time
PO003692,S016,P0009,W004,2025-04-13,650,2025-04-24,2025-04-24,11,0,On Time
PO003693,S013,P0039,W005,2025-11-22,420,2025-11-27,2025-11-27,5,0,On Time
PO003694,S024,P0099,W003,2025-12-29,390,2026-01-09,2026-01-09,11,0,On Time
PO003695,S015,P0043,W007,2025-06-06,301,2025-06-13,2025-06-13,7,0,On Time
PO003696,S019,P0027,W006,2025-12-29,409,2026-01-04,2026-01-05,7,1,Late
PO003697,S001,P0076,W003,2025-12-25,356,2026-01-07,2026-01-10,16,3,Late
PO003698,S022,P0089,W006,2025-07-13,919,2025-07-17,2025-07-17,4,0,On Time
PO003699,S002,P0093,W007,2025-10-02,364,2025-10-15,2025-10-15,13,0,On Time
PO003700,S018,P0095,W007,2025-11-20,538,2025-11-24,2025-11-27,7,3,Late
PO003701,S019,P0098,W006,2025-07-05,292,2025-07-11,2025-07-11,6,0,On Time
PO003702,S008,P0033,W001,2025-11-22,272,2025-12-01,2025-12-01,9,0,On Time
PO003703,S003,P0091,W004,2025-04-23,873,2025-05-05,2025-05-05,12,0,On Time
PO003704,S023,P0056,W006,2025-11-09,659,2025-11-21,2025-11-21,12,0,On Time
PO003705,S014,P0002,W001,2025-06-14,393,2025-06-23,2025-06-23,9,0,On Time
PO003706,S009,P0014,W001,2025-03-02,623,2025-03-08,2025-03-09,7,1,Late
PO003707,S008,P0013,W006,2025-04-02,837,2025-04-11,2025-04-11,9,0,On Time
PO003708,S017,P0024,W004,2025-10-13,915,2025-10-22,2025-10-24,11,2,Late
PO003709,S023,P0069,W002,2025-06-02,25,2025-06-14,2025-06-14,12,0,On Time
PO003710,S023,P0034,W007,2025-08-13,433,2025-08-25,2025-08-25,12,0,On Time
PO003711,S024,P0087,W003,2025-05-07,605,2025-05-18,2025-05-18,11,0,On Time
PO003712,S016,P0019,W001,2025-07-12,517,2025-07-23,2025-07-28,16,5,Late
PO003713,S010,P0030,W003,2025-04-25,75,2025-05-06,2025-05-06,11,0,On Time
PO003714,S021,P0049,W004,2025-09-19,826,2025-10-03,2025-10-03,14,0,On Time
PO003715,S010,P0043,W002,2025-01-18,417,2025-01-29,2025-01-29,11,0,On Time
PO003716,S025,P0016,W008,2025-01-10,841,2025-01-22,2025-01-22,12,0,On Time
PO003717,S025,P0052,W005,2025-04-02,257,2025-04-14,2025-04-14,12,0,On Time
PO003718,S024,P0098,W007,2025-05-19,509,2025-05-30,2025-05-30,11,0,On Time
PO003719,S006,P0049,W007,2025-11-29,41,2025-12-04,2025-12-04,5,0,On Time
PO003720,S022,P0011,W002,2025-12-23,460,2025-12-27,2026-01-03,11,7,Late
PO003721,S017,P0078,W008,2025-12-06,60,2025-12-15,2025-12-15,9,0,On Time
PO003722,S016,P0047,W004,2025-02-21,877,2025-03-04,2025-03-06,13,2,Late
PO003723,S015,P0079,W002,2025-07-14,797,2025-07-21,2025-07-21,7,0,On Time
PO003724,S022,P0035,W007,2025-07-25,277,2025-07-29,2025-07-29,4,0,On Time
PO003725,S014,P0071,W005,2025-10-14,470,2025-10-23,2025-10-30,16,7,Late
PO003726,S004,P0029,W001,2025-04-03,67,2025-04-17,2025-04-19,16,2,Late
PO003727,S004,P0054,W002,2025-11-05,829,2025-11-19,2025-11-19,14,0,On Time
PO003728,S002,P0086,W006,2025-05-25,522,2025-06-07,2025-06-08,14,1,Late
PO003729,S011,P0023,W006,2025-03-27,158,2025-04-01,2025-04-08,12,7,Late
PO003730,S004,P0024,W004,2025-06-02,221,2025-06-16,2025-06-16,14,0,On Time
PO003731,S021,P0099,W007,2025-01-02,671,2025-01-16,2025-01-16,14,0,On Time
PO003732,S021,P0010,W007,2025-12-08,528,2025-12-22,2025-12-22,14,0,On Time
PO003733,S016,P0061,W002,2025-09-17,673,2025-09-28,2025-09-29,12,1,Late
PO003734,S021,P0008,W005,2025-06-13,305,2025-06-27,2025-06-28,15,1,Late
PO003735,S004,P0048,W004,2025-01-06,252,2025-01-20,2025-01-21,15,1,Late
PO003736,S001,P0076,W002,2025-05-29,335,2025-06-11,2025-06-11,13,0,On Time
PO003737,S024,P0093,W004,2025-07-24,480,2025-08-04,2025-08-09,16,5,Late
PO003738,S019,P0029,W006,2025-04-28,689,2025-05-04,2025-05-04,6,0,On Time
PO003739,S002,P0087,W008,2025-03-30,569,2025-04-12,2025-04-12,13,0,On Time
PO003740,S009,P0026,W005,2025-06-03,606,2025-06-09,2025-06-09,6,0,On Time
PO003741,S023,P0037,W001,2025-06-16,340,2025-06-28,2025-07-05,19,7,Late
PO003742,S025,P0096,W005,2025-06-10,194,2025-06-22,2025-06-22,12,0,On Time
PO003743,S013,P0052,W001,2025-09-27,58,2025-10-02,2025-10-02,5,0,On Time
PO003744,S018,P0038,W007,2025-02-25,452,2025-03-01,2025-03-06,9,5,Late
PO003745,S016,P0006,W003,2025-08-16,504,2025-08-27,2025-09-01,16,5,Late
PO003746,S016,P0008,W008,2025-12-03,604,2025-12-14,2025-12-14,11,0,On Time
PO003747,S025,P0017,W006,2025-05-29,77,2025-06-10,2025-06-15,17,5,Late
PO003748,S010,P0076,W007,2025-02-15,515,2025-02-26,2025-02-27,12,1,Late
PO003749,S009,P0062,W006,2025-05-24,894,2025-05-30,2025-05-30,6,0,On Time
PO003750,S011,P0086,W008,2025-08-26,620,2025-08-31,2025-08-31,5,0,On Time
PO003751,S025,P0078,W006,2025-09-29,804,2025-10-11,2025-10-11,12,0,On Time
PO003752,S004,P0034,W005,2025-04-30,153,2025-05-14,2025-05-14,14,0,On Time
PO003753,S010,P0019,W001,2025-12-06,674,2025-12-17,2025-12-18,12,1,Late
PO003754,S003,P0070,W003,2025-08-08,528,2025-08-20,2025-08-20,12,0,On Time
PO003755,S006,P0082,W008,2025-01-08,982,2025-01-13,2025-01-16,8,3,Late
PO003756,S003,P0100,W003,2025-12-10,626,2025-12-22,2025-12-25,15,3,Late
PO003757,S009,P0037,W003,2025-10-02,175,2025-10-08,2025-10-08,6,0,On Time
PO003758,S003,P0038,W007,2025-12-19,220,2025-12-31,2026-01-05,17,5,Late
PO003759,S018,P0015,W004,2025-03-07,959,2025-03-11,2025-03-13,6,2,Late
PO003760,S008,P0040,W005,2025-03-20,518,2025-03-29,2025-03-29,9,0,On Time
PO003761,S022,P0009,W005,2025-03-27,421,2025-03-31,2025-04-02,6,2,Late
PO003762,S008,P0053,W007,2025-05-04,515,2025-05-13,2025-05-18,14,5,Late
PO003763,S015,P0070,W006,2025-07-21,507,2025-07-28,2025-07-28,7,0,On Time
PO003764,S013,P0066,W005,2025-05-30,179,2025-06-04,2025-06-11,12,7,Late
PO003765,S007,P0080,W005,2025-02-15,230,2025-03-01,2025-03-01,14,0,On Time
PO003766,S019,P0052,W004,2025-04-23,472,2025-04-29,2025-04-29,6,0,On Time
PO003767,S008,P0001,W005,2025-04-01,703,2025-04-10,2025-04-12,11,2,Late
PO003768,S010,P0030,W001,2025-05-21,89,2025-06-01,2025-06-03,13,2,Late
PO003769,S017,P0097,W007,2025-10-16,850,2025-10-25,2025-10-26,10,1,Late
PO003770,S001,P0001,W003,2025-08-06,991,2025-08-19,2025-08-19,13,0,On Time
PO003771,S013,P0039,W004,2025-03-18,333,2025-03-23,2025-03-24,6,1,Late
PO003772,S013,P0016,W004,2025-11-30,450,2025-12-05,2025-12-06,6,1,Late
PO003773,S024,P0017,W006,2025-06-01,401,2025-06-12,2025-06-12,11,0,On Time
PO003774,S016,P0082,W005,2025-11-19,676,2025-11-30,2025-11-30,11,0,On Time
PO003775,S009,P0022,W003,2025-08-27,186,2025-09-02,2025-09-05,9,3,Late
PO003776,S010,P0086,W007,2025-04-25,974,2025-05-06,2025-05-06,11,0,On Time
PO003777,S006,P0099,W001,2025-11-15,410,2025-11-20,2025-11-20,5,0,On Time
PO003778,S005,P0031,W008,2025-04-04,338,2025-04-18,2025-04-18,14,0,On Time
PO003779,S002,P0040,W007,2025-02-17,136,2025-03-02,2025-03-03,14,1,Late
PO003780,S011,P0027,W008,2025-07-10,716,2025-07-15,2025-07-15,5,0,On Time
PO003781,S009,P0036,W003,2025-01-12,531,2025-01-18,2025-01-18,6,0,On Time
PO003782,S006,P0004,W007,2025-06-05,222,2025-06-10,2025-06-10,5,0,On Time
PO003783,S008,P0069,W002,2025-06-21,181,2025-06-30,2025-06-30,9,0,On Time
PO003784,S009,P0025,W003,2025-10-23,840,2025-10-29,2025-10-29,6,0,On Time
PO003785,S009,P0095,W001,2025-06-26,981,2025-07-02,2025-07-02,6,0,On Time
PO003786,S008,P0078,W001,2025-12-07,481,2025-12-16,2025-12-16,9,0,On Time
PO003787,S012,P0030,W001,2025-02-26,869,2025-03-05,2025-03-05,7,0,On Time
PO003788,S008,P0047,W004,2025-12-09,963,2025-12-18,2025-12-23,14,5,Late
PO003789,S003,P0012,W007,2025-12-06,719,2025-12-18,2025-12-18,12,0,On Time
PO003790,S013,P0027,W004,2025-07-22,574,2025-07-27,2025-07-30,8,3,Late
PO003791,S019,P0045,W002,2025-07-04,220,2025-07-10,2025-07-11,7,1,Late
PO003792,S002,P0088,W003,2025-05-01,250,2025-05-14,2025-05-14,13,0,On Time
PO003793,S017,P0063,W005,2025-08-14,535,2025-08-23,2025-08-23,9,0,On Time
PO003794,S016,P0055,W006,2025-07-21,771,2025-08-01,2025-08-08,18,7,Late
PO003795,S004,P0030,W002,2025-11-26,225,2025-12-10,2025-12-10,14,0,On Time
PO003796,S018,P0082,W007,2025-12-29,350,2026-01-02,2026-01-02,4,0,On Time
PO003797,S014,P0014,W005,2025-12-22,625,2025-12-31,2025-12-31,9,0,On Time
PO003798,S002,P0056,W008,2025-08-04,763,2025-08-17,2025-08-17,13,0,On Time
PO003799,S013,P0019,W007,2025-02-12,894,2025-02-17,2025-02-19,7,2,Late
PO003800,S021,P0086,W005,2025-01-23,366,2025-02-06,2025-02-11,19,5,Late
PO003801,S020,P0026,W002,2025-06-04,368,2025-06-15,2025-06-15,11,0,On Time
PO003802,S017,P0071,W003,2025-07-05,967,2025-07-14,2025-07-14,9,0,On Time
PO003803,S015,P0092,W006,2025-09-06,179,2025-09-13,2025-09-13,7,0,On Time
PO003804,S025,P0038,W005,2025-08-25,644,2025-09-06,2025-09-13,19,7,Late
PO003805,S020,P0069,W004,2025-10-20,271,2025-10-31,2025-10-31,11,0,On Time
PO003806,S005,P0036,W004,2025-05-14,241,2025-05-28,2025-05-31,17,3,Late
PO003807,S007,P0018,W002,2025-11-17,877,2025-12-01,2025-12-01,14,0,On Time
PO003808,S018,P0057,W006,2025-01-22,625,2025-01-26,2025-01-27,5,1,Late
PO003809,S024,P0078,W006,2025-12-27,966,2026-01-07,2026-01-07,11,0,On Time
PO003810,S011,P0023,W007,2025-03-29,413,2025-04-03,2025-04-08,10,5,Late
PO003811,S018,P0014,W005,2025-06-02,415,2025-06-06,2025-06-06,4,0,On Time
PO003812,S005,P0096,W002,2025-05-05,997,2025-05-19,2025-05-21,16,2,Late
PO003813,S013,P0069,W006,2025-03-20,186,2025-03-25,2025-03-25,5,0,On Time
PO003814,S018,P0022,W006,2025-12-12,995,2025-12-16,2025-12-17,5,1,Late
PO003815,S002,P0028,W004,2025-02-20,471,2025-03-05,2025-03-05,13,0,On Time
PO003816,S020,P0043,W002,2025-08-04,157,2025-08-15,2025-08-15,11,0,On Time
PO003817,S004,P0076,W005,2025-06-25,879,2025-07-09,2025-07-09,14,0,On Time
PO003818,S013,P0018,W008,2025-12-24,892,2025-12-29,2025-12-29,5,0,On Time
PO003819,S024,P0100,W005,2025-09-10,229,2025-09-21,2025-09-21,11,0,On Time
PO003820,S016,P0095,W004,2025-09-03,787,2025-09-14,2025-09-14,11,0,On Time
PO003821,S006,P0077,W008,2025-08-15,604,2025-08-20,2025-08-20,5,0,On Time
PO003822,S008,P0084,W007,2025-04-16,233,2025-04-25,2025-04-25,9,0,On Time
PO003823,S016,P0036,W008,2025-07-12,797,2025-07-23,2025-07-23,11,0,On Time
PO003824,S013,P0007,W008,2025-11-12,379,2025-11-17,2025-11-17,5,0,On Time
PO003825,S023,P0023,W001,2025-10-29,682,2025-11-10,2025-11-10,12,0,On Time
PO003826,S004,P0034,W001,2025-02-05,254,2025-02-19,2025-02-19,14,0,On Time
PO003827,S002,P0096,W006,2025-07-23,992,2025-08-05,2025-08-08,16,3,Late
PO003828,S009,P0021,W003,2025-09-24,747,2025-09-30,2025-09-30,6,0,On Time
PO003829,S018,P0070,W004,2025-09-25,416,2025-09-29,2025-09-30,5,1,Late
PO003830,S017,P0080,W003,2025-06-19,323,2025-06-28,2025-06-28,9,0,On Time
PO003831,S008,P0099,W006,2025-02-08,128,2025-02-17,2025-02-24,16,7,Late
PO003832,S015,P0047,W007,2025-05-19,876,2025-05-26,2025-05-26,7,0,On Time
PO003833,S009,P0053,W004,2025-10-19,831,2025-10-25,2025-10-28,9,3,Late
PO003834,S017,P0084,W005,2025-02-21,880,2025-03-02,2025-03-02,9,0,On Time
PO003835,S023,P0041,W007,2025-10-14,995,2025-10-26,2025-10-26,12,0,On Time
PO003836,S002,P0075,W004,2025-10-16,851,2025-10-29,2025-10-29,13,0,On Time
PO003837,S006,P0032,W002,2025-05-21,827,2025-05-26,2025-05-26,5,0,On Time
PO003838,S005,P0014,W008,2025-05-26,409,2025-06-09,2025-06-09,14,0,On Time
PO003839,S017,P0088,W003,2025-11-10,139,2025-11-19,2025-11-19,9,0,On Time
PO003840,S002,P0095,W004,2025-07-03,859,2025-07-16,2025-07-21,18,5,Late
PO003841,S018,P0017,W008,2025-06-01,629,2025-06-05,2025-06-05,4,0,On Time
PO003842,S010,P0025,W003,2025-07-20,229,2025-07-31,2025-07-31,11,0,On Time
PO003843,S010,P0064,W007,2025-05-08,446,2025-05-19,2025-05-21,13,2,Late
PO003844,S006,P0073,W006,2025-10-14,563,2025-10-19,2025-10-21,7,2,Late
PO003845,S012,P0086,W004,2025-11-07,964,2025-11-14,2025-11-14,7,0,On Time
PO003846,S017,P0048,W001,2025-09-10,349,2025-09-19,2025-09-20,10,1,Late
PO003847,S013,P0035,W003,2025-09-23,245,2025-09-28,2025-09-28,5,0,On Time
PO003848,S020,P0037,W008,2025-07-07,746,2025-07-18,2025-07-18,11,0,On Time
PO003849,S016,P0055,W005,2025-08-18,654,2025-08-29,2025-08-29,11,0,On Time
PO003850,S010,P0017,W005,2025-09-28,166,2025-10-09,2025-10-09,11,0,On Time
PO003851,S021,P0028,W008,2025-09-16,359,2025-09-30,2025-09-30,14,0,On Time
PO003852,S002,P0001,W008,2025-10-26,583,2025-11-08,2025-11-08,13,0,On Time
PO003853,S002,P0053,W004,2025-07-17,199,2025-07-30,2025-07-30,13,0,On Time
PO003854,S023,P0073,W005,2025-11-19,309,2025-12-01,2025-12-01,12,0,On Time
PO003855,S007,P0055,W008,2025-02-25,206,2025-03-11,2025-03-12,15,1,Late
PO003856,S006,P0061,W007,2025-11-15,505,2025-11-20,2025-11-20,5,0,On Time
PO003857,S001,P0013,W005,2025-07-22,356,2025-08-04,2025-08-05,14,1,Late
PO003858,S012,P0047,W003,2025-09-28,127,2025-10-05,2025-10-08,10,3,Late
PO003859,S013,P0064,W007,2025-04-19,145,2025-04-24,2025-04-27,8,3,Late
PO003860,S012,P0032,W004,2025-04-26,792,2025-05-03,2025-05-06,10,3,Late
PO003861,S019,P0028,W003,2025-04-02,725,2025-04-08,2025-04-08,6,0,On Time
PO003862,S009,P0053,W004,2025-05-18,828,2025-05-24,2025-05-24,6,0,On Time
PO003863,S010,P0031,W005,2025-10-30,53,2025-11-10,2025-11-10,11,0,On Time
PO003864,S017,P0008,W007,2025-02-26,457,2025-03-07,2025-03-07,9,0,On Time
PO003865,S018,P0072,W004,2025-02-19,295,2025-02-23,2025-02-23,4,0,On Time
PO003866,S008,P0098,W006,2025-03-12,513,2025-03-21,2025-03-21,9,0,On Time
PO003867,S007,P0087,W004,2025-03-23,201,2025-04-06,2025-04-13,21,7,Late
PO003868,S009,P0074,W002,2025-04-15,258,2025-04-21,2025-04-21,6,0,On Time
PO003869,S010,P0025,W004,2025-03-29,853,2025-04-09,2025-04-09,11,0,On Time
PO003870,S012,P0033,W002,2025-01-02,367,2025-01-09,2025-01-09,7,0,On Time
PO003871,S015,P0068,W003,2025-12-26,165,2026-01-02,2026-01-03,8,1,Late
PO003872,S015,P0007,W002,2025-03-25,63,2025-04-01,2025-04-01,7,0,On Time
PO003873,S004,P0097,W007,2025-02-12,890,2025-02-26,2025-02-26,14,0,On Time
PO003874,S004,P0066,W003,2025-06-03,835,2025-06-17,2025-06-24,21,7,Late
PO003875,S023,P0046,W004,2025-11-23,518,2025-12-05,2025-12-07,14,2,Late
PO003876,S001,P0096,W003,2025-04-04,822,2025-04-17,2025-04-18,14,1,Late
PO003877,S012,P0005,W005,2025-10-25,994,2025-11-01,2025-11-06,12,5,Late
PO003878,S025,P0017,W006,2025-05-13,898,2025-05-25,2025-05-25,12,0,On Time
PO003879,S002,P0076,W004,2025-03-06,314,2025-03-19,2025-03-20,14,1,Late
PO003880,S015,P0052,W007,2025-10-17,790,2025-10-24,2025-10-24,7,0,On Time
PO003881,S017,P0012,W002,2025-09-14,550,2025-09-23,2025-09-24,10,1,Late
PO003882,S007,P0062,W006,2025-08-01,746,2025-08-15,2025-08-15,14,0,On Time
PO003883,S006,P0035,W001,2025-05-28,230,2025-06-02,2025-06-02,5,0,On Time
PO003884,S012,P0062,W006,2025-03-02,912,2025-03-09,2025-03-09,7,0,On Time
PO003885,S019,P0021,W008,2025-05-29,421,2025-06-04,2025-06-04,6,0,On Time
PO003886,S001,P0085,W004,2025-03-29,250,2025-04-11,2025-04-11,13,0,On Time
PO003887,S021,P0066,W007,2025-11-20,358,2025-12-04,2025-12-04,14,0,On Time
PO003888,S014,P0053,W007,2025-10-05,24,2025-10-14,2025-10-14,9,0,On Time
PO003889,S004,P0021,W008,2025-03-23,330,2025-04-06,2025-04-06,14,0,On Time
PO003890,S005,P0015,W006,2025-05-09,800,2025-05-23,2025-05-23,14,0,On Time
PO003891,S001,P0075,W006,2025-10-13,181,2025-10-26,2025-10-26,13,0,On Time
PO003892,S001,P0074,W005,2025-12-19,235,2026-01-01,2026-01-02,14,1,Late
PO003893,S021,P0082,W003,2025-10-07,805,2025-10-21,2025-10-21,14,0,On Time
PO003894,S006,P0023,W006,2025-09-27,855,2025-10-02,2025-10-02,5,0,On Time
PO003895,S005,P0031,W002,2025-10-19,631,2025-11-02,2025-11-04,16,2,Late
PO003896,S002,P0054,W007,2025-07-22,987,2025-08-04,2025-08-04,13,0,On Time
PO003897,S025,P0055,W008,2025-01-24,190,2025-02-05,2025-02-05,12,0,On Time
PO003898,S021,P0026,W002,2025-12-17,980,2025-12-31,2025-12-31,14,0,On Time
PO003899,S005,P0053,W005,2025-11-07,271,2025-11-21,2025-11-26,19,5,Late
PO003900,S009,P0066,W006,2025-07-27,700,2025-08-02,2025-08-02,6,0,On Time
PO003901,S019,P0039,W006,2025-10-07,57,2025-10-13,2025-10-13,6,0,On Time
PO003902,S021,P0007,W005,2025-07-24,247,2025-08-07,2025-08-10,17,3,Late
PO003903,S015,P0088,W004,2025-06-01,953,2025-06-08,2025-06-08,7,0,On Time
PO003904,S013,P0039,W001,2025-01-26,928,2025-01-31,2025-01-31,5,0,On Time
PO003905,S012,P0032,W001,2025-07-13,656,2025-07-20,2025-07-20,7,0,On Time
PO003906,S005,P0026,W003,2025-12-02,297,2025-12-16,2025-12-23,21,7,Late
PO003907,S002,P0087,W002,2025-08-26,304,2025-09-08,2025-09-10,15,2,Late
PO003908,S004,P0078,W004,2025-11-17,529,2025-12-01,2025-12-01,14,0,On Time
PO003909,S018,P0029,W002,2025-03-16,668,2025-03-20,2025-03-20,4,0,On Time
PO003910,S021,P0025,W004,2025-06-12,385,2025-06-26,2025-06-26,14,0,On Time
PO003911,S010,P0056,W005,2025-10-26,639,2025-11-06,2025-11-06,11,0,On Time
PO003912,S013,P0031,W003,2025-01-29,87,2025-02-03,2025-02-03,5,0,On Time
PO003913,S012,P0066,W005,2025-06-14,123,2025-06-21,2025-06-21,7,0,On Time
PO003914,S002,P0002,W002,2025-12-03,420,2025-12-16,2025-12-16,13,0,On Time
PO003915,S015,P0087,W007,2025-07-05,265,2025-07-12,2025-07-15,10,3,Late
PO003916,S014,P0047,W003,2025-02-23,696,2025-03-04,2025-03-04,9,0,On Time
PO003917,S025,P0075,W006,2025-10-22,211,2025-11-03,2025-11-03,12,0,On Time
PO003918,S010,P0029,W008,2025-02-11,726,2025-02-22,2025-02-24,13,2,Late
PO003919,S022,P0099,W007,2025-10-12,663,2025-10-16,2025-10-16,4,0,On Time
PO003920,S008,P0049,W008,2025-05-18,315,2025-05-27,2025-05-30,12,3,Late
PO003921,S025,P0073,W004,2025-07-06,163,2025-07-18,2025-07-18,12,0,On Time
PO003922,S015,P0032,W004,2025-07-23,926,2025-07-30,2025-07-31,8,1,Late
PO003923,S013,P0030,W003,2025-02-11,750,2025-02-16,2025-02-21,10,5,Late
PO003924,S008,P0015,W005,2025-12-16,45,2025-12-25,2025-12-25,9,0,On Time
PO003925,S021,P0062,W003,2025-10-15,270,2025-10-29,2025-10-29,14,0,On Time
PO003926,S021,P0078,W005,2025-01-26,626,2025-02-09,2025-02-09,14,0,On Time
PO003927,S022,P0017,W003,2025-02-25,885,2025-03-01,2025-03-01,4,0,On Time
PO003928,S014,P0022,W005,2025-09-10,731,2025-09-19,2025-09-19,9,0,On Time
PO003929,S001,P0030,W001,2025-05-02,634,2025-05-15,2025-05-15,13,0,On Time
PO003930,S013,P0081,W003,2025-04-16,212,2025-04-21,2025-04-23,7,2,Late
PO003931,S008,P0016,W008,2025-05-10,400,2025-05-19,2025-05-21,11,2,Late
PO003932,S018,P0052,W008,2025-12-03,21,2025-12-07,2025-12-12,9,5,Late
PO003933,S022,P0008,W005,2025-06-07,778,2025-06-11,2025-06-11,4,0,On Time
PO003934,S009,P0064,W006,2025-08-19,622,2025-08-25,2025-08-25,6,0,On Time
PO003935,S013,P0039,W002,2025-11-04,64,2025-11-09,2025-11-12,8,3,Late
PO003936,S003,P0031,W007,2025-04-01,958,2025-04-13,2025-04-13,12,0,On Time
PO003937,S018,P0012,W007,2025-01-22,22,2025-01-26,2025-01-27,5,1,Late
PO003938,S010,P0033,W007,2025-10-17,949,2025-10-28,2025-10-28,11,0,On Time
PO003939,S005,P0058,W002,2025-04-20,867,2025-05-04,2025-05-04,14,0,On Time
PO003940,S025,P0012,W008,2025-02-18,468,2025-03-02,2025-03-02,12,0,On Time
PO003941,S006,P0025,W003,2025-05-09,595,2025-05-14,2025-05-14,5,0,On Time
PO003942,S008,P0038,W003,2025-03-14,154,2025-03-23,2025-03-23,9,0,On Time
PO003943,S024,P0048,W004,2025-12-06,310,2025-12-17,2025-12-17,11,0,On Time
PO003944,S007,P0082,W005,2025-02-22,297,2025-03-08,2025-03-10,16,2,Late
PO003945,S021,P0083,W003,2025-12-22,195,2026-01-05,2026-01-05,14,0,On Time
PO003946,S018,P0055,W002,2025-06-17,947,2025-06-21,2025-06-21,4,0,On Time
PO003947,S014,P0003,W002,2025-02-14,301,2025-02-23,2025-02-23,9,0,On Time
PO003948,S015,P0099,W007,2025-04-15,139,2025-04-22,2025-04-22,7,0,On Time
PO003949,S010,P0069,W002,2025-05-30,793,2025-06-10,2025-06-10,11,0,On Time
PO003950,S021,P0035,W008,2025-05-26,193,2025-06-09,2025-06-09,14,0,On Time
PO003951,S012,P0051,W005,2025-07-23,458,2025-07-30,2025-07-30,7,0,On Time
PO003952,S007,P0027,W001,2025-12-28,478,2026-01-11,2026-01-11,14,0,On Time
PO003953,S007,P0037,W003,2025-10-26,649,2025-11-09,2025-11-09,14,0,On Time
PO003954,S011,P0085,W007,2025-06-16,970,2025-06-21,2025-06-23,7,2,Late
PO003955,S013,P0016,W001,2025-07-20,360,2025-07-25,2025-07-25,5,0,On Time
PO003956,S015,P0092,W005,2025-05-14,716,2025-05-21,2025-05-21,7,0,On Time
PO003957,S018,P0025,W007,2025-07-30,774,2025-08-03,2025-08-08,9,5,Late
PO003958,S007,P0033,W006,2025-02-17,745,2025-03-03,2025-03-03,14,0,On Time
PO003959,S006,P0062,W003,2025-05-06,140,2025-05-11,2025-05-11,5,0,On Time
PO003960,S023,P0017,W004,2025-08-27,594,2025-09-08,2025-09-08,12,0,On Time
PO003961,S011,P0043,W003,2025-01-07,916,2025-01-12,2025-01-12,5,0,On Time
PO003962,S008,P0030,W003,2025-09-29,680,2025-10-08,2025-10-08,9,0,On Time
PO003963,S020,P0041,W003,2025-02-06,512,2025-02-17,2025-02-17,11,0,On Time
PO003964,S001,P0004,W007,2025-07-30,295,2025-08-12,2025-08-12,13,0,On Time
PO003965,S008,P0066,W007,2025-06-14,988,2025-06-23,2025-06-28,14,5,Late
PO003966,S008,P0060,W003,2025-05-05,48,2025-05-14,2025-05-14,9,0,On Time
PO003967,S019,P0009,W006,2025-12-03,830,2025-12-09,2025-12-09,6,0,On Time
PO003968,S003,P0031,W003,2025-07-11,756,2025-07-23,2025-07-23,12,0,On Time
PO003969,S005,P0089,W005,2025-08-06,704,2025-08-20,2025-08-20,14,0,On Time
PO003970,S003,P0100,W003,2025-08-02,263,2025-08-14,2025-08-14,12,0,On Time
PO003971,S015,P0069,W006,2025-03-03,340,2025-03-10,2025-03-15,12,5,Late
PO003972,S014,P0024,W008,2025-11-24,662,2025-12-03,2025-12-03,9,0,On Time
PO003973,S021,P0024,W005,2025-06-10,371,2025-06-24,2025-07-01,21,7,Late
PO003974,S015,P0093,W003,2025-03-07,551,2025-03-14,2025-03-14,7,0,On Time
PO003975,S024,P0045,W003,2025-10-13,100,2025-10-24,2025-10-24,11,0,On Time
PO003976,S017,P0095,W005,2025-08-27,312,2025-09-05,2025-09-05,9,0,On Time
PO003977,S018,P0037,W003,2025-01-20,313,2025-01-24,2025-01-24,4,0,On Time
PO003978,S002,P0058,W006,2025-07-07,516,2025-07-20,2025-07-20,13,0,On Time
PO003979,S012,P0083,W007,2025-03-23,477,2025-03-30,2025-03-31,8,1,Late
PO003980,S016,P0023,W008,2025-12-29,766,2026-01-09,2026-01-09,11,0,On Time
PO003981,S004,P0035,W002,2025-07-21,832,2025-08-04,2025-08-04,14,0,On Time
PO003982,S025,P0063,W003,2025-05-12,752,2025-05-24,2025-05-25,13,1,Late
PO003983,S002,P0006,W004,2025-02-06,701,2025-02-19,2025-02-19,13,0,On Time
PO003984,S014,P0006,W005,2025-05-12,577,2025-05-21,2025-05-21,9,0,On Time
PO003985,S011,P0030,W006,2025-03-18,79,2025-03-23,2025-03-23,5,0,On Time
PO003986,S013,P0001,W003,2025-03-30,627,2025-04-04,2025-04-04,5,0,On Time
PO003987,S025,P0063,W003,2025-09-10,800,2025-09-22,2025-09-24,14,2,Late
PO003988,S007,P0008,W005,2025-12-10,562,2025-12-24,2025-12-24,14,0,On Time
PO003989,S010,P0028,W001,2025-07-13,399,2025-07-24,2025-07-29,16,5,Late
PO003990,S024,P0089,W006,2025-06-25,343,2025-07-06,2025-07-09,14,3,Late
PO003991,S001,P0033,W006,2025-02-02,647,2025-02-15,2025-02-15,13,0,On Time
PO003992,S021,P0053,W002,2025-02-27,81,2025-03-13,2025-03-13,14,0,On Time
PO003993,S025,P0038,W007,2025-07-20,964,2025-08-01,2025-08-03,14,2,Late
PO003994,S004,P0052,W007,2025-01-28,165,2025-02-11,2025-02-14,17,3,Late
PO003995,S018,P0078,W002,2025-02-04,862,2025-02-08,2025-02-08,4,0,On Time
PO003996,S006,P0011,W003,2025-05-05,381,2025-05-10,2025-05-15,10,5,Late
PO003997,S002,P0002,W005,2025-11-17,72,2025-11-30,2025-12-05,18,5,Late
PO003998,S003,P0053,W004,2025-02-11,421,2025-02-23,2025-02-23,12,0,On Time
PO003999,S014,P0094,W003,2025-03-26,582,2025-04-04,2025-04-06,11,2,Late
PO004000,S008,P0094,W002,2025-07-07,700,2025-07-16,2025-07-16,9,0,On Time
PO004001,S016,P0068,W003,2025-04-21,888,2025-05-02,2025-05-02,11,0,On Time
PO004002,S019,P0077,W005,2025-09-28,888,2025-10-04,2025-10-04,6,0,On Time
PO004003,S018,P0007,W006,2025-11-21,726,2025-11-25,2025-11-25,4,0,On Time
PO004004,S006,P0067,W008,2025-04-15,468,2025-04-20,2025-04-21,6,1,Late
PO004005,S014,P0009,W006,2025-11-16,102,2025-11-25,2025-11-25,9,0,On Time
PO004006,S003,P0078,W006,2025-02-10,398,2025-02-22,2025-02-22,12,0,On Time
PO004007,S016,P0063,W006,2025-08-03,665,2025-08-14,2025-08-17,14,3,Late
PO004008,S001,P0011,W007,2025-03-12,477,2025-03-25,2025-03-25,13,0,On Time
PO004009,S012,P0037,W004,2025-02-25,952,2025-03-04,2025-03-04,7,0,On Time
PO004010,S014,P0014,W001,2025-08-24,799,2025-09-02,2025-09-02,9,0,On Time
PO004011,S019,P0019,W007,2025-10-08,100,2025-10-14,2025-10-14,6,0,On Time
PO004012,S022,P0008,W004,2025-04-15,750,2025-04-19,2025-04-22,7,3,Late
PO004013,S019,P0007,W008,2025-06-11,533,2025-06-17,2025-06-17,6,0,On Time
PO004014,S009,P0059,W003,2025-07-10,328,2025-07-16,2025-07-16,6,0,On Time
PO004015,S007,P0063,W002,2025-01-09,940,2025-01-23,2025-01-23,14,0,On Time
PO004016,S014,P0007,W008,2025-03-01,782,2025-03-10,2025-03-10,9,0,On Time
PO004017,S005,P0055,W005,2025-11-01,513,2025-11-15,2025-11-15,14,0,On Time
PO004018,S018,P0003,W003,2025-08-13,255,2025-08-17,2025-08-17,4,0,On Time
PO004019,S009,P0067,W008,2025-11-03,687,2025-11-09,2025-11-09,6,0,On Time
PO004020,S021,P0018,W001,2025-07-07,960,2025-07-21,2025-07-21,14,0,On Time
PO004021,S007,P0045,W005,2025-03-11,56,2025-03-25,2025-03-25,14,0,On Time
PO004022,S009,P0097,W005,2025-10-20,760,2025-10-26,2025-10-26,6,0,On Time
PO004023,S004,P0092,W005,2025-10-14,676,2025-10-28,2025-10-28,14,0,On Time
PO004024,S025,P0036,W003,2025-06-18,344,2025-06-30,2025-07-02,14,2,Late
PO004025,S017,P0016,W001,2025-03-03,75,2025-03-12,2025-03-12,9,0,On Time
PO004026,S012,P0079,W003,2025-12-15,140,2025-12-22,2025-12-22,7,0,On Time
PO004027,S006,P0029,W005,2025-01-14,333,2025-01-19,2025-01-22,8,3,Late
PO004028,S018,P0059,W005,2025-06-13,230,2025-06-17,2025-06-22,9,5,Late
PO004029,S008,P0018,W007,2025-09-02,791,2025-09-11,2025-09-11,9,0,On Time
PO004030,S021,P0049,W002,2025-12-01,122,2025-12-15,2025-12-15,14,0,On Time
PO004031,S015,P0046,W004,2025-01-08,458,2025-01-15,2025-01-15,7,0,On Time
PO004032,S003,P0083,W008,2025-06-03,836,2025-06-15,2025-06-20,17,5,Late
PO004033,S002,P0029,W003,2025-02-05,766,2025-02-18,2025-02-18,13,0,On Time
PO004034,S024,P0070,W001,2025-02-17,57,2025-02-28,2025-03-05,16,5,Late
PO004035,S023,P0050,W007,2025-03-26,832,2025-04-07,2025-04-07,12,0,On Time
PO004036,S009,P0055,W005,2025-01-28,639,2025-02-03,2025-02-03,6,0,On Time
PO004037,S008,P0027,W003,2025-07-15,433,2025-07-24,2025-07-26,11,2,Late
PO004038,S004,P0007,W004,2025-07-27,243,2025-08-10,2025-08-12,16,2,Late
PO004039,S002,P0091,W003,2025-07-23,312,2025-08-05,2025-08-06,14,1,Late
PO004040,S014,P0083,W008,2025-11-03,715,2025-11-12,2025-11-15,12,3,Late
PO004041,S002,P0081,W008,2025-04-14,174,2025-04-27,2025-04-28,14,1,Late
PO004042,S002,P0041,W004,2025-08-18,51,2025-08-31,2025-08-31,13,0,On Time
PO004043,S022,P0011,W003,2025-04-11,253,2025-04-15,2025-04-15,4,0,On Time
PO004044,S007,P0005,W002,2025-01-29,926,2025-02-12,2025-02-12,14,0,On Time
PO004045,S012,P0066,W003,2025-05-07,508,2025-05-14,2025-05-14,7,0,On Time
PO004046,S006,P0056,W007,2025-12-04,781,2025-12-09,2025-12-09,5,0,On Time
PO004047,S018,P0012,W006,2025-01-10,589,2025-01-14,2025-01-14,4,0,On Time
PO004048,S004,P0042,W002,2025-04-16,352,2025-04-30,2025-04-30,14,0,On Time
PO004049,S019,P0075,W004,2025-06-16,694,2025-06-22,2025-06-22,6,0,On Time
PO004050,S013,P0010,W005,2025-09-14,36,2025-09-19,2025-09-24,10,5,Late
PO004051,S020,P0028,W005,2025-10-22,433,2025-11-02,2025-11-02,11,0,On Time
PO004052,S021,P0007,W008,2025-10-04,785,2025-10-18,2025-10-18,14,0,On Time
PO004053,S023,P0014,W003,2025-03-06,677,2025-03-18,2025-03-18,12,0,On Time
PO004054,S025,P0077,W001,2025-09-28,760,2025-10-10,2025-10-10,12,0,On Time
PO004055,S002,P0069,W003,2025-07-07,259,2025-07-20,2025-07-20,13,0,On Time
PO004056,S008,P0061,W002,2025-11-13,305,2025-11-22,2025-11-22,9,0,On Time
PO004057,S019,P0051,W002,2025-05-18,365,2025-05-24,2025-05-24,6,0,On Time
PO004058,S009,P0042,W004,2025-12-09,394,2025-12-15,2025-12-17,8,2,Late
PO004059,S004,P0008,W003,2025-04-15,35,2025-04-29,2025-05-01,16,2,Late
PO004060,S016,P0050,W004,2025-02-03,606,2025-02-14,2025-02-14,11,0,On Time
PO004061,S019,P0001,W001,2025-04-20,969,2025-04-26,2025-04-27,7,1,Late
PO004062,S010,P0069,W005,2025-02-02,279,2025-02-13,2025-02-13,11,0,On Time
PO004063,S006,P0011,W005,2025-12-20,914,2025-12-25,2025-12-26,6,1,Late
PO004064,S016,P0048,W003,2025-08-19,380,2025-08-30,2025-08-30,11,0,On Time
PO004065,S010,P0010,W004,2025-11-13,418,2025-11-24,2025-11-24,11,0,On Time
PO004066,S013,P0015,W004,2025-09-23,479,2025-09-28,2025-09-29,6,1,Late
PO004067,S009,P0047,W001,2025-07-01,942,2025-07-07,2025-07-07,6,0,On Time
PO004068,S007,P0093,W004,2025-12-06,535,2025-12-20,2025-12-20,14,0,On Time
PO004069,S004,P0025,W006,2025-03-06,950,2025-03-20,2025-03-20,14,0,On Time
PO004070,S019,P0006,W006,2025-11-29,782,2025-12-05,2025-12-07,8,2,Late
PO004071,S004,P0011,W002,2025-01-01,104,2025-01-15,2025-01-15,14,0,On Time
PO004072,S019,P0017,W006,2025-05-13,82,2025-05-19,2025-05-19,6,0,On Time
PO004073,S019,P0015,W008,2025-03-21,119,2025-03-27,2025-03-30,9,3,Late
PO004074,S012,P0016,W006,2025-09-28,853,2025-10-05,2025-10-08,10,3,Late
PO004075,S013,P0056,W002,2025-08-29,774,2025-09-03,2025-09-03,5,0,On Time
PO004076,S025,P0066,W006,2025-01-28,314,2025-02-09,2025-02-09,12,0,On Time
PO004077,S004,P0036,W006,2025-08-11,943,2025-08-25,2025-08-25,14,0,On Time
PO004078,S025,P0083,W002,2025-01-23,181,2025-02-04,2025-02-04,12,0,On Time
PO004079,S010,P0038,W003,2025-04-19,948,2025-04-30,2025-05-01,12,1,Late
PO004080,S021,P0085,W007,2025-04-17,197,2025-05-01,2025-05-03,16,2,Late
PO004081,S007,P0075,W002,2025-05-25,463,2025-06-08,2025-06-08,14,0,On Time
PO004082,S005,P0003,W002,2025-12-20,347,2026-01-03,2026-01-03,14,0,On Time
PO004083,S017,P0098,W008,2025-05-19,347,2025-05-28,2025-05-28,9,0,On Time
PO004084,S018,P0018,W006,2025-10-11,783,2025-10-15,2025-10-15,4,0,On Time
PO004085,S011,P0079,W005,2025-10-25,61,2025-10-30,2025-10-30,5,0,On Time
PO004086,S015,P0089,W007,2025-04-09,261,2025-04-16,2025-04-16,7,0,On Time
PO004087,S021,P0054,W006,2025-11-13,361,2025-11-27,2025-11-27,14,0,On Time
PO004088,S022,P0079,W003,2025-05-03,110,2025-05-07,2025-05-07,4,0,On Time
PO004089,S007,P0094,W002,2025-11-16,47,2025-11-30,2025-11-30,14,0,On Time
PO004090,S018,P0017,W001,2025-10-14,478,2025-10-18,2025-10-18,4,0,On Time
PO004091,S025,P0082,W002,2025-03-22,686,2025-04-03,2025-04-03,12,0,On Time
PO004092,S006,P0095,W007,2025-01-10,650,2025-01-15,2025-01-15,5,0,On Time
PO004093,S018,P0082,W003,2025-01-08,404,2025-01-12,2025-01-12,4,0,On Time
PO004094,S016,P0099,W007,2025-07-24,506,2025-08-04,2025-08-06,13,2,Late
PO004095,S002,P0013,W004,2025-11-11,239,2025-11-24,2025-11-25,14,1,Late
PO004096,S019,P0063,W007,2025-07-16,878,2025-07-22,2025-07-24,8,2,Late
PO004097,S001,P0014,W006,2025-07-17,283,2025-07-30,2025-07-30,13,0,On Time
PO004098,S025,P0059,W005,2025-01-30,140,2025-02-11,2025-02-11,12,0,On Time
PO004099,S011,P0036,W005,2025-01-20,65,2025-01-25,2025-01-25,5,0,On Time
PO004100,S020,P0018,W006,2025-02-17,299,2025-02-28,2025-03-03,14,3,Late
PO004101,S005,P0005,W008,2025-05-10,134,2025-05-24,2025-05-27,17,3,Late
PO004102,S016,P0014,W006,2025-10-20,187,2025-10-31,2025-11-03,14,3,Late
PO004103,S023,P0025,W003,2025-05-12,454,2025-05-24,2025-05-24,12,0,On Time
PO004104,S001,P0044,W008,2025-12-22,265,2026-01-04,2026-01-06,15,2,Late
PO004105,S019,P0039,W002,2025-02-23,503,2025-03-01,2025-03-04,9,3,Late
PO004106,S014,P0012,W008,2025-10-08,394,2025-10-17,2025-10-17,9,0,On Time
PO004107,S003,P0061,W001,2025-09-22,299,2025-10-04,2025-10-04,12,0,On Time
PO004108,S002,P0062,W002,2025-08-03,765,2025-08-16,2025-08-16,13,0,On Time
PO004109,S024,P0053,W002,2025-10-17,41,2025-10-28,2025-10-28,11,0,On Time
PO004110,S005,P0053,W001,2025-02-12,733,2025-02-26,2025-02-26,14,0,On Time
PO004111,S017,P0028,W008,2025-03-15,87,2025-03-24,2025-03-27,12,3,Late
PO004112,S018,P0035,W005,2025-12-16,667,2025-12-20,2025-12-23,7,3,Late
PO004113,S001,P0065,W008,2025-10-05,762,2025-10-18,2025-10-23,18,5,Late
PO004114,S015,P0003,W002,2025-11-22,77,2025-11-29,2025-11-29,7,0,On Time
PO004115,S022,P0043,W004,2025-08-30,546,2025-09-03,2025-09-03,4,0,On Time
PO004116,S009,P0050,W004,2025-05-10,283,2025-05-16,2025-05-17,7,1,Late
PO004117,S023,P0071,W003,2025-12-16,701,2025-12-28,2025-12-28,12,0,On Time
PO004118,S005,P0009,W003,2025-07-13,442,2025-07-27,2025-07-27,14,0,On Time
PO004119,S013,P0036,W007,2025-02-01,518,2025-02-06,2025-02-07,6,1,Late
PO004120,S019,P0023,W001,2025-04-16,310,2025-04-22,2025-04-22,6,0,On Time
PO004121,S024,P0088,W001,2025-07-23,188,2025-08-03,2025-08-03,11,0,On Time
PO004122,S010,P0074,W003,2025-01-01,579,2025-01-12,2025-01-12,11,0,On Time
PO004123,S020,P0050,W006,2025-09-02,481,2025-09-13,2025-09-18,16,5,Late
PO004124,S025,P0055,W002,2025-03-13,627,2025-03-25,2025-03-25,12,0,On Time
PO004125,S021,P0012,W006,2025-11-02,858,2025-11-16,2025-11-16,14,0,On Time
PO004126,S014,P0083,W005,2025-01-15,575,2025-01-24,2025-01-29,14,5,Late
PO004127,S022,P0032,W004,2025-02-22,372,2025-02-26,2025-02-26,4,0,On Time
PO004128,S021,P0024,W001,2025-01-08,259,2025-01-22,2025-01-22,14,0,On Time
PO004129,S012,P0086,W003,2025-11-26,822,2025-12-03,2025-12-03,7,0,On Time
PO004130,S011,P0067,W004,2025-02-15,302,2025-02-20,2025-02-20,5,0,On Time
PO004131,S023,P0027,W006,2025-11-21,468,2025-12-03,2025-12-03,12,0,On Time
PO004132,S007,P0061,W001,2025-04-24,601,2025-05-08,2025-05-11,17,3,Late
PO004133,S017,P0019,W001,2025-05-27,784,2025-06-05,2025-06-05,9,0,On Time
PO004134,S018,P0073,W007,2025-06-15,85,2025-06-19,2025-06-20,5,1,Late
PO004135,S007,P0051,W002,2025-05-19,346,2025-06-02,2025-06-02,14,0,On Time
PO004136,S024,P0064,W001,2025-04-27,475,2025-05-08,2025-05-08,11,0,On Time
PO004137,S020,P0077,W005,2025-10-26,978,2025-11-06,2025-11-06,11,0,On Time
PO004138,S006,P0002,W008,2025-10-03,496,2025-10-08,2025-10-08,5,0,On Time
PO004139,S011,P0036,W001,2025-10-04,867,2025-10-09,2025-10-09,5,0,On Time
PO004140,S012,P0093,W008,2025-12-04,304,2025-12-11,2025-12-11,7,0,On Time
PO004141,S016,P0011,W005,2025-11-09,50,2025-11-20,2025-11-20,11,0,On Time
PO004142,S019,P0098,W006,2025-06-27,467,2025-07-03,2025-07-04,7,1,Late
PO004143,S023,P0068,W007,2025-11-26,233,2025-12-08,2025-12-08,12,0,On Time
PO004144,S019,P0068,W002,2025-12-20,712,2025-12-26,2025-12-26,6,0,On Time
PO004145,S011,P0064,W007,2025-06-03,733,2025-06-08,2025-06-09,6,1,Late
PO004146,S016,P0001,W005,2025-07-20,599,2025-07-31,2025-07-31,11,0,On Time
PO004147,S023,P0089,W006,2025-04-25,44,2025-05-07,2025-05-10,15,3,Late
PO004148,S012,P0026,W004,2025-06-08,779,2025-06-15,2025-06-15,7,0,On Time
PO004149,S008,P0011,W007,2025-02-11,392,2025-02-20,2025-02-25,14,5,Late
PO004150,S003,P0087,W007,2025-09-04,416,2025-09-16,2025-09-16,12,0,On Time
PO004151,S002,P0002,W001,2025-03-09,356,2025-03-22,2025-03-27,18,5,Late
PO004152,S006,P0083,W007,2025-11-22,955,2025-11-27,2025-11-27,5,0,On Time
PO004153,S016,P0093,W003,2025-11-30,987,2025-12-11,2025-12-12,12,1,Late
PO004154,S020,P0040,W003,2025-07-15,874,2025-07-26,2025-07-31,16,5,Late
PO004155,S024,P0004,W005,2025-03-31,922,2025-04-11,2025-04-11,11,0,On Time
PO004156,S015,P0080,W002,2025-04-21,691,2025-04-28,2025-05-01,10,3,Late
PO004157,S014,P0037,W005,2025-12-25,299,2026-01-03,2026-01-03,9,0,On Time
PO004158,S002,P0061,W008,2025-05-25,788,2025-06-07,2025-06-07,13,0,On Time
PO004159,S020,P0091,W007,2025-10-02,642,2025-10-13,2025-10-13,11,0,On Time
PO004160,S018,P0005,W007,2025-06-28,578,2025-07-02,2025-07-02,4,0,On Time
PO004161,S014,P0015,W006,2025-08-29,710,2025-09-07,2025-09-07,9,0,On Time
PO004162,S018,P0087,W007,2025-11-22,567,2025-11-26,2025-12-03,11,7,Late
PO004163,S002,P0067,W006,2025-11-15,942,2025-11-28,2025-11-30,15,2,Late
PO004164,S001,P0082,W007,2025-11-27,217,2025-12-10,2025-12-11,14,1,Late
PO004165,S020,P0026,W007,2025-06-02,573,2025-06-13,2025-06-13,11,0,On Time
PO004166,S002,P0006,W005,2025-04-14,498,2025-04-27,2025-04-27,13,0,On Time
PO004167,S009,P0044,W005,2025-03-16,863,2025-03-22,2025-03-22,6,0,On Time
PO004168,S009,P0058,W004,2025-05-08,621,2025-05-14,2025-05-14,6,0,On Time
PO004169,S016,P0081,W006,2025-07-18,876,2025-07-29,2025-07-29,11,0,On Time
PO004170,S011,P0046,W004,2025-06-03,599,2025-06-08,2025-06-09,6,1,Late
PO004171,S023,P0042,W005,2025-02-25,89,2025-03-09,2025-03-11,14,2,Late
PO004172,S006,P0048,W002,2025-10-05,524,2025-10-10,2025-10-10,5,0,On Time
PO004173,S012,P0027,W001,2025-12-11,129,2025-12-18,2025-12-18,7,0,On Time
PO004174,S003,P0020,W006,2025-01-19,401,2025-01-31,2025-01-31,12,0,On Time
PO004175,S012,P0070,W003,2025-06-08,416,2025-06-15,2025-06-15,7,0,On Time
PO004176,S023,P0035,W004,2025-01-26,428,2025-02-07,2025-02-07,12,0,On Time
PO004177,S001,P0076,W008,2025-06-18,370,2025-07-01,2025-07-01,13,0,On Time
PO004178,S009,P0048,W006,2025-01-23,553,2025-01-29,2025-01-29,6,0,On Time
PO004179,S020,P0067,W008,2025-02-16,520,2025-02-27,2025-03-04,16,5,Late
PO004180,S022,P0068,W001,2025-01-13,808,2025-01-17,2025-01-17,4,0,On Time
PO004181,S006,P0052,W004,2025-08-05,930,2025-08-10,2025-08-12,7,2,Late
PO004182,S011,P0068,W006,2025-11-18,726,2025-11-23,2025-11-23,5,0,On Time
PO004183,S003,P0004,W004,2025-07-13,440,2025-07-25,2025-07-25,12,0,On Time
PO004184,S004,P0039,W004,2025-05-24,576,2025-06-07,2025-06-09,16,2,Late
PO004185,S010,P0021,W005,2025-03-14,941,2025-03-25,2025-03-25,11,0,On Time
PO004186,S019,P0066,W007,2025-06-05,130,2025-06-11,2025-06-11,6,0,On Time
PO004187,S006,P0016,W005,2025-03-18,228,2025-03-23,2025-03-23,5,0,On Time
PO004188,S001,P0007,W004,2025-06-18,761,2025-07-01,2025-07-03,15,2,Late
PO004189,S008,P0083,W004,2025-10-14,458,2025-10-23,2025-10-23,9,0,On Time
PO004190,S008,P0097,W007,2025-03-26,197,2025-04-04,2025-04-04,9,0,On Time
PO004191,S025,P0009,W003,2025-07-01,950,2025-07-13,2025-07-13,12,0,On Time
PO004192,S006,P0017,W001,2025-11-11,781,2025-11-16,2025-11-16,5,0,On Time
PO004193,S017,P0091,W007,2025-10-24,444,2025-11-02,2025-11-04,11,2,Late
PO004194,S019,P0097,W001,2025-04-22,347,2025-04-28,2025-04-30,8,2,Late
PO004195,S001,P0012,W002,2025-08-18,903,2025-08-31,2025-08-31,13,0,On Time
PO004196,S015,P0057,W008,2025-04-06,30,2025-04-13,2025-04-13,7,0,On Time
PO004197,S013,P0045,W007,2025-06-17,271,2025-06-22,2025-06-27,10,5,Late
PO004198,S021,P0011,W002,2025-06-05,875,2025-06-19,2025-06-19,14,0,On Time
PO004199,S003,P0013,W002,2025-04-15,254,2025-04-27,2025-04-29,14,2,Late
PO004200,S002,P0031,W005,2025-07-12,667,2025-07-25,2025-07-25,13,0,On Time
PO004201,S003,P0077,W005,2025-11-26,273,2025-12-08,2025-12-08,12,0,On Time
PO004202,S009,P0026,W003,2025-05-12,585,2025-05-18,2025-05-21,9,3,Late
PO004203,S016,P0063,W005,2025-12-21,497,2026-01-01,2026-01-01,11,0,On Time
PO004204,S024,P0031,W002,2025-05-18,148,2025-05-29,2025-05-30,12,1,Late
PO004205,S013,P0022,W006,2025-11-27,757,2025-12-02,2025-12-03,6,1,Late
PO004206,S019,P0006,W004,2025-09-27,551,2025-10-03,2025-10-03,6,0,On Time
PO004207,S018,P0020,W002,2025-02-07,119,2025-02-11,2025-02-13,6,2,Late
PO004208,S021,P0085,W003,2025-02-14,309,2025-02-28,2025-02-28,14,0,On Time
PO004209,S012,P0010,W004,2025-06-12,588,2025-06-19,2025-06-20,8,1,Late
PO004210,S012,P0083,W005,2025-11-27,245,2025-12-04,2025-12-11,14,7,Late
PO004211,S001,P0035,W004,2025-09-10,672,2025-09-23,2025-09-28,18,5,Late
PO004212,S020,P0026,W006,2025-06-18,144,2025-06-29,2025-07-01,13,2,Late
PO004213,S008,P0071,W003,2025-10-12,457,2025-10-21,2025-10-21,9,0,On Time
PO004214,S017,P0037,W005,2025-10-01,840,2025-10-10,2025-10-11,10,1,Late
PO004215,S021,P0008,W001,2025-01-20,583,2025-02-03,2025-02-04,15,1,Late
PO004216,S020,P0005,W002,2025-08-27,665,2025-09-07,2025-09-07,11,0,On Time
PO004217,S022,P0044,W007,2025-09-27,823,2025-10-01,2025-10-01,4,0,On Time
PO004218,S007,P0100,W006,2025-11-06,684,2025-11-20,2025-11-20,14,0,On Time
PO004219,S009,P0092,W006,2025-01-31,366,2025-02-06,2025-02-06,6,0,On Time
PO004220,S017,P0067,W007,2025-11-10,717,2025-11-19,2025-11-24,14,5,Late
PO004221,S010,P0072,W002,2025-04-14,770,2025-04-25,2025-04-25,11,0,On Time
PO004222,S004,P0079,W003,2025-06-19,202,2025-07-03,2025-07-03,14,0,On Time
PO004223,S022,P0091,W003,2025-07-05,370,2025-07-09,2025-07-09,4,0,On Time
PO004224,S007,P0049,W006,2025-05-08,534,2025-05-22,2025-05-25,17,3,Late
PO004225,S007,P0036,W002,2025-07-29,815,2025-08-12,2025-08-17,19,5,Late
PO004226,S008,P0080,W004,2025-10-08,397,2025-10-17,2025-10-17,9,0,On Time
PO004227,S024,P0026,W001,2025-09-10,727,2025-09-21,2025-09-23,13,2,Late
PO004228,S024,P0045,W001,2025-01-19,484,2025-01-30,2025-01-30,11,0,On Time
PO004229,S008,P0061,W003,2025-07-19,697,2025-07-28,2025-07-28,9,0,On Time
PO004230,S016,P0044,W008,2025-08-08,821,2025-08-19,2025-08-21,13,2,Late
PO004231,S012,P0004,W003,2025-05-16,359,2025-05-23,2025-05-23,7,0,On Time
PO004232,S015,P0076,W004,2025-08-11,160,2025-08-18,2025-08-18,7,0,On Time
PO004233,S008,P0081,W003,2025-01-03,130,2025-01-12,2025-01-12,9,0,On Time
PO004234,S022,P0058,W001,2025-08-24,280,2025-08-28,2025-08-28,4,0,On Time
PO004235,S009,P0026,W008,2025-12-08,915,2025-12-14,2025-12-14,6,0,On Time
PO004236,S003,P0095,W002,2025-08-16,207,2025-08-28,2025-08-28,12,0,On Time
PO004237,S022,P0079,W006,2025-05-22,875,2025-05-26,2025-05-26,4,0,On Time
PO004238,S021,P0098,W001,2025-01-09,390,2025-01-23,2025-01-23,14,0,On Time
PO004239,S016,P0029,W004,2025-07-09,377,2025-07-20,2025-07-20,11,0,On Time
PO004240,S015,P0009,W002,2025-12-16,292,2025-12-23,2025-12-23,7,0,On Time
PO004241,S024,P0078,W002,2025-06-14,716,2025-06-25,2025-06-30,16,5,Late
PO004242,S004,P0036,W006,2025-05-19,818,2025-06-02,2025-06-02,14,0,On Time
PO004243,S020,P0004,W001,2025-10-03,623,2025-10-14,2025-10-21,18,7,Late
PO004244,S016,P0059,W007,2025-10-18,468,2025-10-29,2025-10-29,11,0,On Time
PO004245,S010,P0037,W002,2025-02-22,725,2025-03-05,2025-03-06,12,1,Late
PO004246,S011,P0088,W002,2025-06-24,436,2025-06-29,2025-06-29,5,0,On Time
PO004247,S005,P0081,W003,2025-04-20,891,2025-05-04,2025-05-05,15,1,Late
PO004248,S011,P0013,W002,2025-07-22,880,2025-07-27,2025-07-27,5,0,On Time
PO004249,S013,P0020,W004,2025-05-16,407,2025-05-21,2025-05-21,5,0,On Time
PO004250,S015,P0017,W002,2025-01-04,357,2025-01-11,2025-01-11,7,0,On Time
PO004251,S006,P0051,W003,2025-06-04,330,2025-06-09,2025-06-09,5,0,On Time
PO004252,S016,P0091,W005,2025-06-21,939,2025-07-02,2025-07-03,12,1,Late
PO004253,S015,P0055,W005,2025-12-24,947,2025-12-31,2026-01-05,12,5,Late
PO004254,S011,P0033,W004,2025-02-16,348,2025-02-21,2025-02-21,5,0,On Time
PO004255,S020,P0021,W006,2025-04-04,66,2025-04-15,2025-04-20,16,5,Late
PO004256,S002,P0081,W006,2025-02-17,675,2025-03-02,2025-03-02,13,0,On Time
PO004257,S002,P0022,W007,2025-08-28,168,2025-09-10,2025-09-11,14,1,Late
PO004258,S012,P0025,W007,2025-12-13,369,2025-12-20,2025-12-25,12,5,Late
PO004259,S016,P0067,W004,2025-08-01,342,2025-08-12,2025-08-12,11,0,On Time
PO004260,S019,P0091,W008,2025-12-06,884,2025-12-12,2025-12-12,6,0,On Time
PO004261,S002,P0091,W002,2025-11-20,946,2025-12-03,2025-12-03,13,0,On Time
PO004262,S017,P0012,W002,2025-05-19,139,2025-05-28,2025-05-28,9,0,On Time
PO004263,S014,P0015,W008,2025-07-24,417,2025-08-02,2025-08-04,11,2,Late
PO004264,S024,P0084,W005,2025-03-14,665,2025-03-25,2025-03-26,12,1,Late
PO004265,S016,P0086,W005,2025-01-04,216,2025-01-15,2025-01-22,18,7,Late
PO004266,S005,P0002,W001,2025-03-17,432,2025-03-31,2025-03-31,14,0,On Time
PO004267,S010,P0004,W005,2025-11-25,458,2025-12-06,2025-12-06,11,0,On Time
PO004268,S017,P0045,W008,2025-03-18,56,2025-03-27,2025-03-27,9,0,On Time
PO004269,S013,P0013,W007,2025-10-31,206,2025-11-05,2025-11-10,10,5,Late
PO004270,S016,P0055,W005,2025-09-13,439,2025-09-24,2025-09-24,11,0,On Time
PO004271,S009,P0032,W004,2025-04-12,744,2025-04-18,2025-04-25,13,7,Late
PO004272,S024,P0022,W001,2025-04-16,479,2025-04-27,2025-04-27,11,0,On Time
PO004273,S004,P0089,W006,2025-11-29,129,2025-12-13,2025-12-13,14,0,On Time
PO004274,S024,P0091,W001,2025-02-08,206,2025-02-19,2025-02-19,11,0,On Time
PO004275,S016,P0055,W008,2025-11-10,490,2025-11-21,2025-11-24,14,3,Late
PO004276,S023,P0017,W002,2025-10-02,97,2025-10-14,2025-10-14,12,0,On Time
PO004277,S011,P0070,W002,2025-03-29,979,2025-04-03,2025-04-04,6,1,Late
PO004278,S007,P0051,W001,2025-07-30,958,2025-08-13,2025-08-13,14,0,On Time
PO004279,S017,P0080,W001,2025-03-18,393,2025-03-27,2025-03-27,9,0,On Time
PO004280,S022,P0008,W002,2025-03-18,829,2025-03-22,2025-03-22,4,0,On Time
PO004281,S013,P0061,W007,2025-01-28,349,2025-02-02,2025-02-04,7,2,Late
PO004282,S004,P0097,W008,2025-09-02,144,2025-09-16,2025-09-16,14,0,On Time
PO004283,S014,P0010,W004,2025-03-07,335,2025-03-16,2025-03-19,12,3,Late
PO004284,S010,P0098,W004,2025-09-23,977,2025-10-04,2025-10-04,11,0,On Time
PO004285,S010,P0019,W004,2025-07-24,339,2025-08-04,2025-08-04,11,0,On Time
PO004286,S010,P0014,W004,2025-02-27,494,2025-03-10,2025-03-10,11,0,On Time
PO004287,S012,P0067,W002,2025-07-20,508,2025-07-27,2025-07-27,7,0,On Time
PO004288,S002,P0055,W008,2025-08-13,845,2025-08-26,2025-08-27,14,1,Late
PO004289,S023,P0061,W007,2025-05-22,533,2025-06-03,2025-06-05,14,2,Late
PO004290,S009,P0056,W003,2025-03-25,353,2025-03-31,2025-03-31,6,0,On Time
PO004291,S005,P0063,W005,2025-05-23,90,2025-06-06,2025-06-11,19,5,Late
PO004292,S008,P0087,W005,2025-12-18,484,2025-12-27,2025-12-27,9,0,On Time
PO004293,S021,P0011,W005,2025-02-02,395,2025-02-16,2025-02-19,17,3,Late
PO004294,S014,P0047,W005,2025-06-01,743,2025-06-10,2025-06-10,9,0,On Time
PO004295,S007,P0006,W002,2025-06-07,27,2025-06-21,2025-06-21,14,0,On Time
PO004296,S007,P0034,W003,2025-05-21,715,2025-06-04,2025-06-04,14,0,On Time
PO004297,S009,P0065,W002,2025-09-08,999,2025-09-14,2025-09-14,6,0,On Time
PO004298,S003,P0099,W003,2025-10-30,183,2025-11-11,2025-11-18,19,7,Late
PO004299,S014,P0089,W002,2025-04-22,984,2025-05-01,2025-05-01,9,0,On Time
PO004300,S017,P0064,W007,2025-05-24,800,2025-06-02,2025-06-02,9,0,On Time
PO004301,S018,P0093,W001,2025-07-28,314,2025-08-01,2025-08-01,4,0,On Time
PO004302,S012,P0087,W003,2025-08-12,377,2025-08-19,2025-08-19,7,0,On Time
PO004303,S022,P0082,W005,2025-02-12,100,2025-02-16,2025-02-16,4,0,On Time
PO004304,S014,P0078,W003,2025-09-21,793,2025-09-30,2025-09-30,9,0,On Time
PO004305,S013,P0081,W006,2025-09-01,294,2025-09-06,2025-09-06,5,0,On Time
PO004306,S014,P0066,W004,2025-01-03,940,2025-01-12,2025-01-12,9,0,On Time
PO004307,S009,P0031,W003,2025-05-05,918,2025-05-11,2025-05-11,6,0,On Time
PO004308,S019,P0083,W006,2025-09-25,636,2025-10-01,2025-10-01,6,0,On Time
PO004309,S002,P0096,W004,2025-03-25,840,2025-04-07,2025-04-08,14,1,Late
PO004310,S011,P0062,W006,2025-01-16,559,2025-01-21,2025-01-23,7,2,Late
PO004311,S017,P0054,W004,2025-11-30,941,2025-12-09,2025-12-11,11,2,Late
PO004312,S002,P0092,W001,2025-02-28,66,2025-03-13,2025-03-20,20,7,Late
PO004313,S019,P0008,W003,2025-06-26,411,2025-07-02,2025-07-05,9,3,Late
PO004314,S007,P0042,W006,2025-03-04,844,2025-03-18,2025-03-18,14,0,On Time
PO004315,S018,P0041,W007,2025-02-18,586,2025-02-22,2025-02-22,4,0,On Time
PO004316,S013,P0059,W001,2025-11-03,98,2025-11-08,2025-11-13,10,5,Late
PO004317,S005,P0040,W005,2025-09-03,532,2025-09-17,2025-09-17,14,0,On Time
PO004318,S018,P0022,W003,2025-10-16,699,2025-10-20,2025-10-20,4,0,On Time
PO004319,S023,P0024,W002,2025-10-13,42,2025-10-25,2025-10-25,12,0,On Time
PO004320,S024,P0038,W002,2025-11-28,247,2025-12-09,2025-12-16,18,7,Late
PO004321,S024,P0002,W002,2025-01-15,457,2025-01-26,2025-01-29,14,3,Late
PO004322,S016,P0041,W007,2025-12-04,317,2025-12-15,2025-12-15,11,0,On Time
PO004323,S015,P0019,W006,2025-09-12,995,2025-09-19,2025-09-24,12,5,Late
PO004324,S008,P0002,W006,2025-04-02,965,2025-04-11,2025-04-18,16,7,Late
PO004325,S015,P0092,W004,2025-10-06,279,2025-10-13,2025-10-13,7,0,On Time
PO004326,S025,P0096,W002,2025-07-25,795,2025-08-06,2025-08-09,15,3,Late
PO004327,S001,P0062,W005,2025-04-04,695,2025-04-17,2025-04-20,16,3,Late
PO004328,S017,P0083,W006,2025-08-13,29,2025-08-22,2025-08-22,9,0,On Time
PO004329,S015,P0016,W007,2025-10-28,647,2025-11-04,2025-11-05,8,1,Late
PO004330,S014,P0094,W003,2025-11-14,177,2025-11-23,2025-11-23,9,0,On Time
PO004331,S014,P0022,W006,2025-07-18,887,2025-07-27,2025-07-28,10,1,Late
PO004332,S010,P0014,W003,2025-09-28,803,2025-10-09,2025-10-14,16,5,Late
PO004333,S002,P0056,W007,2025-08-22,177,2025-09-04,2025-09-04,13,0,On Time
PO004334,S006,P0065,W006,2025-02-15,339,2025-02-20,2025-02-20,5,0,On Time
PO004335,S017,P0045,W008,2025-03-05,895,2025-03-14,2025-03-19,14,5,Late
PO004336,S005,P0054,W004,2025-08-18,221,2025-09-01,2025-09-08,21,7,Late
PO004337,S005,P0066,W004,2025-09-06,140,2025-09-20,2025-09-20,14,0,On Time
PO004338,S015,P0086,W004,2025-09-03,158,2025-09-10,2025-09-15,12,5,Late
PO004339,S015,P0046,W005,2025-03-16,693,2025-03-23,2025-03-23,7,0,On Time
PO004340,S020,P0033,W006,2025-06-06,739,2025-06-17,2025-06-17,11,0,On Time
PO004341,S011,P0079,W003,2025-08-11,586,2025-08-16,2025-08-18,7,2,Late
PO004342,S005,P0050,W007,2025-07-09,358,2025-07-23,2025-07-25,16,2,Late
PO004343,S001,P0022,W006,2025-02-21,279,2025-03-06,2025-03-07,14,1,Late
PO004344,S011,P0040,W007,2025-03-29,452,2025-04-03,2025-04-03,5,0,On Time
PO004345,S011,P0039,W001,2025-11-09,63,2025-11-14,2025-11-14,5,0,On Time
PO004346,S006,P0041,W004,2025-12-05,178,2025-12-10,2025-12-15,10,5,Late
PO004347,S023,P0075,W002,2025-03-07,835,2025-03-19,2025-03-19,12,0,On Time
PO004348,S008,P0068,W007,2025-05-30,374,2025-06-08,2025-06-08,9,0,On Time
PO004349,S002,P0007,W001,2025-01-20,117,2025-02-02,2025-02-05,16,3,Late
PO004350,S015,P0085,W007,2025-02-02,557,2025-02-09,2025-02-09,7,0,On Time
PO004351,S023,P0071,W001,2025-11-24,890,2025-12-06,2025-12-06,12,0,On Time
PO004352,S022,P0004,W007,2025-10-08,729,2025-10-12,2025-10-12,4,0,On Time
PO004353,S009,P0076,W004,2025-02-15,628,2025-02-21,2025-02-24,9,3,Late
PO004354,S015,P0091,W002,2025-03-14,258,2025-03-21,2025-03-28,14,7,Late
PO004355,S008,P0059,W008,2025-12-20,494,2025-12-29,2025-12-29,9,0,On Time
PO004356,S016,P0081,W004,2025-11-09,543,2025-11-20,2025-11-20,11,0,On Time
PO004357,S014,P0084,W007,2025-12-09,576,2025-12-18,2025-12-18,9,0,On Time
PO004358,S015,P0095,W004,2025-05-13,411,2025-05-20,2025-05-23,10,3,Late
PO004359,S020,P0026,W002,2025-02-24,28,2025-03-07,2025-03-07,11,0,On Time
PO004360,S013,P0031,W001,2025-03-02,532,2025-03-07,2025-03-08,6,1,Late
PO004361,S009,P0099,W001,2025-12-11,408,2025-12-17,2025-12-17,6,0,On Time
PO004362,S001,P0073,W007,2025-01-08,858,2025-01-21,2025-01-21,13,0,On Time
PO004363,S006,P0069,W006,2025-09-29,229,2025-10-04,2025-10-07,8,3,Late
PO004364,S008,P0052,W002,2025-09-03,73,2025-09-12,2025-09-12,9,0,On Time
PO004365,S020,P0072,W001,2025-06-25,635,2025-07-06,2025-07-09,14,3,Late
PO004366,S018,P0021,W005,2025-04-26,171,2025-04-30,2025-04-30,4,0,On Time
PO004367,S018,P0016,W004,2025-11-13,429,2025-11-17,2025-11-17,4,0,On Time
PO004368,S017,P0051,W007,2025-09-28,29,2025-10-07,2025-10-07,9,0,On Time
PO004369,S021,P0016,W005,2025-07-12,976,2025-07-26,2025-07-26,14,0,On Time
PO004370,S016,P0018,W005,2025-05-30,571,2025-06-10,2025-06-10,11,0,On Time
PO004371,S013,P0047,W006,2025-05-11,575,2025-05-16,2025-05-18,7,2,Late
PO004372,S022,P0056,W006,2025-04-12,899,2025-04-16,2025-04-16,4,0,On Time
PO004373,S004,P0028,W006,2025-11-06,287,2025-11-20,2025-11-23,17,3,Late
PO004374,S004,P0082,W005,2025-09-27,809,2025-10-11,2025-10-11,14,0,On Time
PO004375,S021,P0078,W003,2025-10-19,686,2025-11-02,2025-11-02,14,0,On Time
PO004376,S014,P0056,W008,2025-07-29,470,2025-08-07,2025-08-07,9,0,On Time
PO004377,S005,P0037,W003,2025-12-27,613,2026-01-10,2026-01-13,17,3,Late
PO004378,S016,P0016,W005,2025-12-04,216,2025-12-15,2025-12-15,11,0,On Time
PO004379,S014,P0085,W004,2025-03-08,417,2025-03-17,2025-03-17,9,0,On Time
PO004380,S014,P0065,W007,2025-01-10,940,2025-01-19,2025-01-19,9,0,On Time
PO004381,S014,P0060,W005,2025-02-18,71,2025-02-27,2025-02-27,9,0,On Time
PO004382,S025,P0061,W007,2025-04-21,754,2025-05-03,2025-05-03,12,0,On Time
PO004383,S024,P0011,W005,2025-11-17,488,2025-11-28,2025-11-28,11,0,On Time
PO004384,S025,P0075,W006,2025-08-07,387,2025-08-19,2025-08-19,12,0,On Time
PO004385,S014,P0066,W007,2025-02-26,393,2025-03-07,2025-03-07,9,0,On Time
PO004386,S019,P0032,W006,2025-10-10,78,2025-10-16,2025-10-18,8,2,Late
PO004387,S003,P0019,W006,2025-04-23,313,2025-05-05,2025-05-07,14,2,Late
PO004388,S017,P0056,W008,2025-05-13,807,2025-05-22,2025-05-23,10,1,Late
PO004389,S014,P0005,W008,2025-03-12,865,2025-03-21,2025-03-21,9,0,On Time
PO004390,S010,P0003,W003,2025-03-24,807,2025-04-04,2025-04-04,11,0,On Time
PO004391,S013,P0028,W005,2025-02-26,971,2025-03-03,2025-03-06,8,3,Late
PO004392,S022,P0090,W004,2025-12-15,888,2025-12-19,2025-12-19,4,0,On Time
PO004393,S004,P0087,W004,2025-09-28,129,2025-10-12,2025-10-12,14,0,On Time
PO004394,S011,P0094,W006,2025-04-21,561,2025-04-26,2025-05-01,10,5,Late
PO004395,S015,P0072,W006,2025-12-23,126,2025-12-30,2026-01-06,14,7,Late
PO004396,S015,P0100,W005,2025-03-17,316,2025-03-24,2025-03-27,10,3,Late
PO004397,S024,P0029,W008,2025-06-07,871,2025-06-18,2025-06-25,18,7,Late
PO004398,S002,P0077,W004,2025-01-20,858,2025-02-02,2025-02-05,16,3,Late
PO004399,S011,P0059,W005,2025-05-11,850,2025-05-16,2025-05-17,6,1,Late
PO004400,S002,P0025,W008,2025-11-25,984,2025-12-08,2025-12-08,13,0,On Time
PO004401,S023,P0022,W007,2025-05-02,114,2025-05-14,2025-05-19,17,5,Late
PO004402,S005,P0097,W003,2025-02-10,816,2025-02-24,2025-02-27,17,3,Late
PO004403,S013,P0071,W005,2025-06-16,738,2025-06-21,2025-06-21,5,0,On Time
PO004404,S001,P0023,W006,2025-05-10,864,2025-05-23,2025-05-23,13,0,On Time
PO004405,S007,P0070,W001,2025-01-23,703,2025-02-06,2025-02-06,14,0,On Time
PO004406,S007,P0079,W003,2025-10-06,491,2025-10-20,2025-10-25,19,5,Late
PO004407,S010,P0079,W004,2025-09-08,98,2025-09-19,2025-09-19,11,0,On Time
PO004408,S006,P0040,W004,2025-01-09,269,2025-01-14,2025-01-14,5,0,On Time
PO004409,S020,P0098,W006,2025-01-13,749,2025-01-24,2025-01-24,11,0,On Time
PO004410,S012,P0014,W006,2025-11-03,358,2025-11-10,2025-11-17,14,7,Late
PO004411,S013,P0029,W003,2025-11-16,76,2025-11-21,2025-11-21,5,0,On Time
PO004412,S024,P0016,W006,2025-02-21,939,2025-03-04,2025-03-04,11,0,On Time
PO004413,S011,P0093,W001,2025-07-28,166,2025-08-02,2025-08-02,5,0,On Time
PO004414,S018,P0087,W003,2025-02-07,765,2025-02-11,2025-02-11,4,0,On Time
PO004415,S002,P0010,W008,2025-04-10,36,2025-04-23,2025-04-23,13,0,On Time
PO004416,S016,P0047,W008,2025-07-12,387,2025-07-23,2025-07-23,11,0,On Time
PO004417,S002,P0004,W008,2025-07-10,728,2025-07-23,2025-07-23,13,0,On Time
PO004418,S019,P0012,W006,2025-02-20,208,2025-02-26,2025-02-26,6,0,On Time
PO004419,S006,P0042,W007,2025-05-21,663,2025-05-26,2025-05-26,5,0,On Time
PO004420,S001,P0098,W002,2025-06-17,267,2025-06-30,2025-06-30,13,0,On Time
PO004421,S011,P0004,W001,2025-11-07,169,2025-11-12,2025-11-17,10,5,Late
PO004422,S018,P0084,W003,2025-04-19,733,2025-04-23,2025-04-23,4,0,On Time
PO004423,S010,P0092,W002,2025-07-26,232,2025-08-06,2025-08-06,11,0,On Time
PO004424,S018,P0092,W008,2025-10-27,236,2025-10-31,2025-10-31,4,0,On Time
PO004425,S001,P0006,W008,2025-04-20,25,2025-05-03,2025-05-03,13,0,On Time
PO004426,S019,P0014,W005,2025-07-15,689,2025-07-21,2025-07-21,6,0,On Time
PO004427,S016,P0035,W001,2025-06-01,880,2025-06-12,2025-06-12,11,0,On Time
PO004428,S007,P0047,W005,2025-08-31,606,2025-09-14,2025-09-15,15,1,Late
PO004429,S015,P0058,W008,2025-05-08,414,2025-05-15,2025-05-15,7,0,On Time
PO004430,S001,P0065,W002,2025-04-15,782,2025-04-28,2025-04-28,13,0,On Time
PO004431,S023,P0019,W004,2025-01-10,323,2025-01-22,2025-01-27,17,5,Late
PO004432,S021,P0057,W008,2025-12-22,577,2026-01-05,2026-01-05,14,0,On Time
PO004433,S009,P0065,W004,2025-05-28,430,2025-06-03,2025-06-05,8,2,Late
PO004434,S002,P0013,W006,2025-12-31,422,2026-01-13,2026-01-13,13,0,On Time
PO004435,S017,P0008,W004,2025-12-30,873,2026-01-08,2026-01-08,9,0,On Time
PO004436,S025,P0018,W005,2025-05-20,879,2025-06-01,2025-06-01,12,0,On Time
PO004437,S024,P0035,W001,2025-07-09,846,2025-07-20,2025-07-20,11,0,On Time
PO004438,S010,P0087,W005,2025-04-04,399,2025-04-15,2025-04-20,16,5,Late
PO004439,S006,P0026,W005,2025-08-17,471,2025-08-22,2025-08-22,5,0,On Time
PO004440,S005,P0038,W008,2025-03-04,248,2025-03-18,2025-03-18,14,0,On Time
PO004441,S008,P0084,W008,2025-12-06,713,2025-12-15,2025-12-15,9,0,On Time
PO004442,S008,P0066,W004,2025-01-25,524,2025-02-03,2025-02-03,9,0,On Time
PO004443,S005,P0026,W005,2025-09-25,614,2025-10-09,2025-10-10,15,1,Late
PO004444,S012,P0057,W002,2025-10-08,164,2025-10-15,2025-10-15,7,0,On Time
PO004445,S007,P0100,W003,2025-01-11,69,2025-01-25,2025-01-26,15,1,Late
PO004446,S013,P0025,W003,2025-11-16,443,2025-11-21,2025-11-23,7,2,Late
PO004447,S013,P0030,W003,2025-07-20,119,2025-07-25,2025-07-25,5,0,On Time
PO004448,S017,P0082,W006,2025-05-06,362,2025-05-15,2025-05-15,9,0,On Time
PO004449,S004,P0007,W008,2025-11-02,901,2025-11-16,2025-11-16,14,0,On Time
PO004450,S018,P0027,W007,2025-07-09,751,2025-07-13,2025-07-13,4,0,On Time
PO004451,S010,P0011,W007,2025-03-30,670,2025-04-10,2025-04-10,11,0,On Time
PO004452,S003,P0008,W004,2025-12-21,909,2026-01-02,2026-01-09,19,7,Late
PO004453,S012,P0011,W007,2025-04-26,545,2025-05-03,2025-05-03,7,0,On Time
PO004454,S001,P0088,W004,2025-12-18,32,2025-12-31,2025-12-31,13,0,On Time
PO004455,S011,P0030,W003,2025-06-26,875,2025-07-01,2025-07-01,5,0,On Time
PO004456,S018,P0094,W008,2025-01-14,781,2025-01-18,2025-01-18,4,0,On Time
PO004457,S013,P0015,W001,2025-09-14,867,2025-09-19,2025-09-19,5,0,On Time
PO004458,S017,P0056,W006,2025-07-28,943,2025-08-06,2025-08-06,9,0,On Time
PO004459,S008,P0035,W003,2025-10-08,191,2025-10-17,2025-10-17,9,0,On Time
PO004460,S020,P0039,W008,2025-11-24,508,2025-12-05,2025-12-05,11,0,On Time
PO004461,S019,P0024,W005,2025-11-21,850,2025-11-27,2025-11-28,7,1,Late
PO004462,S017,P0008,W008,2025-04-15,378,2025-04-24,2025-04-29,14,5,Late
PO004463,S002,P0043,W007,2025-05-27,125,2025-06-09,2025-06-09,13,0,On Time
PO004464,S003,P0042,W003,2025-10-06,208,2025-10-18,2025-10-21,15,3,Late
PO004465,S003,P0084,W007,2025-01-09,548,2025-01-21,2025-01-21,12,0,On Time
PO004466,S006,P0041,W003,2025-04-28,69,2025-05-03,2025-05-05,7,2,Late
PO004467,S010,P0047,W007,2025-04-04,268,2025-04-15,2025-04-15,11,0,On Time
PO004468,S024,P0026,W001,2025-05-24,429,2025-06-04,2025-06-07,14,3,Late
PO004469,S022,P0052,W004,2025-10-16,410,2025-10-20,2025-10-23,7,3,Late
PO004470,S018,P0088,W008,2025-01-14,398,2025-01-18,2025-01-20,6,2,Late
PO004471,S018,P0022,W007,2025-09-14,246,2025-09-18,2025-09-20,6,2,Late
PO004472,S014,P0005,W004,2025-12-12,610,2025-12-21,2025-12-21,9,0,On Time
PO004473,S016,P0015,W005,2025-07-05,803,2025-07-16,2025-07-16,11,0,On Time
PO004474,S007,P0036,W003,2025-12-11,232,2025-12-25,2025-12-25,14,0,On Time
PO004475,S001,P0063,W002,2025-07-26,548,2025-08-08,2025-08-08,13,0,On Time
PO004476,S017,P0093,W005,2025-12-12,365,2025-12-21,2025-12-21,9,0,On Time
PO004477,S023,P0079,W007,2025-06-21,438,2025-07-03,2025-07-03,12,0,On Time
PO004478,S025,P0091,W004,2025-09-27,782,2025-10-09,2025-10-10,13,1,Late
PO004479,S005,P0049,W001,2025-08-09,871,2025-08-23,2025-08-23,14,0,On Time
PO004480,S001,P0055,W007,2025-06-01,103,2025-06-14,2025-06-14,13,0,On Time
PO004481,S021,P0072,W004,2025-04-21,938,2025-05-05,2025-05-06,15,1,Late
PO004482,S017,P0060,W004,2025-07-02,216,2025-07-11,2025-07-11,9,0,On Time
PO004483,S010,P0057,W007,2025-12-05,796,2025-12-16,2025-12-16,11,0,On Time
PO004484,S012,P0029,W001,2025-03-13,549,2025-03-20,2025-03-27,14,7,Late
PO004485,S025,P0019,W003,2025-10-10,240,2025-10-22,2025-10-25,15,3,Late
PO004486,S020,P0095,W003,2025-03-15,862,2025-03-26,2025-03-26,11,0,On Time
PO004487,S025,P0073,W007,2025-12-21,766,2026-01-02,2026-01-02,12,0,On Time
PO004488,S002,P0010,W007,2025-08-03,195,2025-08-16,2025-08-16,13,0,On Time
PO004489,S023,P0010,W007,2025-11-24,603,2025-12-06,2025-12-06,12,0,On Time
PO004490,S016,P0097,W004,2025-01-23,622,2025-02-03,2025-02-03,11,0,On Time
PO004491,S015,P0089,W007,2025-03-09,341,2025-03-16,2025-03-21,12,5,Late
PO004492,S013,P0057,W005,2025-12-28,554,2026-01-02,2026-01-07,10,5,Late
PO004493,S018,P0054,W002,2025-04-03,744,2025-04-07,2025-04-09,6,2,Late
PO004494,S020,P0056,W007,2025-11-17,413,2025-11-28,2025-11-28,11,0,On Time
PO004495,S022,P0068,W005,2025-11-20,825,2025-11-24,2025-11-24,4,0,On Time
PO004496,S014,P0069,W006,2025-03-04,659,2025-03-13,2025-03-13,9,0,On Time
PO004497,S018,P0087,W005,2025-08-12,590,2025-08-16,2025-08-16,4,0,On Time
PO004498,S002,P0055,W004,2025-08-13,343,2025-08-26,2025-08-26,13,0,On Time
PO004499,S002,P0069,W004,2025-12-12,104,2025-12-25,2025-12-26,14,1,Late
PO004500,S003,P0072,W002,2025-12-03,760,2025-12-15,2025-12-16,13,1,Late
PO004501,S005,P0081,W002,2025-04-13,906,2025-04-27,2025-04-29,16,2,Late
PO004502,S025,P0001,W002,2025-08-03,446,2025-08-15,2025-08-15,12,0,On Time
PO004503,S016,P0012,W004,2025-07-11,287,2025-07-22,2025-07-24,13,2,Late
PO004504,S022,P0035,W004,2025-06-09,131,2025-06-13,2025-06-13,4,0,On Time
PO004505,S015,P0078,W005,2025-07-26,647,2025-08-02,2025-08-03,8,1,Late
PO004506,S012,P0082,W004,2025-09-26,968,2025-10-03,2025-10-03,7,0,On Time
PO004507,S009,P0074,W006,2025-07-13,769,2025-07-19,2025-07-19,6,0,On Time
PO004508,S014,P0079,W003,2025-06-01,417,2025-06-10,2025-06-10,9,0,On Time
PO004509,S021,P0033,W003,2025-08-25,71,2025-09-08,2025-09-08,14,0,On Time
PO004510,S016,P0083,W002,2025-03-29,103,2025-04-09,2025-04-16,18,7,Late
PO004511,S011,P0098,W004,2025-01-11,642,2025-01-16,2025-01-16,5,0,On Time
PO004512,S006,P0025,W006,2025-07-06,731,2025-07-11,2025-07-16,10,5,Late
PO004513,S010,P0016,W008,2025-08-02,750,2025-08-13,2025-08-13,11,0,On Time
PO004514,S008,P0008,W003,2025-01-15,760,2025-01-24,2025-01-24,9,0,On Time
PO004515,S016,P0035,W005,2025-09-23,848,2025-10-04,2025-10-04,11,0,On Time
PO004516,S003,P0085,W008,2025-10-24,444,2025-11-05,2025-11-05,12,0,On Time
PO004517,S002,P0083,W001,2025-03-14,40,2025-03-27,2025-03-27,13,0,On Time
PO004518,S016,P0046,W007,2025-02-21,707,2025-03-04,2025-03-04,11,0,On Time
PO004519,S019,P0011,W005,2025-05-08,75,2025-05-14,2025-05-16,8,2,Late
PO004520,S009,P0061,W001,2025-01-28,310,2025-02-03,2025-02-03,6,0,On Time
PO004521,S016,P0044,W006,2025-03-06,831,2025-03-17,2025-03-17,11,0,On Time
PO004522,S022,P0011,W005,2025-01-17,826,2025-01-21,2025-01-21,4,0,On Time
PO004523,S004,P0011,W003,2025-12-17,674,2025-12-31,2026-01-01,15,1,Late
PO004524,S010,P0022,W004,2025-05-18,927,2025-05-29,2025-05-30,12,1,Late
PO004525,S019,P0085,W001,2025-11-15,392,2025-11-21,2025-11-21,6,0,On Time
PO004526,S013,P0091,W004,2025-08-17,757,2025-08-22,2025-08-22,5,0,On Time
PO004527,S018,P0082,W006,2025-09-11,27,2025-09-15,2025-09-15,4,0,On Time
PO004528,S015,P0062,W007,2025-07-29,143,2025-08-05,2025-08-10,12,5,Late
PO004529,S004,P0048,W007,2025-10-21,777,2025-11-04,2025-11-04,14,0,On Time
PO004530,S009,P0094,W004,2025-08-19,120,2025-08-25,2025-08-27,8,2,Late
PO004531,S004,P0063,W003,2025-08-29,854,2025-09-12,2025-09-12,14,0,On Time
PO004532,S016,P0051,W006,2025-03-11,881,2025-03-22,2025-03-22,11,0,On Time
PO004533,S021,P0045,W008,2025-04-14,112,2025-04-28,2025-05-05,21,7,Late
PO004534,S015,P0033,W007,2025-07-23,404,2025-07-30,2025-07-30,7,0,On Time
PO004535,S024,P0085,W002,2025-02-22,785,2025-03-05,2025-03-08,14,3,Late
PO004536,S002,P0060,W002,2025-11-26,99,2025-12-09,2025-12-09,13,0,On Time
PO004537,S014,P0002,W001,2025-02-23,317,2025-03-04,2025-03-04,9,0,On Time
PO004538,S003,P0013,W003,2025-10-03,50,2025-10-15,2025-10-16,13,1,Late
PO004539,S022,P0066,W004,2025-12-01,397,2025-12-05,2025-12-10,9,5,Late
PO004540,S023,P0057,W005,2025-01-31,349,2025-02-12,2025-02-15,15,3,Late
PO004541,S004,P0043,W008,2025-05-15,945,2025-05-29,2025-05-29,14,0,On Time
PO004542,S001,P0045,W005,2025-02-27,318,2025-03-12,2025-03-12,13,0,On Time
PO004543,S023,P0031,W006,2025-04-15,301,2025-04-27,2025-04-27,12,0,On Time
PO004544,S009,P0010,W001,2025-09-23,31,2025-09-29,2025-09-29,6,0,On Time
PO004545,S017,P0023,W001,2025-01-10,658,2025-01-19,2025-01-19,9,0,On Time
PO004546,S014,P0086,W001,2025-09-10,891,2025-09-19,2025-09-19,9,0,On Time
PO004547,S017,P0029,W003,2025-10-22,718,2025-10-31,2025-11-02,11,2,Late
PO004548,S001,P0097,W005,2025-06-05,88,2025-06-18,2025-06-19,14,1,Late
PO004549,S010,P0031,W006,2025-06-07,860,2025-06-18,2025-06-21,14,3,Late
PO004550,S023,P0078,W008,2025-02-06,542,2025-02-18,2025-02-23,17,5,Late
PO004551,S016,P0074,W003,2025-04-29,834,2025-05-10,2025-05-10,11,0,On Time
PO004552,S025,P0018,W006,2025-03-08,42,2025-03-20,2025-03-23,15,3,Late
PO004553,S019,P0011,W003,2025-08-30,356,2025-09-05,2025-09-06,7,1,Late
PO004554,S024,P0047,W008,2025-10-26,446,2025-11-06,2025-11-11,16,5,Late
PO004555,S025,P0003,W008,2025-08-01,864,2025-08-13,2025-08-13,12,0,On Time
PO004556,S003,P0002,W004,2025-11-04,228,2025-11-16,2025-11-16,12,0,On Time
PO004557,S012,P0054,W003,2025-04-11,234,2025-04-18,2025-04-19,8,1,Late
PO004558,S003,P0072,W003,2025-02-25,654,2025-03-09,2025-03-14,17,5,Late
PO004559,S015,P0031,W008,2025-11-28,442,2025-12-05,2025-12-07,9,2,Late
PO004560,S017,P0008,W004,2025-11-20,92,2025-11-29,2025-11-30,10,1,Late
PO004561,S018,P0043,W002,2025-08-27,741,2025-08-31,2025-08-31,4,0,On Time
PO004562,S007,P0048,W004,2025-08-19,842,2025-09-02,2025-09-03,15,1,Late
PO004563,S019,P0002,W001,2025-12-28,805,2026-01-03,2026-01-05,8,2,Late
PO004564,S007,P0022,W007,2025-04-02,625,2025-04-16,2025-04-18,16,2,Late
PO004565,S005,P0005,W002,2025-10-06,957,2025-10-20,2025-10-21,15,1,Late
PO004566,S008,P0007,W007,2025-04-19,767,2025-04-28,2025-04-28,9,0,On Time
PO004567,S021,P0020,W008,2025-11-13,685,2025-11-27,2025-11-28,15,1,Late
PO004568,S016,P0092,W005,2025-06-17,293,2025-06-28,2025-06-28,11,0,On Time
PO004569,S016,P0077,W008,2025-10-27,744,2025-11-07,2025-11-14,18,7,Late
PO004570,S019,P0002,W007,2025-08-06,659,2025-08-12,2025-08-12,6,0,On Time
PO004571,S025,P0032,W006,2025-08-10,252,2025-08-22,2025-08-22,12,0,On Time
PO004572,S015,P0090,W003,2025-06-10,60,2025-06-17,2025-06-24,14,7,Late
PO004573,S007,P0003,W002,2025-01-16,957,2025-01-30,2025-01-30,14,0,On Time
PO004574,S005,P0041,W005,2025-10-05,308,2025-10-19,2025-10-19,14,0,On Time
PO004575,S023,P0042,W004,2025-02-26,574,2025-03-10,2025-03-11,13,1,Late
PO004576,S011,P0077,W004,2025-03-03,289,2025-03-08,2025-03-08,5,0,On Time
PO004577,S010,P0085,W001,2025-12-29,458,2026-01-09,2026-01-09,11,0,On Time
PO004578,S025,P0045,W007,2025-11-23,333,2025-12-05,2025-12-08,15,3,Late
PO004579,S021,P0087,W001,2025-08-30,529,2025-09-13,2025-09-13,14,0,On Time
PO004580,S023,P0071,W008,2025-03-31,413,2025-04-12,2025-04-12,12,0,On Time
PO004581,S009,P0017,W002,2025-03-13,47,2025-03-19,2025-03-19,6,0,On Time
PO004582,S001,P0092,W008,2025-11-22,289,2025-12-05,2025-12-05,13,0,On Time
PO004583,S020,P0047,W007,2025-01-30,486,2025-02-10,2025-02-10,11,0,On Time
PO004584,S001,P0094,W006,2025-12-25,941,2026-01-07,2026-01-07,13,0,On Time
PO004585,S008,P0069,W003,2025-10-15,93,2025-10-24,2025-10-27,12,3,Late
PO004586,S003,P0024,W004,2025-03-27,676,2025-04-08,2025-04-08,12,0,On Time
PO004587,S002,P0071,W008,2025-08-22,693,2025-09-04,2025-09-04,13,0,On Time
PO004588,S004,P0034,W002,2025-08-23,265,2025-09-06,2025-09-06,14,0,On Time
PO004589,S019,P0050,W007,2025-11-09,801,2025-11-15,2025-11-15,6,0,On Time
PO004590,S011,P0042,W002,2025-12-31,429,2026-01-05,2026-01-05,5,0,On Time
PO004591,S005,P0033,W006,2025-09-22,517,2025-10-06,2025-10-06,14,0,On Time
PO004592,S024,P0027,W007,2025-10-14,437,2025-10-25,2025-10-30,16,5,Late
PO004593,S010,P0078,W002,2025-11-23,230,2025-12-04,2025-12-04,11,0,On Time
PO004594,S024,P0059,W001,2025-09-26,811,2025-10-07,2025-10-07,11,0,On Time
PO004595,S023,P0019,W006,2025-07-05,242,2025-07-17,2025-07-19,14,2,Late
PO004596,S008,P0076,W004,2025-05-11,379,2025-05-20,2025-05-20,9,0,On Time
PO004597,S013,P0003,W007,2025-10-18,601,2025-10-23,2025-10-23,5,0,On Time
PO004598,S005,P0071,W008,2025-10-04,39,2025-10-18,2025-10-18,14,0,On Time
PO004599,S012,P0099,W001,2025-11-16,442,2025-11-23,2025-11-28,12,5,Late
PO004600,S013,P0025,W001,2025-12-17,140,2025-12-22,2025-12-27,10,5,Late
PO004601,S022,P0015,W006,2025-06-29,192,2025-07-03,2025-07-03,4,0,On Time
PO004602,S008,P0083,W008,2025-10-17,53,2025-10-26,2025-10-26,9,0,On Time
PO004603,S015,P0060,W006,2025-06-12,937,2025-06-19,2025-06-19,7,0,On Time
PO004604,S013,P0083,W002,2025-09-28,90,2025-10-03,2025-10-04,6,1,Late
PO004605,S001,P0023,W008,2025-04-06,564,2025-04-19,2025-04-19,13,0,On Time
PO004606,S022,P0011,W005,2025-09-19,793,2025-09-23,2025-09-23,4,0,On Time
PO004607,S006,P0059,W005,2025-12-31,803,2026-01-05,2026-01-07,7,2,Late
PO004608,S011,P0085,W005,2025-12-19,987,2025-12-24,2025-12-24,5,0,On Time
PO004609,S013,P0034,W007,2025-10-15,640,2025-10-20,2025-10-20,5,0,On Time
PO004610,S021,P0007,W007,2025-03-24,554,2025-04-07,2025-04-10,17,3,Late
PO004611,S020,P0044,W002,2025-08-13,677,2025-08-24,2025-08-26,13,2,Late
PO004612,S001,P0091,W003,2025-08-11,33,2025-08-24,2025-08-25,14,1,Late
PO004613,S011,P0064,W007,2025-04-28,325,2025-05-03,2025-05-08,10,5,Late
PO004614,S011,P0023,W004,2025-07-11,848,2025-07-16,2025-07-16,5,0,On Time
PO004615,S008,P0058,W002,2025-03-20,567,2025-03-29,2025-03-29,9,0,On Time
PO004616,S022,P0020,W002,2025-03-19,290,2025-03-23,2025-03-23,4,0,On Time
PO004617,S003,P0027,W008,2025-05-27,792,2025-06-08,2025-06-08,12,0,On Time
PO004618,S019,P0060,W001,2025-04-17,72,2025-04-23,2025-04-23,6,0,On Time
PO004619,S012,P0008,W008,2025-09-28,513,2025-10-05,2025-10-05,7,0,On Time
PO004620,S006,P0067,W005,2025-09-01,579,2025-09-06,2025-09-06,5,0,On Time
PO004621,S023,P0002,W006,2025-03-14,482,2025-03-26,2025-03-26,12,0,On Time
PO004622,S008,P0022,W002,2025-12-23,542,2026-01-01,2026-01-01,9,0,On Time
PO004623,S005,P0070,W003,2025-12-20,789,2026-01-03,2026-01-03,14,0,On Time
PO004624,S010,P0036,W007,2025-01-26,874,2025-02-06,2025-02-07,12,1,Late
PO004625,S022,P0024,W004,2025-07-29,811,2025-08-02,2025-08-02,4,0,On Time
PO004626,S016,P0012,W003,2025-04-02,741,2025-04-13,2025-04-13,11,0,On Time
PO004627,S012,P0081,W002,2025-05-05,343,2025-05-12,2025-05-19,14,7,Late
PO004628,S017,P0022,W002,2025-03-14,866,2025-03-23,2025-03-24,10,1,Late
PO004629,S006,P0083,W001,2025-05-03,543,2025-05-08,2025-05-08,5,0,On Time
PO004630,S009,P0073,W003,2025-11-05,462,2025-11-11,2025-11-11,6,0,On Time
PO004631,S010,P0076,W001,2025-07-03,270,2025-07-14,2025-07-14,11,0,On Time
PO004632,S020,P0096,W006,2025-07-06,854,2025-07-17,2025-07-17,11,0,On Time
PO004633,S014,P0095,W003,2025-07-17,179,2025-07-26,2025-07-26,9,0,On Time
PO004634,S014,P0081,W005,2025-03-19,55,2025-03-28,2025-03-28,9,0,On Time
PO004635,S017,P0023,W006,2025-12-14,680,2025-12-23,2025-12-23,9,0,On Time
PO004636,S025,P0074,W005,2025-07-05,899,2025-07-17,2025-07-17,12,0,On Time
PO004637,S016,P0063,W003,2025-12-10,217,2025-12-21,2025-12-21,11,0,On Time
PO004638,S004,P0030,W001,2025-09-10,469,2025-09-24,2025-09-24,14,0,On Time
PO004639,S002,P0019,W005,2025-01-13,397,2025-01-26,2025-01-31,18,5,Late
PO004640,S016,P0026,W002,2025-10-26,265,2025-11-06,2025-11-06,11,0,On Time
PO004641,S001,P0090,W007,2025-03-17,412,2025-03-30,2025-03-30,13,0,On Time
PO004642,S003,P0011,W004,2025-02-20,223,2025-03-04,2025-03-04,12,0,On Time
PO004643,S023,P0020,W008,2025-10-02,63,2025-10-14,2025-10-14,12,0,On Time
PO004644,S011,P0056,W001,2025-05-29,334,2025-06-03,2025-06-03,5,0,On Time
PO004645,S016,P0045,W006,2025-08-07,427,2025-08-18,2025-08-18,11,0,On Time
PO004646,S018,P0068,W007,2025-05-02,914,2025-05-06,2025-05-06,4,0,On Time
PO004647,S015,P0047,W006,2025-07-30,850,2025-08-06,2025-08-08,9,2,Late
PO004648,S009,P0076,W003,2025-10-07,225,2025-10-13,2025-10-13,6,0,On Time
PO004649,S012,P0089,W006,2025-01-26,260,2025-02-02,2025-02-02,7,0,On Time
PO004650,S018,P0058,W008,2025-06-22,60,2025-06-26,2025-07-01,9,5,Late
PO004651,S005,P0010,W004,2025-06-05,607,2025-06-19,2025-06-19,14,0,On Time
PO004652,S024,P0022,W004,2025-08-26,733,2025-09-06,2025-09-06,11,0,On Time
PO004653,S008,P0071,W002,2025-03-23,382,2025-04-01,2025-04-01,9,0,On Time
PO004654,S003,P0024,W006,2025-12-22,917,2026-01-03,2026-01-03,12,0,On Time
PO004655,S002,P0066,W001,2025-09-30,114,2025-10-13,2025-10-13,13,0,On Time
PO004656,S025,P0096,W004,2025-03-09,559,2025-03-21,2025-03-21,12,0,On Time
PO004657,S019,P0085,W001,2025-02-13,163,2025-02-19,2025-02-19,6,0,On Time
PO004658,S008,P0061,W002,2025-03-02,78,2025-03-11,2025-03-11,9,0,On Time
PO004659,S002,P0007,W003,2025-05-03,660,2025-05-16,2025-05-16,13,0,On Time
PO004660,S019,P0072,W004,2025-12-15,873,2025-12-21,2025-12-23,8,2,Late
PO004661,S001,P0038,W008,2025-07-15,528,2025-07-28,2025-07-30,15,2,Late
PO004662,S022,P0021,W008,2025-11-26,532,2025-11-30,2025-11-30,4,0,On Time
PO004663,S013,P0008,W004,2025-11-19,818,2025-11-24,2025-12-01,12,7,Late
PO004664,S023,P0089,W004,2025-04-21,41,2025-05-03,2025-05-04,13,1,Late
PO004665,S020,P0028,W006,2025-09-15,757,2025-09-26,2025-09-27,12,1,Late
PO004666,S017,P0092,W008,2025-03-30,223,2025-04-08,2025-04-08,9,0,On Time
PO004667,S003,P0054,W008,2025-07-17,718,2025-07-29,2025-08-01,15,3,Late
PO004668,S009,P0031,W001,2025-10-09,906,2025-10-15,2025-10-20,11,5,Late
PO004669,S005,P0100,W007,2025-07-19,490,2025-08-02,2025-08-02,14,0,On Time
PO004670,S006,P0089,W004,2025-04-09,303,2025-04-14,2025-04-15,6,1,Late
PO004671,S004,P0041,W001,2025-01-27,391,2025-02-10,2025-02-11,15,1,Late
PO004672,S017,P0037,W006,2025-03-30,517,2025-04-08,2025-04-08,9,0,On Time
PO004673,S021,P0038,W005,2025-05-26,351,2025-06-09,2025-06-09,14,0,On Time
PO004674,S021,P0051,W008,2025-07-01,46,2025-07-15,2025-07-15,14,0,On Time
PO004675,S021,P0076,W005,2025-09-14,874,2025-09-28,2025-09-28,14,0,On Time
PO004676,S016,P0037,W001,2025-07-08,148,2025-07-19,2025-07-19,11,0,On Time
PO004677,S016,P0031,W006,2025-08-28,399,2025-09-08,2025-09-08,11,0,On Time
PO004678,S022,P0062,W005,2025-12-25,526,2025-12-29,2025-12-29,4,0,On Time
PO004679,S011,P0018,W002,2025-07-15,894,2025-07-20,2025-07-25,10,5,Late
PO004680,S002,P0090,W002,2025-10-24,917,2025-11-06,2025-11-06,13,0,On Time
PO004681,S017,P0006,W005,2025-06-14,114,2025-06-23,2025-06-23,9,0,On Time
PO004682,S015,P0009,W008,2025-11-03,597,2025-11-10,2025-11-10,7,0,On Time
PO004683,S018,P0011,W003,2025-09-28,196,2025-10-02,2025-10-05,7,3,Late
PO004684,S010,P0095,W001,2025-01-08,492,2025-01-19,2025-01-19,11,0,On Time
PO004685,S006,P0002,W005,2025-02-07,505,2025-02-12,2025-02-13,6,1,Late
PO004686,S021,P0029,W001,2025-04-24,294,2025-05-08,2025-05-08,14,0,On Time
PO004687,S016,P0051,W007,2025-12-05,687,2025-12-16,2025-12-16,11,0,On Time
PO004688,S005,P0069,W007,2025-02-25,985,2025-03-11,2025-03-11,14,0,On Time
PO004689,S012,P0023,W006,2025-12-25,442,2026-01-01,2026-01-01,7,0,On Time
PO004690,S006,P0100,W007,2025-05-18,550,2025-05-23,2025-05-25,7,2,Late
PO004691,S014,P0007,W007,2025-04-12,914,2025-04-21,2025-04-21,9,0,On Time
PO004692,S023,P0056,W005,2025-11-30,903,2025-12-12,2025-12-12,12,0,On Time
PO004693,S016,P0077,W002,2025-06-26,339,2025-07-07,2025-07-09,13,2,Late
PO004694,S025,P0062,W008,2025-06-18,77,2025-06-30,2025-06-30,12,0,On Time
PO004695,S007,P0074,W006,2025-12-05,292,2025-12-19,2025-12-19,14,0,On Time
PO004696,S002,P0100,W007,2025-10-13,217,2025-10-26,2025-10-31,18,5,Late
PO004697,S006,P0080,W003,2025-09-18,98,2025-09-23,2025-09-23,5,0,On Time
PO004698,S009,P0015,W001,2025-08-11,60,2025-08-17,2025-08-20,9,3,Late
PO004699,S007,P0053,W008,2025-07-18,757,2025-08-01,2025-08-03,16,2,Late
PO004700,S002,P0043,W008,2025-07-30,792,2025-08-12,2025-08-12,13,0,On Time
PO004701,S019,P0083,W008,2025-10-14,264,2025-10-20,2025-10-20,6,0,On Time
PO004702,S008,P0085,W003,2025-06-29,42,2025-07-08,2025-07-08,9,0,On Time
PO004703,S011,P0035,W007,2025-09-07,728,2025-09-12,2025-09-12,5,0,On Time
PO004704,S025,P0079,W002,2025-08-19,255,2025-08-31,2025-09-01,13,1,Late
PO004705,S004,P0014,W007,2025-01-23,145,2025-02-06,2025-02-06,14,0,On Time
PO004706,S016,P0093,W008,2025-02-17,797,2025-02-28,2025-02-28,11,0,On Time
PO004707,S025,P0069,W004,2025-04-19,855,2025-05-01,2025-05-01,12,0,On Time
PO004708,S018,P0049,W004,2025-10-23,159,2025-10-27,2025-10-27,4,0,On Time
PO004709,S013,P0018,W001,2025-01-06,898,2025-01-11,2025-01-12,6,1,Late
PO004710,S005,P0051,W006,2025-02-07,413,2025-02-21,2025-02-23,16,2,Late
PO004711,S002,P0001,W002,2025-06-18,847,2025-07-01,2025-07-02,14,1,Late
PO004712,S011,P0027,W007,2025-12-22,146,2025-12-27,2025-12-30,8,3,Late
PO004713,S001,P0064,W001,2025-10-10,817,2025-10-23,2025-10-23,13,0,On Time
PO004714,S013,P0060,W006,2025-07-22,133,2025-07-27,2025-07-27,5,0,On Time
PO004715,S005,P0091,W001,2025-11-21,939,2025-12-05,2025-12-05,14,0,On Time
PO004716,S018,P0089,W001,2025-11-09,856,2025-11-13,2025-11-20,11,7,Late
PO004717,S014,P0041,W003,2025-09-30,544,2025-10-09,2025-10-09,9,0,On Time
PO004718,S013,P0021,W005,2025-09-01,247,2025-09-06,2025-09-11,10,5,Late
PO004719,S007,P0014,W002,2025-11-23,540,2025-12-07,2025-12-09,16,2,Late
PO004720,S008,P0020,W003,2025-02-16,165,2025-02-25,2025-02-26,10,1,Late
PO004721,S018,P0092,W006,2025-09-06,182,2025-09-10,2025-09-10,4,0,On Time
PO004722,S007,P0085,W005,2025-03-20,754,2025-04-03,2025-04-03,14,0,On Time
PO004723,S020,P0087,W001,2025-04-20,747,2025-05-01,2025-05-01,11,0,On Time
PO004724,S017,P0011,W004,2025-01-13,919,2025-01-22,2025-01-22,9,0,On Time
PO004725,S016,P0066,W007,2025-12-31,188,2026-01-11,2026-01-16,16,5,Late
PO004726,S011,P0084,W003,2025-03-31,557,2025-04-05,2025-04-07,7,2,Late
PO004727,S019,P0024,W008,2025-12-08,144,2025-12-14,2025-12-16,8,2,Late
PO004728,S001,P0089,W002,2025-12-14,319,2025-12-27,2025-12-27,13,0,On Time
PO004729,S021,P0037,W002,2025-10-07,269,2025-10-21,2025-10-21,14,0,On Time
PO004730,S008,P0086,W005,2025-08-09,957,2025-08-18,2025-08-19,10,1,Late
PO004731,S001,P0024,W003,2025-03-14,541,2025-03-27,2025-03-27,13,0,On Time
PO004732,S009,P0015,W001,2025-08-22,124,2025-08-28,2025-08-31,9,3,Late
PO004733,S019,P0012,W008,2025-09-17,637,2025-09-23,2025-09-25,8,2,Late
PO004734,S021,P0095,W005,2025-04-23,988,2025-05-07,2025-05-07,14,0,On Time
PO004735,S009,P0064,W006,2025-02-15,532,2025-02-21,2025-02-21,6,0,On Time
PO004736,S021,P0031,W002,2025-10-01,713,2025-10-15,2025-10-16,15,1,Late
PO004737,S025,P0053,W008,2025-02-12,931,2025-02-24,2025-02-24,12,0,On Time
PO004738,S010,P0094,W006,2025-07-27,525,2025-08-07,2025-08-07,11,0,On Time
PO004739,S024,P0084,W008,2025-12-15,321,2025-12-26,2025-12-26,11,0,On Time
PO004740,S023,P0072,W003,2025-04-13,672,2025-04-25,2025-04-25,12,0,On Time
PO004741,S011,P0044,W004,2025-05-04,249,2025-05-09,2025-05-11,7,2,Late
PO004742,S001,P0030,W008,2025-01-10,83,2025-01-23,2025-01-23,13,0,On Time
PO004743,S020,P0035,W008,2025-11-25,609,2025-12-06,2025-12-08,13,2,Late
PO004744,S025,P0021,W006,2025-07-06,251,2025-07-18,2025-07-18,12,0,On Time
PO004745,S008,P0063,W007,2025-01-31,618,2025-02-09,2025-02-14,14,5,Late
PO004746,S020,P0092,W001,2025-06-05,202,2025-06-16,2025-06-23,18,7,Late
PO004747,S012,P0017,W007,2025-03-01,338,2025-03-08,2025-03-09,8,1,Late
PO004748,S001,P0012,W002,2025-09-06,677,2025-09-19,2025-09-19,13,0,On Time
PO004749,S010,P0018,W007,2025-09-27,848,2025-10-08,2025-10-08,11,0,On Time
PO004750,S004,P0092,W003,2025-08-05,111,2025-08-19,2025-08-19,14,0,On Time
PO004751,S015,P0060,W008,2025-01-02,654,2025-01-09,2025-01-09,7,0,On Time
PO004752,S019,P0067,W004,2025-01-24,807,2025-01-30,2025-01-30,6,0,On Time
PO004753,S006,P0015,W002,2025-07-25,980,2025-07-30,2025-08-01,7,2,Late
PO004754,S005,P0016,W004,2025-11-16,83,2025-11-30,2025-11-30,14,0,On Time
PO004755,S005,P0022,W002,2025-07-18,863,2025-08-01,2025-08-01,14,0,On Time
PO004756,S018,P0095,W005,2025-12-22,238,2025-12-26,2025-12-26,4,0,On Time
PO004757,S003,P0063,W007,2025-04-24,723,2025-05-06,2025-05-11,17,5,Late
PO004758,S022,P0031,W005,2025-10-07,638,2025-10-11,2025-10-11,4,0,On Time
PO004759,S002,P0001,W005,2025-06-04,928,2025-06-17,2025-06-17,13,0,On Time
PO004760,S004,P0075,W003,2025-06-14,266,2025-06-28,2025-07-03,19,5,Late
PO004761,S018,P0006,W008,2025-08-10,983,2025-08-14,2025-08-14,4,0,On Time
PO004762,S009,P0087,W005,2025-04-01,492,2025-04-07,2025-04-08,7,1,Late
PO004763,S019,P0009,W003,2025-06-16,985,2025-06-22,2025-06-22,6,0,On Time
PO004764,S010,P0052,W001,2025-07-26,76,2025-08-06,2025-08-06,11,0,On Time
PO004765,S022,P0080,W005,2025-10-09,64,2025-10-13,2025-10-13,4,0,On Time
PO004766,S015,P0062,W003,2025-03-06,907,2025-03-13,2025-03-16,10,3,Late
PO004767,S001,P0058,W008,2025-01-04,105,2025-01-17,2025-01-17,13,0,On Time
PO004768,S011,P0019,W002,2025-06-06,57,2025-06-11,2025-06-11,5,0,On Time
PO004769,S014,P0013,W003,2025-09-06,201,2025-09-15,2025-09-15,9,0,On Time
PO004770,S010,P0032,W006,2025-09-14,183,2025-09-25,2025-09-25,11,0,On Time
PO004771,S019,P0100,W003,2025-08-23,776,2025-08-29,2025-08-29,6,0,On Time
PO004772,S024,P0009,W007,2025-11-02,854,2025-11-13,2025-11-18,16,5,Late
PO004773,S021,P0049,W006,2025-03-15,908,2025-03-29,2025-04-03,19,5,Late
PO004774,S016,P0037,W002,2025-07-06,145,2025-07-17,2025-07-17,11,0,On Time
PO004775,S008,P0031,W008,2025-03-03,226,2025-03-12,2025-03-12,9,0,On Time
PO004776,S002,P0031,W007,2025-12-03,286,2025-12-16,2025-12-16,13,0,On Time
PO004777,S023,P0059,W003,2025-06-13,373,2025-06-25,2025-06-30,17,5,Late
PO004778,S025,P0055,W007,2025-02-25,430,2025-03-09,2025-03-09,12,0,On Time
PO004779,S007,P0019,W008,2025-04-21,618,2025-05-05,2025-05-05,14,0,On Time
PO004780,S019,P0063,W002,2025-08-06,676,2025-08-12,2025-08-14,8,2,Late
PO004781,S007,P0002,W007,2025-08-28,141,2025-09-11,2025-09-11,14,0,On Time
PO004782,S015,P0045,W006,2025-01-21,527,2025-01-28,2025-01-28,7,0,On Time
PO004783,S008,P0096,W004,2025-05-21,629,2025-05-30,2025-05-30,9,0,On Time
PO004784,S014,P0043,W005,2025-09-22,488,2025-10-01,2025-10-01,9,0,On Time
PO004785,S001,P0098,W006,2025-05-19,820,2025-06-01,2025-06-02,14,1,Late
PO004786,S013,P0001,W008,2025-03-11,152,2025-03-16,2025-03-16,5,0,On Time
PO004787,S003,P0085,W001,2025-04-28,398,2025-05-10,2025-05-10,12,0,On Time
PO004788,S021,P0061,W003,2025-07-17,868,2025-07-31,2025-07-31,14,0,On Time
PO004789,S006,P0003,W007,2025-07-24,337,2025-07-29,2025-07-30,6,1,Late
PO004790,S019,P0091,W002,2025-08-02,596,2025-08-08,2025-08-11,9,3,Late
PO004791,S015,P0044,W005,2025-02-25,730,2025-03-04,2025-03-04,7,0,On Time
PO004792,S004,P0007,W008,2025-10-14,144,2025-10-28,2025-10-28,14,0,On Time
PO004793,S021,P0033,W007,2025-10-20,470,2025-11-03,2025-11-03,14,0,On Time
PO004794,S003,P0009,W003,2025-06-24,877,2025-07-06,2025-07-06,12,0,On Time
PO004795,S004,P0030,W005,2025-12-13,739,2025-12-27,2025-12-27,14,0,On Time
PO004796,S005,P0018,W004,2025-05-08,227,2025-05-22,2025-05-22,14,0,On Time
PO004797,S018,P0056,W003,2025-11-21,319,2025-11-25,2025-12-02,11,7,Late
PO004798,S025,P0090,W007,2025-10-19,508,2025-10-31,2025-10-31,12,0,On Time
PO004799,S010,P0084,W002,2025-10-15,652,2025-10-26,2025-10-26,11,0,On Time
PO004800,S008,P0031,W004,2025-08-14,161,2025-08-23,2025-08-25,11,2,Late
PO004801,S012,P0072,W003,2025-03-05,493,2025-03-12,2025-03-12,7,0,On Time
PO004802,S022,P0063,W005,2025-02-17,878,2025-02-21,2025-02-21,4,0,On Time
PO004803,S003,P0087,W007,2025-07-21,588,2025-08-02,2025-08-02,12,0,On Time
PO004804,S018,P0050,W004,2025-12-03,323,2025-12-07,2025-12-07,4,0,On Time
PO004805,S023,P0089,W002,2025-03-01,676,2025-03-13,2025-03-18,17,5,Late
PO004806,S008,P0001,W003,2025-09-14,575,2025-09-23,2025-09-23,9,0,On Time
PO004807,S001,P0082,W005,2025-03-06,663,2025-03-19,2025-03-19,13,0,On Time
PO004808,S014,P0019,W007,2025-08-27,612,2025-09-05,2025-09-10,14,5,Late
PO004809,S022,P0064,W005,2025-10-16,884,2025-10-20,2025-10-20,4,0,On Time
PO004810,S023,P0053,W008,2025-02-07,49,2025-02-19,2025-02-19,12,0,On Time
PO004811,S013,P0006,W006,2025-01-25,396,2025-01-30,2025-01-30,5,0,On Time
PO004812,S025,P0017,W004,2025-02-28,360,2025-03-12,2025-03-19,19,7,Late
PO004813,S012,P0046,W007,2025-12-23,228,2025-12-30,2025-12-30,7,0,On Time
PO004814,S003,P0072,W003,2025-10-24,990,2025-11-05,2025-11-05,12,0,On Time
PO004815,S018,P0073,W006,2025-06-07,262,2025-06-11,2025-06-11,4,0,On Time
PO004816,S021,P0055,W005,2025-02-26,714,2025-03-12,2025-03-19,21,7,Late
PO004817,S013,P0091,W004,2025-02-17,177,2025-02-22,2025-02-24,7,2,Late
PO004818,S015,P0100,W001,2025-11-24,165,2025-12-01,2025-12-01,7,0,On Time
PO004819,S010,P0006,W007,2025-02-25,359,2025-03-08,2025-03-10,13,2,Late
PO004820,S001,P0070,W005,2025-03-06,885,2025-03-19,2025-03-22,16,3,Late
PO004821,S006,P0068,W004,2025-09-25,764,2025-09-30,2025-10-01,6,1,Late
PO004822,S009,P0086,W001,2025-03-10,111,2025-03-16,2025-03-17,7,1,Late
PO004823,S010,P0040,W007,2025-08-04,348,2025-08-15,2025-08-15,11,0,On Time
PO004824,S015,P0091,W004,2025-03-30,191,2025-04-06,2025-04-06,7,0,On Time
PO004825,S009,P0066,W005,2025-10-08,721,2025-10-14,2025-10-15,7,1,Late
PO004826,S023,P0009,W001,2025-09-14,50,2025-09-26,2025-09-26,12,0,On Time
PO004827,S014,P0011,W008,2025-06-09,640,2025-06-18,2025-06-18,9,0,On Time
PO004828,S011,P0020,W007,2025-08-22,291,2025-08-27,2025-08-27,5,0,On Time
PO004829,S007,P0043,W004,2025-05-11,114,2025-05-25,2025-05-28,17,3,Late
PO004830,S024,P0058,W003,2025-02-18,96,2025-03-01,2025-03-02,12,1,Late
PO004831,S002,P0078,W001,2025-05-27,170,2025-06-09,2025-06-09,13,0,On Time
PO004832,S014,P0026,W004,2025-11-12,161,2025-11-21,2025-11-23,11,2,Late
PO004833,S006,P0038,W003,2025-01-02,250,2025-01-07,2025-01-08,6,1,Late
PO004834,S005,P0094,W008,2025-11-25,789,2025-12-09,2025-12-14,19,5,Late
PO004835,S005,P0036,W001,2025-05-25,927,2025-06-08,2025-06-08,14,0,On Time
PO004836,S019,P0099,W004,2025-03-02,973,2025-03-08,2025-03-08,6,0,On Time
PO004837,S019,P0055,W005,2025-09-30,147,2025-10-06,2025-10-07,7,1,Late
PO004838,S006,P0006,W001,2025-02-18,879,2025-02-23,2025-02-23,5,0,On Time
PO004839,S010,P0003,W001,2025-11-28,755,2025-12-09,2025-12-09,11,0,On Time
PO004840,S023,P0065,W007,2025-05-11,715,2025-05-23,2025-05-23,12,0,On Time
PO004841,S014,P0064,W003,2025-02-12,516,2025-02-21,2025-02-23,11,2,Late
PO004842,S017,P0058,W006,2025-02-26,299,2025-03-07,2025-03-07,9,0,On Time
PO004843,S003,P0058,W007,2025-02-19,824,2025-03-03,2025-03-03,12,0,On Time
PO004844,S001,P0018,W006,2025-06-27,560,2025-07-10,2025-07-10,13,0,On Time
PO004845,S010,P0023,W004,2025-10-20,829,2025-10-31,2025-10-31,11,0,On Time
PO004846,S003,P0096,W005,2025-02-15,549,2025-02-27,2025-03-04,17,5,Late
PO004847,S005,P0029,W003,2025-06-19,150,2025-07-03,2025-07-03,14,0,On Time
PO004848,S025,P0023,W001,2025-09-28,480,2025-10-10,2025-10-10,12,0,On Time
PO004849,S019,P0036,W006,2025-12-02,288,2025-12-08,2025-12-08,6,0,On Time
PO004850,S010,P0070,W003,2025-05-19,637,2025-05-30,2025-05-30,11,0,On Time
PO004851,S025,P0081,W003,2025-09-04,688,2025-09-16,2025-09-21,17,5,Late
PO004852,S016,P0082,W007,2025-05-28,981,2025-06-08,2025-06-15,18,7,Late
PO004853,S001,P0095,W003,2025-08-18,590,2025-08-31,2025-08-31,13,0,On Time
PO004854,S006,P0006,W001,2025-10-07,623,2025-10-12,2025-10-12,5,0,On Time
PO004855,S009,P0034,W007,2025-05-05,963,2025-05-11,2025-05-11,6,0,On Time
PO004856,S005,P0044,W002,2025-07-11,279,2025-07-25,2025-07-25,14,0,On Time
PO004857,S014,P0044,W003,2025-03-21,70,2025-03-30,2025-03-30,9,0,On Time
PO004858,S010,P0027,W002,2025-04-04,152,2025-04-15,2025-04-15,11,0,On Time
PO004859,S002,P0100,W006,2025-08-14,698,2025-08-27,2025-08-29,15,2,Late
PO004860,S005,P0052,W005,2025-03-06,828,2025-03-20,2025-03-21,15,1,Late
PO004861,S001,P0042,W007,2025-03-29,24,2025-04-11,2025-04-11,13,0,On Time
PO004862,S025,P0025,W006,2025-03-29,667,2025-04-10,2025-04-12,14,2,Late
PO004863,S010,P0074,W007,2025-07-20,757,2025-07-31,2025-08-03,14,3,Late
PO004864,S025,P0039,W005,2025-08-02,521,2025-08-14,2025-08-14,12,0,On Time
PO004865,S022,P0039,W005,2025-07-23,203,2025-07-27,2025-08-01,9,5,Late
PO004866,S009,P0012,W007,2025-03-30,428,2025-04-05,2025-04-07,8,2,Late
PO004867,S003,P0011,W006,2025-03-02,110,2025-03-14,2025-03-14,12,0,On Time
PO004868,S015,P0003,W004,2025-09-28,455,2025-10-05,2025-10-10,12,5,Late
PO004869,S004,P0022,W008,2025-04-04,839,2025-04-18,2025-04-18,14,0,On Time
PO004870,S013,P0004,W001,2025-11-03,922,2025-11-08,2025-11-08,5,0,On Time
PO004871,S006,P0008,W002,2025-01-27,208,2025-02-01,2025-02-01,5,0,On Time
PO004872,S020,P0014,W004,2025-08-02,499,2025-08-13,2025-08-16,14,3,Late
PO004873,S017,P0084,W002,2025-03-15,834,2025-03-24,2025-03-24,9,0,On Time
PO004874,S023,P0088,W007,2025-03-02,402,2025-03-14,2025-03-14,12,0,On Time
PO004875,S005,P0014,W001,2025-07-05,869,2025-07-19,2025-07-19,14,0,On Time
PO004876,S015,P0092,W007,2025-01-31,341,2025-02-07,2025-02-07,7,0,On Time
PO004877,S008,P0016,W003,2025-08-07,462,2025-08-16,2025-08-17,10,1,Late
PO004878,S025,P0032,W007,2025-01-12,509,2025-01-24,2025-01-24,12,0,On Time
PO004879,S005,P0064,W006,2025-10-29,152,2025-11-12,2025-11-12,14,0,On Time
PO004880,S024,P0076,W004,2025-02-01,703,2025-02-12,2025-02-15,14,3,Late
PO004881,S013,P0016,W007,2025-06-09,445,2025-06-14,2025-06-15,6,1,Late
PO004882,S001,P0052,W001,2025-08-25,269,2025-09-07,2025-09-10,16,3,Late
PO004883,S001,P0019,W006,2025-08-15,80,2025-08-28,2025-08-28,13,0,On Time
PO004884,S007,P0069,W004,2025-06-30,978,2025-07-14,2025-07-14,14,0,On Time
PO004885,S022,P0012,W007,2025-11-13,581,2025-11-17,2025-11-18,5,1,Late
PO004886,S005,P0093,W005,2025-02-15,441,2025-03-01,2025-03-01,14,0,On Time
PO004887,S014,P0005,W007,2025-12-07,495,2025-12-16,2025-12-18,11,2,Late
PO004888,S015,P0042,W008,2025-03-21,242,2025-03-28,2025-03-28,7,0,On Time
PO004889,S021,P0017,W004,2025-05-15,457,2025-05-29,2025-05-29,14,0,On Time
PO004890,S025,P0072,W003,2025-09-17,703,2025-09-29,2025-09-29,12,0,On Time
PO004891,S017,P0094,W003,2025-11-04,939,2025-11-13,2025-11-13,9,0,On Time
PO004892,S024,P0010,W002,2025-09-04,403,2025-09-15,2025-09-15,11,0,On Time
PO004893,S018,P0084,W008,2025-06-08,338,2025-06-12,2025-06-12,4,0,On Time
PO004894,S007,P0016,W004,2025-07-22,244,2025-08-05,2025-08-06,15,1,Late
PO004895,S022,P0016,W007,2025-04-22,442,2025-04-26,2025-04-26,4,0,On Time
PO004896,S018,P0042,W005,2025-10-19,927,2025-10-23,2025-10-23,4,0,On Time
PO004897,S019,P0003,W007,2025-11-06,210,2025-11-12,2025-11-12,6,0,On Time
PO004898,S020,P0023,W003,2025-04-29,890,2025-05-10,2025-05-10,11,0,On Time
PO004899,S007,P0086,W008,2025-01-17,796,2025-01-31,2025-01-31,14,0,On Time
PO004900,S008,P0028,W002,2025-11-27,775,2025-12-06,2025-12-09,12,3,Late
PO004901,S013,P0045,W007,2025-08-15,98,2025-08-20,2025-08-20,5,0,On Time
PO004902,S018,P0100,W005,2025-12-27,874,2025-12-31,2025-12-31,4,0,On Time
PO004903,S024,P0068,W005,2025-04-27,384,2025-05-08,2025-05-08,11,0,On Time
PO004904,S011,P0024,W007,2025-02-12,41,2025-02-17,2025-02-18,6,1,Late
PO004905,S009,P0019,W005,2025-04-25,567,2025-05-01,2025-05-01,6,0,On Time
PO004906,S023,P0075,W001,2025-10-10,349,2025-10-22,2025-10-22,12,0,On Time
PO004907,S001,P0040,W003,2025-02-06,175,2025-02-19,2025-02-19,13,0,On Time
PO004908,S022,P0046,W001,2025-10-29,75,2025-11-02,2025-11-02,4,0,On Time
PO004909,S008,P0040,W001,2025-04-23,886,2025-05-02,2025-05-02,9,0,On Time
PO004910,S021,P0062,W003,2025-02-04,267,2025-02-18,2025-02-18,14,0,On Time
PO004911,S012,P0018,W004,2025-05-12,944,2025-05-19,2025-05-19,7,0,On Time
PO004912,S002,P0012,W006,2025-12-02,280,2025-12-15,2025-12-15,13,0,On Time
PO004913,S015,P0014,W002,2025-12-02,791,2025-12-09,2025-12-09,7,0,On Time
PO004914,S021,P0082,W008,2025-08-16,454,2025-08-30,2025-08-30,14,0,On Time
PO004915,S024,P0061,W007,2025-05-27,546,2025-06-07,2025-06-07,11,0,On Time
PO004916,S018,P0012,W008,2025-05-02,497,2025-05-06,2025-05-06,4,0,On Time
PO004917,S017,P0027,W006,2025-03-22,719,2025-03-31,2025-03-31,9,0,On Time
PO004918,S015,P0006,W006,2025-06-22,557,2025-06-29,2025-07-02,10,3,Late
PO004919,S020,P0088,W006,2025-06-03,554,2025-06-14,2025-06-14,11,0,On Time
PO004920,S020,P0033,W006,2025-05-30,400,2025-06-10,2025-06-10,11,0,On Time
PO004921,S009,P0080,W003,2025-02-27,122,2025-03-05,2025-03-06,7,1,Late
PO004922,S003,P0050,W006,2025-03-04,48,2025-03-16,2025-03-16,12,0,On Time
PO004923,S020,P0012,W002,2025-06-05,873,2025-06-16,2025-06-16,11,0,On Time
PO004924,S019,P0095,W007,2025-12-22,502,2025-12-28,2025-12-28,6,0,On Time
PO004925,S018,P0057,W004,2025-11-18,76,2025-11-22,2025-11-22,4,0,On Time
PO004926,S020,P0053,W003,2025-06-17,81,2025-06-28,2025-06-28,11,0,On Time
PO004927,S008,P0013,W006,2025-06-15,974,2025-06-24,2025-06-24,9,0,On Time
PO004928,S001,P0072,W005,2025-03-26,67,2025-04-08,2025-04-08,13,0,On Time
PO004929,S024,P0003,W007,2025-05-17,386,2025-05-28,2025-06-02,16,5,Late
PO004930,S024,P0064,W003,2025-07-08,997,2025-07-19,2025-07-22,14,3,Late
PO004931,S015,P0084,W004,2025-01-02,566,2025-01-09,2025-01-16,14,7,Late
PO004932,S019,P0058,W006,2025-04-16,577,2025-04-22,2025-04-22,6,0,On Time
PO004933,S010,P0004,W001,2025-12-30,564,2026-01-10,2026-01-13,14,3,Late
PO004934,S012,P0045,W003,2025-03-13,346,2025-03-20,2025-03-22,9,2,Late
PO004935,S006,P0066,W007,2025-05-06,757,2025-05-11,2025-05-16,10,5,Late
PO004936,S013,P0036,W007,2025-06-19,285,2025-06-24,2025-06-24,5,0,On Time
PO004937,S004,P0023,W005,2025-07-24,747,2025-08-07,2025-08-09,16,2,Late
PO004938,S013,P0019,W007,2025-11-09,748,2025-11-14,2025-11-14,5,0,On Time
PO004939,S017,P0040,W003,2025-12-03,195,2025-12-12,2025-12-12,9,0,On Time
PO004940,S001,P0072,W001,2025-07-14,63,2025-07-27,2025-07-27,13,0,On Time
PO004941,S005,P0016,W003,2025-06-07,238,2025-06-21,2025-06-26,19,5,Late
PO004942,S024,P0058,W005,2025-05-21,145,2025-06-01,2025-06-01,11,0,On Time
PO004943,S017,P0018,W004,2025-10-02,901,2025-10-11,2025-10-11,9,0,On Time
PO004944,S018,P0036,W005,2025-01-07,985,2025-01-11,2025-01-16,9,5,Late
PO004945,S007,P0024,W004,2025-02-23,398,2025-03-09,2025-03-09,14,0,On Time
PO004946,S016,P0001,W005,2025-04-14,338,2025-04-25,2025-04-28,14,3,Late
PO004947,S008,P0001,W002,2025-12-08,324,2025-12-17,2025-12-19,11,2,Late
PO004948,S012,P0064,W003,2025-12-04,219,2025-12-11,2025-12-11,7,0,On Time
PO004949,S014,P0062,W008,2025-03-02,104,2025-03-11,2025-03-11,9,0,On Time
PO004950,S019,P0036,W007,2025-03-28,60,2025-04-03,2025-04-03,6,0,On Time
PO004951,S011,P0075,W003,2025-09-15,742,2025-09-20,2025-09-27,12,7,Late
PO004952,S012,P0018,W001,2025-06-27,885,2025-07-04,2025-07-07,10,3,Late
PO004953,S013,P0016,W002,2025-08-30,570,2025-09-04,2025-09-04,5,0,On Time
PO004954,S008,P0017,W001,2025-07-22,382,2025-07-31,2025-07-31,9,0,On Time
PO004955,S001,P0024,W003,2025-01-31,938,2025-02-13,2025-02-13,13,0,On Time
PO004956,S009,P0098,W001,2025-10-16,288,2025-10-22,2025-10-23,7,1,Late
PO004957,S002,P0068,W004,2025-03-21,381,2025-04-03,2025-04-03,13,0,On Time
PO004958,S014,P0099,W002,2025-01-11,386,2025-01-20,2025-01-20,9,0,On Time
PO004959,S013,P0079,W007,2025-09-11,200,2025-09-16,2025-09-17,6,1,Late
PO004960,S016,P0002,W005,2025-10-14,250,2025-10-25,2025-10-25,11,0,On Time
PO004961,S002,P0095,W004,2025-06-25,89,2025-07-08,2025-07-08,13,0,On Time
PO004962,S004,P0073,W006,2025-05-06,844,2025-05-20,2025-05-22,16,2,Late
PO004963,S012,P0010,W005,2025-02-16,607,2025-02-23,2025-02-23,7,0,On Time
PO004964,S016,P0053,W001,2025-07-25,982,2025-08-05,2025-08-05,11,0,On Time
PO004965,S010,P0089,W003,2025-04-17,963,2025-04-28,2025-04-29,12,1,Late
PO004966,S003,P0051,W004,2025-10-02,807,2025-10-14,2025-10-14,12,0,On Time
PO004967,S004,P0069,W002,2025-12-03,508,2025-12-17,2025-12-17,14,0,On Time
PO004968,S006,P0014,W005,2025-05-03,253,2025-05-08,2025-05-11,8,3,Late
PO004969,S023,P0066,W006,2025-05-14,849,2025-05-26,2025-05-26,12,0,On Time
PO004970,S005,P0082,W004,2025-04-17,448,2025-05-01,2025-05-02,15,1,Late
PO004971,S018,P0093,W007,2025-11-01,850,2025-11-05,2025-11-05,4,0,On Time
PO004972,S003,P0053,W007,2025-11-25,667,2025-12-07,2025-12-07,12,0,On Time
PO004973,S010,P0084,W003,2025-02-19,685,2025-03-02,2025-03-02,11,0,On Time
PO004974,S011,P0064,W002,2025-12-03,313,2025-12-08,2025-12-08,5,0,On Time
PO004975,S019,P0072,W002,2025-04-05,367,2025-04-11,2025-04-12,7,1,Late
PO004976,S014,P0049,W005,2025-09-25,118,2025-10-04,2025-10-04,9,0,On Time
PO004977,S021,P0090,W004,2025-01-23,895,2025-02-06,2025-02-06,14,0,On Time
PO004978,S011,P0062,W004,2025-02-23,380,2025-02-28,2025-03-02,7,2,Late
PO004979,S021,P0037,W008,2025-09-11,956,2025-09-25,2025-09-25,14,0,On Time
PO004980,S004,P0049,W002,2025-08-23,894,2025-09-06,2025-09-07,15,1,Late
PO004981,S024,P0068,W007,2025-02-28,377,2025-03-11,2025-03-11,11,0,On Time
PO004982,S022,P0033,W008,2025-06-13,149,2025-06-17,2025-06-17,4,0,On Time
PO004983,S006,P0022,W001,2025-09-16,538,2025-09-21,2025-09-21,5,0,On Time
PO004984,S017,P0070,W002,2025-11-10,402,2025-11-19,2025-11-19,9,0,On Time
PO004985,S022,P0033,W003,2025-08-04,636,2025-08-08,2025-08-08,4,0,On Time
PO004986,S019,P0028,W004,2025-07-02,940,2025-07-08,2025-07-08,6,0,On Time
PO004987,S013,P0088,W007,2025-02-26,838,2025-03-03,2025-03-03,5,0,On Time
PO004988,S022,P0004,W005,2025-05-25,581,2025-05-29,2025-05-30,5,1,Late
PO004989,S010,P0066,W008,2025-03-31,755,2025-04-11,2025-04-11,11,0,On Time
PO004990,S011,P0077,W004,2025-11-07,83,2025-11-12,2025-11-14,7,2,Late
PO004991,S006,P0049,W007,2025-02-14,415,2025-02-19,2025-02-19,5,0,On Time
PO004992,S002,P0011,W002,2025-09-14,200,2025-09-27,2025-09-27,13,0,On Time
PO004993,S001,P0035,W003,2025-01-21,606,2025-02-03,2025-02-03,13,0,On Time
PO004994,S011,P0039,W001,2025-01-21,797,2025-01-26,2025-01-26,5,0,On Time
PO004995,S016,P0010,W007,2025-02-21,208,2025-03-04,2025-03-09,16,5,Late
PO004996,S003,P0074,W007,2025-12-04,202,2025-12-16,2025-12-19,15,3,Late
PO004997,S005,P0072,W004,2025-06-20,886,2025-07-04,2025-07-04,14,0,On Time
PO004998,S015,P0069,W002,2025-03-08,511,2025-03-15,2025-03-15,7,0,On Time
PO004999,S015,P0023,W006,2025-04-23,599,2025-04-30,2025-05-07,14,7,Late
PO005000,S004,P0034,W002,2025-10-27,189,2025-11-10,2025-11-11,15,1,Late
PO005001,S023,P0032,W002,2025-06-09,341,2025-06-21,2025-06-21,12,0,On Time
PO005002,S004,P0016,W003,2025-09-23,191,2025-10-07,2025-10-07,14,0,On Time
PO005003,S008,P0068,W008,2025-11-16,303,2025-11-25,2025-11-25,9,0,On Time
PO005004,S007,P0054,W008,2025-08-20,638,2025-09-03,2025-09-04,15,1,Late
PO005005,S025,P0028,W002,2025-11-21,385,2025-12-03,2025-12-05,14,2,Late
PO005006,S017,P0060,W007,2025-03-09,130,2025-03-18,2025-03-18,9,0,On Time
PO005007,S015,P0078,W002,2025-01-28,97,2025-02-04,2025-02-04,7,0,On Time
PO005008,S005,P0076,W002,2025-04-26,717,2025-05-10,2025-05-15,19,5,Late
PO005009,S013,P0060,W008,2025-02-20,272,2025-02-25,2025-02-28,8,3,Late
PO005010,S004,P0085,W004,2025-06-30,255,2025-07-14,2025-07-14,14,0,On Time
PO005011,S022,P0080,W002,2025-09-17,112,2025-09-21,2025-09-21,4,0,On Time
PO005012,S017,P0044,W003,2025-03-20,661,2025-03-29,2025-03-29,9,0,On Time
PO005013,S022,P0002,W006,2025-09-30,714,2025-10-04,2025-10-04,4,0,On Time
PO005014,S017,P0023,W004,2025-04-18,53,2025-04-27,2025-04-27,9,0,On Time
PO005015,S014,P0093,W008,2025-03-15,500,2025-03-24,2025-03-24,9,0,On Time
PO005016,S014,P0046,W007,2025-06-24,423,2025-07-03,2025-07-08,14,5,Late
PO005017,S017,P0073,W006,2025-07-03,834,2025-07-12,2025-07-15,12,3,Late
PO005018,S008,P0054,W002,2025-01-23,241,2025-02-01,2025-02-01,9,0,On Time
PO005019,S002,P0071,W001,2025-10-01,905,2025-10-14,2025-10-17,16,3,Late
PO005020,S013,P0093,W006,2025-05-09,915,2025-05-14,2025-05-15,6,1,Late
PO005021,S022,P0081,W003,2025-10-18,509,2025-10-22,2025-10-22,4,0,On Time
PO005022,S016,P0009,W008,2025-11-16,813,2025-11-27,2025-11-30,14,3,Late
PO005023,S016,P0070,W001,2025-07-05,359,2025-07-16,2025-07-16,11,0,On Time
PO005024,S006,P0044,W003,2025-02-28,532,2025-03-05,2025-03-08,8,3,Late
PO005025,S022,P0084,W007,2025-01-01,980,2025-01-05,2025-01-05,4,0,On Time
PO005026,S024,P0074,W001,2025-05-11,628,2025-05-22,2025-05-22,11,0,On Time
PO005027,S004,P0073,W002,2025-03-08,618,2025-03-22,2025-03-22,14,0,On Time
PO005028,S003,P0012,W001,2025-10-20,862,2025-11-01,2025-11-01,12,0,On Time
PO005029,S006,P0097,W007,2025-10-12,271,2025-10-17,2025-10-17,5,0,On Time
PO005030,S004,P0032,W006,2025-03-30,383,2025-04-13,2025-04-18,19,5,Late
PO005031,S018,P0034,W008,2025-04-10,546,2025-04-14,2025-04-14,4,0,On Time
PO005032,S006,P0083,W001,2025-07-08,161,2025-07-13,2025-07-13,5,0,On Time
PO005033,S005,P0033,W003,2025-12-12,330,2025-12-26,2025-12-26,14,0,On Time
PO005034,S009,P0064,W002,2025-08-29,404,2025-09-04,2025-09-07,9,3,Late
PO005035,S011,P0048,W003,2025-09-27,820,2025-10-02,2025-10-02,5,0,On Time
PO005036,S006,P0016,W002,2025-08-07,601,2025-08-12,2025-08-12,5,0,On Time
PO005037,S016,P0050,W006,2025-06-25,331,2025-07-06,2025-07-08,13,2,Late
PO005038,S019,P0023,W005,2025-12-07,298,2025-12-13,2025-12-18,11,5,Late
PO005039,S011,P0026,W004,2025-08-21,585,2025-08-26,2025-08-27,6,1,Late
PO005040,S021,P0054,W006,2025-05-31,365,2025-06-14,2025-06-14,14,0,On Time
PO005041,S015,P0044,W007,2025-10-04,406,2025-10-11,2025-10-11,7,0,On Time
PO005042,S024,P0037,W006,2025-08-17,321,2025-08-28,2025-08-30,13,2,Late
PO005043,S009,P0009,W004,2025-06-20,783,2025-06-26,2025-07-01,11,5,Late
PO005044,S024,P0094,W003,2025-08-11,526,2025-08-22,2025-08-29,18,7,Late
PO005045,S019,P0013,W006,2025-08-01,266,2025-08-07,2025-08-07,6,0,On Time
PO005046,S025,P0060,W002,2025-10-09,665,2025-10-21,2025-10-23,14,2,Late
PO005047,S019,P0080,W001,2025-02-10,507,2025-02-16,2025-02-16,6,0,On Time
PO005048,S024,P0002,W008,2025-05-02,775,2025-05-13,2025-05-13,11,0,On Time
PO005049,S009,P0095,W006,2025-08-15,940,2025-08-21,2025-08-21,6,0,On Time
PO005050,S023,P0060,W004,2025-10-21,258,2025-11-02,2025-11-09,19,7,Late
PO005051,S004,P0057,W006,2025-03-29,548,2025-04-12,2025-04-12,14,0,On Time
PO005052,S010,P0043,W003,2025-09-24,943,2025-10-05,2025-10-05,11,0,On Time
PO005053,S009,P0019,W008,2025-01-29,947,2025-02-04,2025-02-09,11,5,Late
PO005054,S019,P0011,W003,2025-09-04,368,2025-09-10,2025-09-10,6,0,On Time
PO005055,S015,P0078,W008,2025-11-12,810,2025-11-19,2025-11-19,7,0,On Time
PO005056,S019,P0047,W003,2025-09-01,764,2025-09-07,2025-09-08,7,1,Late
PO005057,S002,P0089,W002,2025-03-02,931,2025-03-15,2025-03-16,14,1,Late
PO005058,S010,P0063,W007,2025-05-27,371,2025-06-07,2025-06-07,11,0,On Time
PO005059,S019,P0007,W007,2025-06-23,173,2025-06-29,2025-07-04,11,5,Late
PO005060,S017,P0079,W006,2025-10-05,529,2025-10-14,2025-10-14,9,0,On Time
PO005061,S020,P0094,W008,2025-11-30,948,2025-12-11,2025-12-16,16,5,Late
PO005062,S024,P0031,W003,2025-05-22,205,2025-06-02,2025-06-04,13,2,Late
PO005063,S021,P0088,W005,2025-02-13,963,2025-02-27,2025-02-27,14,0,On Time
PO005064,S002,P0055,W001,2025-05-24,614,2025-06-06,2025-06-08,15,2,Late
PO005065,S019,P0025,W007,2025-12-19,586,2025-12-25,2025-12-25,6,0,On Time
PO005066,S017,P0072,W003,2025-11-29,444,2025-12-08,2025-12-08,9,0,On Time
PO005067,S018,P0030,W007,2025-02-24,81,2025-02-28,2025-03-05,9,5,Late
PO005068,S017,P0036,W008,2025-11-03,420,2025-11-12,2025-11-12,9,0,On Time
PO005069,S002,P0050,W002,2025-12-24,889,2026-01-06,2026-01-06,13,0,On Time
PO005070,S019,P0014,W001,2025-06-10,78,2025-06-16,2025-06-16,6,0,On Time
PO005071,S001,P0029,W001,2025-10-12,161,2025-10-25,2025-10-25,13,0,On Time
PO005072,S011,P0027,W004,2025-11-21,485,2025-11-26,2025-11-29,8,3,Late
PO005073,S025,P0050,W003,2025-07-17,168,2025-07-29,2025-08-03,17,5,Late
PO005074,S010,P0036,W003,2025-06-08,466,2025-06-19,2025-06-19,11,0,On Time
PO005075,S005,P0034,W006,2025-03-21,193,2025-04-04,2025-04-04,14,0,On Time
PO005076,S016,P0021,W002,2025-01-31,330,2025-02-11,2025-02-11,11,0,On Time
PO005077,S024,P0038,W005,2025-04-22,81,2025-05-03,2025-05-03,11,0,On Time
PO005078,S005,P0075,W006,2025-02-15,186,2025-03-01,2025-03-01,14,0,On Time
PO005079,S024,P0097,W005,2025-12-19,701,2025-12-30,2025-12-30,11,0,On Time
PO005080,S023,P0079,W004,2025-07-24,835,2025-08-05,2025-08-05,12,0,On Time
PO005081,S012,P0076,W007,2025-02-21,122,2025-02-28,2025-02-28,7,0,On Time
PO005082,S004,P0088,W007,2025-05-18,47,2025-06-01,2025-06-06,19,5,Late
PO005083,S023,P0050,W005,2025-03-15,615,2025-03-27,2025-03-28,13,1,Late
PO005084,S006,P0037,W007,2025-02-10,527,2025-02-15,2025-02-16,6,1,Late
PO005085,S019,P0075,W008,2025-03-18,153,2025-03-24,2025-03-24,6,0,On Time
PO005086,S009,P0019,W002,2025-07-06,78,2025-07-12,2025-07-15,9,3,Late
PO005087,S012,P0001,W008,2025-02-21,109,2025-02-28,2025-03-05,12,5,Late
PO005088,S015,P0081,W007,2025-03-28,89,2025-04-04,2025-04-09,12,5,Late
PO005089,S016,P0040,W004,2025-04-19,954,2025-04-30,2025-04-30,11,0,On Time
PO005090,S013,P0055,W003,2025-08-13,204,2025-08-18,2025-08-18,5,0,On Time
PO005091,S025,P0080,W005,2025-09-05,457,2025-09-17,2025-09-17,12,0,On Time
PO005092,S021,P0026,W002,2025-03-10,591,2025-03-24,2025-03-24,14,0,On Time
PO005093,S024,P0043,W002,2025-04-30,493,2025-05-11,2025-05-18,18,7,Late
PO005094,S007,P0059,W003,2025-03-08,676,2025-03-22,2025-03-22,14,0,On Time
PO005095,S025,P0051,W007,2025-03-02,187,2025-03-14,2025-03-14,12,0,On Time
PO005096,S023,P0015,W002,2025-11-23,597,2025-12-05,2025-12-05,12,0,On Time
PO005097,S020,P0008,W004,2025-07-10,902,2025-07-21,2025-07-21,11,0,On Time
PO005098,S004,P0094,W004,2025-07-08,143,2025-07-22,2025-07-27,19,5,Late
PO005099,S011,P0014,W008,2025-05-31,232,2025-06-05,2025-06-05,5,0,On Time
PO005100,S008,P0097,W006,2025-10-13,201,2025-10-22,2025-10-22,9,0,On Time
PO005101,S006,P0007,W001,2025-04-06,90,2025-04-11,2025-04-11,5,0,On Time
PO005102,S025,P0018,W003,2025-11-08,575,2025-11-20,2025-11-20,12,0,On Time
PO005103,S010,P0012,W007,2025-11-05,871,2025-11-16,2025-11-18,13,2,Late
PO005104,S007,P0002,W002,2025-09-20,214,2025-10-04,2025-10-06,16,2,Late
PO005105,S007,P0050,W005,2025-04-07,588,2025-04-21,2025-04-21,14,0,On Time
PO005106,S004,P0093,W006,2025-04-23,311,2025-05-07,2025-05-12,19,5,Late
PO005107,S003,P0021,W008,2025-05-05,76,2025-05-17,2025-05-17,12,0,On Time
PO005108,S024,P0007,W004,2025-05-12,908,2025-05-23,2025-05-24,12,1,Late
PO005109,S007,P0091,W003,2025-05-01,702,2025-05-15,2025-05-20,19,5,Late
PO005110,S004,P0012,W007,2025-07-16,319,2025-07-30,2025-07-31,15,1,Late
PO005111,S013,P0084,W003,2025-10-21,337,2025-10-26,2025-10-26,5,0,On Time
PO005112,S020,P0057,W007,2025-05-02,390,2025-05-13,2025-05-13,11,0,On Time
PO005113,S017,P0078,W004,2025-10-09,102,2025-10-18,2025-10-19,10,1,Late
PO005114,S007,P0074,W008,2025-09-17,848,2025-10-01,2025-10-08,21,7,Late
PO005115,S017,P0023,W001,2025-02-08,113,2025-02-17,2025-02-17,9,0,On Time
PO005116,S004,P0030,W003,2025-02-23,286,2025-03-09,2025-03-09,14,0,On Time
PO005117,S011,P0058,W002,2025-06-10,864,2025-06-15,2025-06-15,5,0,On Time
PO005118,S003,P0095,W005,2025-10-16,395,2025-10-28,2025-10-29,13,1,Late
PO005119,S011,P0052,W005,2025-07-19,180,2025-07-24,2025-07-24,5,0,On Time
PO005120,S003,P0056,W004,2025-10-03,633,2025-10-15,2025-10-18,15,3,Late
PO005121,S012,P0010,W003,2025-01-16,521,2025-01-23,2025-01-26,10,3,Late
PO005122,S001,P0019,W005,2025-06-22,396,2025-07-05,2025-07-05,13,0,On Time
PO005123,S004,P0019,W003,2025-09-05,131,2025-09-19,2025-09-19,14,0,On Time
PO005124,S014,P0087,W004,2025-08-06,597,2025-08-15,2025-08-16,10,1,Late
PO005125,S001,P0059,W001,2025-03-28,641,2025-04-10,2025-04-10,13,0,On Time
PO005126,S014,P0044,W005,2025-03-23,651,2025-04-01,2025-04-01,9,0,On Time
PO005127,S013,P0059,W002,2025-03-03,298,2025-03-08,2025-03-08,5,0,On Time
PO005128,S013,P0096,W008,2025-10-14,773,2025-10-19,2025-10-19,5,0,On Time
PO005129,S024,P0084,W006,2025-02-11,452,2025-02-22,2025-02-22,11,0,On Time
PO005130,S015,P0004,W004,2025-01-12,679,2025-01-19,2025-01-22,10,3,Late
PO005131,S017,P0097,W006,2025-11-17,261,2025-11-26,2025-11-28,11,2,Late
PO005132,S012,P0065,W008,2025-08-22,241,2025-08-29,2025-09-05,14,7,Late
PO005133,S022,P0013,W008,2025-11-25,802,2025-11-29,2025-11-29,4,0,On Time
PO005134,S023,P0067,W001,2025-05-11,981,2025-05-23,2025-05-23,12,0,On Time
PO005135,S014,P0012,W002,2025-04-25,305,2025-05-04,2025-05-04,9,0,On Time
PO005136,S012,P0093,W006,2025-08-06,23,2025-08-13,2025-08-13,7,0,On Time
PO005137,S018,P0055,W002,2025-05-17,339,2025-05-21,2025-05-21,4,0,On Time
PO005138,S004,P0061,W005,2025-04-16,340,2025-04-30,2025-04-30,14,0,On Time
PO005139,S014,P0095,W003,2025-06-28,27,2025-07-07,2025-07-07,9,0,On Time
PO005140,S019,P0041,W004,2025-01-16,71,2025-01-22,2025-01-22,6,0,On Time
PO005141,S013,P0036,W002,2025-08-30,161,2025-09-04,2025-09-04,5,0,On Time
PO005142,S025,P0002,W008,2025-11-30,845,2025-12-12,2025-12-12,12,0,On Time
PO005143,S023,P0022,W005,2025-08-14,798,2025-08-26,2025-08-26,12,0,On Time
PO005144,S018,P0022,W008,2025-08-30,846,2025-09-03,2025-09-06,7,3,Late
PO005145,S011,P0041,W001,2025-05-21,299,2025-05-26,2025-05-26,5,0,On Time
PO005146,S006,P0095,W007,2025-07-18,107,2025-07-23,2025-07-23,5,0,On Time
PO005147,S009,P0014,W002,2025-04-22,179,2025-04-28,2025-04-28,6,0,On Time
PO005148,S012,P0093,W001,2025-05-07,833,2025-05-14,2025-05-14,7,0,On Time
PO005149,S019,P0035,W004,2025-01-21,47,2025-01-27,2025-01-30,9,3,Late
PO005150,S014,P0050,W005,2025-05-27,547,2025-06-05,2025-06-05,9,0,On Time
PO005151,S015,P0009,W001,2025-03-30,829,2025-04-06,2025-04-07,8,1,Late
PO005152,S011,P0096,W003,2025-10-30,890,2025-11-04,2025-11-04,5,0,On Time
PO005153,S006,P0059,W006,2025-07-22,291,2025-07-27,2025-07-27,5,0,On Time
PO005154,S014,P0056,W001,2025-03-26,119,2025-04-04,2025-04-09,14,5,Late
PO005155,S003,P0091,W001,2025-06-16,927,2025-06-28,2025-07-01,15,3,Late
PO005156,S019,P0010,W008,2025-03-13,223,2025-03-19,2025-03-19,6,0,On Time
PO005157,S020,P0025,W005,2025-10-25,209,2025-11-05,2025-11-08,14,3,Late
PO005158,S025,P0045,W005,2025-01-09,565,2025-01-21,2025-01-21,12,0,On Time
PO005159,S011,P0097,W002,2025-10-08,313,2025-10-13,2025-10-13,5,0,On Time
PO005160,S024,P0011,W006,2025-09-15,914,2025-09-26,2025-09-27,12,1,Late
PO005161,S017,P0009,W008,2025-10-02,999,2025-10-11,2025-10-16,14,5,Late
PO005162,S017,P0007,W001,2025-08-26,962,2025-09-04,2025-09-04,9,0,On Time
PO005163,S023,P0071,W001,2025-01-20,994,2025-02-01,2025-02-03,14,2,Late
PO005164,S003,P0034,W005,2025-08-21,809,2025-09-02,2025-09-02,12,0,On Time
PO005165,S014,P0083,W007,2025-08-09,867,2025-08-18,2025-08-18,9,0,On Time
PO005166,S007,P0020,W003,2025-11-22,363,2025-12-06,2025-12-09,17,3,Late
PO005167,S025,P0089,W008,2025-01-17,790,2025-01-29,2025-01-29,12,0,On Time
PO005168,S019,P0005,W007,2025-03-30,788,2025-04-05,2025-04-05,6,0,On Time
PO005169,S003,P0093,W008,2025-07-15,72,2025-07-27,2025-07-27,12,0,On Time
PO005170,S002,P0055,W005,2025-12-16,723,2025-12-29,2025-12-31,15,2,Late
PO005171,S017,P0091,W003,2025-03-25,703,2025-04-03,2025-04-03,9,0,On Time
PO005172,S009,P0089,W006,2025-03-28,66,2025-04-03,2025-04-03,6,0,On Time
PO005173,S022,P0015,W007,2025-11-03,441,2025-11-07,2025-11-07,4,0,On Time
PO005174,S006,P0048,W005,2025-12-04,722,2025-12-09,2025-12-14,10,5,Late
PO005175,S024,P0004,W006,2025-06-03,902,2025-06-14,2025-06-15,12,1,Late
PO005176,S021,P0078,W004,2025-08-16,484,2025-08-30,2025-08-31,15,1,Late
PO005177,S009,P0081,W001,2025-09-21,572,2025-09-27,2025-09-29,8,2,Late
PO005178,S005,P0021,W006,2025-08-11,936,2025-08-25,2025-08-25,14,0,On Time
PO005179,S002,P0080,W003,2025-05-01,448,2025-05-14,2025-05-14,13,0,On Time
PO005180,S022,P0090,W004,2025-06-22,416,2025-06-26,2025-06-26,4,0,On Time
PO005181,S015,P0009,W003,2025-01-04,213,2025-01-11,2025-01-11,7,0,On Time
PO005182,S009,P0066,W002,2025-12-08,85,2025-12-14,2025-12-14,6,0,On Time
PO005183,S019,P0079,W002,2025-05-08,574,2025-05-14,2025-05-16,8,2,Late
PO005184,S010,P0035,W001,2025-04-20,721,2025-05-01,2025-05-01,11,0,On Time
PO005185,S004,P0088,W004,2025-12-21,620,2026-01-04,2026-01-04,14,0,On Time
PO005186,S010,P0051,W004,2025-02-06,495,2025-02-17,2025-02-17,11,0,On Time
PO005187,S008,P0078,W002,2025-03-12,707,2025-03-21,2025-03-21,9,0,On Time
PO005188,S022,P0037,W001,2025-10-16,900,2025-10-20,2025-10-20,4,0,On Time
PO005189,S013,P0006,W006,2025-01-31,45,2025-02-05,2025-02-07,7,2,Late
PO005190,S007,P0082,W002,2025-09-25,118,2025-10-09,2025-10-09,14,0,On Time
PO005191,S007,P0086,W004,2025-01-11,495,2025-01-25,2025-01-25,14,0,On Time
PO005192,S004,P0082,W003,2025-12-10,592,2025-12-24,2025-12-25,15,1,Late
PO005193,S015,P0051,W007,2025-11-24,912,2025-12-01,2025-12-01,7,0,On Time
PO005194,S012,P0066,W004,2025-02-01,781,2025-02-08,2025-02-09,8,1,Late
PO005195,S016,P0096,W001,2025-02-26,906,2025-03-09,2025-03-09,11,0,On Time
PO005196,S006,P0017,W004,2025-06-15,849,2025-06-20,2025-06-22,7,2,Late
PO005197,S009,P0065,W005,2025-07-07,756,2025-07-13,2025-07-13,6,0,On Time
PO005198,S003,P0009,W004,2025-12-08,101,2025-12-20,2025-12-20,12,0,On Time
PO005199,S008,P0013,W005,2025-01-19,417,2025-01-28,2025-01-28,9,0,On Time
PO005200,S007,P0100,W002,2025-04-26,713,2025-05-10,2025-05-10,14,0,On Time
PO005201,S004,P0058,W006,2025-07-03,956,2025-07-17,2025-07-19,16,2,Late
PO005202,S013,P0030,W005,2025-09-27,719,2025-10-02,2025-10-02,5,0,On Time
PO005203,S019,P0031,W004,2025-02-02,412,2025-02-08,2025-02-08,6,0,On Time
PO005204,S007,P0023,W006,2025-01-10,63,2025-01-24,2025-01-24,14,0,On Time
PO005205,S010,P0063,W008,2025-03-21,843,2025-04-01,2025-04-01,11,0,On Time
PO005206,S025,P0028,W007,2025-07-11,497,2025-07-23,2025-07-23,12,0,On Time
PO005207,S012,P0059,W006,2025-11-16,790,2025-11-23,2025-11-23,7,0,On Time
PO005208,S003,P0010,W004,2025-07-09,629,2025-07-21,2025-07-21,12,0,On Time
PO005209,S025,P0089,W004,2025-03-09,884,2025-03-21,2025-03-21,12,0,On Time
PO005210,S024,P0100,W007,2025-12-14,110,2025-12-25,2025-12-30,16,5,Late
PO005211,S012,P0090,W008,2025-05-05,846,2025-05-12,2025-05-12,7,0,On Time
PO005212,S019,P0026,W001,2025-12-02,348,2025-12-08,2025-12-08,6,0,On Time
PO005213,S015,P0077,W002,2025-02-28,672,2025-03-07,2025-03-07,7,0,On Time
PO005214,S008,P0017,W005,2025-04-07,433,2025-04-16,2025-04-19,12,3,Late
PO005215,S012,P0040,W003,2025-10-02,840,2025-10-09,2025-10-09,7,0,On Time
PO005216,S020,P0068,W005,2025-05-29,783,2025-06-09,2025-06-09,11,0,On Time
PO005217,S006,P0023,W004,2025-10-05,739,2025-10-10,2025-10-10,5,0,On Time
PO005218,S010,P0035,W003,2025-09-22,710,2025-10-03,2025-10-03,11,0,On Time
PO005219,S002,P0075,W003,2025-01-09,829,2025-01-22,2025-01-22,13,0,On Time
PO005220,S024,P0076,W005,2025-10-10,941,2025-10-21,2025-10-22,12,1,Late
PO005221,S013,P0009,W007,2025-09-30,718,2025-10-05,2025-10-05,5,0,On Time
PO005222,S025,P0079,W005,2025-10-28,856,2025-11-09,2025-11-09,12,0,On Time
PO005223,S007,P0045,W005,2025-01-08,129,2025-01-22,2025-01-25,17,3,Late
PO005224,S008,P0037,W005,2025-07-27,238,2025-08-05,2025-08-05,9,0,On Time
PO005225,S023,P0069,W007,2025-05-05,482,2025-05-17,2025-05-17,12,0,On Time
PO005226,S016,P0019,W007,2025-05-03,879,2025-05-14,2025-05-14,11,0,On Time
PO005227,S011,P0075,W002,2025-02-02,534,2025-02-07,2025-02-14,12,7,Late
PO005228,S004,P0073,W001,2025-01-01,572,2025-01-15,2025-01-15,14,0,On Time
PO005229,S017,P0099,W001,2025-07-23,656,2025-08-01,2025-08-01,9,0,On Time
PO005230,S016,P0027,W005,2025-01-06,276,2025-01-17,2025-01-17,11,0,On Time
PO005231,S019,P0013,W001,2025-10-24,212,2025-10-30,2025-10-30,6,0,On Time
PO005232,S023,P0057,W005,2025-01-05,646,2025-01-17,2025-01-17,12,0,On Time
PO005233,S011,P0060,W005,2025-03-21,89,2025-03-26,2025-03-29,8,3,Late
PO005234,S007,P0012,W005,2025-10-01,478,2025-10-15,2025-10-15,14,0,On Time
PO005235,S013,P0009,W006,2025-06-26,401,2025-07-01,2025-07-02,6,1,Late
PO005236,S019,P0092,W002,2025-12-04,837,2025-12-10,2025-12-10,6,0,On Time
PO005237,S017,P0077,W004,2025-11-17,513,2025-11-26,2025-12-01,14,5,Late
PO005238,S025,P0084,W001,2025-12-05,867,2025-12-17,2025-12-24,19,7,Late
PO005239,S022,P0077,W001,2025-05-16,116,2025-05-20,2025-05-20,4,0,On Time
PO005240,S013,P0027,W002,2025-01-25,747,2025-01-30,2025-01-30,5,0,On Time
PO005241,S012,P0090,W002,2025-11-21,846,2025-11-28,2025-11-29,8,1,Late
PO005242,S007,P0063,W005,2025-07-02,243,2025-07-16,2025-07-16,14,0,On Time
PO005243,S001,P0093,W005,2025-06-17,861,2025-06-30,2025-06-30,13,0,On Time
PO005244,S001,P0029,W006,2025-12-04,850,2025-12-17,2025-12-24,20,7,Late
PO005245,S020,P0022,W006,2025-06-27,300,2025-07-08,2025-07-08,11,0,On Time
PO005246,S023,P0073,W008,2025-04-05,925,2025-04-17,2025-04-17,12,0,On Time
PO005247,S014,P0088,W004,2025-02-02,352,2025-02-11,2025-02-14,12,3,Late
PO005248,S015,P0019,W001,2025-04-21,911,2025-04-28,2025-04-28,7,0,On Time
PO005249,S011,P0038,W002,2025-05-26,660,2025-05-31,2025-05-31,5,0,On Time
PO005250,S024,P0095,W004,2025-08-19,630,2025-08-30,2025-08-30,11,0,On Time
PO005251,S009,P0039,W001,2025-09-29,801,2025-10-05,2025-10-05,6,0,On Time
PO005252,S017,P0015,W004,2025-12-02,424,2025-12-11,2025-12-16,14,5,Late
PO005253,S004,P0054,W008,2025-02-07,515,2025-02-21,2025-02-26,19,5,Late
PO005254,S020,P0032,W004,2025-05-15,778,2025-05-26,2025-05-26,11,0,On Time
PO005255,S019,P0046,W007,2025-11-30,205,2025-12-06,2025-12-09,9,3,Late
PO005256,S007,P0061,W005,2025-08-23,775,2025-09-06,2025-09-06,14,0,On Time
PO005257,S001,P0093,W004,2025-11-15,57,2025-11-28,2025-11-29,14,1,Late
PO005258,S009,P0052,W005,2025-12-11,788,2025-12-17,2025-12-17,6,0,On Time
PO005259,S013,P0034,W001,2025-06-09,871,2025-06-14,2025-06-14,5,0,On Time
PO005260,S024,P0073,W006,2025-02-07,779,2025-02-18,2025-02-18,11,0,On Time
PO005261,S002,P0035,W001,2025-05-30,664,2025-06-12,2025-06-12,13,0,On Time
PO005262,S002,P0070,W008,2025-11-04,507,2025-11-17,2025-11-17,13,0,On Time
PO005263,S024,P0037,W005,2025-01-29,575,2025-02-09,2025-02-09,11,0,On Time
PO005264,S015,P0078,W006,2025-05-24,724,2025-05-31,2025-06-07,14,7,Late
PO005265,S017,P0061,W007,2025-03-17,525,2025-03-26,2025-04-02,16,7,Late
PO005266,S013,P0049,W003,2025-05-25,508,2025-05-30,2025-06-01,7,2,Late
PO005267,S007,P0009,W006,2025-08-17,76,2025-08-31,2025-08-31,14,0,On Time
PO005268,S009,P0019,W004,2025-03-05,531,2025-03-11,2025-03-11,6,0,On Time
PO005269,S012,P0087,W008,2025-12-13,267,2025-12-20,2025-12-20,7,0,On Time
PO005270,S003,P0028,W008,2025-12-11,123,2025-12-23,2025-12-23,12,0,On Time
PO005271,S023,P0080,W001,2025-09-26,576,2025-10-08,2025-10-08,12,0,On Time
PO005272,S022,P0026,W007,2025-11-24,79,2025-11-28,2025-11-28,4,0,On Time
PO005273,S015,P0038,W004,2025-07-03,597,2025-07-10,2025-07-10,7,0,On Time
PO005274,S007,P0040,W007,2025-09-18,754,2025-10-02,2025-10-04,16,2,Late
PO005275,S023,P0025,W006,2025-09-25,578,2025-10-07,2025-10-08,13,1,Late
PO005276,S001,P0099,W003,2025-06-18,257,2025-07-01,2025-07-01,13,0,On Time
PO005277,S014,P0069,W004,2025-09-16,390,2025-09-25,2025-09-25,9,0,On Time
PO005278,S019,P0071,W003,2025-08-15,45,2025-08-21,2025-08-21,6,0,On Time
PO005279,S016,P0023,W002,2025-02-02,412,2025-02-13,2025-02-13,11,0,On Time
PO005280,S010,P0089,W003,2025-08-02,838,2025-08-13,2025-08-13,11,0,On Time
PO005281,S001,P0065,W001,2025-02-19,625,2025-03-04,2025-03-06,15,2,Late
PO005282,S005,P0022,W006,2025-07-29,129,2025-08-12,2025-08-12,14,0,On Time
PO005283,S003,P0064,W005,2025-01-29,411,2025-02-10,2025-02-10,12,0,On Time
PO005284,S017,P0068,W005,2025-02-08,792,2025-02-17,2025-02-17,9,0,On Time
PO005285,S018,P0058,W008,2025-12-13,273,2025-12-17,2025-12-17,4,0,On Time
PO005286,S021,P0028,W004,2025-04-10,826,2025-04-24,2025-04-24,14,0,On Time
PO005287,S019,P0078,W006,2025-06-22,855,2025-06-28,2025-06-28,6,0,On Time
PO005288,S022,P0097,W008,2025-01-17,571,2025-01-21,2025-01-21,4,0,On Time
PO005289,S025,P0068,W007,2025-02-25,823,2025-03-09,2025-03-10,13,1,Late
PO005290,S022,P0075,W002,2025-08-14,936,2025-08-18,2025-08-18,4,0,On Time
PO005291,S018,P0096,W008,2025-02-15,785,2025-02-19,2025-02-19,4,0,On Time
PO005292,S016,P0004,W004,2025-03-08,116,2025-03-19,2025-03-20,12,1,Late
PO005293,S002,P0001,W003,2025-07-16,557,2025-07-29,2025-07-29,13,0,On Time
PO005294,S015,P0026,W005,2025-05-22,123,2025-05-29,2025-05-29,7,0,On Time
PO005295,S013,P0033,W003,2025-11-19,634,2025-11-24,2025-11-24,5,0,On Time
PO005296,S013,P0081,W005,2025-01-23,606,2025-01-28,2025-01-29,6,1,Late
PO005297,S016,P0027,W008,2025-04-04,616,2025-04-15,2025-04-15,11,0,On Time
PO005298,S008,P0042,W005,2025-08-30,515,2025-09-08,2025-09-08,9,0,On Time
PO005299,S011,P0069,W005,2025-08-25,233,2025-08-30,2025-08-30,5,0,On Time
PO005300,S008,P0071,W008,2025-02-23,132,2025-03-04,2025-03-05,10,1,Late
PO005301,S022,P0064,W006,2025-05-18,331,2025-05-22,2025-05-22,4,0,On Time
PO005302,S010,P0025,W007,2025-11-29,588,2025-12-10,2025-12-10,11,0,On Time
PO005303,S023,P0072,W008,2025-09-29,974,2025-10-11,2025-10-12,13,1,Late
PO005304,S001,P0098,W007,2025-02-10,915,2025-02-23,2025-02-23,13,0,On Time
PO005305,S012,P0004,W007,2025-04-08,120,2025-04-15,2025-04-15,7,0,On Time
PO005306,S009,P0012,W001,2025-07-02,781,2025-07-08,2025-07-09,7,1,Late
PO005307,S005,P0058,W008,2025-05-08,666,2025-05-22,2025-05-22,14,0,On Time
PO005308,S009,P0095,W006,2025-08-17,957,2025-08-23,2025-08-25,8,2,Late
PO005309,S016,P0011,W003,2025-11-13,672,2025-11-24,2025-11-24,11,0,On Time
PO005310,S018,P0059,W007,2025-03-27,103,2025-03-31,2025-03-31,4,0,On Time
PO005311,S008,P0036,W006,2025-09-13,738,2025-09-22,2025-09-22,9,0,On Time
PO005312,S023,P0022,W007,2025-07-28,761,2025-08-09,2025-08-09,12,0,On Time
PO005313,S011,P0065,W004,2025-08-03,949,2025-08-08,2025-08-08,5,0,On Time
PO005314,S020,P0050,W002,2025-04-10,887,2025-04-21,2025-04-22,12,1,Late
PO005315,S019,P0004,W004,2025-02-18,968,2025-02-24,2025-02-24,6,0,On Time
PO005316,S004,P0100,W006,2025-07-20,321,2025-08-03,2025-08-04,15,1,Late
PO005317,S020,P0072,W003,2025-09-15,972,2025-09-26,2025-09-26,11,0,On Time
PO005318,S010,P0089,W002,2025-06-27,592,2025-07-08,2025-07-09,12,1,Late
PO005319,S024,P0092,W004,2025-09-02,236,2025-09-13,2025-09-13,11,0,On Time
PO005320,S013,P0052,W002,2025-05-03,587,2025-05-08,2025-05-08,5,0,On Time
PO005321,S020,P0100,W003,2025-12-08,560,2025-12-19,2025-12-19,11,0,On Time
PO005322,S014,P0100,W005,2025-06-20,642,2025-06-29,2025-06-29,9,0,On Time
PO005323,S021,P0043,W003,2025-11-29,111,2025-12-13,2025-12-13,14,0,On Time
PO005324,S002,P0046,W007,2025-05-16,673,2025-05-29,2025-05-29,13,0,On Time
PO005325,S004,P0004,W001,2025-02-28,471,2025-03-14,2025-03-21,21,7,Late
PO005326,S007,P0013,W002,2025-07-12,633,2025-07-26,2025-07-29,17,3,Late
PO005327,S019,P0038,W003,2025-09-25,90,2025-10-01,2025-10-03,8,2,Late
PO005328,S017,P0045,W005,2025-09-17,544,2025-09-26,2025-09-26,9,0,On Time
PO005329,S016,P0025,W008,2025-04-05,420,2025-04-16,2025-04-18,13,2,Late
PO005330,S013,P0067,W005,2025-05-05,688,2025-05-10,2025-05-10,5,0,On Time
PO005331,S024,P0055,W003,2025-02-10,100,2025-02-21,2025-02-21,11,0,On Time
PO005332,S024,P0096,W004,2025-09-11,119,2025-09-22,2025-09-22,11,0,On Time
PO005333,S022,P0039,W003,2025-01-07,614,2025-01-11,2025-01-11,4,0,On Time
PO005334,S023,P0065,W005,2025-08-04,237,2025-08-16,2025-08-16,12,0,On Time
PO005335,S018,P0075,W008,2025-03-10,903,2025-03-14,2025-03-14,4,0,On Time
PO005336,S021,P0002,W003,2025-03-10,768,2025-03-24,2025-03-24,14,0,On Time
PO005337,S012,P0069,W001,2025-03-22,144,2025-03-29,2025-03-30,8,1,Late
PO005338,S023,P0086,W004,2025-01-30,220,2025-02-11,2025-02-16,17,5,Late
PO005339,S025,P0062,W003,2025-03-14,21,2025-03-26,2025-03-26,12,0,On Time
PO005340,S001,P0046,W005,2025-09-19,593,2025-10-02,2025-10-02,13,0,On Time
PO005341,S015,P0077,W003,2025-03-30,39,2025-04-06,2025-04-07,8,1,Late
PO005342,S003,P0087,W007,2025-07-27,741,2025-08-08,2025-08-08,12,0,On Time
PO005343,S006,P0031,W003,2025-08-01,971,2025-08-06,2025-08-11,10,5,Late
PO005344,S014,P0099,W002,2025-11-18,877,2025-11-27,2025-11-30,12,3,Late
PO005345,S023,P0035,W003,2025-09-23,199,2025-10-05,2025-10-05,12,0,On Time
PO005346,S006,P0045,W008,2025-10-20,428,2025-10-25,2025-10-25,5,0,On Time
PO005347,S001,P0077,W001,2025-07-26,81,2025-08-08,2025-08-15,20,7,Late
PO005348,S020,P0054,W005,2025-11-29,292,2025-12-10,2025-12-15,16,5,Late
PO005349,S006,P0071,W006,2025-03-18,826,2025-03-23,2025-03-23,5,0,On Time
PO005350,S008,P0069,W002,2025-10-15,772,2025-10-24,2025-10-24,9,0,On Time
PO005351,S015,P0029,W006,2025-02-16,782,2025-02-23,2025-02-23,7,0,On Time
PO005352,S014,P0072,W003,2025-04-20,29,2025-04-29,2025-04-29,9,0,On Time
PO005353,S016,P0008,W007,2025-07-19,718,2025-07-30,2025-08-04,16,5,Late
PO005354,S020,P0054,W004,2025-07-29,940,2025-08-09,2025-08-11,13,2,Late
PO005355,S023,P0007,W001,2025-06-03,641,2025-06-15,2025-06-15,12,0,On Time
PO005356,S016,P0083,W001,2025-01-10,559,2025-01-21,2025-01-21,11,0,On Time
PO005357,S019,P0023,W007,2025-12-19,479,2025-12-25,2025-12-26,7,1,Late
PO005358,S024,P0100,W001,2025-06-06,80,2025-06-17,2025-06-17,11,0,On Time
PO005359,S001,P0032,W007,2025-09-18,77,2025-10-01,2025-10-01,13,0,On Time
PO005360,S004,P0062,W002,2025-03-18,319,2025-04-01,2025-04-01,14,0,On Time
PO005361,S024,P0045,W007,2025-09-14,516,2025-09-25,2025-09-25,11,0,On Time
PO005362,S010,P0068,W008,2025-05-11,358,2025-05-22,2025-05-24,13,2,Late
PO005363,S020,P0030,W007,2025-03-08,271,2025-03-19,2025-03-22,14,3,Late
PO005364,S018,P0039,W003,2025-08-16,426,2025-08-20,2025-08-20,4,0,On Time
PO005365,S002,P0005,W001,2025-06-12,993,2025-06-25,2025-06-25,13,0,On Time
PO005366,S004,P0067,W003,2025-01-15,275,2025-01-29,2025-01-29,14,0,On Time
PO005367,S015,P0022,W004,2025-08-20,400,2025-08-27,2025-08-27,7,0,On Time
PO005368,S004,P0028,W007,2025-07-14,164,2025-07-28,2025-07-29,15,1,Late
PO005369,S016,P0022,W003,2025-12-15,610,2025-12-26,2025-12-26,11,0,On Time
PO005370,S015,P0086,W006,2025-01-30,360,2025-02-06,2025-02-11,12,5,Late
PO005371,S018,P0098,W003,2025-12-25,825,2025-12-29,2025-12-30,5,1,Late
PO005372,S007,P0029,W003,2025-12-04,817,2025-12-18,2025-12-18,14,0,On Time
PO005373,S015,P0043,W007,2025-11-27,422,2025-12-04,2025-12-04,7,0,On Time
PO005374,S022,P0042,W008,2025-11-12,307,2025-11-16,2025-11-16,4,0,On Time
PO005375,S011,P0060,W005,2025-10-23,233,2025-10-28,2025-10-28,5,0,On Time
PO005376,S019,P0077,W006,2025-11-26,551,2025-12-02,2025-12-02,6,0,On Time
PO005377,S008,P0071,W002,2025-08-08,889,2025-08-17,2025-08-17,9,0,On Time
PO005378,S024,P0074,W007,2025-05-27,761,2025-06-07,2025-06-14,18,7,Late
PO005379,S001,P0092,W003,2025-09-16,595,2025-09-29,2025-09-29,13,0,On Time
PO005380,S003,P0068,W001,2025-10-19,567,2025-10-31,2025-11-01,13,1,Late
PO005381,S005,P0059,W007,2025-10-26,980,2025-11-09,2025-11-09,14,0,On Time
PO005382,S018,P0096,W008,2025-05-23,230,2025-05-27,2025-05-27,4,0,On Time
PO005383,S012,P0086,W005,2025-08-23,190,2025-08-30,2025-08-30,7,0,On Time
PO005384,S012,P0084,W003,2025-04-25,557,2025-05-02,2025-05-02,7,0,On Time
PO005385,S021,P0084,W005,2025-12-31,282,2026-01-14,2026-01-14,14,0,On Time
PO005386,S019,P0006,W002,2025-03-31,821,2025-04-06,2025-04-06,6,0,On Time
PO005387,S009,P0073,W007,2025-07-27,695,2025-08-02,2025-08-02,6,0,On Time
PO005388,S011,P0028,W005,2025-06-13,409,2025-06-18,2025-06-18,5,0,On Time
PO005389,S017,P0077,W001,2025-03-25,440,2025-04-03,2025-04-06,12,3,Late
PO005390,S016,P0031,W003,2025-03-18,81,2025-03-29,2025-04-01,14,3,Late
PO005391,S004,P0039,W001,2025-06-10,105,2025-06-24,2025-06-25,15,1,Late
PO005392,S010,P0050,W007,2025-01-05,604,2025-01-16,2025-01-16,11,0,On Time
PO005393,S022,P0078,W007,2025-03-19,510,2025-03-23,2025-03-30,11,7,Late
PO005394,S015,P0086,W008,2025-04-01,915,2025-04-08,2025-04-13,12,5,Late
PO005395,S025,P0037,W004,2025-03-28,79,2025-04-09,2025-04-10,13,1,Late
PO005396,S019,P0088,W005,2025-09-27,496,2025-10-03,2025-10-03,6,0,On Time
PO005397,S003,P0072,W005,2025-04-14,339,2025-04-26,2025-04-26,12,0,On Time
PO005398,S021,P0015,W005,2025-12-05,709,2025-12-19,2025-12-21,16,2,Late
PO005399,S023,P0051,W006,2025-06-24,71,2025-07-06,2025-07-09,15,3,Late
PO005400,S005,P0070,W007,2025-02-23,676,2025-03-09,2025-03-10,15,1,Late
PO005401,S011,P0023,W007,2025-07-30,847,2025-08-04,2025-08-04,5,0,On Time
PO005402,S024,P0025,W002,2025-04-05,96,2025-04-16,2025-04-16,11,0,On Time
PO005403,S005,P0095,W006,2025-08-11,138,2025-08-25,2025-08-25,14,0,On Time
PO005404,S007,P0046,W001,2025-01-09,740,2025-01-23,2025-01-24,15,1,Late
PO005405,S006,P0093,W007,2025-02-22,201,2025-02-27,2025-02-27,5,0,On Time
PO005406,S013,P0023,W004,2025-03-18,525,2025-03-23,2025-03-23,5,0,On Time
PO005407,S002,P0010,W008,2025-07-25,669,2025-08-07,2025-08-09,15,2,Late
PO005408,S019,P0073,W002,2025-11-12,656,2025-11-18,2025-11-18,6,0,On Time
PO005409,S011,P0077,W002,2025-10-29,172,2025-11-03,2025-11-03,5,0,On Time
PO005410,S020,P0032,W003,2025-11-06,37,2025-11-17,2025-11-19,13,2,Late
PO005411,S005,P0051,W007,2025-11-26,83,2025-12-10,2025-12-10,14,0,On Time
PO005412,S009,P0041,W004,2025-04-22,516,2025-04-28,2025-04-28,6,0,On Time
PO005413,S006,P0065,W007,2025-12-17,767,2025-12-22,2025-12-23,6,1,Late
PO005414,S017,P0065,W005,2025-06-14,98,2025-06-23,2025-06-25,11,2,Late
PO005415,S019,P0040,W006,2025-10-06,78,2025-10-12,2025-10-15,9,3,Late
PO005416,S023,P0018,W008,2025-01-27,430,2025-02-08,2025-02-08,12,0,On Time
PO005417,S008,P0036,W008,2025-03-11,782,2025-03-20,2025-03-20,9,0,On Time
PO005418,S007,P0031,W005,2025-08-06,845,2025-08-20,2025-08-23,17,3,Late
PO005419,S005,P0054,W007,2025-12-31,80,2026-01-14,2026-01-14,14,0,On Time
PO005420,S015,P0063,W003,2025-07-08,486,2025-07-15,2025-07-15,7,0,On Time
PO005421,S010,P0001,W006,2025-11-29,649,2025-12-10,2025-12-10,11,0,On Time
PO005422,S024,P0052,W005,2025-11-02,98,2025-11-13,2025-11-13,11,0,On Time
PO005423,S016,P0100,W008,2025-05-04,768,2025-05-15,2025-05-15,11,0,On Time
PO005424,S009,P0057,W001,2025-01-19,858,2025-01-25,2025-01-25,6,0,On Time
PO005425,S007,P0009,W008,2025-09-14,702,2025-09-28,2025-09-28,14,0,On Time
PO005426,S011,P0086,W005,2025-10-23,507,2025-10-28,2025-11-04,12,7,Late
PO005427,S009,P0092,W007,2025-01-22,263,2025-01-28,2025-01-28,6,0,On Time
PO005428,S017,P0090,W008,2025-02-09,227,2025-02-18,2025-02-18,9,0,On Time
PO005429,S009,P0074,W006,2025-02-07,875,2025-02-13,2025-02-13,6,0,On Time
PO005430,S003,P0056,W001,2025-02-17,106,2025-03-01,2025-03-01,12,0,On Time
PO005431,S022,P0047,W003,2025-07-02,670,2025-07-06,2025-07-11,9,5,Late
PO005432,S008,P0003,W008,2025-03-16,619,2025-03-25,2025-03-27,11,2,Late
PO005433,S019,P0002,W003,2025-07-28,664,2025-08-03,2025-08-06,9,3,Late
PO005434,S020,P0054,W001,2025-07-02,973,2025-07-13,2025-07-16,14,3,Late
PO005435,S016,P0037,W006,2025-04-17,58,2025-04-28,2025-05-03,16,5,Late
PO005436,S007,P0056,W006,2025-07-07,195,2025-07-21,2025-07-21,14,0,On Time
PO005437,S007,P0031,W005,2025-09-21,497,2025-10-05,2025-10-05,14,0,On Time
PO005438,S020,P0097,W008,2025-03-27,611,2025-04-07,2025-04-07,11,0,On Time
PO005439,S025,P0096,W003,2025-11-20,39,2025-12-02,2025-12-02,12,0,On Time
PO005440,S013,P0012,W003,2025-11-27,240,2025-12-02,2025-12-03,6,1,Late
PO005441,S003,P0058,W008,2025-05-17,868,2025-05-29,2025-05-29,12,0,On Time
PO005442,S012,P0067,W001,2025-12-12,294,2025-12-19,2025-12-19,7,0,On Time
PO005443,S024,P0026,W003,2025-12-02,719,2025-12-13,2025-12-13,11,0,On Time
PO005444,S008,P0078,W007,2025-04-05,173,2025-04-14,2025-04-14,9,0,On Time
PO005445,S013,P0012,W005,2025-11-22,482,2025-11-27,2025-11-27,5,0,On Time
PO005446,S020,P0090,W003,2025-09-02,428,2025-09-13,2025-09-15,13,2,Late
PO005447,S016,P0016,W008,2025-03-31,674,2025-04-11,2025-04-11,11,0,On Time
PO005448,S007,P0053,W008,2025-02-28,270,2025-03-14,2025-03-21,21,7,Late
PO005449,S004,P0072,W001,2025-01-28,231,2025-02-11,2025-02-14,17,3,Late
PO005450,S012,P0049,W005,2025-03-13,497,2025-03-20,2025-03-20,7,0,On Time
PO005451,S017,P0049,W004,2025-09-27,680,2025-10-06,2025-10-06,9,0,On Time
PO005452,S001,P0092,W001,2025-01-24,706,2025-02-06,2025-02-07,14,1,Late
PO005453,S017,P0007,W008,2025-04-22,438,2025-05-01,2025-05-02,10,1,Late
PO005454,S002,P0015,W004,2025-10-27,191,2025-11-09,2025-11-09,13,0,On Time
PO005455,S006,P0036,W008,2025-02-25,526,2025-03-02,2025-03-02,5,0,On Time
PO005456,S012,P0072,W003,2025-08-11,665,2025-08-18,2025-08-18,7,0,On Time
PO005457,S011,P0074,W005,2025-04-30,647,2025-05-05,2025-05-05,5,0,On Time
PO005458,S021,P0015,W003,2025-06-28,888,2025-07-12,2025-07-17,19,5,Late
PO005459,S011,P0062,W005,2025-10-15,222,2025-10-20,2025-10-20,5,0,On Time
PO005460,S018,P0018,W002,2025-10-08,938,2025-10-12,2025-10-12,4,0,On Time
PO005461,S008,P0046,W003,2025-07-08,511,2025-07-17,2025-07-17,9,0,On Time
PO005462,S025,P0061,W003,2025-03-07,314,2025-03-19,2025-03-20,13,1,Late
PO005463,S007,P0043,W003,2025-10-25,476,2025-11-08,2025-11-09,15,1,Late
PO005464,S014,P0044,W006,2025-09-06,165,2025-09-15,2025-09-15,9,0,On Time
PO005465,S016,P0099,W001,2025-03-17,257,2025-03-28,2025-03-28,11,0,On Time
PO005466,S012,P0066,W006,2025-05-17,759,2025-05-24,2025-05-24,7,0,On Time
PO005467,S009,P0055,W005,2025-06-13,786,2025-06-19,2025-06-19,6,0,On Time
PO005468,S020,P0086,W005,2025-08-21,443,2025-09-01,2025-09-06,16,5,Late
PO005469,S023,P0079,W005,2025-09-12,311,2025-09-24,2025-09-24,12,0,On Time
PO005470,S021,P0039,W001,2025-10-21,175,2025-11-04,2025-11-04,14,0,On Time
PO005471,S016,P0100,W005,2025-06-19,979,2025-06-30,2025-06-30,11,0,On Time
PO005472,S021,P0005,W006,2025-11-13,870,2025-11-27,2025-11-27,14,0,On Time
PO005473,S019,P0057,W007,2025-06-23,369,2025-06-29,2025-06-29,6,0,On Time
PO005474,S016,P0015,W006,2025-12-11,461,2025-12-22,2025-12-22,11,0,On Time
PO005475,S009,P0091,W007,2025-01-18,953,2025-01-24,2025-01-24,6,0,On Time
PO005476,S013,P0016,W003,2025-03-11,262,2025-03-16,2025-03-19,8,3,Late
PO005477,S005,P0057,W004,2025-12-04,226,2025-12-18,2025-12-18,14,0,On Time
PO005478,S022,P0100,W007,2025-04-26,447,2025-04-30,2025-04-30,4,0,On Time
PO005479,S019,P0082,W002,2025-03-21,785,2025-03-27,2025-03-27,6,0,On Time
PO005480,S010,P0099,W008,2025-01-15,991,2025-01-26,2025-01-26,11,0,On Time
PO005481,S007,P0025,W005,2025-06-25,277,2025-07-09,2025-07-09,14,0,On Time
PO005482,S009,P0022,W001,2025-09-26,604,2025-10-02,2025-10-02,6,0,On Time
PO005483,S025,P0031,W007,2025-04-29,54,2025-05-11,2025-05-11,12,0,On Time
PO005484,S014,P0034,W001,2025-10-26,148,2025-11-04,2025-11-04,9,0,On Time
PO005485,S015,P0087,W005,2025-07-07,449,2025-07-14,2025-07-14,7,0,On Time
PO005486,S013,P0016,W004,2025-02-26,719,2025-03-03,2025-03-03,5,0,On Time
PO005487,S010,P0070,W006,2025-07-18,338,2025-07-29,2025-08-01,14,3,Late
PO005488,S014,P0059,W005,2025-01-17,114,2025-01-26,2025-01-26,9,0,On Time
PO005489,S021,P0015,W001,2025-10-15,239,2025-10-29,2025-10-29,14,0,On Time
PO005490,S023,P0082,W002,2025-02-24,320,2025-03-08,2025-03-08,12,0,On Time
PO005491,S012,P0013,W004,2025-09-26,656,2025-10-03,2025-10-03,7,0,On Time
PO005492,S019,P0024,W008,2025-10-30,204,2025-11-05,2025-11-06,7,1,Late
PO005493,S006,P0013,W005,2025-03-28,56,2025-04-02,2025-04-02,5,0,On Time
PO005494,S012,P0065,W007,2025-11-14,794,2025-11-21,2025-11-21,7,0,On Time
PO005495,S024,P0036,W002,2025-01-29,641,2025-02-09,2025-02-09,11,0,On Time
PO005496,S013,P0049,W008,2025-01-22,419,2025-01-27,2025-01-27,5,0,On Time
PO005497,S008,P0082,W005,2025-11-17,709,2025-11-26,2025-11-26,9,0,On Time
PO005498,S016,P0048,W004,2025-10-12,161,2025-10-23,2025-10-23,11,0,On Time
PO005499,S002,P0097,W001,2025-02-17,153,2025-03-02,2025-03-02,13,0,On Time
PO005500,S022,P0043,W006,2025-01-05,464,2025-01-09,2025-01-09,4,0,On Time
PO005501,S007,P0006,W007,2025-09-07,680,2025-09-21,2025-09-28,21,7,Late
PO005502,S012,P0081,W006,2025-06-12,925,2025-06-19,2025-06-19,7,0,On Time
PO005503,S007,P0068,W004,2025-07-21,307,2025-08-04,2025-08-04,14,0,On Time
PO005504,S019,P0014,W008,2025-04-11,921,2025-04-17,2025-04-18,7,1,Late
PO005505,S014,P0030,W008,2025-03-12,277,2025-03-21,2025-03-23,11,2,Late
PO005506,S009,P0084,W003,2025-06-12,58,2025-06-18,2025-06-18,6,0,On Time
PO005507,S018,P0008,W006,2025-06-22,324,2025-06-26,2025-06-28,6,2,Late
PO005508,S011,P0054,W005,2025-05-21,302,2025-05-26,2025-05-26,5,0,On Time
PO005509,S016,P0066,W002,2025-05-18,843,2025-05-29,2025-05-29,11,0,On Time
PO005510,S019,P0004,W002,2025-03-07,545,2025-03-13,2025-03-15,8,2,Late
PO005511,S011,P0074,W007,2025-07-17,426,2025-07-22,2025-07-25,8,3,Late
PO005512,S018,P0084,W006,2025-11-24,378,2025-11-28,2025-11-28,4,0,On Time
PO005513,S011,P0060,W004,2025-08-16,905,2025-08-21,2025-08-21,5,0,On Time
PO005514,S025,P0053,W007,2025-10-08,397,2025-10-20,2025-10-21,13,1,Late
PO005515,S004,P0099,W004,2025-06-21,488,2025-07-05,2025-07-05,14,0,On Time
PO005516,S018,P0074,W004,2025-11-12,892,2025-11-16,2025-11-21,9,5,Late
PO005517,S019,P0092,W002,2025-02-09,966,2025-02-15,2025-02-15,6,0,On Time
PO005518,S013,P0015,W001,2025-01-07,300,2025-01-12,2025-01-12,5,0,On Time
PO005519,S004,P0100,W002,2025-06-23,584,2025-07-07,2025-07-07,14,0,On Time
PO005520,S010,P0001,W001,2025-05-31,30,2025-06-11,2025-06-11,11,0,On Time
PO005521,S022,P0022,W007,2025-07-30,694,2025-08-03,2025-08-03,4,0,On Time
PO005522,S005,P0091,W007,2025-10-29,714,2025-11-12,2025-11-12,14,0,On Time
PO005523,S003,P0093,W007,2025-03-27,205,2025-04-08,2025-04-08,12,0,On Time
PO005524,S016,P0015,W004,2025-09-10,983,2025-09-21,2025-09-24,14,3,Late
PO005525,S008,P0074,W008,2025-01-21,568,2025-01-30,2025-01-30,9,0,On Time
PO005526,S024,P0084,W003,2025-09-14,992,2025-09-25,2025-09-25,11,0,On Time
PO005527,S007,P0022,W002,2025-02-02,28,2025-02-16,2025-02-16,14,0,On Time
PO005528,S019,P0050,W008,2025-09-17,47,2025-09-23,2025-09-23,6,0,On Time
PO005529,S014,P0048,W004,2025-08-22,842,2025-08-31,2025-08-31,9,0,On Time
PO005530,S015,P0073,W002,2025-01-03,705,2025-01-10,2025-01-17,14,7,Late
PO005531,S017,P0051,W004,2025-12-13,483,2025-12-22,2025-12-24,11,2,Late
PO005532,S021,P0096,W002,2025-11-04,658,2025-11-18,2025-11-20,16,2,Late
PO005533,S001,P0017,W005,2025-08-15,530,2025-08-28,2025-08-28,13,0,On Time
PO005534,S006,P0083,W002,2025-10-11,521,2025-10-16,2025-10-18,7,2,Late
PO005535,S023,P0091,W005,2025-03-11,601,2025-03-23,2025-03-23,12,0,On Time
PO005536,S015,P0051,W008,2025-11-09,814,2025-11-16,2025-11-16,7,0,On Time
PO005537,S012,P0037,W001,2025-12-30,797,2026-01-06,2026-01-06,7,0,On Time
PO005538,S021,P0098,W002,2025-09-11,682,2025-09-25,2025-09-25,14,0,On Time
PO005539,S020,P0049,W001,2025-05-24,680,2025-06-04,2025-06-04,11,0,On Time
PO005540,S002,P0059,W003,2025-01-24,237,2025-02-06,2025-02-06,13,0,On Time
PO005541,S005,P0010,W006,2025-08-22,448,2025-09-05,2025-09-05,14,0,On Time
PO005542,S009,P0030,W006,2025-11-29,657,2025-12-05,2025-12-05,6,0,On Time
PO005543,S020,P0085,W005,2025-06-24,22,2025-07-05,2025-07-06,12,1,Late
PO005544,S014,P0021,W008,2025-11-28,206,2025-12-07,2025-12-12,14,5,Late
PO005545,S018,P0034,W008,2025-11-21,62,2025-11-25,2025-11-27,6,2,Late
PO005546,S022,P0073,W002,2025-12-23,630,2025-12-27,2025-12-27,4,0,On Time
PO005547,S008,P0098,W006,2025-06-08,794,2025-06-17,2025-06-17,9,0,On Time
PO005548,S002,P0050,W001,2025-12-14,430,2025-12-27,2025-12-27,13,0,On Time
PO005549,S009,P0076,W006,2025-12-14,209,2025-12-20,2025-12-20,6,0,On Time
PO005550,S007,P0047,W006,2025-10-13,61,2025-10-27,2025-11-03,21,7,Late
PO005551,S018,P0085,W004,2025-01-18,116,2025-01-22,2025-01-22,4,0,On Time
PO005552,S016,P0084,W006,2025-02-13,791,2025-02-24,2025-02-27,14,3,Late
PO005553,S021,P0006,W001,2025-06-04,749,2025-06-18,2025-06-19,15,1,Late
PO005554,S005,P0050,W006,2025-12-21,977,2026-01-04,2026-01-04,14,0,On Time
PO005555,S023,P0100,W002,2025-08-19,667,2025-08-31,2025-09-05,17,5,Late
PO005556,S015,P0063,W006,2025-11-12,871,2025-11-19,2025-11-19,7,0,On Time
PO005557,S005,P0012,W003,2025-08-13,676,2025-08-27,2025-08-27,14,0,On Time
PO005558,S011,P0041,W006,2025-08-05,536,2025-08-10,2025-08-13,8,3,Late
PO005559,S022,P0031,W005,2025-02-25,978,2025-03-01,2025-03-01,4,0,On Time
PO005560,S014,P0002,W008,2025-01-31,900,2025-02-09,2025-02-09,9,0,On Time
PO005561,S025,P0016,W004,2025-12-23,924,2026-01-04,2026-01-04,12,0,On Time
PO005562,S019,P0001,W007,2025-02-28,155,2025-03-06,2025-03-08,8,2,Late
PO005563,S003,P0004,W001,2025-12-19,529,2025-12-31,2025-12-31,12,0,On Time
PO005564,S024,P0047,W008,2025-08-23,538,2025-09-03,2025-09-08,16,5,Late
PO005565,S010,P0065,W008,2025-04-17,56,2025-04-28,2025-04-28,11,0,On Time
PO005566,S006,P0052,W006,2025-07-10,842,2025-07-15,2025-07-15,5,0,On Time
PO005567,S003,P0047,W006,2025-01-18,598,2025-01-30,2025-01-30,12,0,On Time
PO005568,S002,P0099,W002,2025-08-14,923,2025-08-27,2025-08-27,13,0,On Time
PO005569,S013,P0077,W007,2025-06-16,856,2025-06-21,2025-06-21,5,0,On Time
PO005570,S018,P0050,W002,2025-03-12,536,2025-03-16,2025-03-19,7,3,Late
PO005571,S002,P0045,W005,2025-12-28,804,2026-01-10,2026-01-11,14,1,Late
PO005572,S015,P0042,W007,2025-02-23,898,2025-03-02,2025-03-04,9,2,Late
PO005573,S005,P0095,W008,2025-09-02,77,2025-09-16,2025-09-16,14,0,On Time
PO005574,S015,P0084,W004,2025-12-16,978,2025-12-23,2025-12-23,7,0,On Time
PO005575,S021,P0056,W001,2025-03-17,174,2025-03-31,2025-03-31,14,0,On Time
PO005576,S017,P0071,W001,2025-02-04,891,2025-02-13,2025-02-13,9,0,On Time
PO005577,S002,P0057,W008,2025-09-24,132,2025-10-07,2025-10-08,14,1,Late
PO005578,S018,P0033,W001,2025-11-13,479,2025-11-17,2025-11-17,4,0,On Time
PO005579,S015,P0028,W005,2025-10-27,623,2025-11-03,2025-11-05,9,2,Late
PO005580,S020,P0044,W005,2025-05-01,855,2025-05-12,2025-05-12,11,0,On Time
PO005581,S023,P0056,W006,2025-11-20,775,2025-12-02,2025-12-02,12,0,On Time
PO005582,S003,P0044,W004,2025-01-25,815,2025-02-06,2025-02-09,15,3,Late
PO005583,S005,P0084,W001,2025-06-09,620,2025-06-23,2025-06-28,19,5,Late
PO005584,S011,P0096,W001,2025-03-25,461,2025-03-30,2025-04-04,10,5,Late
PO005585,S009,P0073,W006,2025-04-24,709,2025-04-30,2025-05-02,8,2,Late
PO005586,S005,P0034,W004,2025-08-11,247,2025-08-25,2025-08-26,15,1,Late
PO005587,S025,P0014,W007,2025-06-15,893,2025-06-27,2025-07-02,17,5,Late
PO005588,S001,P0068,W004,2025-07-10,598,2025-07-23,2025-07-24,14,1,Late
PO005589,S025,P0029,W004,2025-06-24,141,2025-07-06,2025-07-11,17,5,Late
PO005590,S014,P0079,W008,2025-01-01,690,2025-01-10,2025-01-10,9,0,On Time
PO005591,S005,P0017,W002,2025-08-17,376,2025-08-31,2025-09-05,19,5,Late
PO005592,S008,P0083,W004,2025-03-27,287,2025-04-05,2025-04-05,9,0,On Time
PO005593,S021,P0009,W003,2025-03-03,714,2025-03-17,2025-03-17,14,0,On Time
PO005594,S014,P0027,W005,2025-11-16,504,2025-11-25,2025-11-25,9,0,On Time
PO005595,S016,P0049,W004,2025-07-25,888,2025-08-05,2025-08-08,14,3,Late
PO005596,S006,P0079,W002,2025-04-15,23,2025-04-20,2025-04-20,5,0,On Time
PO005597,S008,P0037,W008,2025-11-14,497,2025-11-23,2025-11-30,16,7,Late
PO005598,S002,P0028,W008,2025-10-18,140,2025-10-31,2025-10-31,13,0,On Time
PO005599,S019,P0050,W007,2025-09-07,761,2025-09-13,2025-09-13,6,0,On Time
PO005600,S009,P0055,W003,2025-01-13,829,2025-01-19,2025-01-19,6,0,On Time
PO005601,S005,P0004,W002,2025-06-12,505,2025-06-26,2025-06-26,14,0,On Time
PO005602,S005,P0085,W002,2025-02-12,238,2025-02-26,2025-02-26,14,0,On Time
PO005603,S025,P0098,W006,2025-04-21,713,2025-05-03,2025-05-04,13,1,Late
PO005604,S019,P0019,W002,2025-07-24,297,2025-07-30,2025-07-30,6,0,On Time
PO005605,S004,P0037,W002,2025-09-13,276,2025-09-27,2025-09-27,14,0,On Time
PO005606,S016,P0004,W001,2025-11-03,323,2025-11-14,2025-11-14,11,0,On Time
PO005607,S016,P0037,W005,2025-05-24,62,2025-06-04,2025-06-07,14,3,Late
PO005608,S016,P0051,W006,2025-05-26,889,2025-06-06,2025-06-06,11,0,On Time
PO005609,S007,P0032,W006,2025-10-28,935,2025-11-11,2025-11-11,14,0,On Time
PO005610,S018,P0045,W001,2025-06-13,549,2025-06-17,2025-06-17,4,0,On Time
PO005611,S024,P0012,W003,2025-06-18,729,2025-06-29,2025-07-02,14,3,Late
PO005612,S021,P0041,W001,2025-10-25,708,2025-11-08,2025-11-08,14,0,On Time
PO005613,S001,P0056,W006,2025-08-21,607,2025-09-03,2025-09-03,13,0,On Time
PO005614,S003,P0080,W003,2025-09-28,932,2025-10-10,2025-10-11,13,1,Late
PO005615,S025,P0014,W006,2025-03-01,712,2025-03-13,2025-03-20,19,7,Late
PO005616,S021,P0054,W004,2025-10-23,169,2025-11-06,2025-11-06,14,0,On Time
PO005617,S008,P0063,W003,2025-08-23,613,2025-09-01,2025-09-01,9,0,On Time
PO005618,S001,P0065,W006,2025-06-14,29,2025-06-27,2025-06-27,13,0,On Time
PO005619,S007,P0058,W001,2025-07-13,811,2025-07-27,2025-08-03,21,7,Late
PO005620,S007,P0096,W006,2025-08-22,231,2025-09-05,2025-09-05,14,0,On Time
PO005621,S008,P0021,W001,2025-07-02,671,2025-07-11,2025-07-11,9,0,On Time
PO005622,S019,P0004,W003,2025-11-29,279,2025-12-05,2025-12-05,6,0,On Time
PO005623,S017,P0073,W001,2025-08-20,957,2025-08-29,2025-09-05,16,7,Late
PO005624,S011,P0046,W003,2025-12-27,401,2026-01-01,2026-01-02,6,1,Late
PO005625,S015,P0086,W002,2025-04-17,408,2025-04-24,2025-04-25,8,1,Late
PO005626,S009,P0012,W005,2025-08-11,941,2025-08-17,2025-08-17,6,0,On Time
PO005627,S017,P0030,W007,2025-03-21,759,2025-03-30,2025-03-30,9,0,On Time
PO005628,S011,P0094,W003,2025-08-22,974,2025-08-27,2025-08-27,5,0,On Time
PO005629,S006,P0096,W007,2025-07-03,977,2025-07-08,2025-07-08,5,0,On Time
PO005630,S009,P0060,W008,2025-07-04,355,2025-07-10,2025-07-13,9,3,Late
PO005631,S018,P0100,W007,2025-05-14,24,2025-05-18,2025-05-18,4,0,On Time
PO005632,S020,P0071,W002,2025-08-08,941,2025-08-19,2025-08-19,11,0,On Time
PO005633,S002,P0081,W002,2025-10-15,102,2025-10-28,2025-11-02,18,5,Late
PO005634,S004,P0065,W002,2025-12-30,25,2026-01-13,2026-01-13,14,0,On Time
PO005635,S018,P0014,W007,2025-07-21,171,2025-07-25,2025-07-26,5,1,Late
PO005636,S001,P0044,W002,2025-05-26,754,2025-06-08,2025-06-09,14,1,Late
PO005637,S011,P0026,W003,2025-11-20,200,2025-11-25,2025-11-30,10,5,Late
PO005638,S003,P0091,W007,2025-05-07,794,2025-05-19,2025-05-22,15,3,Late
PO005639,S008,P0016,W007,2025-05-15,797,2025-05-24,2025-05-25,10,1,Late
PO005640,S005,P0007,W008,2025-04-24,186,2025-05-08,2025-05-08,14,0,On Time
PO005641,S020,P0032,W001,2025-09-21,489,2025-10-02,2025-10-02,11,0,On Time
PO005642,S021,P0089,W002,2025-03-05,97,2025-03-19,2025-03-24,19,5,Late
PO005643,S022,P0095,W004,2025-05-15,431,2025-05-19,2025-05-19,4,0,On Time
PO005644,S022,P0016,W002,2025-02-10,573,2025-02-14,2025-02-16,6,2,Late
PO005645,S005,P0078,W008,2025-10-23,593,2025-11-06,2025-11-06,14,0,On Time
PO005646,S011,P0089,W001,2025-01-03,400,2025-01-08,2025-01-08,5,0,On Time
PO005647,S012,P0062,W001,2025-07-13,967,2025-07-20,2025-07-20,7,0,On Time
PO005648,S022,P0030,W005,2025-04-20,809,2025-04-24,2025-04-24,4,0,On Time
PO005649,S009,P0071,W005,2025-08-09,332,2025-08-15,2025-08-22,13,7,Late
PO005650,S021,P0012,W007,2025-01-04,883,2025-01-18,2025-01-21,17,3,Late
PO005651,S013,P0067,W002,2025-09-01,414,2025-09-06,2025-09-06,5,0,On Time
PO005652,S022,P0091,W002,2025-06-15,929,2025-06-19,2025-06-20,5,1,Late
PO005653,S020,P0046,W006,2025-01-26,562,2025-02-06,2025-02-06,11,0,On Time
PO005654,S003,P0083,W007,2025-01-17,23,2025-01-29,2025-01-31,14,2,Late
PO005655,S013,P0043,W006,2025-08-04,128,2025-08-09,2025-08-12,8,3,Late
PO005656,S022,P0055,W005,2025-04-02,937,2025-04-06,2025-04-06,4,0,On Time
PO005657,S011,P0045,W002,2025-01-31,905,2025-02-05,2025-02-05,5,0,On Time
PO005658,S011,P0060,W006,2025-07-24,112,2025-07-29,2025-07-29,5,0,On Time
PO005659,S021,P0071,W004,2025-07-26,118,2025-08-09,2025-08-16,21,7,Late
PO005660,S020,P0080,W003,2025-04-17,211,2025-04-28,2025-04-29,12,1,Late
PO005661,S021,P0032,W005,2025-05-26,352,2025-06-09,2025-06-12,17,3,Late
PO005662,S007,P0008,W005,2025-04-11,231,2025-04-25,2025-04-28,17,3,Late
PO005663,S017,P0077,W001,2025-11-14,614,2025-11-23,2025-11-23,9,0,On Time
PO005664,S016,P0062,W002,2025-08-29,226,2025-09-09,2025-09-12,14,3,Late
PO005665,S014,P0075,W005,2025-09-04,646,2025-09-13,2025-09-13,9,0,On Time
PO005666,S001,P0020,W005,2025-06-12,783,2025-06-25,2025-06-25,13,0,On Time
PO005667,S011,P0018,W008,2025-06-22,999,2025-06-27,2025-06-29,7,2,Late
PO005668,S013,P0006,W006,2025-02-04,592,2025-02-09,2025-02-09,5,0,On Time
PO005669,S001,P0084,W004,2025-10-11,375,2025-10-24,2025-10-24,13,0,On Time
PO005670,S002,P0096,W007,2025-12-25,921,2026-01-07,2026-01-07,13,0,On Time
PO005671,S009,P0029,W002,2025-12-24,272,2025-12-30,2025-12-30,6,0,On Time
PO005672,S013,P0004,W008,2025-01-21,610,2025-01-26,2025-01-31,10,5,Late
PO005673,S005,P0071,W003,2025-11-04,215,2025-11-18,2025-11-23,19,5,Late
PO005674,S009,P0043,W004,2025-06-12,281,2025-06-18,2025-06-18,6,0,On Time
PO005675,S013,P0084,W003,2025-04-07,341,2025-04-12,2025-04-12,5,0,On Time
PO005676,S005,P0034,W001,2025-11-03,439,2025-11-17,2025-11-18,15,1,Late
PO005677,S015,P0100,W005,2025-12-05,517,2025-12-12,2025-12-12,7,0,On Time
PO005678,S007,P0071,W006,2025-02-24,930,2025-03-10,2025-03-10,14,0,On Time
PO005679,S014,P0033,W004,2025-11-29,351,2025-12-08,2025-12-09,10,1,Late
PO005680,S016,P0015,W008,2025-05-07,315,2025-05-18,2025-05-19,12,1,Late
PO005681,S006,P0096,W003,2025-07-12,255,2025-07-17,2025-07-17,5,0,On Time
PO005682,S002,P0086,W002,2025-08-31,700,2025-09-13,2025-09-16,16,3,Late
PO005683,S016,P0040,W001,2025-12-15,26,2025-12-26,2025-12-26,11,0,On Time
PO005684,S019,P0093,W008,2025-03-29,553,2025-04-04,2025-04-04,6,0,On Time
PO005685,S005,P0089,W007,2025-12-02,91,2025-12-16,2025-12-17,15,1,Late
PO005686,S004,P0005,W001,2025-08-03,519,2025-08-17,2025-08-17,14,0,On Time
PO005687,S014,P0078,W005,2025-04-02,637,2025-04-11,2025-04-11,9,0,On Time
PO005688,S006,P0050,W005,2025-10-30,158,2025-11-04,2025-11-07,8,3,Late
PO005689,S008,P0099,W003,2025-08-23,405,2025-09-01,2025-09-06,14,5,Late
PO005690,S024,P0066,W003,2025-07-03,561,2025-07-14,2025-07-14,11,0,On Time
PO005691,S003,P0089,W001,2025-02-07,343,2025-02-19,2025-02-24,17,5,Late
PO005692,S004,P0054,W003,2025-05-19,968,2025-06-02,2025-06-02,14,0,On Time
PO005693,S001,P0080,W005,2025-07-14,620,2025-07-27,2025-07-27,13,0,On Time
PO005694,S002,P0046,W001,2025-01-15,936,2025-01-28,2025-01-28,13,0,On Time
PO005695,S013,P0080,W001,2025-09-14,684,2025-09-19,2025-09-19,5,0,On Time
PO005696,S009,P0011,W007,2025-05-15,92,2025-05-21,2025-05-21,6,0,On Time
PO005697,S012,P0049,W002,2025-01-01,859,2025-01-08,2025-01-13,12,5,Late
PO005698,S010,P0099,W002,2025-02-18,408,2025-03-01,2025-03-01,11,0,On Time
PO005699,S010,P0023,W003,2025-04-06,257,2025-04-17,2025-04-17,11,0,On Time
PO005700,S018,P0055,W008,2025-07-20,341,2025-07-24,2025-07-25,5,1,Late
PO005701,S012,P0005,W003,2025-01-26,360,2025-02-02,2025-02-02,7,0,On Time
PO005702,S022,P0064,W008,2025-12-09,782,2025-12-13,2025-12-14,5,1,Late
PO005703,S016,P0035,W005,2025-08-23,324,2025-09-03,2025-09-03,11,0,On Time
PO005704,S023,P0093,W008,2025-12-15,27,2025-12-27,2025-12-27,12,0,On Time
PO005705,S006,P0069,W005,2025-09-01,226,2025-09-06,2025-09-07,6,1,Late
PO005706,S024,P0054,W002,2025-12-24,430,2026-01-04,2026-01-04,11,0,On Time
PO005707,S025,P0003,W001,2025-11-23,277,2025-12-05,2025-12-05,12,0,On Time
PO005708,S024,P0006,W004,2025-12-17,815,2025-12-28,2025-12-28,11,0,On Time
PO005709,S021,P0087,W006,2025-02-20,670,2025-03-06,2025-03-06,14,0,On Time
PO005710,S024,P0056,W006,2025-03-22,65,2025-04-02,2025-04-03,12,1,Late
PO005711,S010,P0002,W007,2025-02-05,145,2025-02-16,2025-02-16,11,0,On Time
PO005712,S015,P0082,W004,2025-03-08,40,2025-03-15,2025-03-15,7,0,On Time
PO005713,S009,P0094,W008,2025-05-09,189,2025-05-15,2025-05-15,6,0,On Time
PO005714,S024,P0038,W007,2025-06-04,563,2025-06-15,2025-06-15,11,0,On Time
PO005715,S002,P0056,W003,2025-09-02,435,2025-09-15,2025-09-20,18,5,Late
PO005716,S018,P0005,W006,2025-04-21,474,2025-04-25,2025-04-30,9,5,Late
PO005717,S012,P0046,W007,2025-06-17,681,2025-06-24,2025-06-24,7,0,On Time
PO005718,S003,P0011,W006,2025-05-22,225,2025-06-03,2025-06-03,12,0,On Time
PO005719,S007,P0065,W004,2025-12-22,352,2026-01-05,2026-01-05,14,0,On Time
PO005720,S009,P0010,W007,2025-07-16,40,2025-07-22,2025-07-22,6,0,On Time
PO005721,S008,P0041,W004,2025-04-19,937,2025-04-28,2025-04-28,9,0,On Time
PO005722,S025,P0044,W002,2025-03-20,821,2025-04-01,2025-04-01,12,0,On Time
PO005723,S006,P0090,W001,2025-06-10,669,2025-06-15,2025-06-16,6,1,Late
PO005724,S001,P0033,W005,2025-01-19,84,2025-02-01,2025-02-01,13,0,On Time
PO005725,S014,P0091,W008,2025-05-07,596,2025-05-16,2025-05-21,14,5,Late
PO005726,S016,P0056,W002,2025-07-24,107,2025-08-04,2025-08-04,11,0,On Time
PO005727,S016,P0012,W006,2025-01-29,854,2025-02-09,2025-02-10,12,1,Late
PO005728,S004,P0002,W005,2025-07-26,498,2025-08-09,2025-08-14,19,5,Late
PO005729,S006,P0001,W002,2025-10-07,62,2025-10-12,2025-10-12,5,0,On Time
PO005730,S015,P0065,W002,2025-05-31,902,2025-06-07,2025-06-12,12,5,Late
PO005731,S022,P0033,W004,2025-08-28,956,2025-09-01,2025-09-01,4,0,On Time
PO005732,S008,P0086,W005,2025-09-23,160,2025-10-02,2025-10-09,16,7,Late
PO005733,S001,P0076,W002,2025-07-01,393,2025-07-14,2025-07-21,20,7,Late
PO005734,S013,P0036,W004,2025-04-15,535,2025-04-20,2025-04-20,5,0,On Time
PO005735,S018,P0021,W003,2025-08-24,519,2025-08-28,2025-08-31,7,3,Late
PO005736,S018,P0084,W005,2025-06-22,298,2025-06-26,2025-06-26,4,0,On Time
PO005737,S013,P0036,W008,2025-06-07,345,2025-06-12,2025-06-12,5,0,On Time
PO005738,S022,P0026,W007,2025-06-21,437,2025-06-25,2025-06-25,4,0,On Time
PO005739,S014,P0047,W002,2025-11-07,572,2025-11-16,2025-11-16,9,0,On Time
PO005740,S011,P0095,W006,2025-06-06,933,2025-06-11,2025-06-11,5,0,On Time
PO005741,S007,P0001,W003,2025-09-15,907,2025-09-29,2025-09-29,14,0,On Time
PO005742,S018,P0038,W004,2025-06-13,621,2025-06-17,2025-06-19,6,2,Late
PO005743,S021,P0014,W002,2025-05-27,787,2025-06-10,2025-06-10,14,0,On Time
PO005744,S022,P0090,W006,2025-06-03,948,2025-06-07,2025-06-14,11,7,Late
PO005745,S004,P0046,W004,2025-02-07,940,2025-02-21,2025-02-21,14,0,On Time
PO005746,S017,P0042,W004,2025-05-11,327,2025-05-20,2025-05-20,9,0,On Time
PO005747,S019,P0007,W007,2025-12-24,676,2025-12-30,2025-12-31,7,1,Late
PO005748,S014,P0055,W006,2025-09-12,326,2025-09-21,2025-09-24,12,3,Late
PO005749,S010,P0056,W004,2025-07-27,918,2025-08-07,2025-08-09,13,2,Late
PO005750,S025,P0076,W005,2025-04-05,842,2025-04-17,2025-04-17,12,0,On Time
PO005751,S006,P0063,W007,2025-12-14,489,2025-12-19,2025-12-19,5,0,On Time
PO005752,S018,P0024,W003,2025-11-23,203,2025-11-27,2025-11-27,4,0,On Time
PO005753,S025,P0083,W007,2025-06-20,650,2025-07-02,2025-07-02,12,0,On Time
PO005754,S004,P0073,W003,2025-09-07,644,2025-09-21,2025-09-21,14,0,On Time
PO005755,S011,P0099,W001,2025-07-09,310,2025-07-14,2025-07-14,5,0,On Time
PO005756,S013,P0004,W007,2025-07-18,268,2025-07-23,2025-07-23,5,0,On Time
PO005757,S008,P0042,W007,2025-08-09,343,2025-08-18,2025-08-19,10,1,Late
PO005758,S010,P0096,W008,2025-01-24,462,2025-02-04,2025-02-05,12,1,Late
PO005759,S023,P0070,W002,2025-09-01,623,2025-09-13,2025-09-13,12,0,On Time
PO005760,S011,P0028,W007,2025-11-20,78,2025-11-25,2025-11-25,5,0,On Time
PO005761,S003,P0092,W004,2025-05-08,288,2025-05-20,2025-05-20,12,0,On Time
PO005762,S015,P0040,W008,2025-04-03,337,2025-04-10,2025-04-10,7,0,On Time
PO005763,S008,P0051,W002,2025-10-27,113,2025-11-05,2025-11-07,11,2,Late
PO005764,S020,P0029,W008,2025-05-13,273,2025-05-24,2025-05-25,12,1,Late
PO005765,S018,P0042,W008,2025-02-24,706,2025-02-28,2025-03-02,6,2,Late
PO005766,S021,P0069,W003,2025-06-07,479,2025-06-21,2025-06-21,14,0,On Time
PO005767,S001,P0005,W003,2025-01-29,534,2025-02-11,2025-02-16,18,5,Late
PO005768,S024,P0041,W004,2025-07-30,552,2025-08-10,2025-08-10,11,0,On Time
PO005769,S008,P0061,W005,2025-06-03,123,2025-06-12,2025-06-15,12,3,Late
PO005770,S003,P0055,W006,2025-10-20,852,2025-11-01,2025-11-01,12,0,On Time
PO005771,S001,P0028,W004,2025-08-10,421,2025-08-23,2025-08-23,13,0,On Time
PO005772,S020,P0041,W004,2025-04-25,800,2025-05-06,2025-05-06,11,0,On Time
PO005773,S025,P0009,W001,2025-06-07,986,2025-06-19,2025-06-19,12,0,On Time
PO005774,S016,P0029,W006,2025-09-16,352,2025-09-27,2025-09-27,11,0,On Time
PO005775,S009,P0078,W008,2025-09-08,740,2025-09-14,2025-09-19,11,5,Late
PO005776,S017,P0038,W008,2025-05-02,896,2025-05-11,2025-05-11,9,0,On Time
PO005777,S016,P0062,W007,2025-10-26,627,2025-11-06,2025-11-06,11,0,On Time
PO005778,S023,P0054,W008,2025-09-20,112,2025-10-02,2025-10-05,15,3,Late
PO005779,S006,P0052,W005,2025-02-18,576,2025-02-23,2025-02-23,5,0,On Time
PO005780,S023,P0034,W008,2025-11-25,593,2025-12-07,2025-12-07,12,0,On Time
PO005781,S007,P0037,W002,2025-10-24,561,2025-11-07,2025-11-14,21,7,Late
PO005782,S024,P0049,W006,2025-12-28,990,2026-01-08,2026-01-08,11,0,On Time
PO005783,S016,P0042,W005,2025-03-18,801,2025-03-29,2025-03-29,11,0,On Time
PO005784,S008,P0014,W004,2025-05-07,456,2025-05-16,2025-05-18,11,2,Late
PO005785,S010,P0082,W004,2025-07-16,29,2025-07-27,2025-07-27,11,0,On Time
PO005786,S014,P0033,W004,2025-08-09,475,2025-08-18,2025-08-19,10,1,Late
PO005787,S011,P0098,W004,2025-04-01,434,2025-04-06,2025-04-06,5,0,On Time
PO005788,S002,P0092,W004,2025-01-08,537,2025-01-21,2025-01-21,13,0,On Time
PO005789,S012,P0100,W006,2025-02-01,998,2025-02-08,2025-02-08,7,0,On Time
PO005790,S020,P0087,W007,2025-11-16,394,2025-11-27,2025-12-04,18,7,Late
PO005791,S020,P0017,W006,2025-09-26,550,2025-10-07,2025-10-10,14,3,Late
PO005792,S013,P0075,W007,2025-07-10,543,2025-07-15,2025-07-15,5,0,On Time
PO005793,S015,P0032,W006,2025-12-15,392,2025-12-22,2025-12-22,7,0,On Time
PO005794,S012,P0079,W005,2025-06-12,723,2025-06-19,2025-06-19,7,0,On Time
PO005795,S013,P0068,W004,2025-03-02,634,2025-03-07,2025-03-07,5,0,On Time
PO005796,S008,P0039,W003,2025-09-21,901,2025-09-30,2025-10-03,12,3,Late
PO005797,S016,P0094,W006,2025-10-12,781,2025-10-23,2025-10-30,18,7,Late
PO005798,S003,P0010,W003,2025-04-05,775,2025-04-17,2025-04-19,14,2,Late
PO005799,S013,P0087,W008,2025-02-10,869,2025-02-15,2025-02-15,5,0,On Time
PO005800,S012,P0024,W001,2025-05-29,458,2025-06-05,2025-06-05,7,0,On Time
PO005801,S019,P0100,W008,2025-07-23,214,2025-07-29,2025-07-29,6,0,On Time
PO005802,S002,P0058,W002,2025-09-24,284,2025-10-07,2025-10-07,13,0,On Time
PO005803,S001,P0069,W006,2025-01-02,526,2025-01-15,2025-01-15,13,0,On Time
PO005804,S008,P0064,W003,2025-06-27,665,2025-07-06,2025-07-09,12,3,Late
PO005805,S009,P0019,W001,2025-07-13,916,2025-07-19,2025-07-19,6,0,On Time
PO005806,S025,P0008,W005,2025-12-02,445,2025-12-14,2025-12-14,12,0,On Time
PO005807,S008,P0071,W002,2025-07-15,880,2025-07-24,2025-07-24,9,0,On Time
PO005808,S021,P0040,W007,2025-12-09,970,2025-12-23,2025-12-30,21,7,Late
PO005809,S017,P0013,W008,2025-09-06,708,2025-09-15,2025-09-17,11,2,Late
PO005810,S009,P0027,W004,2025-07-31,886,2025-08-06,2025-08-06,6,0,On Time
PO005811,S006,P0082,W006,2025-06-02,118,2025-06-07,2025-06-10,8,3,Late
PO005812,S015,P0088,W006,2025-06-07,49,2025-06-14,2025-06-14,7,0,On Time
PO005813,S023,P0002,W004,2025-12-28,310,2026-01-09,2026-01-09,12,0,On Time
PO005814,S024,P0016,W008,2025-05-19,594,2025-05-30,2025-05-30,11,0,On Time
PO005815,S013,P0014,W008,2025-08-09,506,2025-08-14,2025-08-14,5,0,On Time
PO005816,S021,P0017,W007,2025-09-30,425,2025-10-14,2025-10-14,14,0,On Time
PO005817,S022,P0060,W005,2025-06-03,958,2025-06-07,2025-06-08,5,1,Late
PO005818,S012,P0070,W002,2025-09-06,47,2025-09-13,2025-09-13,7,0,On Time
PO005819,S013,P0099,W006,2025-10-06,165,2025-10-11,2025-10-11,5,0,On Time
PO005820,S007,P0017,W003,2025-10-31,307,2025-11-14,2025-11-14,14,0,On Time
PO005821,S023,P0045,W008,2025-10-03,600,2025-10-15,2025-10-18,15,3,Late
PO005822,S018,P0038,W007,2025-01-02,969,2025-01-06,2025-01-07,5,1,Late
PO005823,S014,P0064,W008,2025-03-29,271,2025-04-07,2025-04-07,9,0,On Time
PO005824,S011,P0006,W002,2025-10-14,181,2025-10-19,2025-10-19,5,0,On Time
PO005825,S014,P0060,W001,2025-05-10,946,2025-05-19,2025-05-19,9,0,On Time
PO005826,S017,P0049,W007,2025-03-19,129,2025-03-28,2025-03-28,9,0,On Time
PO005827,S024,P0021,W008,2025-09-17,884,2025-09-28,2025-09-28,11,0,On Time
PO005828,S021,P0099,W006,2025-08-29,663,2025-09-12,2025-09-12,14,0,On Time
PO005829,S002,P0023,W005,2025-05-21,417,2025-06-03,2025-06-05,15,2,Late
PO005830,S019,P0076,W007,2025-08-16,290,2025-08-22,2025-08-22,6,0,On Time
PO005831,S016,P0057,W003,2025-06-12,207,2025-06-23,2025-06-26,14,3,Late
PO005832,S022,P0064,W002,2025-08-24,551,2025-08-28,2025-08-29,5,1,Late
PO005833,S010,P0029,W007,2025-05-08,295,2025-05-19,2025-05-19,11,0,On Time
PO005834,S022,P0027,W002,2025-07-19,708,2025-07-23,2025-07-23,4,0,On Time
PO005835,S008,P0006,W003,2025-01-31,630,2025-02-09,2025-02-09,9,0,On Time
PO005836,S021,P0021,W001,2025-05-18,266,2025-06-01,2025-06-02,15,1,Late
PO005837,S005,P0071,W001,2025-01-21,343,2025-02-04,2025-02-04,14,0,On Time
PO005838,S007,P0041,W007,2025-08-22,37,2025-09-05,2025-09-05,14,0,On Time
PO005839,S013,P0080,W002,2025-07-21,427,2025-07-26,2025-07-26,5,0,On Time
PO005840,S016,P0005,W004,2025-10-06,430,2025-10-17,2025-10-17,11,0,On Time
PO005841,S005,P0015,W003,2025-05-11,820,2025-05-25,2025-05-25,14,0,On Time
PO005842,S016,P0021,W008,2025-05-28,144,2025-06-08,2025-06-08,11,0,On Time
PO005843,S015,P0058,W006,2025-01-29,339,2025-02-05,2025-02-05,7,0,On Time
PO005844,S009,P0004,W008,2025-12-27,172,2026-01-02,2026-01-05,9,3,Late
PO005845,S022,P0069,W007,2025-11-04,600,2025-11-08,2025-11-08,4,0,On Time
PO005846,S023,P0007,W001,2025-06-11,677,2025-06-23,2025-06-23,12,0,On Time
PO005847,S012,P0035,W006,2025-12-23,576,2025-12-30,2025-12-30,7,0,On Time
PO005848,S008,P0036,W001,2025-12-06,897,2025-12-15,2025-12-15,9,0,On Time
PO005849,S013,P0015,W001,2025-03-02,39,2025-03-07,2025-03-07,5,0,On Time
PO005850,S005,P0092,W005,2025-05-05,822,2025-05-19,2025-05-19,14,0,On Time
PO005851,S014,P0002,W007,2025-03-12,266,2025-03-21,2025-03-23,11,2,Late
PO005852,S016,P0057,W006,2025-11-22,409,2025-12-03,2025-12-03,11,0,On Time
PO005853,S011,P0005,W004,2025-12-30,366,2026-01-04,2026-01-04,5,0,On Time
PO005854,S020,P0071,W001,2025-08-31,495,2025-09-11,2025-09-11,11,0,On Time
PO005855,S012,P0086,W004,2025-09-06,222,2025-09-13,2025-09-13,7,0,On Time
PO005856,S015,P0095,W002,2025-08-09,28,2025-08-16,2025-08-16,7,0,On Time
PO005857,S024,P0032,W002,2025-01-21,711,2025-02-01,2025-02-01,11,0,On Time
PO005858,S012,P0072,W008,2025-03-23,687,2025-03-30,2025-03-30,7,0,On Time
PO005859,S009,P0041,W008,2025-12-10,550,2025-12-16,2025-12-16,6,0,On Time
PO005860,S001,P0042,W005,2025-01-10,122,2025-01-23,2025-01-23,13,0,On Time
PO005861,S003,P0075,W008,2025-01-12,265,2025-01-24,2025-01-24,12,0,On Time
PO005862,S012,P0065,W004,2025-09-20,616,2025-09-27,2025-09-28,8,1,Late
PO005863,S020,P0040,W003,2025-05-25,338,2025-06-05,2025-06-08,14,3,Late
PO005864,S013,P0083,W005,2025-07-11,370,2025-07-16,2025-07-16,5,0,On Time
PO005865,S023,P0038,W001,2025-09-07,253,2025-09-19,2025-09-20,13,1,Late
PO005866,S006,P0042,W002,2025-04-24,666,2025-04-29,2025-04-29,5,0,On Time
PO005867,S010,P0037,W008,2025-01-26,56,2025-02-06,2025-02-13,18,7,Late
PO005868,S010,P0056,W007,2025-09-28,364,2025-10-09,2025-10-09,11,0,On Time
PO005869,S016,P0071,W002,2025-02-02,623,2025-02-13,2025-02-13,11,0,On Time
PO005870,S001,P0055,W003,2025-03-03,311,2025-03-16,2025-03-16,13,0,On Time
PO005871,S016,P0089,W005,2025-08-17,36,2025-08-28,2025-08-28,11,0,On Time
PO005872,S004,P0054,W004,2025-10-30,109,2025-11-13,2025-11-13,14,0,On Time
PO005873,S006,P0022,W007,2025-04-05,367,2025-04-10,2025-04-10,5,0,On Time
PO005874,S019,P0027,W002,2025-02-04,696,2025-02-10,2025-02-10,6,0,On Time
PO005875,S002,P0047,W001,2025-07-12,996,2025-07-25,2025-07-30,18,5,Late
PO005876,S018,P0038,W003,2025-03-17,463,2025-03-21,2025-03-28,11,7,Late
PO005877,S010,P0039,W003,2025-09-06,272,2025-09-17,2025-09-18,12,1,Late
PO005878,S004,P0015,W006,2025-03-24,836,2025-04-07,2025-04-07,14,0,On Time
PO005879,S001,P0066,W003,2025-01-25,612,2025-02-07,2025-02-10,16,3,Late
PO005880,S015,P0061,W001,2025-02-26,203,2025-03-05,2025-03-08,10,3,Late
PO005881,S010,P0060,W003,2025-02-01,309,2025-02-12,2025-02-17,16,5,Late
PO005882,S018,P0008,W008,2025-11-15,780,2025-11-19,2025-11-19,4,0,On Time
PO005883,S016,P0044,W004,2025-01-12,234,2025-01-23,2025-01-23,11,0,On Time
PO005884,S013,P0043,W006,2025-11-15,177,2025-11-20,2025-11-20,5,0,On Time
PO005885,S015,P0006,W008,2025-11-29,942,2025-12-06,2025-12-11,12,5,Late
PO005886,S002,P0084,W004,2025-04-02,710,2025-04-15,2025-04-15,13,0,On Time
PO005887,S020,P0027,W007,2025-01-01,412,2025-01-12,2025-01-12,11,0,On Time
PO005888,S004,P0045,W005,2025-11-22,39,2025-12-06,2025-12-06,14,0,On Time
PO005889,S001,P0023,W005,2025-05-16,490,2025-05-29,2025-05-29,13,0,On Time
PO005890,S007,P0081,W007,2025-07-15,450,2025-07-29,2025-08-03,19,5,Late
PO005891,S023,P0013,W008,2025-05-13,678,2025-05-25,2025-05-25,12,0,On Time
PO005892,S011,P0068,W007,2025-03-27,87,2025-04-01,2025-04-01,5,0,On Time
PO005893,S010,P0084,W008,2025-10-22,96,2025-11-02,2025-11-09,18,7,Late
PO005894,S001,P0064,W008,2025-10-06,121,2025-10-19,2025-10-19,13,0,On Time
PO005895,S011,P0025,W004,2025-11-20,671,2025-11-25,2025-11-28,8,3,Late
PO005896,S024,P0086,W001,2025-06-29,912,2025-07-10,2025-07-10,11,0,On Time
PO005897,S010,P0052,W006,2025-01-04,604,2025-01-15,2025-01-16,12,1,Late
PO005898,S014,P0048,W005,2025-05-06,226,2025-05-15,2025-05-15,9,0,On Time
PO005899,S014,P0061,W008,2025-06-24,232,2025-07-03,2025-07-03,9,0,On Time
PO005900,S007,P0017,W003,2025-09-08,98,2025-09-22,2025-09-22,14,0,On Time
PO005901,S023,P0040,W007,2025-01-21,132,2025-02-02,2025-02-07,17,5,Late
PO005902,S011,P0075,W004,2025-04-15,784,2025-04-20,2025-04-20,5,0,On Time
PO005903,S022,P0089,W002,2025-03-07,152,2025-03-11,2025-03-11,4,0,On Time
PO005904,S004,P0069,W001,2025-09-20,216,2025-10-04,2025-10-07,17,3,Late
PO005905,S024,P0085,W001,2025-02-18,44,2025-03-01,2025-03-01,11,0,On Time
PO005906,S002,P0026,W004,2025-01-16,491,2025-01-29,2025-01-29,13,0,On Time
PO005907,S007,P0080,W008,2025-05-25,632,2025-06-08,2025-06-09,15,1,Late
PO005908,S019,P0056,W002,2025-12-06,776,2025-12-12,2025-12-12,6,0,On Time
PO005909,S014,P0040,W001,2025-09-07,562,2025-09-16,2025-09-16,9,0,On Time
PO005910,S019,P0085,W006,2025-12-09,961,2025-12-15,2025-12-20,11,5,Late
PO005911,S007,P0096,W005,2025-12-20,309,2026-01-03,2026-01-03,14,0,On Time
PO005912,S012,P0068,W006,2025-03-16,275,2025-03-23,2025-03-23,7,0,On Time
PO005913,S003,P0008,W002,2025-10-17,956,2025-10-29,2025-10-30,13,1,Late
PO005914,S015,P0073,W006,2025-10-09,225,2025-10-16,2025-10-16,7,0,On Time
PO005915,S005,P0045,W003,2025-03-07,494,2025-03-21,2025-03-22,15,1,Late
PO005916,S008,P0017,W007,2025-05-05,87,2025-05-14,2025-05-14,9,0,On Time
PO005917,S014,P0041,W007,2025-11-15,234,2025-11-24,2025-11-27,12,3,Late
PO005918,S004,P0077,W005,2025-03-28,653,2025-04-11,2025-04-11,14,0,On Time
PO005919,S007,P0009,W002,2025-02-10,441,2025-02-24,2025-02-24,14,0,On Time
PO005920,S007,P0070,W004,2025-07-05,577,2025-07-19,2025-07-22,17,3,Late
PO005921,S018,P0091,W008,2025-12-20,600,2025-12-24,2025-12-24,4,0,On Time
PO005922,S014,P0024,W001,2025-12-01,558,2025-12-10,2025-12-10,9,0,On Time
PO005923,S008,P0073,W005,2025-09-23,702,2025-10-02,2025-10-04,11,2,Late
PO005924,S012,P0011,W004,2025-09-28,776,2025-10-05,2025-10-05,7,0,On Time
PO005925,S010,P0035,W002,2025-02-11,481,2025-02-22,2025-02-22,11,0,On Time
PO005926,S014,P0029,W003,2025-04-03,474,2025-04-12,2025-04-12,9,0,On Time
PO005927,S009,P0008,W001,2025-07-04,320,2025-07-10,2025-07-12,8,2,Late
PO005928,S006,P0017,W001,2025-08-03,805,2025-08-08,2025-08-08,5,0,On Time
PO005929,S005,P0071,W005,2025-01-17,307,2025-01-31,2025-02-05,19,5,Late
PO005930,S001,P0012,W004,2025-09-22,780,2025-10-05,2025-10-05,13,0,On Time
PO005931,S001,P0079,W007,2025-04-24,21,2025-05-07,2025-05-09,15,2,Late
PO005932,S025,P0093,W002,2025-10-19,956,2025-10-31,2025-10-31,12,0,On Time
PO005933,S020,P0050,W002,2025-10-19,39,2025-10-30,2025-10-30,11,0,On Time
PO005934,S017,P0024,W004,2025-02-17,496,2025-02-26,2025-02-26,9,0,On Time
PO005935,S011,P0037,W001,2025-11-03,973,2025-11-08,2025-11-08,5,0,On Time
PO005936,S012,P0078,W008,2025-04-07,510,2025-04-14,2025-04-14,7,0,On Time
PO005937,S003,P0011,W004,2025-04-05,825,2025-04-17,2025-04-17,12,0,On Time
PO005938,S006,P0099,W006,2025-11-22,276,2025-11-27,2025-11-30,8,3,Late
PO005939,S011,P0081,W007,2025-03-15,472,2025-03-20,2025-03-20,5,0,On Time
PO005940,S013,P0059,W002,2025-12-02,457,2025-12-07,2025-12-14,12,7,Late
PO005941,S011,P0055,W008,2025-03-09,780,2025-03-14,2025-03-14,5,0,On Time
PO005942,S008,P0027,W004,2025-09-03,417,2025-09-12,2025-09-13,10,1,Late
PO005943,S010,P0067,W001,2025-03-18,172,2025-03-29,2025-04-01,14,3,Late
PO005944,S002,P0060,W005,2025-07-27,668,2025-08-09,2025-08-14,18,5,Late
PO005945,S024,P0002,W008,2025-09-11,241,2025-09-22,2025-09-22,11,0,On Time
PO005946,S014,P0068,W006,2025-08-09,742,2025-08-18,2025-08-19,10,1,Late
PO005947,S016,P0018,W001,2025-09-19,720,2025-09-30,2025-09-30,11,0,On Time
PO005948,S017,P0020,W003,2025-11-27,455,2025-12-06,2025-12-06,9,0,On Time
PO005949,S011,P0085,W003,2025-12-10,763,2025-12-15,2025-12-16,6,1,Late
PO005950,S002,P0063,W004,2025-09-16,155,2025-09-29,2025-09-29,13,0,On Time
PO005951,S024,P0078,W007,2025-11-04,547,2025-11-15,2025-11-15,11,0,On Time
PO005952,S023,P0072,W007,2025-03-15,645,2025-03-27,2025-03-27,12,0,On Time
PO005953,S005,P0002,W001,2025-05-05,795,2025-05-19,2025-05-19,14,0,On Time
PO005954,S016,P0090,W001,2025-07-07,298,2025-07-18,2025-07-18,11,0,On Time
PO005955,S016,P0083,W002,2025-09-11,604,2025-09-22,2025-09-25,14,3,Late
PO005956,S002,P0042,W005,2025-11-17,755,2025-11-30,2025-11-30,13,0,On Time
PO005957,S016,P0028,W006,2025-11-04,504,2025-11-15,2025-11-16,12,1,Late
PO005958,S025,P0029,W001,2025-08-23,565,2025-09-04,2025-09-06,14,2,Late
PO005959,S005,P0069,W008,2025-09-07,264,2025-09-21,2025-09-21,14,0,On Time
PO005960,S008,P0028,W006,2025-11-28,769,2025-12-07,2025-12-08,10,1,Late
PO005961,S020,P0060,W004,2025-12-11,37,2025-12-22,2025-12-23,12,1,Late
PO005962,S014,P0090,W002,2025-03-13,896,2025-03-22,2025-03-22,9,0,On Time
PO005963,S025,P0005,W007,2025-08-23,575,2025-09-04,2025-09-04,12,0,On Time
PO005964,S010,P0015,W006,2025-11-20,162,2025-12-01,2025-12-06,16,5,Late
PO005965,S023,P0073,W006,2025-06-05,520,2025-06-17,2025-06-24,19,7,Late
PO005966,S002,P0032,W006,2025-04-25,546,2025-05-08,2025-05-09,14,1,Late
PO005967,S003,P0052,W006,2025-11-09,112,2025-11-21,2025-11-21,12,0,On Time
PO005968,S018,P0090,W006,2025-08-16,402,2025-08-20,2025-08-20,4,0,On Time
PO005969,S021,P0037,W007,2025-11-18,908,2025-12-02,2025-12-02,14,0,On Time
PO005970,S002,P0015,W002,2025-12-12,298,2025-12-25,2025-12-27,15,2,Late
PO005971,S021,P0041,W004,2025-09-02,746,2025-09-16,2025-09-17,15,1,Late
PO005972,S009,P0004,W006,2025-11-02,468,2025-11-08,2025-11-08,6,0,On Time
PO005973,S002,P0053,W006,2025-01-14,780,2025-01-27,2025-01-28,14,1,Late
PO005974,S025,P0100,W004,2025-01-16,602,2025-01-28,2025-01-28,12,0,On Time
PO005975,S007,P0084,W001,2025-02-11,640,2025-02-25,2025-02-27,16,2,Late
PO005976,S007,P0027,W001,2025-04-20,307,2025-05-04,2025-05-04,14,0,On Time
PO005977,S014,P0021,W007,2025-10-05,495,2025-10-14,2025-10-15,10,1,Late
PO005978,S005,P0060,W002,2025-11-20,901,2025-12-04,2025-12-04,14,0,On Time
PO005979,S008,P0086,W002,2025-01-19,691,2025-01-28,2025-01-28,9,0,On Time
PO005980,S023,P0064,W005,2025-03-07,820,2025-03-19,2025-03-19,12,0,On Time
PO005981,S022,P0071,W002,2025-06-16,190,2025-06-20,2025-06-25,9,5,Late
PO005982,S018,P0047,W007,2025-03-14,544,2025-03-18,2025-03-18,4,0,On Time
PO005983,S006,P0054,W004,2025-11-06,391,2025-11-11,2025-11-11,5,0,On Time
PO005984,S014,P0031,W006,2025-04-22,751,2025-05-01,2025-05-03,11,2,Late
PO005985,S018,P0017,W004,2025-10-01,412,2025-10-05,2025-10-05,4,0,On Time
PO005986,S017,P0050,W007,2025-03-26,977,2025-04-04,2025-04-04,9,0,On Time
PO005987,S009,P0007,W005,2025-05-19,204,2025-05-25,2025-05-25,6,0,On Time
PO005988,S013,P0083,W003,2025-02-08,529,2025-02-13,2025-02-13,5,0,On Time
PO005989,S016,P0028,W007,2025-04-15,451,2025-04-26,2025-04-26,11,0,On Time
PO005990,S021,P0010,W007,2025-11-20,958,2025-12-04,2025-12-04,14,0,On Time
PO005991,S010,P0027,W003,2025-10-08,854,2025-10-19,2025-10-20,12,1,Late
PO005992,S010,P0013,W004,2025-05-03,228,2025-05-14,2025-05-14,11,0,On Time
PO005993,S004,P0066,W003,2025-08-06,819,2025-08-20,2025-08-20,14,0,On Time
PO005994,S012,P0086,W007,2025-03-02,348,2025-03-09,2025-03-09,7,0,On Time
PO005995,S008,P0084,W007,2025-04-10,380,2025-04-19,2025-04-19,9,0,On Time
PO005996,S015,P0060,W003,2025-11-03,463,2025-11-10,2025-11-15,12,5,Late
PO005997,S021,P0043,W008,2025-12-20,916,2026-01-03,2026-01-08,19,5,Late
PO005998,S023,P0069,W007,2025-07-23,460,2025-08-04,2025-08-04,12,0,On Time
PO005999,S019,P0063,W005,2025-09-15,388,2025-09-21,2025-09-23,8,2,Late
PO006000,S015,P0070,W007,2025-01-05,125,2025-01-12,2025-01-12,7,0,On Time
PO006001,S008,P0099,W007,2025-07-16,743,2025-07-25,2025-07-27,11,2,Late
PO006002,S008,P0065,W006,2025-06-29,344,2025-07-08,2025-07-08,9,0,On Time
PO006003,S019,P0099,W002,2025-12-08,251,2025-12-14,2025-12-14,6,0,On Time
PO006004,S009,P0067,W002,2025-05-13,744,2025-05-19,2025-05-22,9,3,Late
PO006005,S024,P0054,W003,2025-11-20,856,2025-12-01,2025-12-04,14,3,Late
PO006006,S017,P0036,W001,2025-09-10,727,2025-09-19,2025-09-19,9,0,On Time
PO006007,S008,P0071,W005,2025-09-22,268,2025-10-01,2025-10-04,12,3,Late
PO006008,S012,P0093,W006,2025-04-03,336,2025-04-10,2025-04-11,8,1,Late
PO006009,S015,P0015,W006,2025-05-30,283,2025-06-06,2025-06-06,7,0,On Time
PO006010,S004,P0075,W003,2025-05-18,748,2025-06-01,2025-06-01,14,0,On Time
PO006011,S006,P0018,W001,2025-07-27,522,2025-08-01,2025-08-01,5,0,On Time
PO006012,S016,P0004,W001,2025-05-05,282,2025-05-16,2025-05-18,13,2,Late
PO006013,S025,P0088,W006,2025-08-22,952,2025-09-03,2025-09-10,19,7,Late
PO006014,S005,P0011,W005,2025-03-02,701,2025-03-16,2025-03-16,14,0,On Time
PO006015,S023,P0006,W002,2025-11-03,435,2025-11-15,2025-11-16,13,1,Late
PO006016,S013,P0051,W006,2025-09-23,932,2025-09-28,2025-09-29,6,1,Late
PO006017,S015,P0058,W008,2025-05-14,687,2025-05-21,2025-05-21,7,0,On Time
PO006018,S017,P0060,W008,2025-11-14,89,2025-11-23,2025-11-23,9,0,On Time
PO006019,S025,P0018,W007,2025-04-23,253,2025-05-05,2025-05-05,12,0,On Time
PO006020,S022,P0079,W006,2025-07-10,451,2025-07-14,2025-07-14,4,0,On Time
PO006021,S020,P0067,W007,2025-07-06,73,2025-07-17,2025-07-20,14,3,Late
PO006022,S022,P0017,W004,2025-11-15,189,2025-11-19,2025-11-19,4,0,On Time
PO006023,S005,P0097,W001,2025-03-30,55,2025-04-13,2025-04-13,14,0,On Time
PO006024,S019,P0034,W004,2025-07-06,853,2025-07-12,2025-07-14,8,2,Late
PO006025,S007,P0030,W008,2025-11-03,946,2025-11-17,2025-11-17,14,0,On Time
PO006026,S003,P0019,W004,2025-05-12,980,2025-05-24,2025-05-24,12,0,On Time
PO006027,S013,P0009,W005,2025-12-26,278,2025-12-31,2025-12-31,5,0,On Time
PO006028,S014,P0040,W008,2025-05-03,270,2025-05-12,2025-05-12,9,0,On Time
PO006029,S016,P0044,W006,2025-02-17,32,2025-02-28,2025-03-02,13,2,Late
PO006030,S013,P0095,W002,2025-10-15,690,2025-10-20,2025-10-20,5,0,On Time
PO006031,S002,P0059,W008,2025-06-28,560,2025-07-11,2025-07-14,16,3,Late
PO006032,S014,P0091,W007,2025-06-29,76,2025-07-08,2025-07-08,9,0,On Time
PO006033,S020,P0025,W007,2025-04-09,180,2025-04-20,2025-04-20,11,0,On Time
PO006034,S007,P0071,W005,2025-11-26,456,2025-12-10,2025-12-10,14,0,On Time
PO006035,S005,P0053,W001,2025-02-03,797,2025-02-17,2025-02-20,17,3,Late
PO006036,S014,P0048,W002,2025-03-11,249,2025-03-20,2025-03-20,9,0,On Time
PO006037,S009,P0071,W006,2025-06-20,850,2025-06-26,2025-06-26,6,0,On Time
PO006038,S010,P0084,W008,2025-09-29,860,2025-10-10,2025-10-11,12,1,Late
PO006039,S007,P0053,W003,2025-02-28,212,2025-03-14,2025-03-14,14,0,On Time
PO006040,S014,P0049,W002,2025-06-30,639,2025-07-09,2025-07-09,9,0,On Time
PO006041,S025,P0043,W007,2025-01-19,376,2025-01-31,2025-01-31,12,0,On Time
PO006042,S014,P0100,W005,2025-08-14,371,2025-08-23,2025-08-25,11,2,Late
PO006043,S025,P0019,W005,2025-04-05,884,2025-04-17,2025-04-24,19,7,Late
PO006044,S002,P0066,W004,2025-10-24,277,2025-11-06,2025-11-06,13,0,On Time
PO006045,S017,P0034,W008,2025-03-22,641,2025-03-31,2025-03-31,9,0,On Time
PO006046,S020,P0081,W006,2025-06-24,661,2025-07-05,2025-07-05,11,0,On Time
PO006047,S004,P0088,W003,2025-08-10,654,2025-08-24,2025-08-25,15,1,Late
PO006048,S013,P0073,W006,2025-04-13,984,2025-04-18,2025-04-18,5,0,On Time
PO006049,S018,P0054,W002,2025-02-23,989,2025-02-27,2025-02-27,4,0,On Time
PO006050,S003,P0001,W003,2025-07-02,647,2025-07-14,2025-07-16,14,2,Late
PO006051,S019,P0092,W006,2025-12-17,761,2025-12-23,2025-12-23,6,0,On Time
PO006052,S005,P0055,W004,2025-11-14,312,2025-11-28,2025-11-28,14,0,On Time
PO006053,S001,P0015,W003,2025-12-21,405,2026-01-03,2026-01-08,18,5,Late
PO006054,S009,P0085,W003,2025-12-15,764,2025-12-21,2025-12-28,13,7,Late
PO006055,S024,P0015,W002,2025-11-17,848,2025-11-28,2025-11-28,11,0,On Time
PO006056,S008,P0023,W003,2025-03-09,253,2025-03-18,2025-03-18,9,0,On Time
PO006057,S003,P0066,W004,2025-01-28,315,2025-02-09,2025-02-09,12,0,On Time
PO006058,S002,P0046,W008,2025-10-01,722,2025-10-14,2025-10-14,13,0,On Time
PO006059,S001,P0100,W001,2025-10-09,556,2025-10-22,2025-10-27,18,5,Late
PO006060,S012,P0009,W001,2025-12-26,398,2026-01-02,2026-01-04,9,2,Late
PO006061,S022,P0066,W005,2025-11-07,697,2025-11-11,2025-11-13,6,2,Late
PO006062,S013,P0066,W001,2025-04-29,824,2025-05-04,2025-05-04,5,0,On Time
PO006063,S010,P0018,W002,2025-05-14,229,2025-05-25,2025-05-25,11,0,On Time
PO006064,S017,P0017,W005,2025-05-09,558,2025-05-18,2025-05-18,9,0,On Time
PO006065,S011,P0072,W001,2025-01-08,871,2025-01-13,2025-01-13,5,0,On Time
PO006066,S005,P0098,W001,2025-02-20,197,2025-03-06,2025-03-06,14,0,On Time
PO006067,S025,P0034,W005,2025-12-07,949,2025-12-19,2025-12-19,12,0,On Time
PO006068,S009,P0069,W002,2025-10-08,575,2025-10-14,2025-10-14,6,0,On Time
PO006069,S013,P0064,W005,2025-06-24,91,2025-06-29,2025-06-29,5,0,On Time
PO006070,S020,P0044,W007,2025-07-02,919,2025-07-13,2025-07-13,11,0,On Time
PO006071,S023,P0029,W008,2025-07-11,527,2025-07-23,2025-07-23,12,0,On Time
PO006072,S011,P0062,W007,2025-09-06,241,2025-09-11,2025-09-11,5,0,On Time
PO006073,S023,P0092,W002,2025-08-23,967,2025-09-04,2025-09-04,12,0,On Time
PO006074,S004,P0016,W002,2025-03-24,842,2025-04-07,2025-04-07,14,0,On Time
PO006075,S021,P0078,W006,2025-04-03,247,2025-04-17,2025-04-22,19,5,Late
PO006076,S011,P0052,W004,2025-11-08,860,2025-11-13,2025-11-13,5,0,On Time
PO006077,S009,P0002,W001,2025-09-25,252,2025-10-01,2025-10-03,8,2,Late
PO006078,S007,P0061,W006,2025-04-30,287,2025-05-14,2025-05-19,19,5,Late
PO006079,S016,P0004,W001,2025-03-12,929,2025-03-23,2025-03-23,11,0,On Time
PO006080,S023,P0052,W006,2025-01-17,273,2025-01-29,2025-01-29,12,0,On Time
PO006081,S023,P0041,W008,2025-09-10,694,2025-09-22,2025-09-22,12,0,On Time
PO006082,S025,P0052,W003,2025-05-02,25,2025-05-14,2025-05-14,12,0,On Time
PO006083,S005,P0031,W007,2025-01-10,66,2025-01-24,2025-01-24,14,0,On Time
PO006084,S006,P0026,W008,2025-10-14,426,2025-10-19,2025-10-21,7,2,Late
PO006085,S019,P0027,W005,2025-11-12,902,2025-11-18,2025-11-18,6,0,On Time
PO006086,S001,P0051,W006,2025-11-22,599,2025-12-05,2025-12-12,20,7,Late
PO006087,S016,P0098,W007,2025-09-30,273,2025-10-11,2025-10-13,13,2,Late
PO006088,S018,P0095,W004,2025-11-02,468,2025-11-06,2025-11-06,4,0,On Time
PO006089,S024,P0048,W001,2025-10-20,78,2025-10-31,2025-10-31,11,0,On Time
PO006090,S013,P0011,W003,2025-07-29,412,2025-08-03,2025-08-03,5,0,On Time
PO006091,S001,P0008,W004,2025-08-06,650,2025-08-19,2025-08-19,13,0,On Time
PO006092,S010,P0012,W002,2025-08-29,717,2025-09-09,2025-09-09,11,0,On Time
PO006093,S007,P0099,W008,2025-07-19,579,2025-08-02,2025-08-04,16,2,Late
PO006094,S005,P0045,W001,2025-08-04,210,2025-08-18,2025-08-18,14,0,On Time
PO006095,S013,P0034,W007,2025-07-24,284,2025-07-29,2025-07-29,5,0,On Time
PO006096,S022,P0077,W006,2025-08-04,703,2025-08-08,2025-08-11,7,3,Late
PO006097,S016,P0091,W005,2025-03-21,577,2025-04-01,2025-04-01,11,0,On Time
PO006098,S024,P0072,W004,2025-09-24,162,2025-10-05,2025-10-05,11,0,On Time
PO006099,S020,P0047,W007,2025-02-04,265,2025-02-15,2025-02-15,11,0,On Time
PO006100,S022,P0021,W003,2025-10-16,235,2025-10-20,2025-10-20,4,0,On Time
PO006101,S014,P0041,W005,2025-01-18,456,2025-01-27,2025-01-29,11,2,Late
PO006102,S011,P0075,W002,2025-06-14,707,2025-06-19,2025-06-24,10,5,Late
PO006103,S019,P0022,W005,2025-01-13,859,2025-01-19,2025-01-19,6,0,On Time
PO006104,S023,P0021,W007,2025-07-21,495,2025-08-02,2025-08-02,12,0,On Time
PO006105,S002,P0028,W007,2025-08-17,403,2025-08-30,2025-08-30,13,0,On Time
PO006106,S008,P0067,W003,2025-12-12,957,2025-12-21,2025-12-22,10,1,Late
PO006107,S013,P0071,W002,2025-01-01,897,2025-01-06,2025-01-07,6,1,Late
PO006108,S007,P0014,W003,2025-11-15,676,2025-11-29,2025-11-29,14,0,On Time
PO006109,S012,P0079,W007,2025-08-05,566,2025-08-12,2025-08-12,7,0,On Time
PO006110,S008,P0073,W001,2025-02-03,434,2025-02-12,2025-02-17,14,5,Late
PO006111,S016,P0052,W003,2025-12-25,151,2026-01-05,2026-01-05,11,0,On Time
PO006112,S018,P0043,W008,2025-09-23,835,2025-09-27,2025-09-27,4,0,On Time
PO006113,S019,P0071,W005,2025-05-08,417,2025-05-14,2025-05-16,8,2,Late
PO006114,S004,P0076,W007,2025-07-31,526,2025-08-14,2025-08-14,14,0,On Time
PO006115,S025,P0019,W001,2025-09-20,172,2025-10-02,2025-10-02,12,0,On Time
PO006116,S012,P0027,W001,2025-11-08,833,2025-11-15,2025-11-15,7,0,On Time
PO006117,S016,P0018,W004,2025-03-21,579,2025-04-01,2025-04-08,18,7,Late
PO006118,S021,P0013,W005,2025-06-14,187,2025-06-28,2025-06-28,14,0,On Time
PO006119,S022,P0001,W005,2025-09-09,709,2025-09-13,2025-09-13,4,0,On Time
PO006120,S017,P0085,W002,2025-01-12,794,2025-01-21,2025-01-21,9,0,On Time
PO006121,S004,P0034,W003,2025-10-31,626,2025-11-14,2025-11-16,16,2,Late
PO006122,S020,P0013,W006,2025-07-31,847,2025-08-11,2025-08-11,11,0,On Time
PO006123,S024,P0051,W003,2025-10-09,822,2025-10-20,2025-10-20,11,0,On Time
PO006124,S024,P0087,W005,2025-04-22,249,2025-05-03,2025-05-03,11,0,On Time
PO006125,S022,P0001,W003,2025-07-30,722,2025-08-03,2025-08-03,4,0,On Time
PO006126,S024,P0087,W005,2025-08-27,423,2025-09-07,2025-09-09,13,2,Late
PO006127,S009,P0028,W007,2025-09-25,163,2025-10-01,2025-10-01,6,0,On Time
PO006128,S005,P0032,W001,2025-10-25,937,2025-11-08,2025-11-09,15,1,Late
PO006129,S017,P0072,W003,2025-11-13,695,2025-11-22,2025-11-24,11,2,Late
PO006130,S017,P0055,W007,2025-02-27,550,2025-03-08,2025-03-13,14,5,Late
PO006131,S002,P0026,W003,2025-02-03,917,2025-02-16,2025-02-16,13,0,On Time
PO006132,S002,P0014,W005,2025-09-20,87,2025-10-03,2025-10-03,13,0,On Time
PO006133,S021,P0088,W007,2025-12-31,117,2026-01-14,2026-01-14,14,0,On Time
PO006134,S023,P0093,W005,2025-02-04,26,2025-02-16,2025-02-23,19,7,Late
PO006135,S007,P0068,W002,2025-09-28,834,2025-10-12,2025-10-15,17,3,Late
PO006136,S004,P0063,W003,2025-08-15,196,2025-08-29,2025-08-29,14,0,On Time
PO006137,S013,P0082,W004,2025-01-25,225,2025-01-30,2025-02-04,10,5,Late
PO006138,S020,P0014,W008,2025-08-22,318,2025-09-02,2025-09-04,13,2,Late
PO006139,S011,P0027,W005,2025-02-28,819,2025-03-05,2025-03-10,10,5,Late
PO006140,S003,P0041,W004,2025-09-08,932,2025-09-20,2025-09-21,13,1,Late
PO006141,S002,P0003,W001,2025-12-01,248,2025-12-14,2025-12-17,16,3,Late
PO006142,S016,P0094,W001,2025-03-27,915,2025-04-07,2025-04-10,14,3,Late
PO006143,S003,P0059,W008,2025-09-08,650,2025-09-20,2025-09-20,12,0,On Time
PO006144,S024,P0100,W004,2025-06-29,289,2025-07-10,2025-07-17,18,7,Late
PO006145,S015,P0023,W006,2025-07-26,100,2025-08-02,2025-08-02,7,0,On Time
PO006146,S017,P0018,W001,2025-12-10,691,2025-12-19,2025-12-19,9,0,On Time
PO006147,S016,P0074,W004,2025-05-29,207,2025-06-09,2025-06-11,13,2,Late
PO006148,S020,P0076,W002,2025-03-12,719,2025-03-23,2025-03-24,12,1,Late
PO006149,S007,P0041,W002,2025-05-01,839,2025-05-15,2025-05-18,17,3,Late
PO006150,S016,P0008,W001,2025-09-10,520,2025-09-21,2025-09-21,11,0,On Time
PO006151,S005,P0032,W007,2025-04-03,725,2025-04-17,2025-04-17,14,0,On Time
PO006152,S002,P0081,W004,2025-09-13,506,2025-09-26,2025-09-26,13,0,On Time
PO006153,S001,P0041,W004,2025-09-11,791,2025-09-24,2025-09-24,13,0,On Time
PO006154,S022,P0045,W008,2025-12-18,507,2025-12-22,2025-12-23,5,1,Late
PO006155,S013,P0078,W008,2025-10-15,497,2025-10-20,2025-10-20,5,0,On Time
PO006156,S016,P0009,W004,2025-11-05,722,2025-11-16,2025-11-16,11,0,On Time
PO006157,S005,P0090,W008,2025-02-28,308,2025-03-14,2025-03-14,14,0,On Time
PO006158,S003,P0048,W006,2025-03-10,125,2025-03-22,2025-03-24,14,2,Late
PO006159,S015,P0024,W001,2025-03-27,660,2025-04-03,2025-04-03,7,0,On Time
PO006160,S016,P0087,W006,2025-10-01,628,2025-10-12,2025-10-13,12,1,Late
PO006161,S011,P0095,W004,2025-08-15,595,2025-08-20,2025-08-20,5,0,On Time
PO006162,S025,P0044,W005,2025-03-22,659,2025-04-03,2025-04-03,12,0,On Time
PO006163,S019,P0058,W004,2025-04-24,242,2025-04-30,2025-05-03,9,3,Late
PO006164,S018,P0066,W005,2025-07-03,824,2025-07-07,2025-07-07,4,0,On Time
PO006165,S021,P0018,W002,2025-10-07,993,2025-10-21,2025-10-21,14,0,On Time
PO006166,S009,P0080,W005,2025-11-18,401,2025-11-24,2025-11-25,7,1,Late
PO006167,S008,P0029,W002,2025-11-14,857,2025-11-23,2025-11-24,10,1,Late
PO006168,S022,P0075,W008,2025-02-23,922,2025-02-27,2025-02-28,5,1,Late
PO006169,S019,P0002,W001,2025-07-16,123,2025-07-22,2025-07-24,8,2,Late
PO006170,S022,P0078,W007,2025-10-20,683,2025-10-24,2025-10-24,4,0,On Time
PO006171,S005,P0068,W007,2025-10-20,133,2025-11-03,2025-11-03,14,0,On Time
PO006172,S017,P0098,W006,2025-10-18,527,2025-10-27,2025-10-27,9,0,On Time
PO006173,S005,P0039,W006,2025-06-29,983,2025-07-13,2025-07-18,19,5,Late
PO006174,S014,P0073,W002,2025-08-10,74,2025-08-19,2025-08-26,16,7,Late
PO006175,S007,P0041,W002,2025-10-01,140,2025-10-15,2025-10-15,14,0,On Time
PO006176,S009,P0071,W004,2025-09-01,236,2025-09-07,2025-09-07,6,0,On Time
PO006177,S017,P0081,W003,2025-06-03,654,2025-06-12,2025-06-12,9,0,On Time
PO006178,S003,P0087,W002,2025-10-31,22,2025-11-12,2025-11-13,13,1,Late
PO006179,S008,P0075,W005,2025-09-30,111,2025-10-09,2025-10-09,9,0,On Time
PO006180,S022,P0022,W001,2025-05-15,426,2025-05-19,2025-05-21,6,2,Late
PO006181,S013,P0082,W008,2025-11-09,695,2025-11-14,2025-11-19,10,5,Late
PO006182,S016,P0049,W006,2025-01-08,460,2025-01-19,2025-01-26,18,7,Late
PO006183,S021,P0028,W005,2025-05-08,650,2025-05-22,2025-05-22,14,0,On Time
PO006184,S010,P0016,W006,2025-02-25,451,2025-03-08,2025-03-13,16,5,Late
PO006185,S018,P0068,W001,2025-05-06,928,2025-05-10,2025-05-11,5,1,Late
PO006186,S003,P0062,W008,2025-06-08,80,2025-06-20,2025-06-20,12,0,On Time
PO006187,S012,P0036,W005,2025-02-28,745,2025-03-07,2025-03-07,7,0,On Time
PO006188,S016,P0022,W006,2025-02-27,492,2025-03-10,2025-03-11,12,1,Late
PO006189,S018,P0011,W002,2025-05-20,266,2025-05-24,2025-05-29,9,5,Late
PO006190,S017,P0085,W008,2025-06-25,766,2025-07-04,2025-07-04,9,0,On Time
PO006191,S007,P0080,W003,2025-04-18,939,2025-05-02,2025-05-02,14,0,On Time
PO006192,S019,P0042,W002,2025-07-30,958,2025-08-05,2025-08-05,6,0,On Time
PO006193,S023,P0055,W007,2025-03-15,888,2025-03-27,2025-04-03,19,7,Late
PO006194,S023,P0073,W006,2025-06-16,391,2025-06-28,2025-07-05,19,7,Late
PO006195,S008,P0035,W004,2025-12-23,308,2026-01-01,2026-01-01,9,0,On Time
PO006196,S017,P0057,W005,2025-10-31,609,2025-11-09,2025-11-09,9,0,On Time
PO006197,S021,P0034,W003,2025-08-21,43,2025-09-04,2025-09-09,19,5,Late
PO006198,S025,P0073,W005,2025-11-23,425,2025-12-05,2025-12-06,13,1,Late
PO006199,S007,P0077,W004,2025-07-01,327,2025-07-15,2025-07-22,21,7,Late
PO006200,S001,P0070,W004,2025-05-02,632,2025-05-15,2025-05-18,16,3,Late
PO006201,S008,P0004,W004,2025-11-30,391,2025-12-09,2025-12-09,9,0,On Time
PO006202,S019,P0046,W006,2025-07-22,782,2025-07-28,2025-07-30,8,2,Late
PO006203,S020,P0092,W002,2025-01-29,654,2025-02-09,2025-02-09,11,0,On Time
PO006204,S020,P0011,W006,2025-07-21,234,2025-08-01,2025-08-03,13,2,Late
PO006205,S010,P0098,W002,2025-04-03,281,2025-04-14,2025-04-14,11,0,On Time
PO006206,S012,P0061,W003,2025-11-25,934,2025-12-02,2025-12-07,12,5,Late
PO006207,S024,P0035,W004,2025-12-22,863,2026-01-02,2026-01-09,18,7,Late
PO006208,S001,P0069,W007,2025-06-25,365,2025-07-08,2025-07-08,13,0,On Time
PO006209,S024,P0057,W002,2025-11-26,432,2025-12-07,2025-12-07,11,0,On Time
PO006210,S025,P0011,W001,2025-07-30,142,2025-08-11,2025-08-11,12,0,On Time
PO006211,S025,P0012,W007,2025-07-03,783,2025-07-15,2025-07-18,15,3,Late
PO006212,S021,P0043,W001,2025-04-05,339,2025-04-19,2025-04-21,16,2,Late
PO006213,S004,P0019,W002,2025-09-30,929,2025-10-14,2025-10-21,21,7,Late
PO006214,S004,P0077,W007,2025-05-17,356,2025-05-31,2025-05-31,14,0,On Time
PO006215,S009,P0068,W007,2025-08-25,177,2025-08-31,2025-08-31,6,0,On Time
PO006216,S015,P0078,W003,2025-12-19,346,2025-12-26,2025-12-26,7,0,On Time
PO006217,S024,P0059,W005,2025-09-22,680,2025-10-03,2025-10-03,11,0,On Time
PO006218,S015,P0002,W006,2025-05-15,84,2025-05-22,2025-05-23,8,1,Late
PO006219,S007,P0008,W008,2025-05-24,388,2025-06-07,2025-06-12,19,5,Late
PO006220,S012,P0022,W004,2025-01-19,889,2025-01-26,2025-01-26,7,0,On Time
PO006221,S003,P0077,W002,2025-08-19,23,2025-08-31,2025-09-03,15,3,Late
PO006222,S020,P0021,W003,2025-05-14,705,2025-05-25,2025-05-25,11,0,On Time
PO006223,S009,P0085,W008,2025-04-24,667,2025-04-30,2025-04-30,6,0,On Time
PO006224,S014,P0092,W007,2025-05-19,933,2025-05-28,2025-05-28,9,0,On Time
PO006225,S013,P0097,W006,2025-05-05,775,2025-05-10,2025-05-10,5,0,On Time
PO006226,S024,P0029,W005,2025-07-23,79,2025-08-03,2025-08-08,16,5,Late
PO006227,S012,P0086,W003,2025-03-02,64,2025-03-09,2025-03-09,7,0,On Time
PO006228,S001,P0090,W005,2025-09-07,603,2025-09-20,2025-09-20,13,0,On Time
PO006229,S019,P0075,W001,2025-10-25,626,2025-10-31,2025-11-03,9,3,Late
PO006230,S016,P0075,W006,2025-01-13,562,2025-01-24,2025-01-31,18,7,Late
PO006231,S012,P0098,W006,2025-09-12,175,2025-09-19,2025-09-19,7,0,On Time
PO006232,S010,P0083,W005,2025-03-26,907,2025-04-06,2025-04-06,11,0,On Time
PO006233,S002,P0037,W001,2025-01-20,771,2025-02-02,2025-02-02,13,0,On Time
PO006234,S018,P0078,W008,2025-02-19,83,2025-02-23,2025-02-23,4,0,On Time
PO006235,S013,P0029,W004,2025-06-13,440,2025-06-18,2025-06-18,5,0,On Time
PO006236,S024,P0083,W002,2025-04-02,342,2025-04-13,2025-04-18,16,5,Late
PO006237,S006,P0037,W007,2025-03-29,128,2025-04-03,2025-04-03,5,0,On Time
PO006238,S012,P0021,W001,2025-03-10,482,2025-03-17,2025-03-17,7,0,On Time
PO006239,S022,P0088,W003,2025-02-06,599,2025-02-10,2025-02-11,5,1,Late
PO006240,S004,P0090,W005,2025-09-10,566,2025-09-24,2025-09-27,17,3,Late
PO006241,S001,P0012,W006,2025-09-09,270,2025-09-22,2025-09-22,13,0,On Time
PO006242,S011,P0048,W003,2025-05-20,885,2025-05-25,2025-05-25,5,0,On Time
PO006243,S023,P0083,W006,2025-12-21,529,2026-01-02,2026-01-02,12,0,On Time
PO006244,S008,P0047,W001,2025-06-17,567,2025-06-26,2025-06-26,9,0,On Time
PO006245,S002,P0094,W006,2025-02-23,460,2025-03-08,2025-03-08,13,0,On Time
PO006246,S002,P0015,W007,2025-06-27,473,2025-07-10,2025-07-10,13,0,On Time
PO006247,S016,P0067,W008,2025-10-24,663,2025-11-04,2025-11-04,11,0,On Time
PO006248,S001,P0013,W006,2025-10-28,836,2025-11-10,2025-11-10,13,0,On Time
PO006249,S004,P0059,W007,2025-12-25,753,2026-01-08,2026-01-08,14,0,On Time
PO006250,S006,P0073,W006,2025-04-16,698,2025-04-21,2025-04-28,12,7,Late
PO006251,S021,P0013,W006,2025-05-17,293,2025-05-31,2025-05-31,14,0,On Time
PO006252,S020,P0080,W008,2025-07-09,79,2025-07-20,2025-07-23,14,3,Late
PO006253,S014,P0078,W007,2025-05-08,361,2025-05-17,2025-05-17,9,0,On Time
PO006254,S020,P0072,W007,2025-12-08,413,2025-12-19,2025-12-21,13,2,Late
PO006255,S015,P0019,W003,2025-02-16,132,2025-02-23,2025-02-23,7,0,On Time
PO006256,S007,P0057,W005,2025-01-05,240,2025-01-19,2025-01-19,14,0,On Time
PO006257,S007,P0032,W002,2025-09-14,810,2025-09-28,2025-09-30,16,2,Late
PO006258,S018,P0099,W008,2025-10-27,87,2025-10-31,2025-11-02,6,2,Late
PO006259,S023,P0087,W003,2025-05-30,334,2025-06-11,2025-06-18,19,7,Late
PO006260,S002,P0021,W004,2025-10-21,486,2025-11-03,2025-11-05,15,2,Late
PO006261,S020,P0082,W005,2025-08-31,877,2025-09-11,2025-09-11,11,0,On Time
PO006262,S015,P0014,W005,2025-10-02,282,2025-10-09,2025-10-09,7,0,On Time
PO006263,S001,P0080,W008,2025-07-27,800,2025-08-09,2025-08-09,13,0,On Time
PO006264,S021,P0024,W007,2025-04-25,150,2025-05-09,2025-05-09,14,0,On Time
PO006265,S017,P0049,W004,2025-07-14,443,2025-07-23,2025-07-25,11,2,Late
PO006266,S020,P0032,W007,2025-12-09,286,2025-12-20,2025-12-20,11,0,On Time
PO006267,S025,P0075,W007,2025-06-19,739,2025-07-01,2025-07-06,17,5,Late
PO006268,S013,P0011,W001,2025-03-23,231,2025-03-28,2025-03-28,5,0,On Time
PO006269,S012,P0060,W004,2025-06-03,582,2025-06-10,2025-06-10,7,0,On Time
PO006270,S024,P0068,W001,2025-05-21,938,2025-06-01,2025-06-01,11,0,On Time
PO006271,S022,P0061,W002,2025-11-10,307,2025-11-14,2025-11-14,4,0,On Time
PO006272,S015,P0090,W001,2025-05-26,444,2025-06-02,2025-06-05,10,3,Late
PO006273,S024,P0005,W007,2025-11-19,573,2025-11-30,2025-12-07,18,7,Late
PO006274,S005,P0036,W008,2025-05-02,778,2025-05-16,2025-05-16,14,0,On Time
PO006275,S007,P0097,W002,2025-09-09,953,2025-09-23,2025-09-25,16,2,Late
PO006276,S008,P0064,W002,2025-12-09,726,2025-12-18,2025-12-18,9,0,On Time
PO006277,S023,P0078,W006,2025-11-07,263,2025-11-19,2025-11-24,17,5,Late
PO006278,S014,P0032,W006,2025-03-30,731,2025-04-08,2025-04-08,9,0,On Time
PO006279,S004,P0071,W004,2025-02-27,889,2025-03-13,2025-03-13,14,0,On Time
PO006280,S021,P0074,W007,2025-03-04,652,2025-03-18,2025-03-18,14,0,On Time
PO006281,S014,P0066,W002,2025-12-13,353,2025-12-22,2025-12-22,9,0,On Time
PO006282,S010,P0010,W007,2025-11-04,347,2025-11-15,2025-11-15,11,0,On Time
PO006283,S022,P0099,W001,2025-10-07,734,2025-10-11,2025-10-11,4,0,On Time
PO006284,S016,P0021,W003,2025-03-13,125,2025-03-24,2025-03-24,11,0,On Time
PO006285,S011,P0040,W006,2025-01-09,781,2025-01-14,2025-01-14,5,0,On Time
PO006286,S022,P0042,W005,2025-04-04,906,2025-04-08,2025-04-09,5,1,Late
PO006287,S025,P0072,W005,2025-12-05,957,2025-12-17,2025-12-18,13,1,Late
PO006288,S014,P0046,W001,2025-12-02,958,2025-12-11,2025-12-14,12,3,Late
PO006289,S014,P0082,W006,2025-06-01,820,2025-06-10,2025-06-10,9,0,On Time
PO006290,S002,P0073,W003,2025-12-22,98,2026-01-04,2026-01-04,13,0,On Time
PO006291,S022,P0041,W008,2025-02-09,184,2025-02-13,2025-02-13,4,0,On Time
PO006292,S013,P0094,W007,2025-12-25,865,2025-12-30,2025-12-30,5,0,On Time
PO006293,S003,P0004,W002,2025-03-03,650,2025-03-15,2025-03-15,12,0,On Time
PO006294,S018,P0099,W006,2025-09-11,76,2025-09-15,2025-09-15,4,0,On Time
PO006295,S022,P0014,W001,2025-03-10,979,2025-03-14,2025-03-14,4,0,On Time
PO006296,S004,P0014,W007,2025-09-02,979,2025-09-16,2025-09-16,14,0,On Time
PO006297,S021,P0053,W002,2025-12-31,207,2026-01-14,2026-01-14,14,0,On Time
PO006298,S021,P0084,W006,2025-06-19,71,2025-07-03,2025-07-10,21,7,Late
PO006299,S019,P0029,W004,2025-06-27,91,2025-07-03,2025-07-10,13,7,Late
PO006300,S016,P0023,W003,2025-07-08,772,2025-07-19,2025-07-19,11,0,On Time
PO006301,S004,P0085,W005,2025-09-17,343,2025-10-01,2025-10-01,14,0,On Time
PO006302,S019,P0031,W001,2025-03-13,631,2025-03-19,2025-03-24,11,5,Late
PO006303,S023,P0096,W005,2025-01-17,357,2025-01-29,2025-02-03,17,5,Late
PO006304,S015,P0071,W007,2025-12-07,174,2025-12-14,2025-12-17,10,3,Late
PO006305,S001,P0077,W002,2025-02-26,78,2025-03-11,2025-03-11,13,0,On Time
PO006306,S016,P0061,W002,2025-08-06,294,2025-08-17,2025-08-17,11,0,On Time
PO006307,S015,P0023,W004,2025-04-17,790,2025-04-24,2025-04-24,7,0,On Time
PO006308,S016,P0008,W008,2025-10-31,220,2025-11-11,2025-11-14,14,3,Late
PO006309,S022,P0076,W002,2025-06-22,314,2025-06-26,2025-06-29,7,3,Late
PO006310,S020,P0100,W002,2025-08-07,341,2025-08-18,2025-08-18,11,0,On Time
PO006311,S001,P0016,W007,2025-09-04,348,2025-09-17,2025-09-17,13,0,On Time
PO006312,S017,P0026,W008,2025-08-06,971,2025-08-15,2025-08-15,9,0,On Time
PO006313,S005,P0029,W005,2025-01-31,409,2025-02-14,2025-02-16,16,2,Late
PO006314,S005,P0093,W005,2025-02-16,303,2025-03-02,2025-03-03,15,1,Late
PO006315,S007,P0006,W001,2025-05-14,195,2025-05-28,2025-05-28,14,0,On Time
PO006316,S013,P0037,W001,2025-04-18,629,2025-04-23,2025-04-23,5,0,On Time
PO006317,S012,P0033,W002,2025-03-13,368,2025-03-20,2025-03-20,7,0,On Time
PO006318,S004,P0095,W006,2025-11-23,451,2025-12-07,2025-12-08,15,1,Late
PO006319,S025,P0046,W003,2025-04-18,982,2025-04-30,2025-05-02,14,2,Late
PO006320,S004,P0061,W001,2025-11-05,713,2025-11-19,2025-11-19,14,0,On Time
PO006321,S023,P0041,W002,2025-09-29,401,2025-10-11,2025-10-11,12,0,On Time
PO006322,S021,P0018,W006,2025-06-20,291,2025-07-04,2025-07-05,15,1,Late
PO006323,S021,P0095,W006,2025-04-26,511,2025-05-10,2025-05-10,14,0,On Time
PO006324,S006,P0016,W005,2025-11-25,566,2025-11-30,2025-11-30,5,0,On Time
PO006325,S024,P0051,W006,2025-03-15,350,2025-03-26,2025-03-26,11,0,On Time
PO006326,S015,P0037,W004,2025-09-13,894,2025-09-20,2025-09-22,9,2,Late
PO006327,S021,P0014,W005,2025-03-22,618,2025-04-05,2025-04-07,16,2,Late
PO006328,S019,P0068,W005,2025-09-25,177,2025-10-01,2025-10-01,6,0,On Time
PO006329,S006,P0030,W004,2025-05-08,451,2025-05-13,2025-05-13,5,0,On Time
PO006330,S012,P0060,W007,2025-11-22,344,2025-11-29,2025-11-29,7,0,On Time
PO006331,S014,P0053,W007,2025-08-23,135,2025-09-01,2025-09-04,12,3,Late
PO006332,S018,P0097,W005,2025-02-10,539,2025-02-14,2025-02-17,7,3,Late
PO006333,S012,P0036,W001,2025-06-30,638,2025-07-07,2025-07-07,7,0,On Time
PO006334,S024,P0030,W005,2025-06-06,638,2025-06-17,2025-06-17,11,0,On Time
PO006335,S024,P0064,W004,2025-02-28,645,2025-03-11,2025-03-11,11,0,On Time
PO006336,S015,P0014,W002,2025-12-11,454,2025-12-18,2025-12-18,7,0,On Time
PO006337,S019,P0023,W008,2025-09-06,541,2025-09-12,2025-09-12,6,0,On Time
PO006338,S008,P0048,W002,2025-07-11,815,2025-07-20,2025-07-21,10,1,Late
PO006339,S009,P0028,W002,2025-01-24,951,2025-01-30,2025-01-31,7,1,Late
PO006340,S005,P0007,W007,2025-03-21,591,2025-04-04,2025-04-04,14,0,On Time
PO006341,S005,P0042,W004,2025-05-14,285,2025-05-28,2025-05-31,17,3,Late
PO006342,S006,P0010,W004,2025-08-01,417,2025-08-06,2025-08-06,5,0,On Time
PO006343,S023,P0068,W001,2025-12-14,121,2025-12-26,2025-12-31,17,5,Late
PO006344,S003,P0044,W004,2025-06-15,82,2025-06-27,2025-06-27,12,0,On Time
PO006345,S005,P0013,W006,2025-12-14,706,2025-12-28,2025-12-28,14,0,On Time
PO006346,S001,P0085,W002,2025-12-03,728,2025-12-16,2025-12-16,13,0,On Time
PO006347,S011,P0033,W004,2025-03-12,843,2025-03-17,2025-03-17,5,0,On Time
PO006348,S021,P0092,W003,2025-08-02,921,2025-08-16,2025-08-16,14,0,On Time
PO006349,S020,P0087,W007,2025-03-06,530,2025-03-17,2025-03-17,11,0,On Time
PO006350,S001,P0032,W005,2025-08-09,241,2025-08-22,2025-08-22,13,0,On Time
PO006351,S007,P0048,W001,2025-11-04,934,2025-11-18,2025-11-21,17,3,Late
PO006352,S015,P0005,W002,2025-10-13,455,2025-10-20,2025-10-20,7,0,On Time
PO006353,S017,P0061,W008,2025-07-04,209,2025-07-13,2025-07-13,9,0,On Time
PO006354,S008,P0090,W006,2025-07-26,659,2025-08-04,2025-08-09,14,5,Late
PO006355,S002,P0090,W006,2025-04-09,964,2025-04-22,2025-04-24,15,2,Late
PO006356,S013,P0003,W008,2025-08-30,353,2025-09-04,2025-09-04,5,0,On Time
PO006357,S012,P0024,W002,2025-06-07,926,2025-06-14,2025-06-14,7,0,On Time
PO006358,S005,P0098,W006,2025-04-08,577,2025-04-22,2025-04-22,14,0,On Time
PO006359,S013,P0034,W003,2025-02-11,600,2025-02-16,2025-02-16,5,0,On Time
PO006360,S006,P0084,W001,2025-05-19,320,2025-05-24,2025-05-24,5,0,On Time
PO006361,S025,P0094,W007,2025-10-10,370,2025-10-22,2025-10-22,12,0,On Time
PO006362,S015,P0042,W005,2025-08-15,895,2025-08-22,2025-08-24,9,2,Late
PO006363,S023,P0020,W001,2025-03-13,589,2025-03-25,2025-03-25,12,0,On Time
PO006364,S022,P0041,W001,2025-08-31,947,2025-09-04,2025-09-04,4,0,On Time
PO006365,S021,P0082,W007,2025-01-18,747,2025-02-01,2025-02-01,14,0,On Time
PO006366,S022,P0020,W008,2025-03-18,134,2025-03-22,2025-03-23,5,1,Late
PO006367,S011,P0006,W002,2025-02-14,541,2025-02-19,2025-02-19,5,0,On Time
PO006368,S004,P0057,W008,2025-12-09,928,2025-12-23,2025-12-24,15,1,Late
PO006369,S001,P0042,W004,2025-05-20,386,2025-06-02,2025-06-02,13,0,On Time
PO006370,S015,P0025,W005,2025-06-26,288,2025-07-03,2025-07-08,12,5,Late
PO006371,S012,P0041,W001,2025-08-10,823,2025-08-17,2025-08-17,7,0,On Time
PO006372,S009,P0041,W003,2025-04-02,105,2025-04-08,2025-04-08,6,0,On Time
PO006373,S011,P0003,W007,2025-01-22,915,2025-01-27,2025-02-01,10,5,Late
PO006374,S005,P0043,W002,2025-06-21,988,2025-07-05,2025-07-12,21,7,Late
PO006375,S024,P0046,W004,2025-04-02,397,2025-04-13,2025-04-14,12,1,Late
PO006376,S007,P0057,W004,2025-07-11,166,2025-07-25,2025-07-30,19,5,Late
PO006377,S008,P0083,W002,2025-03-18,137,2025-03-27,2025-03-27,9,0,On Time
PO006378,S001,P0074,W001,2025-10-08,154,2025-10-21,2025-10-21,13,0,On Time
PO006379,S025,P0051,W007,2025-12-30,546,2026-01-11,2026-01-11,12,0,On Time
PO006380,S001,P0005,W006,2025-06-28,868,2025-07-11,2025-07-11,13,0,On Time
PO006381,S003,P0086,W008,2025-08-26,833,2025-09-07,2025-09-07,12,0,On Time
PO006382,S008,P0073,W002,2025-05-15,225,2025-05-24,2025-05-24,9,0,On Time
PO006383,S011,P0097,W006,2025-12-31,252,2026-01-05,2026-01-08,8,3,Late
PO006384,S001,P0015,W004,2025-10-07,835,2025-10-20,2025-10-20,13,0,On Time
PO006385,S014,P0088,W004,2025-01-19,85,2025-01-28,2025-01-28,9,0,On Time
PO006386,S001,P0094,W003,2025-03-24,993,2025-04-06,2025-04-06,13,0,On Time
PO006387,S006,P0100,W003,2025-08-16,23,2025-08-21,2025-08-28,12,7,Late
PO006388,S021,P0039,W004,2025-09-22,22,2025-10-06,2025-10-08,16,2,Late
PO006389,S006,P0070,W003,2025-04-22,278,2025-04-27,2025-04-27,5,0,On Time
PO006390,S003,P0079,W003,2025-09-08,734,2025-09-20,2025-09-23,15,3,Late
PO006391,S010,P0038,W003,2025-06-13,344,2025-06-24,2025-06-26,13,2,Late
PO006392,S012,P0039,W004,2025-12-24,259,2025-12-31,2026-01-05,12,5,Late
PO006393,S010,P0052,W001,2025-06-17,624,2025-06-28,2025-06-28,11,0,On Time
PO006394,S022,P0086,W001,2025-08-09,815,2025-08-13,2025-08-13,4,0,On Time
PO006395,S002,P0003,W007,2025-10-31,554,2025-11-13,2025-11-13,13,0,On Time
PO006396,S024,P0029,W005,2025-07-10,817,2025-07-21,2025-07-28,18,7,Late
PO006397,S022,P0093,W003,2025-11-21,337,2025-11-25,2025-12-02,11,7,Late
PO006398,S013,P0031,W001,2025-06-19,618,2025-06-24,2025-06-26,7,2,Late
PO006399,S016,P0066,W005,2025-02-14,70,2025-02-25,2025-02-25,11,0,On Time
PO006400,S013,P0099,W002,2025-01-14,828,2025-01-19,2025-01-19,5,0,On Time
PO006401,S004,P0045,W003,2025-08-19,489,2025-09-02,2025-09-02,14,0,On Time
PO006402,S004,P0073,W001,2025-06-06,851,2025-06-20,2025-06-20,14,0,On Time
PO006403,S011,P0022,W001,2025-05-14,62,2025-05-19,2025-05-19,5,0,On Time
PO006404,S023,P0083,W006,2025-02-06,223,2025-02-18,2025-02-18,12,0,On Time
PO006405,S014,P0010,W001,2025-02-22,366,2025-03-03,2025-03-10,16,7,Late
PO006406,S003,P0021,W006,2025-01-18,77,2025-01-30,2025-01-30,12,0,On Time
PO006407,S019,P0017,W005,2025-02-07,78,2025-02-13,2025-02-18,11,5,Late
PO006408,S022,P0067,W006,2025-07-06,699,2025-07-10,2025-07-11,5,1,Late
PO006409,S025,P0007,W002,2025-07-15,705,2025-07-27,2025-07-27,12,0,On Time
PO006410,S001,P0036,W008,2025-08-31,530,2025-09-13,2025-09-13,13,0,On Time
PO006411,S005,P0067,W007,2025-10-27,337,2025-11-10,2025-11-17,21,7,Late
PO006412,S017,P0077,W008,2025-10-30,452,2025-11-08,2025-11-10,11,2,Late
PO006413,S001,P0030,W003,2025-02-04,391,2025-02-17,2025-02-17,13,0,On Time
PO006414,S019,P0087,W001,2025-08-03,226,2025-08-09,2025-08-09,6,0,On Time
PO006415,S019,P0071,W007,2025-08-07,130,2025-08-13,2025-08-14,7,1,Late
PO006416,S004,P0094,W004,2025-11-12,42,2025-11-26,2025-11-26,14,0,On Time
PO006417,S019,P0029,W003,2025-03-31,447,2025-04-06,2025-04-06,6,0,On Time
PO006418,S006,P0072,W004,2025-11-04,764,2025-11-09,2025-11-10,6,1,Late
PO006419,S015,P0074,W007,2025-09-09,959,2025-09-16,2025-09-17,8,1,Late
PO006420,S004,P0033,W005,2025-01-08,806,2025-01-22,2025-01-22,14,0,On Time
PO006421,S024,P0059,W001,2025-09-13,703,2025-09-24,2025-09-29,16,5,Late
PO006422,S001,P0020,W003,2025-12-29,30,2026-01-11,2026-01-12,14,1,Late
PO006423,S024,P0093,W003,2025-07-27,591,2025-08-07,2025-08-10,14,3,Late
PO006424,S017,P0029,W001,2025-05-11,953,2025-05-20,2025-05-20,9,0,On Time
PO006425,S011,P0053,W007,2025-08-12,763,2025-08-17,2025-08-17,5,0,On Time
PO006426,S017,P0085,W002,2025-07-16,766,2025-07-25,2025-07-25,9,0,On Time
PO006427,S023,P0001,W005,2025-05-22,534,2025-06-03,2025-06-03,12,0,On Time
PO006428,S001,P0034,W001,2025-09-09,163,2025-09-22,2025-09-29,20,7,Late
PO006429,S009,P0044,W008,2025-04-06,761,2025-04-12,2025-04-19,13,7,Late
PO006430,S014,P0096,W008,2025-01-26,540,2025-02-04,2025-02-06,11,2,Late
PO006431,S015,P0014,W006,2025-04-21,828,2025-04-28,2025-04-28,7,0,On Time
PO006432,S024,P0037,W003,2025-05-03,313,2025-05-14,2025-05-16,13,2,Late
PO006433,S001,P0035,W002,2025-07-05,344,2025-07-18,2025-07-18,13,0,On Time
PO006434,S002,P0059,W003,2025-06-17,212,2025-06-30,2025-06-30,13,0,On Time
PO006435,S018,P0024,W004,2025-02-20,310,2025-02-24,2025-02-24,4,0,On Time
PO006436,S018,P0065,W003,2025-01-05,658,2025-01-09,2025-01-09,4,0,On Time
PO006437,S006,P0006,W008,2025-03-18,438,2025-03-23,2025-03-23,5,0,On Time
PO006438,S020,P0068,W005,2025-06-09,479,2025-06-20,2025-06-20,11,0,On Time
PO006439,S008,P0038,W001,2025-07-27,67,2025-08-05,2025-08-05,9,0,On Time
PO006440,S001,P0001,W003,2025-09-14,126,2025-09-27,2025-09-27,13,0,On Time
PO006441,S015,P0041,W008,2025-07-24,283,2025-07-31,2025-07-31,7,0,On Time
PO006442,S010,P0031,W006,2025-09-12,272,2025-09-23,2025-09-24,12,1,Late
PO006443,S004,P0036,W004,2025-01-11,558,2025-01-25,2025-01-25,14,0,On Time
PO006444,S010,P0073,W008,2025-01-08,540,2025-01-19,2025-01-19,11,0,On Time
PO006445,S011,P0054,W004,2025-02-01,751,2025-02-06,2025-02-08,7,2,Late
PO006446,S005,P0087,W001,2025-01-28,177,2025-02-11,2025-02-11,14,0,On Time
PO006447,S009,P0031,W004,2025-07-25,545,2025-07-31,2025-07-31,6,0,On Time
PO006448,S005,P0029,W007,2025-08-16,938,2025-08-30,2025-09-02,17,3,Late
PO006449,S011,P0085,W001,2025-05-08,48,2025-05-13,2025-05-13,5,0,On Time
PO006450,S003,P0003,W005,2025-09-12,557,2025-09-24,2025-09-27,15,3,Late
PO006451,S004,P0058,W001,2025-07-31,745,2025-08-14,2025-08-14,14,0,On Time
PO006452,S010,P0090,W008,2025-08-27,162,2025-09-07,2025-09-07,11,0,On Time
PO006453,S007,P0061,W002,2025-07-26,646,2025-08-09,2025-08-09,14,0,On Time
PO006454,S001,P0006,W004,2025-11-14,860,2025-11-27,2025-11-27,13,0,On Time
PO006455,S006,P0020,W004,2025-10-10,237,2025-10-15,2025-10-15,5,0,On Time
PO006456,S008,P0061,W006,2025-09-02,612,2025-09-11,2025-09-11,9,0,On Time
PO006457,S017,P0046,W008,2025-02-14,732,2025-02-23,2025-02-23,9,0,On Time
PO006458,S024,P0013,W003,2025-04-15,86,2025-04-26,2025-04-27,12,1,Late
PO006459,S007,P0023,W002,2025-12-14,780,2025-12-28,2025-12-31,17,3,Late
PO006460,S001,P0079,W007,2025-10-08,163,2025-10-21,2025-10-24,16,3,Late
PO006461,S009,P0031,W003,2025-08-22,160,2025-08-28,2025-08-28,6,0,On Time
PO006462,S011,P0004,W001,2025-07-08,365,2025-07-13,2025-07-14,6,1,Late
PO006463,S019,P0075,W005,2025-02-13,484,2025-02-19,2025-02-19,6,0,On Time
PO006464,S002,P0066,W006,2025-08-13,115,2025-08-26,2025-08-26,13,0,On Time
PO006465,S023,P0016,W004,2025-05-22,427,2025-06-03,2025-06-06,15,3,Late
PO006466,S011,P0031,W007,2025-05-16,137,2025-05-21,2025-05-21,5,0,On Time
PO006467,S003,P0048,W008,2025-06-25,849,2025-07-07,2025-07-14,19,7,Late
PO006468,S017,P0043,W007,2025-05-22,716,2025-05-31,2025-06-02,11,2,Late
PO006469,S010,P0004,W005,2025-03-21,823,2025-04-01,2025-04-03,13,2,Late
PO006470,S003,P0062,W001,2025-03-23,463,2025-04-04,2025-04-05,13,1,Late
PO006471,S022,P0048,W001,2025-05-15,776,2025-05-19,2025-05-21,6,2,Late
PO006472,S003,P0028,W002,2025-07-26,399,2025-08-07,2025-08-14,19,7,Late
PO006473,S021,P0016,W003,2025-12-10,732,2025-12-24,2025-12-26,16,2,Late
PO006474,S025,P0089,W004,2025-06-26,297,2025-07-08,2025-07-08,12,0,On Time
PO006475,S007,P0077,W007,2025-08-31,380,2025-09-14,2025-09-14,14,0,On Time
PO006476,S002,P0069,W008,2025-02-24,389,2025-03-09,2025-03-09,13,0,On Time
PO006477,S001,P0030,W008,2025-05-21,641,2025-06-03,2025-06-10,20,7,Late
PO006478,S007,P0065,W004,2025-02-25,231,2025-03-11,2025-03-16,19,5,Late
PO006479,S020,P0069,W007,2025-01-15,278,2025-01-26,2025-01-26,11,0,On Time
PO006480,S011,P0014,W005,2025-07-04,695,2025-07-09,2025-07-11,7,2,Late
PO006481,S023,P0075,W002,2025-11-10,116,2025-11-22,2025-11-27,17,5,Late
PO006482,S006,P0034,W006,2025-03-29,229,2025-04-03,2025-04-03,5,0,On Time
PO006483,S023,P0056,W001,2025-04-07,567,2025-04-19,2025-04-19,12,0,On Time
PO006484,S004,P0029,W002,2025-05-24,797,2025-06-07,2025-06-07,14,0,On Time
PO006485,S019,P0082,W004,2025-01-08,631,2025-01-14,2025-01-16,8,2,Late
PO006486,S021,P0079,W006,2025-08-03,40,2025-08-17,2025-08-17,14,0,On Time
PO006487,S019,P0025,W003,2025-06-22,748,2025-06-28,2025-06-29,7,1,Late
PO006488,S014,P0094,W005,2025-08-11,452,2025-08-20,2025-08-20,9,0,On Time
PO006489,S003,P0066,W001,2025-02-09,635,2025-02-21,2025-02-21,12,0,On Time
PO006490,S004,P0040,W001,2025-07-01,390,2025-07-15,2025-07-15,14,0,On Time
PO006491,S008,P0091,W001,2025-09-27,412,2025-10-06,2025-10-06,9,0,On Time
PO006492,S018,P0015,W003,2025-07-06,643,2025-07-10,2025-07-10,4,0,On Time
PO006493,S004,P0032,W008,2025-09-02,238,2025-09-16,2025-09-16,14,0,On Time
PO006494,S011,P0020,W004,2025-11-05,523,2025-11-10,2025-11-11,6,1,Late
PO006495,S016,P0053,W004,2025-08-19,651,2025-08-30,2025-08-30,11,0,On Time
PO006496,S003,P0078,W002,2025-06-04,780,2025-06-16,2025-06-16,12,0,On Time
PO006497,S007,P0091,W008,2025-06-24,866,2025-07-08,2025-07-08,14,0,On Time
PO006498,S002,P0067,W006,2025-12-02,967,2025-12-15,2025-12-15,13,0,On Time
PO006499,S001,P0049,W007,2025-04-25,115,2025-05-08,2025-05-08,13,0,On Time
PO006500,S001,P0067,W002,2025-11-07,451,2025-11-20,2025-11-22,15,2,Late
PO006501,S006,P0077,W004,2025-10-27,207,2025-11-01,2025-11-01,5,0,On Time
PO006502,S019,P0089,W001,2025-01-18,520,2025-01-24,2025-01-24,6,0,On Time
PO006503,S007,P0082,W003,2025-09-29,895,2025-10-13,2025-10-20,21,7,Late
PO006504,S024,P0001,W004,2025-01-12,394,2025-01-23,2025-01-24,12,1,Late
PO006505,S005,P0039,W008,2025-10-28,453,2025-11-11,2025-11-11,14,0,On Time
PO006506,S021,P0061,W008,2025-07-11,442,2025-07-25,2025-07-25,14,0,On Time
PO006507,S018,P0055,W003,2025-08-20,163,2025-08-24,2025-08-27,7,3,Late
PO006508,S024,P0069,W005,2025-04-03,559,2025-04-14,2025-04-17,14,3,Late
PO006509,S013,P0002,W001,2025-08-06,518,2025-08-11,2025-08-11,5,0,On Time
PO006510,S001,P0094,W005,2025-10-05,25,2025-10-18,2025-10-18,13,0,On Time
PO006511,S010,P0017,W004,2025-12-19,336,2025-12-30,2025-12-30,11,0,On Time
PO006512,S009,P0029,W002,2025-10-30,793,2025-11-05,2025-11-05,6,0,On Time
PO006513,S017,P0004,W004,2025-01-29,249,2025-02-07,2025-02-12,14,5,Late
PO006514,S001,P0073,W005,2025-10-28,141,2025-11-10,2025-11-10,13,0,On Time
PO006515,S001,P0064,W003,2025-03-18,514,2025-03-31,2025-03-31,13,0,On Time
PO006516,S007,P0085,W006,2025-01-09,725,2025-01-23,2025-01-28,19,5,Late
PO006517,S004,P0043,W006,2025-01-24,636,2025-02-07,2025-02-07,14,0,On Time
PO006518,S023,P0076,W004,2025-01-15,955,2025-01-27,2025-01-27,12,0,On Time
PO006519,S021,P0012,W007,2025-06-13,730,2025-06-27,2025-06-28,15,1,Late
PO006520,S012,P0050,W002,2025-01-13,494,2025-01-20,2025-01-20,7,0,On Time
PO006521,S016,P0068,W005,2025-12-13,593,2025-12-24,2025-12-26,13,2,Late
PO006522,S014,P0061,W004,2025-06-21,815,2025-06-30,2025-06-30,9,0,On Time
PO006523,S023,P0092,W008,2025-12-23,527,2026-01-04,2026-01-04,12,0,On Time
PO006524,S010,P0073,W005,2025-11-23,611,2025-12-04,2025-12-04,11,0,On Time
PO006525,S014,P0051,W005,2025-07-19,194,2025-07-28,2025-07-29,10,1,Late
PO006526,S007,P0096,W001,2025-03-17,540,2025-03-31,2025-03-31,14,0,On Time
PO006527,S004,P0077,W006,2025-06-13,711,2025-06-27,2025-06-27,14,0,On Time
PO006528,S002,P0098,W007,2025-03-02,290,2025-03-15,2025-03-17,15,2,Late
PO006529,S024,P0083,W006,2025-09-02,693,2025-09-13,2025-09-18,16,5,Late
PO006530,S018,P0078,W003,2025-06-04,807,2025-06-08,2025-06-09,5,1,Late
PO006531,S016,P0005,W008,2025-09-14,737,2025-09-25,2025-09-25,11,0,On Time
PO006532,S009,P0091,W007,2025-09-01,591,2025-09-07,2025-09-07,6,0,On Time
PO006533,S005,P0028,W001,2025-06-11,205,2025-06-25,2025-06-26,15,1,Late
PO006534,S009,P0090,W006,2025-03-09,606,2025-03-15,2025-03-18,9,3,Late
PO006535,S025,P0010,W005,2025-12-10,113,2025-12-22,2025-12-25,15,3,Late
PO006536,S008,P0088,W008,2025-10-04,598,2025-10-13,2025-10-18,14,5,Late
PO006537,S024,P0081,W002,2025-06-10,533,2025-06-21,2025-06-23,13,2,Late
PO006538,S020,P0052,W002,2025-09-16,197,2025-09-27,2025-09-27,11,0,On Time
PO006539,S016,P0080,W001,2025-11-03,673,2025-11-14,2025-11-15,12,1,Late
PO006540,S020,P0017,W002,2025-12-01,971,2025-12-12,2025-12-14,13,2,Late
PO006541,S018,P0065,W005,2025-04-05,984,2025-04-09,2025-04-12,7,3,Late
PO006542,S004,P0021,W007,2025-09-03,575,2025-09-17,2025-09-22,19,5,Late
PO006543,S016,P0054,W004,2025-08-09,705,2025-08-20,2025-08-20,11,0,On Time
PO006544,S004,P0049,W005,2025-05-03,921,2025-05-17,2025-05-18,15,1,Late
PO006545,S006,P0022,W008,2025-07-06,923,2025-07-11,2025-07-11,5,0,On Time
PO006546,S003,P0069,W006,2025-09-19,314,2025-10-01,2025-10-01,12,0,On Time
PO006547,S018,P0064,W008,2025-09-30,250,2025-10-04,2025-10-04,4,0,On Time
PO006548,S015,P0036,W004,2025-03-01,255,2025-03-08,2025-03-15,14,7,Late
PO006549,S008,P0021,W008,2025-05-05,112,2025-05-14,2025-05-19,14,5,Late
PO006550,S018,P0056,W002,2025-12-03,506,2025-12-07,2025-12-09,6,2,Late
PO006551,S024,P0073,W007,2025-12-07,63,2025-12-18,2025-12-18,11,0,On Time
PO006552,S023,P0091,W003,2025-02-20,558,2025-03-04,2025-03-04,12,0,On Time
PO006553,S003,P0048,W003,2025-06-27,803,2025-07-09,2025-07-10,13,1,Late
PO006554,S006,P0076,W005,2025-05-19,494,2025-05-24,2025-05-24,5,0,On Time
PO006555,S022,P0018,W005,2025-11-23,58,2025-11-27,2025-11-27,4,0,On Time
PO006556,S021,P0099,W002,2025-06-19,404,2025-07-03,2025-07-06,17,3,Late
PO006557,S024,P0015,W003,2025-02-08,454,2025-02-19,2025-02-19,11,0,On Time
PO006558,S015,P0044,W008,2025-03-10,978,2025-03-17,2025-03-17,7,0,On Time
PO006559,S012,P0094,W003,2025-08-24,308,2025-08-31,2025-08-31,7,0,On Time
PO006560,S005,P0045,W005,2025-02-17,267,2025-03-03,2025-03-08,19,5,Late
PO006561,S007,P0097,W006,2025-02-26,581,2025-03-12,2025-03-15,17,3,Late
PO006562,S022,P0036,W003,2025-10-04,378,2025-10-08,2025-10-15,11,7,Late
PO006563,S015,P0040,W005,2025-12-04,457,2025-12-11,2025-12-13,9,2,Late
PO006564,S007,P0051,W001,2025-04-09,814,2025-04-23,2025-04-23,14,0,On Time
PO006565,S013,P0030,W008,2025-01-15,228,2025-01-20,2025-01-25,10,5,Late
PO006566,S025,P0026,W003,2025-11-21,143,2025-12-03,2025-12-03,12,0,On Time
PO006567,S003,P0085,W004,2025-06-28,994,2025-07-10,2025-07-10,12,0,On Time
PO006568,S023,P0031,W007,2025-11-28,873,2025-12-10,2025-12-10,12,0,On Time
PO006569,S013,P0056,W002,2025-03-03,780,2025-03-08,2025-03-10,7,2,Late
PO006570,S003,P0061,W007,2025-04-29,422,2025-05-11,2025-05-16,17,5,Late
PO006571,S002,P0017,W008,2025-02-06,303,2025-02-19,2025-02-19,13,0,On Time
PO006572,S023,P0081,W008,2025-05-14,682,2025-05-26,2025-05-26,12,0,On Time
PO006573,S004,P0098,W005,2025-01-26,595,2025-02-09,2025-02-12,17,3,Late
PO006574,S017,P0024,W003,2025-01-08,260,2025-01-17,2025-01-17,9,0,On Time
PO006575,S006,P0097,W003,2025-01-04,186,2025-01-09,2025-01-11,7,2,Late
PO006576,S011,P0004,W006,2025-01-21,771,2025-01-26,2025-01-26,5,0,On Time
PO006577,S006,P0009,W005,2025-05-29,580,2025-06-03,2025-06-03,5,0,On Time
PO006578,S022,P0002,W004,2025-01-25,718,2025-01-29,2025-01-29,4,0,On Time
PO006579,S002,P0035,W003,2025-05-23,167,2025-06-05,2025-06-05,13,0,On Time
PO006580,S017,P0038,W001,2025-09-02,720,2025-09-11,2025-09-13,11,2,Late
PO006581,S003,P0045,W002,2025-02-12,642,2025-02-24,2025-03-01,17,5,Late
PO006582,S012,P0015,W005,2025-10-20,915,2025-10-27,2025-10-27,7,0,On Time
PO006583,S014,P0042,W003,2025-07-04,284,2025-07-13,2025-07-16,12,3,Late
PO006584,S002,P0003,W007,2025-02-11,520,2025-02-24,2025-02-25,14,1,Late
PO006585,S022,P0031,W006,2025-04-02,298,2025-04-06,2025-04-06,4,0,On Time
PO006586,S022,P0052,W006,2025-11-13,768,2025-11-17,2025-11-17,4,0,On Time
PO006587,S005,P0041,W002,2025-11-20,922,2025-12-04,2025-12-05,15,1,Late
PO006588,S010,P0057,W008,2025-02-22,178,2025-03-05,2025-03-05,11,0,On Time
PO006589,S010,P0042,W005,2025-03-25,79,2025-04-05,2025-04-05,11,0,On Time
PO006590,S021,P0053,W005,2025-02-03,518,2025-02-17,2025-02-24,21,7,Late
PO006591,S009,P0056,W005,2025-03-17,336,2025-03-23,2025-03-23,6,0,On Time
PO006592,S021,P0087,W004,2025-12-19,606,2026-01-02,2026-01-02,14,0,On Time
PO006593,S013,P0076,W001,2025-07-16,507,2025-07-21,2025-07-21,5,0,On Time
PO006594,S010,P0072,W006,2025-10-13,484,2025-10-24,2025-10-24,11,0,On Time
PO006595,S006,P0053,W005,2025-03-29,247,2025-04-03,2025-04-03,5,0,On Time
PO006596,S011,P0085,W004,2025-08-23,685,2025-08-28,2025-08-28,5,0,On Time
PO006597,S004,P0085,W008,2025-08-20,375,2025-09-03,2025-09-03,14,0,On Time
PO006598,S014,P0032,W005,2025-01-07,485,2025-01-16,2025-01-16,9,0,On Time
PO006599,S017,P0081,W008,2025-10-19,841,2025-10-28,2025-10-28,9,0,On Time
PO006600,S020,P0054,W008,2025-02-07,818,2025-02-18,2025-02-18,11,0,On Time
PO006601,S002,P0037,W005,2025-02-21,772,2025-03-06,2025-03-06,13,0,On Time
PO006602,S010,P0088,W008,2025-05-23,246,2025-06-03,2025-06-03,11,0,On Time
PO006603,S003,P0008,W004,2025-08-09,188,2025-08-21,2025-08-21,12,0,On Time
PO006604,S007,P0082,W001,2025-08-28,303,2025-09-11,2025-09-11,14,0,On Time
PO006605,S007,P0011,W002,2025-05-23,877,2025-06-06,2025-06-06,14,0,On Time
PO006606,S001,P0054,W006,2025-12-15,281,2025-12-28,2025-12-28,13,0,On Time
PO006607,S008,P0060,W008,2025-12-29,821,2026-01-07,2026-01-07,9,0,On Time
PO006608,S023,P0010,W003,2025-02-18,879,2025-03-02,2025-03-05,15,3,Late
PO006609,S001,P0090,W007,2025-10-04,383,2025-10-17,2025-10-17,13,0,On Time
PO006610,S008,P0070,W005,2025-09-28,540,2025-10-07,2025-10-07,9,0,On Time
PO006611,S014,P0081,W001,2025-01-14,880,2025-01-23,2025-01-23,9,0,On Time
PO006612,S014,P0087,W006,2025-10-25,117,2025-11-03,2025-11-10,16,7,Late
PO006613,S002,P0042,W003,2025-01-15,31,2025-01-28,2025-02-04,20,7,Late
PO006614,S008,P0037,W005,2025-08-22,803,2025-08-31,2025-08-31,9,0,On Time
PO006615,S019,P0092,W007,2025-03-04,602,2025-03-10,2025-03-10,6,0,On Time
PO006616,S010,P0080,W003,2025-07-15,946,2025-07-26,2025-07-26,11,0,On Time
PO006617,S007,P0076,W008,2025-01-27,436,2025-02-10,2025-02-10,14,0,On Time
PO006618,S013,P0058,W004,2025-04-03,520,2025-04-08,2025-04-08,5,0,On Time
PO006619,S022,P0085,W007,2025-04-15,154,2025-04-19,2025-04-19,4,0,On Time
PO006620,S021,P0059,W006,2025-11-05,278,2025-11-19,2025-11-19,14,0,On Time
PO006621,S015,P0024,W001,2025-02-21,935,2025-02-28,2025-02-28,7,0,On Time
PO006622,S011,P0028,W001,2025-11-15,536,2025-11-20,2025-11-20,5,0,On Time
PO006623,S014,P0037,W006,2025-06-30,982,2025-07-09,2025-07-14,14,5,Late
PO006624,S011,P0021,W008,2025-02-26,770,2025-03-03,2025-03-03,5,0,On Time
PO006625,S002,P0033,W008,2025-04-30,313,2025-05-13,2025-05-14,14,1,Late
PO006626,S002,P0002,W002,2025-11-04,866,2025-11-17,2025-11-17,13,0,On Time
PO006627,S012,P0083,W002,2025-12-29,630,2026-01-05,2026-01-05,7,0,On Time
PO006628,S015,P0028,W008,2025-02-12,459,2025-02-19,2025-02-22,10,3,Late
PO006629,S017,P0015,W003,2025-05-15,170,2025-05-24,2025-05-24,9,0,On Time
PO006630,S014,P0001,W004,2025-09-17,500,2025-09-26,2025-09-26,9,0,On Time
PO006631,S025,P0028,W003,2025-07-16,277,2025-07-28,2025-07-28,12,0,On Time
PO006632,S016,P0050,W005,2025-05-13,887,2025-05-24,2025-05-24,11,0,On Time
PO006633,S008,P0035,W001,2025-09-12,168,2025-09-21,2025-09-21,9,0,On Time
PO006634,S024,P0096,W003,2025-08-08,993,2025-08-19,2025-08-19,11,0,On Time
PO006635,S017,P0028,W003,2025-12-02,161,2025-12-11,2025-12-11,9,0,On Time
PO006636,S005,P0009,W008,2025-02-10,270,2025-02-24,2025-02-24,14,0,On Time
PO006637,S012,P0024,W006,2025-09-12,977,2025-09-19,2025-09-19,7,0,On Time
PO006638,S006,P0063,W007,2025-01-02,765,2025-01-07,2025-01-07,5,0,On Time
PO006639,S018,P0004,W001,2025-07-14,926,2025-07-18,2025-07-20,6,2,Late
PO006640,S005,P0056,W008,2025-08-30,663,2025-09-13,2025-09-13,14,0,On Time
PO006641,S006,P0041,W001,2025-05-29,66,2025-06-03,2025-06-03,5,0,On Time
PO006642,S009,P0067,W008,2025-07-17,391,2025-07-23,2025-07-28,11,5,Late
PO006643,S015,P0048,W002,2025-10-26,113,2025-11-02,2025-11-02,7,0,On Time
PO006644,S010,P0086,W002,2025-09-02,780,2025-09-13,2025-09-13,11,0,On Time
PO006645,S017,P0058,W001,2025-12-04,375,2025-12-13,2025-12-13,9,0,On Time
PO006646,S019,P0039,W007,2025-04-18,551,2025-04-24,2025-04-24,6,0,On Time
PO006647,S012,P0025,W003,2025-07-31,711,2025-08-07,2025-08-07,7,0,On Time
PO006648,S009,P0060,W005,2025-06-05,291,2025-06-11,2025-06-11,6,0,On Time
PO006649,S015,P0086,W003,2025-01-26,448,2025-02-02,2025-02-02,7,0,On Time
PO006650,S014,P0047,W007,2025-03-23,667,2025-04-01,2025-04-01,9,0,On Time
PO006651,S001,P0098,W005,2025-03-24,768,2025-04-06,2025-04-07,14,1,Late
PO006652,S017,P0061,W001,2025-05-11,721,2025-05-20,2025-05-20,9,0,On Time
PO006653,S001,P0084,W006,2025-11-25,743,2025-12-08,2025-12-11,16,3,Late
PO006654,S023,P0100,W005,2025-04-10,936,2025-04-22,2025-04-23,13,1,Late
PO006655,S021,P0027,W002,2025-09-13,83,2025-09-27,2025-09-27,14,0,On Time
PO006656,S022,P0096,W006,2025-02-18,891,2025-02-22,2025-02-22,4,0,On Time
PO006657,S013,P0042,W008,2025-03-04,945,2025-03-09,2025-03-09,5,0,On Time
PO006658,S008,P0052,W007,2025-11-07,183,2025-11-16,2025-11-16,9,0,On Time
PO006659,S013,P0093,W001,2025-10-17,408,2025-10-22,2025-10-24,7,2,Late
PO006660,S016,P0048,W007,2025-04-15,488,2025-04-26,2025-04-26,11,0,On Time
PO006661,S002,P0032,W004,2025-04-15,569,2025-04-28,2025-04-28,13,0,On Time
PO006662,S013,P0024,W005,2025-11-21,746,2025-11-26,2025-11-26,5,0,On Time
PO006663,S018,P0003,W005,2025-01-15,550,2025-01-19,2025-01-19,4,0,On Time
PO006664,S003,P0027,W008,2025-06-24,785,2025-07-06,2025-07-06,12,0,On Time
PO006665,S013,P0073,W007,2025-09-16,605,2025-09-21,2025-09-21,5,0,On Time
PO006666,S019,P0040,W006,2025-07-30,942,2025-08-05,2025-08-05,6,0,On Time
PO006667,S013,P0023,W004,2025-09-16,672,2025-09-21,2025-09-21,5,0,On Time
PO006668,S019,P0007,W004,2025-04-12,924,2025-04-18,2025-04-18,6,0,On Time
PO006669,S004,P0081,W001,2025-09-17,36,2025-10-01,2025-10-01,14,0,On Time
PO006670,S019,P0037,W006,2025-12-10,626,2025-12-16,2025-12-16,6,0,On Time
PO006671,S018,P0007,W008,2025-06-08,765,2025-06-12,2025-06-12,4,0,On Time
PO006672,S025,P0094,W003,2025-02-14,959,2025-02-26,2025-02-26,12,0,On Time
PO006673,S006,P0077,W004,2025-10-28,320,2025-11-02,2025-11-02,5,0,On Time
PO006674,S019,P0082,W007,2025-09-08,107,2025-09-14,2025-09-14,6,0,On Time
PO006675,S025,P0095,W005,2025-11-27,829,2025-12-09,2025-12-09,12,0,On Time
PO006676,S004,P0022,W004,2025-06-14,582,2025-06-28,2025-06-28,14,0,On Time
PO006677,S004,P0078,W007,2025-07-12,264,2025-07-26,2025-07-26,14,0,On Time
PO006678,S024,P0082,W001,2025-01-09,486,2025-01-20,2025-01-20,11,0,On Time
PO006679,S007,P0099,W001,2025-03-06,461,2025-03-20,2025-03-20,14,0,On Time
PO006680,S007,P0017,W005,2025-10-09,132,2025-10-23,2025-10-23,14,0,On Time
PO006681,S023,P0019,W008,2025-06-30,461,2025-07-12,2025-07-12,12,0,On Time
PO006682,S016,P0095,W005,2025-10-09,945,2025-10-20,2025-10-21,12,1,Late
PO006683,S016,P0039,W005,2025-10-06,920,2025-10-17,2025-10-17,11,0,On Time
PO006684,S005,P0036,W003,2025-01-30,27,2025-02-13,2025-02-13,14,0,On Time
PO006685,S015,P0015,W005,2025-09-23,568,2025-09-30,2025-09-30,7,0,On Time
PO006686,S023,P0063,W008,2025-11-24,578,2025-12-06,2025-12-06,12,0,On Time
PO006687,S004,P0029,W006,2025-08-05,119,2025-08-19,2025-08-19,14,0,On Time
PO006688,S024,P0060,W001,2025-11-16,364,2025-11-27,2025-11-27,11,0,On Time
PO006689,S025,P0056,W008,2025-04-15,704,2025-04-27,2025-04-27,12,0,On Time
PO006690,S013,P0040,W001,2025-07-03,772,2025-07-08,2025-07-11,8,3,Late
PO006691,S019,P0016,W004,2025-11-26,920,2025-12-02,2025-12-02,6,0,On Time
PO006692,S007,P0033,W005,2025-05-28,500,2025-06-11,2025-06-16,19,5,Late
PO006693,S012,P0089,W003,2025-04-15,722,2025-04-22,2025-04-25,10,3,Late
PO006694,S009,P0016,W006,2025-02-16,361,2025-02-22,2025-02-25,9,3,Late
PO006695,S017,P0030,W002,2025-03-28,962,2025-04-06,2025-04-09,12,3,Late
PO006696,S002,P0098,W004,2025-11-05,253,2025-11-18,2025-11-18,13,0,On Time
PO006697,S016,P0066,W008,2025-05-09,812,2025-05-20,2025-05-20,11,0,On Time
PO006698,S007,P0044,W006,2025-09-15,254,2025-09-29,2025-09-29,14,0,On Time
PO006699,S018,P0038,W007,2025-11-10,145,2025-11-14,2025-11-14,4,0,On Time
PO006700,S007,P0051,W003,2025-05-27,709,2025-06-10,2025-06-10,14,0,On Time
PO006701,S001,P0060,W005,2025-03-13,496,2025-03-26,2025-03-29,16,3,Late
PO006702,S003,P0018,W003,2025-05-20,704,2025-06-01,2025-06-01,12,0,On Time
PO006703,S021,P0005,W002,2025-01-27,391,2025-02-10,2025-02-10,14,0,On Time
PO006704,S011,P0040,W006,2025-01-29,139,2025-02-03,2025-02-04,6,1,Late
PO006705,S022,P0006,W003,2025-09-28,561,2025-10-02,2025-10-02,4,0,On Time
PO006706,S015,P0076,W007,2025-06-23,579,2025-06-30,2025-06-30,7,0,On Time
PO006707,S025,P0012,W002,2025-09-10,198,2025-09-22,2025-09-22,12,0,On Time
PO006708,S025,P0012,W002,2025-03-01,113,2025-03-13,2025-03-16,15,3,Late
PO006709,S003,P0073,W006,2025-04-17,586,2025-04-29,2025-04-29,12,0,On Time
PO006710,S024,P0022,W002,2025-08-08,767,2025-08-19,2025-08-19,11,0,On Time
PO006711,S013,P0049,W006,2025-09-16,970,2025-09-21,2025-09-21,5,0,On Time
PO006712,S004,P0050,W003,2025-05-26,321,2025-06-09,2025-06-14,19,5,Late
PO006713,S023,P0080,W007,2025-02-21,818,2025-03-05,2025-03-05,12,0,On Time
PO006714,S022,P0004,W005,2025-03-01,437,2025-03-05,2025-03-06,5,1,Late
PO006715,S008,P0050,W001,2025-02-03,879,2025-02-12,2025-02-17,14,5,Late
PO006716,S022,P0003,W008,2025-04-06,605,2025-04-10,2025-04-10,4,0,On Time
PO006717,S004,P0016,W001,2025-03-30,471,2025-04-13,2025-04-13,14,0,On Time
PO006718,S018,P0014,W003,2025-11-12,436,2025-11-16,2025-11-16,4,0,On Time
PO006719,S007,P0064,W005,2025-08-19,843,2025-09-02,2025-09-02,14,0,On Time
PO006720,S011,P0041,W001,2025-10-02,973,2025-10-07,2025-10-10,8,3,Late
PO006721,S004,P0068,W007,2025-09-03,141,2025-09-17,2025-09-17,14,0,On Time
PO006722,S013,P0059,W002,2025-04-21,76,2025-04-26,2025-05-01,10,5,Late
PO006723,S009,P0002,W003,2025-08-22,804,2025-08-28,2025-08-29,7,1,Late
PO006724,S009,P0010,W003,2025-10-05,158,2025-10-11,2025-10-11,6,0,On Time
PO006725,S023,P0075,W004,2025-06-15,218,2025-06-27,2025-06-27,12,0,On Time
PO006726,S021,P0090,W004,2025-05-08,740,2025-05-22,2025-05-22,14,0,On Time
PO006727,S019,P0026,W004,2025-08-25,804,2025-08-31,2025-08-31,6,0,On Time
PO006728,S003,P0004,W006,2025-10-18,380,2025-10-30,2025-10-30,12,0,On Time
PO006729,S025,P0090,W005,2025-04-17,669,2025-04-29,2025-04-29,12,0,On Time
PO006730,S025,P0028,W008,2025-05-08,429,2025-05-20,2025-05-25,17,5,Late
PO006731,S012,P0002,W003,2025-07-14,665,2025-07-21,2025-07-21,7,0,On Time
PO006732,S011,P0066,W004,2025-12-05,868,2025-12-10,2025-12-10,5,0,On Time
PO006733,S020,P0016,W003,2025-05-23,547,2025-06-03,2025-06-03,11,0,On Time
PO006734,S011,P0057,W002,2025-04-21,634,2025-04-26,2025-04-27,6,1,Late
PO006735,S017,P0023,W004,2025-03-31,262,2025-04-09,2025-04-09,9,0,On Time
PO006736,S021,P0023,W003,2025-09-08,109,2025-09-22,2025-09-22,14,0,On Time
PO006737,S014,P0077,W005,2025-10-07,535,2025-10-16,2025-10-21,14,5,Late
PO006738,S016,P0021,W006,2025-11-29,81,2025-12-10,2025-12-13,14,3,Late
PO006739,S024,P0025,W007,2025-08-12,231,2025-08-23,2025-08-24,12,1,Late
PO006740,S010,P0058,W005,2025-04-11,267,2025-04-22,2025-04-27,16,5,Late
PO006741,S004,P0037,W005,2025-05-12,723,2025-05-26,2025-05-26,14,0,On Time
PO006742,S010,P0049,W007,2025-01-13,516,2025-01-24,2025-01-26,13,2,Late
PO006743,S020,P0077,W004,2025-04-08,75,2025-04-19,2025-04-19,11,0,On Time
PO006744,S012,P0015,W005,2025-04-30,478,2025-05-07,2025-05-07,7,0,On Time
PO006745,S009,P0028,W006,2025-10-20,938,2025-10-26,2025-11-02,13,7,Late
PO006746,S015,P0067,W001,2025-10-31,308,2025-11-07,2025-11-07,7,0,On Time
PO006747,S009,P0087,W008,2025-07-18,562,2025-07-24,2025-07-24,6,0,On Time
PO006748,S007,P0004,W006,2025-01-01,922,2025-01-15,2025-01-15,14,0,On Time
PO006749,S024,P0047,W002,2025-03-01,489,2025-03-12,2025-03-12,11,0,On Time
PO006750,S012,P0050,W006,2025-09-07,408,2025-09-14,2025-09-14,7,0,On Time
PO006751,S020,P0060,W003,2025-05-20,440,2025-05-31,2025-05-31,11,0,On Time
PO006752,S024,P0062,W001,2025-05-29,532,2025-06-09,2025-06-16,18,7,Late
PO006753,S014,P0067,W004,2025-02-13,729,2025-02-22,2025-02-22,9,0,On Time
PO006754,S022,P0072,W003,2025-07-05,576,2025-07-09,2025-07-11,6,2,Late
PO006755,S016,P0043,W007,2025-04-18,578,2025-04-29,2025-04-29,11,0,On Time
PO006756,S019,P0089,W006,2025-02-13,983,2025-02-19,2025-02-19,6,0,On Time
PO006757,S023,P0058,W003,2025-03-19,753,2025-03-31,2025-03-31,12,0,On Time
PO006758,S003,P0052,W005,2025-08-14,817,2025-08-26,2025-08-29,15,3,Late
PO006759,S011,P0076,W003,2025-06-11,100,2025-06-16,2025-06-16,5,0,On Time
PO006760,S023,P0069,W003,2025-10-08,463,2025-10-20,2025-10-20,12,0,On Time
PO006761,S021,P0097,W006,2025-09-10,811,2025-09-24,2025-09-24,14,0,On Time
PO006762,S020,P0046,W002,2025-05-12,306,2025-05-23,2025-05-28,16,5,Late
PO006763,S019,P0025,W007,2025-05-24,303,2025-05-30,2025-05-30,6,0,On Time
PO006764,S008,P0025,W006,2025-09-23,960,2025-10-02,2025-10-02,9,0,On Time
PO006765,S020,P0035,W004,2025-04-19,510,2025-04-30,2025-05-03,14,3,Late
PO006766,S008,P0061,W008,2025-07-13,407,2025-07-22,2025-07-22,9,0,On Time
PO006767,S003,P0015,W008,2025-02-04,720,2025-02-16,2025-02-21,17,5,Late
PO006768,S010,P0090,W007,2025-10-02,570,2025-10-13,2025-10-18,16,5,Late
PO006769,S013,P0074,W001,2025-07-06,614,2025-07-11,2025-07-11,5,0,On Time
PO006770,S009,P0088,W005,2025-08-31,427,2025-09-06,2025-09-06,6,0,On Time
PO006771,S006,P0035,W002,2025-09-21,346,2025-09-26,2025-09-26,5,0,On Time
PO006772,S015,P0029,W001,2025-01-10,961,2025-01-17,2025-01-24,14,7,Late
PO006773,S016,P0038,W001,2025-06-15,968,2025-06-26,2025-06-26,11,0,On Time
PO006774,S005,P0069,W007,2025-01-29,195,2025-02-12,2025-02-14,16,2,Late
PO006775,S021,P0024,W002,2025-09-28,540,2025-10-12,2025-10-12,14,0,On Time
PO006776,S013,P0019,W005,2025-03-28,809,2025-04-02,2025-04-02,5,0,On Time
PO006777,S019,P0046,W004,2025-01-23,402,2025-01-29,2025-01-29,6,0,On Time
PO006778,S002,P0049,W002,2025-07-29,277,2025-08-11,2025-08-11,13,0,On Time
PO006779,S006,P0044,W002,2025-02-15,366,2025-02-20,2025-02-20,5,0,On Time
PO006780,S001,P0073,W002,2025-01-28,291,2025-02-10,2025-02-10,13,0,On Time
PO006781,S015,P0026,W008,2025-01-26,280,2025-02-02,2025-02-02,7,0,On Time
PO006782,S015,P0025,W005,2025-09-23,415,2025-09-30,2025-09-30,7,0,On Time
PO006783,S014,P0035,W008,2025-06-24,711,2025-07-03,2025-07-03,9,0,On Time
PO006784,S007,P0036,W002,2025-01-04,173,2025-01-18,2025-01-18,14,0,On Time
PO006785,S005,P0014,W002,2025-11-07,546,2025-11-21,2025-11-21,14,0,On Time
PO006786,S020,P0056,W003,2025-11-18,86,2025-11-29,2025-11-29,11,0,On Time
PO006787,S025,P0006,W003,2025-03-08,860,2025-03-20,2025-03-22,14,2,Late
PO006788,S016,P0032,W003,2025-05-15,718,2025-05-26,2025-05-26,11,0,On Time
PO006789,S017,P0026,W003,2025-02-24,367,2025-03-05,2025-03-12,16,7,Late
PO006790,S011,P0015,W002,2025-01-31,954,2025-02-05,2025-02-05,5,0,On Time
PO006791,S015,P0049,W008,2025-03-15,82,2025-03-22,2025-03-24,9,2,Late
PO006792,S020,P0095,W007,2025-01-19,375,2025-01-30,2025-01-30,11,0,On Time
PO006793,S016,P0056,W008,2025-06-05,300,2025-06-16,2025-06-16,11,0,On Time
PO006794,S003,P0037,W003,2025-12-03,60,2025-12-15,2025-12-15,12,0,On Time
PO006795,S006,P0053,W001,2025-06-05,559,2025-06-10,2025-06-10,5,0,On Time
PO006796,S021,P0058,W007,2025-05-27,386,2025-06-10,2025-06-10,14,0,On Time
PO006797,S023,P0083,W004,2025-03-28,296,2025-04-09,2025-04-09,12,0,On Time
PO006798,S013,P0078,W003,2025-01-20,240,2025-01-25,2025-01-25,5,0,On Time
PO006799,S001,P0036,W005,2025-09-26,748,2025-10-09,2025-10-09,13,0,On Time
PO006800,S021,P0011,W004,2025-11-29,753,2025-12-13,2025-12-14,15,1,Late
PO006801,S014,P0027,W008,2025-02-12,80,2025-02-21,2025-02-21,9,0,On Time
PO006802,S002,P0002,W008,2025-11-02,122,2025-11-15,2025-11-15,13,0,On Time
PO006803,S002,P0022,W006,2025-01-28,204,2025-02-10,2025-02-10,13,0,On Time
PO006804,S015,P0066,W008,2025-09-17,926,2025-09-24,2025-09-24,7,0,On Time
PO006805,S018,P0084,W006,2025-01-22,166,2025-01-26,2025-01-26,4,0,On Time
PO006806,S009,P0017,W001,2025-04-11,94,2025-04-17,2025-04-17,6,0,On Time
PO006807,S003,P0004,W004,2025-02-08,492,2025-02-20,2025-02-20,12,0,On Time
PO006808,S004,P0014,W004,2025-10-17,20,2025-10-31,2025-10-31,14,0,On Time
PO006809,S015,P0007,W008,2025-12-19,435,2025-12-26,2025-12-26,7,0,On Time
PO006810,S005,P0079,W001,2025-10-27,488,2025-11-10,2025-11-17,21,7,Late
PO006811,S020,P0094,W006,2025-06-19,384,2025-06-30,2025-07-07,18,7,Late
PO006812,S020,P0016,W003,2025-10-23,864,2025-11-03,2025-11-03,11,0,On Time
PO006813,S005,P0066,W001,2025-12-19,693,2026-01-02,2026-01-02,14,0,On Time
PO006814,S010,P0019,W005,2025-05-10,36,2025-05-21,2025-05-21,11,0,On Time
PO006815,S016,P0001,W001,2025-06-05,529,2025-06-16,2025-06-16,11,0,On Time
PO006816,S025,P0031,W002,2025-03-15,774,2025-03-27,2025-03-27,12,0,On Time
PO006817,S012,P0004,W006,2025-12-08,458,2025-12-15,2025-12-15,7,0,On Time
PO006818,S025,P0091,W002,2025-03-31,898,2025-04-12,2025-04-12,12,0,On Time
PO006819,S014,P0058,W006,2025-03-08,550,2025-03-17,2025-03-19,11,2,Late
PO006820,S022,P0056,W006,2025-08-24,861,2025-08-28,2025-08-30,6,2,Late
PO006821,S011,P0053,W004,2025-07-19,957,2025-07-24,2025-07-31,12,7,Late
PO006822,S019,P0089,W003,2025-11-28,78,2025-12-04,2025-12-04,6,0,On Time
PO006823,S006,P0086,W003,2025-08-15,732,2025-08-20,2025-08-23,8,3,Late
PO006824,S010,P0043,W006,2025-12-14,134,2025-12-25,2025-12-25,11,0,On Time
PO006825,S020,P0074,W006,2025-08-21,222,2025-09-01,2025-09-01,11,0,On Time
PO006826,S003,P0097,W008,2025-09-23,825,2025-10-05,2025-10-08,15,3,Late
PO006827,S022,P0049,W002,2025-03-27,562,2025-03-31,2025-04-05,9,5,Late
PO006828,S015,P0060,W008,2025-04-12,213,2025-04-19,2025-04-20,8,1,Late
PO006829,S011,P0094,W008,2025-08-02,491,2025-08-07,2025-08-07,5,0,On Time
PO006830,S022,P0094,W005,2025-04-18,125,2025-04-22,2025-04-22,4,0,On Time
PO006831,S002,P0016,W001,2025-06-14,898,2025-06-27,2025-06-27,13,0,On Time
PO006832,S025,P0073,W006,2025-04-01,984,2025-04-13,2025-04-15,14,2,Late
PO006833,S024,P0081,W008,2025-07-11,837,2025-07-22,2025-07-23,12,1,Late
PO006834,S006,P0099,W006,2025-12-01,145,2025-12-06,2025-12-06,5,0,On Time
PO006835,S017,P0060,W001,2025-03-27,433,2025-04-05,2025-04-05,9,0,On Time
PO006836,S018,P0047,W001,2025-08-10,634,2025-08-14,2025-08-14,4,0,On Time
PO006837,S004,P0015,W005,2025-12-29,694,2026-01-12,2026-01-17,19,5,Late
PO006838,S023,P0063,W005,2025-04-11,529,2025-04-23,2025-04-23,12,0,On Time
PO006839,S009,P0028,W001,2025-08-14,520,2025-08-20,2025-08-20,6,0,On Time
PO006840,S010,P0020,W006,2025-12-30,846,2026-01-10,2026-01-13,14,3,Late
PO006841,S021,P0097,W006,2025-03-01,140,2025-03-15,2025-03-15,14,0,On Time
PO006842,S002,P0063,W001,2025-09-07,771,2025-09-20,2025-09-22,15,2,Late
PO006843,S011,P0033,W006,2025-02-17,932,2025-02-22,2025-02-24,7,2,Late
PO006844,S011,P0036,W005,2025-04-27,626,2025-05-02,2025-05-02,5,0,On Time
PO006845,S011,P0013,W001,2025-08-15,981,2025-08-20,2025-08-20,5,0,On Time
PO006846,S001,P0062,W005,2025-12-28,227,2026-01-10,2026-01-11,14,1,Late
PO006847,S014,P0068,W006,2025-02-02,680,2025-02-11,2025-02-11,9,0,On Time
PO006848,S001,P0023,W006,2025-02-13,369,2025-02-26,2025-02-26,13,0,On Time
PO006849,S021,P0072,W004,2025-06-14,839,2025-06-28,2025-06-28,14,0,On Time
PO006850,S023,P0013,W002,2025-12-11,212,2025-12-23,2025-12-23,12,0,On Time
PO006851,S025,P0088,W002,2025-10-19,673,2025-10-31,2025-10-31,12,0,On Time
PO006852,S009,P0040,W007,2025-12-03,803,2025-12-09,2025-12-09,6,0,On Time
PO006853,S024,P0030,W005,2025-12-10,842,2025-12-21,2025-12-21,11,0,On Time
PO006854,S001,P0094,W001,2025-10-14,412,2025-10-27,2025-10-27,13,0,On Time
PO006855,S021,P0025,W002,2025-12-30,516,2026-01-13,2026-01-13,14,0,On Time
PO006856,S022,P0097,W006,2025-08-13,411,2025-08-17,2025-08-17,4,0,On Time
PO006857,S022,P0073,W008,2025-10-13,732,2025-10-17,2025-10-19,6,2,Late
PO006858,S004,P0026,W003,2025-07-23,693,2025-08-06,2025-08-06,14,0,On Time
PO006859,S001,P0024,W001,2025-06-21,128,2025-07-04,2025-07-09,18,5,Late
PO006860,S019,P0097,W005,2025-01-12,948,2025-01-18,2025-01-18,6,0,On Time
PO006861,S010,P0039,W006,2025-11-03,489,2025-11-14,2025-11-14,11,0,On Time
PO006862,S015,P0089,W006,2025-05-01,369,2025-05-08,2025-05-10,9,2,Late
PO006863,S020,P0079,W003,2025-09-01,794,2025-09-12,2025-09-12,11,0,On Time
PO006864,S004,P0061,W005,2025-06-01,741,2025-06-15,2025-06-15,14,0,On Time
PO006865,S020,P0049,W007,2025-06-01,168,2025-06-12,2025-06-12,11,0,On Time
PO006866,S014,P0041,W001,2025-07-07,275,2025-07-16,2025-07-16,9,0,On Time
PO006867,S005,P0070,W006,2025-01-13,408,2025-01-27,2025-01-27,14,0,On Time
PO006868,S015,P0020,W007,2025-04-01,218,2025-04-08,2025-04-08,7,0,On Time
PO006869,S015,P0044,W004,2025-07-19,927,2025-07-26,2025-07-26,7,0,On Time
PO006870,S025,P0016,W006,2025-03-15,462,2025-03-27,2025-03-30,15,3,Late
PO006871,S016,P0021,W004,2025-09-13,868,2025-09-24,2025-09-26,13,2,Late
PO006872,S016,P0015,W008,2025-10-03,205,2025-10-14,2025-10-14,11,0,On Time
PO006873,S004,P0039,W004,2025-11-24,363,2025-12-08,2025-12-11,17,3,Late
PO006874,S025,P0042,W001,2025-11-25,696,2025-12-07,2025-12-07,12,0,On Time
PO006875,S009,P0061,W008,2025-03-12,127,2025-03-18,2025-03-18,6,0,On Time
PO006876,S001,P0004,W001,2025-03-19,614,2025-04-01,2025-04-03,15,2,Late
PO006877,S005,P0024,W003,2025-10-11,832,2025-10-25,2025-10-25,14,0,On Time
PO006878,S009,P0003,W006,2025-05-10,99,2025-05-16,2025-05-16,6,0,On Time
PO006879,S020,P0001,W001,2025-02-12,272,2025-02-23,2025-02-23,11,0,On Time
PO006880,S005,P0094,W001,2025-01-08,44,2025-01-22,2025-01-22,14,0,On Time
PO006881,S004,P0013,W003,2025-01-13,302,2025-01-27,2025-01-27,14,0,On Time
PO006882,S016,P0054,W003,2025-08-01,582,2025-08-12,2025-08-14,13,2,Late
PO006883,S002,P0082,W006,2025-04-21,906,2025-05-04,2025-05-04,13,0,On Time
PO006884,S016,P0040,W007,2025-10-18,957,2025-10-29,2025-10-29,11,0,On Time
PO006885,S018,P0011,W005,2025-01-23,639,2025-01-27,2025-01-27,4,0,On Time
PO006886,S002,P0042,W002,2025-10-29,986,2025-11-11,2025-11-13,15,2,Late
PO006887,S016,P0093,W006,2025-09-11,257,2025-09-22,2025-09-22,11,0,On Time
PO006888,S001,P0004,W002,2025-01-15,957,2025-01-28,2025-01-28,13,0,On Time
PO006889,S016,P0025,W008,2025-05-10,335,2025-05-21,2025-05-23,13,2,Late
PO006890,S003,P0100,W008,2025-03-02,859,2025-03-14,2025-03-14,12,0,On Time
PO006891,S015,P0036,W005,2025-04-25,482,2025-05-02,2025-05-02,7,0,On Time
PO006892,S011,P0064,W004,2025-11-16,717,2025-11-21,2025-11-21,5,0,On Time
PO006893,S010,P0044,W007,2025-11-04,611,2025-11-15,2025-11-15,11,0,On Time
PO006894,S017,P0040,W006,2025-11-21,859,2025-11-30,2025-11-30,9,0,On Time
PO006895,S004,P0092,W001,2025-03-08,627,2025-03-22,2025-03-22,14,0,On Time
PO006896,S017,P0045,W003,2025-09-06,401,2025-09-15,2025-09-15,9,0,On Time
PO006897,S004,P0008,W006,2025-06-24,484,2025-07-08,2025-07-15,21,7,Late
PO006898,S019,P0085,W003,2025-12-05,169,2025-12-11,2025-12-11,6,0,On Time
PO006899,S025,P0035,W004,2025-01-02,371,2025-01-14,2025-01-14,12,0,On Time
PO006900,S001,P0044,W003,2025-06-21,461,2025-07-04,2025-07-06,15,2,Late
PO006901,S014,P0018,W004,2025-11-30,414,2025-12-09,2025-12-09,9,0,On Time
PO006902,S024,P0047,W007,2025-10-11,384,2025-10-22,2025-10-22,11,0,On Time
PO006903,S011,P0025,W005,2025-02-23,25,2025-02-28,2025-02-28,5,0,On Time
PO006904,S025,P0041,W004,2025-03-08,553,2025-03-20,2025-03-20,12,0,On Time
PO006905,S007,P0005,W008,2025-04-12,993,2025-04-26,2025-04-26,14,0,On Time
PO006906,S017,P0064,W002,2025-04-30,239,2025-05-09,2025-05-09,9,0,On Time
PO006907,S004,P0062,W008,2025-07-10,890,2025-07-24,2025-07-26,16,2,Late
PO006908,S010,P0072,W006,2025-10-31,31,2025-11-11,2025-11-11,11,0,On Time
PO006909,S017,P0087,W008,2025-02-16,814,2025-02-25,2025-02-25,9,0,On Time
PO006910,S004,P0003,W008,2025-08-10,404,2025-08-24,2025-08-24,14,0,On Time
PO006911,S019,P0037,W008,2025-01-21,723,2025-01-27,2025-01-29,8,2,Late
PO006912,S018,P0095,W004,2025-06-07,477,2025-06-11,2025-06-11,4,0,On Time
PO006913,S017,P0093,W006,2025-12-14,244,2025-12-23,2025-12-25,11,2,Late
PO006914,S006,P0041,W005,2025-06-08,355,2025-06-13,2025-06-14,6,1,Late
PO006915,S007,P0020,W007,2025-08-23,186,2025-09-06,2025-09-06,14,0,On Time
PO006916,S006,P0067,W008,2025-05-30,335,2025-06-04,2025-06-04,5,0,On Time
PO006917,S025,P0087,W004,2025-09-14,135,2025-09-26,2025-09-26,12,0,On Time
PO006918,S012,P0040,W005,2025-06-14,857,2025-06-21,2025-06-21,7,0,On Time
PO006919,S009,P0085,W002,2025-03-18,969,2025-03-24,2025-03-24,6,0,On Time
PO006920,S018,P0077,W007,2025-03-26,940,2025-03-30,2025-04-02,7,3,Late
PO006921,S002,P0008,W001,2025-02-15,517,2025-02-28,2025-03-01,14,1,Late
PO006922,S025,P0005,W005,2025-02-16,167,2025-02-28,2025-02-28,12,0,On Time
PO006923,S017,P0025,W001,2025-08-01,55,2025-08-10,2025-08-12,11,2,Late
PO006924,S021,P0039,W005,2025-02-28,426,2025-03-14,2025-03-14,14,0,On Time
PO006925,S001,P0037,W008,2025-02-23,995,2025-03-08,2025-03-08,13,0,On Time
PO006926,S023,P0005,W007,2025-12-08,404,2025-12-20,2025-12-20,12,0,On Time
PO006927,S009,P0008,W004,2025-01-12,776,2025-01-18,2025-01-18,6,0,On Time
PO006928,S006,P0004,W001,2025-07-11,430,2025-07-16,2025-07-16,5,0,On Time
PO006929,S002,P0041,W007,2025-01-06,327,2025-01-19,2025-01-19,13,0,On Time
PO006930,S006,P0060,W005,2025-11-05,661,2025-11-10,2025-11-15,10,5,Late
PO006931,S009,P0054,W006,2025-05-24,259,2025-05-30,2025-05-30,6,0,On Time
PO006932,S003,P0022,W005,2025-12-12,936,2025-12-24,2025-12-27,15,3,Late
PO006933,S016,P0078,W001,2025-09-18,924,2025-09-29,2025-09-29,11,0,On Time
PO006934,S025,P0019,W006,2025-03-14,386,2025-03-26,2025-03-26,12,0,On Time
PO006935,S024,P0077,W008,2025-06-23,875,2025-07-04,2025-07-07,14,3,Late
PO006936,S015,P0099,W007,2025-08-20,323,2025-08-27,2025-08-27,7,0,On Time
PO006937,S012,P0068,W005,2025-09-27,636,2025-10-04,2025-10-07,10,3,Late
PO006938,S023,P0033,W001,2025-12-28,186,2026-01-09,2026-01-09,12,0,On Time
PO006939,S008,P0022,W002,2025-08-10,573,2025-08-19,2025-08-24,14,5,Late
PO006940,S006,P0065,W003,2025-02-21,986,2025-02-26,2025-02-26,5,0,On Time
PO006941,S003,P0011,W002,2025-04-26,785,2025-05-08,2025-05-08,12,0,On Time
PO006942,S023,P0016,W001,2025-01-26,881,2025-02-07,2025-02-08,13,1,Late
PO006943,S004,P0068,W004,2025-02-22,320,2025-03-08,2025-03-10,16,2,Late
PO006944,S010,P0093,W004,2025-12-31,917,2026-01-11,2026-01-11,11,0,On Time
PO006945,S014,P0044,W003,2025-01-29,991,2025-02-07,2025-02-14,16,7,Late
PO006946,S021,P0088,W001,2025-01-19,224,2025-02-02,2025-02-03,15,1,Late
PO006947,S024,P0009,W006,2025-10-30,214,2025-11-10,2025-11-10,11,0,On Time
PO006948,S015,P0072,W005,2025-10-06,190,2025-10-13,2025-10-13,7,0,On Time
PO006949,S007,P0078,W002,2025-04-27,781,2025-05-11,2025-05-11,14,0,On Time
PO006950,S007,P0079,W006,2025-04-16,635,2025-04-30,2025-04-30,14,0,On Time
PO006951,S008,P0062,W007,2025-11-05,894,2025-11-14,2025-11-14,9,0,On Time
PO006952,S010,P0086,W002,2025-08-15,421,2025-08-26,2025-08-28,13,2,Late
PO006953,S019,P0015,W003,2025-12-18,58,2025-12-24,2025-12-25,7,1,Late
PO006954,S019,P0006,W008,2025-07-05,767,2025-07-11,2025-07-11,6,0,On Time
PO006955,S002,P0001,W003,2025-09-18,665,2025-10-01,2025-10-01,13,0,On Time
PO006956,S015,P0020,W007,2025-01-16,271,2025-01-23,2025-01-28,12,5,Late
PO006957,S001,P0036,W003,2025-09-30,701,2025-10-13,2025-10-13,13,0,On Time
PO006958,S010,P0002,W008,2025-06-09,967,2025-06-20,2025-06-20,11,0,On Time
PO006959,S006,P0070,W007,2025-12-24,302,2025-12-29,2025-12-29,5,0,On Time
PO006960,S022,P0002,W006,2025-09-07,226,2025-09-11,2025-09-13,6,2,Late
PO006961,S013,P0003,W006,2025-08-12,519,2025-08-17,2025-08-24,12,7,Late
PO006962,S010,P0007,W003,2025-09-13,162,2025-09-24,2025-10-01,18,7,Late
PO006963,S012,P0084,W006,2025-06-29,38,2025-07-06,2025-07-11,12,5,Late
PO006964,S024,P0064,W003,2025-01-20,721,2025-01-31,2025-01-31,11,0,On Time
PO006965,S006,P0041,W008,2025-04-22,595,2025-04-27,2025-04-27,5,0,On Time
PO006966,S006,P0054,W006,2025-04-30,761,2025-05-05,2025-05-05,5,0,On Time
PO006967,S001,P0041,W003,2025-07-13,838,2025-07-26,2025-07-26,13,0,On Time
PO006968,S012,P0005,W005,2025-04-21,706,2025-04-28,2025-04-28,7,0,On Time
PO006969,S023,P0089,W008,2025-07-29,844,2025-08-10,2025-08-10,12,0,On Time
PO006970,S023,P0082,W005,2025-01-01,39,2025-01-13,2025-01-13,12,0,On Time
PO006971,S010,P0063,W007,2025-02-27,807,2025-03-10,2025-03-10,11,0,On Time
PO006972,S025,P0001,W002,2025-04-03,869,2025-04-15,2025-04-15,12,0,On Time
PO006973,S014,P0025,W007,2025-08-09,467,2025-08-18,2025-08-18,9,0,On Time
PO006974,S015,P0081,W002,2025-07-30,245,2025-08-06,2025-08-09,10,3,Late
PO006975,S023,P0046,W007,2025-08-20,762,2025-09-01,2025-09-02,13,1,Late
PO006976,S024,P0015,W003,2025-09-19,120,2025-09-30,2025-10-05,16,5,Late
PO006977,S004,P0069,W002,2025-12-30,758,2026-01-13,2026-01-13,14,0,On Time
PO006978,S025,P0017,W006,2025-04-13,313,2025-04-25,2025-04-25,12,0,On Time
PO006979,S001,P0021,W003,2025-02-19,569,2025-03-04,2025-03-04,13,0,On Time
PO006980,S008,P0053,W005,2025-04-20,84,2025-04-29,2025-04-30,10,1,Late
PO006981,S003,P0055,W004,2025-03-29,518,2025-04-10,2025-04-13,15,3,Late
PO006982,S014,P0087,W005,2025-01-20,95,2025-01-29,2025-01-29,9,0,On Time
PO006983,S017,P0010,W001,2025-01-14,920,2025-01-23,2025-01-26,12,3,Late
PO006984,S002,P0081,W005,2025-05-13,723,2025-05-26,2025-05-26,13,0,On Time
PO006985,S015,P0057,W001,2025-10-23,654,2025-10-30,2025-10-30,7,0,On Time
PO006986,S006,P0065,W002,2025-02-03,144,2025-02-08,2025-02-08,5,0,On Time
PO006987,S005,P0037,W005,2025-07-27,46,2025-08-10,2025-08-10,14,0,On Time
PO006988,S014,P0007,W004,2025-10-28,634,2025-11-06,2025-11-06,9,0,On Time
PO006989,S019,P0076,W006,2025-07-18,295,2025-07-24,2025-07-24,6,0,On Time
PO006990,S009,P0040,W005,2025-03-21,591,2025-03-27,2025-03-29,8,2,Late
PO006991,S008,P0050,W006,2025-03-12,699,2025-03-21,2025-03-21,9,0,On Time
PO006992,S003,P0001,W005,2025-06-04,102,2025-06-16,2025-06-16,12,0,On Time
PO006993,S018,P0020,W005,2025-03-19,505,2025-03-23,2025-03-28,9,5,Late
PO006994,S008,P0031,W008,2025-03-19,482,2025-03-28,2025-03-28,9,0,On Time
PO006995,S016,P0068,W006,2025-06-21,25,2025-07-02,2025-07-02,11,0,On Time
PO006996,S015,P0090,W006,2025-10-16,988,2025-10-23,2025-10-23,7,0,On Time
PO006997,S021,P0012,W003,2025-02-02,695,2025-02-16,2025-02-19,17,3,Late
PO006998,S015,P0022,W005,2025-10-27,387,2025-11-03,2025-11-03,7,0,On Time
PO006999,S016,P0001,W005,2025-10-03,490,2025-10-14,2025-10-15,12,1,Late
PO007000,S025,P0001,W008,2025-01-07,733,2025-01-19,2025-01-26,19,7,Late
PO007001,S001,P0003,W004,2025-06-09,468,2025-06-22,2025-06-24,15,2,Late
PO007002,S010,P0076,W006,2025-08-28,926,2025-09-08,2025-09-08,11,0,On Time
PO007003,S019,P0021,W008,2025-01-24,708,2025-01-30,2025-02-01,8,2,Late
PO007004,S005,P0013,W006,2025-08-02,389,2025-08-16,2025-08-17,15,1,Late
PO007005,S018,P0061,W001,2025-03-11,359,2025-03-15,2025-03-15,4,0,On Time
PO007006,S003,P0013,W001,2025-08-04,687,2025-08-16,2025-08-16,12,0,On Time
PO007007,S004,P0082,W006,2025-04-14,297,2025-04-28,2025-04-29,15,1,Late
PO007008,S004,P0033,W004,2025-08-03,359,2025-08-17,2025-08-17,14,0,On Time
PO007009,S011,P0006,W008,2025-02-23,834,2025-02-28,2025-02-28,5,0,On Time
PO007010,S009,P0025,W002,2025-10-21,633,2025-10-27,2025-10-28,7,1,Late
PO007011,S001,P0023,W005,2025-11-26,99,2025-12-09,2025-12-12,16,3,Late
PO007012,S025,P0088,W002,2025-12-02,725,2025-12-14,2025-12-14,12,0,On Time
PO007013,S016,P0026,W004,2025-07-22,812,2025-08-02,2025-08-02,11,0,On Time
PO007014,S009,P0004,W002,2025-10-15,622,2025-10-21,2025-10-21,6,0,On Time
PO007015,S011,P0035,W001,2025-02-14,86,2025-02-19,2025-02-20,6,1,Late
PO007016,S006,P0075,W003,2025-11-13,234,2025-11-18,2025-11-25,12,7,Late
PO007017,S017,P0100,W002,2025-07-17,435,2025-07-26,2025-07-27,10,1,Late
PO007018,S012,P0025,W003,2025-08-04,164,2025-08-11,2025-08-11,7,0,On Time
PO007019,S022,P0020,W002,2025-11-05,571,2025-11-09,2025-11-16,11,7,Late
PO007020,S008,P0001,W008,2025-11-28,743,2025-12-07,2025-12-07,9,0,On Time
PO007021,S016,P0094,W004,2025-07-03,305,2025-07-14,2025-07-14,11,0,On Time
PO007022,S005,P0068,W003,2025-01-27,590,2025-02-10,2025-02-10,14,0,On Time
PO007023,S021,P0023,W002,2025-06-15,559,2025-06-29,2025-06-29,14,0,On Time
PO007024,S001,P0099,W004,2025-11-14,66,2025-11-27,2025-11-27,13,0,On Time
PO007025,S017,P0022,W007,2025-10-01,256,2025-10-10,2025-10-10,9,0,On Time
PO007026,S024,P0095,W007,2025-12-31,136,2026-01-11,2026-01-12,12,1,Late
PO007027,S021,P0062,W006,2025-04-13,170,2025-04-27,2025-04-30,17,3,Late
PO007028,S008,P0001,W008,2025-11-29,102,2025-12-08,2025-12-08,9,0,On Time
PO007029,S010,P0059,W007,2025-04-14,76,2025-04-25,2025-04-25,11,0,On Time
PO007030,S018,P0068,W001,2025-09-02,748,2025-09-06,2025-09-06,4,0,On Time
PO007031,S015,P0019,W005,2025-11-01,404,2025-11-08,2025-11-09,8,1,Late
PO007032,S020,P0030,W004,2025-06-18,239,2025-06-29,2025-06-29,11,0,On Time
PO007033,S013,P0001,W004,2025-04-26,304,2025-05-01,2025-05-06,10,5,Late
PO007034,S010,P0048,W001,2025-05-21,773,2025-06-01,2025-06-01,11,0,On Time
PO007035,S009,P0019,W003,2025-12-22,453,2025-12-28,2025-12-28,6,0,On Time
PO007036,S013,P0052,W002,2025-05-05,339,2025-05-10,2025-05-10,5,0,On Time
PO007037,S003,P0085,W003,2025-01-25,630,2025-02-06,2025-02-06,12,0,On Time
PO007038,S022,P0022,W008,2025-07-13,261,2025-07-17,2025-07-20,7,3,Late
PO007039,S023,P0050,W004,2025-04-10,484,2025-04-22,2025-04-27,17,5,Late
PO007040,S003,P0066,W006,2025-01-05,222,2025-01-17,2025-01-17,12,0,On Time
PO007041,S001,P0006,W007,2025-01-19,568,2025-02-01,2025-02-03,15,2,Late
PO007042,S002,P0064,W002,2025-06-19,777,2025-07-02,2025-07-02,13,0,On Time
PO007043,S011,P0021,W007,2025-10-01,464,2025-10-06,2025-10-06,5,0,On Time
PO007044,S014,P0097,W007,2025-09-11,659,2025-09-20,2025-09-23,12,3,Late
PO007045,S010,P0019,W005,2025-05-01,154,2025-05-12,2025-05-12,11,0,On Time
PO007046,S007,P0091,W007,2025-02-01,877,2025-02-15,2025-02-15,14,0,On Time
PO007047,S023,P0037,W008,2025-05-29,874,2025-06-10,2025-06-10,12,0,On Time
PO007048,S001,P0063,W008,2025-09-23,595,2025-10-06,2025-10-06,13,0,On Time
PO007049,S007,P0029,W008,2025-02-06,805,2025-02-20,2025-02-20,14,0,On Time
PO007050,S015,P0060,W005,2025-06-26,560,2025-07-03,2025-07-05,9,2,Late
PO007051,S011,P0092,W002,2025-12-08,506,2025-12-13,2025-12-13,5,0,On Time
PO007052,S006,P0034,W008,2025-01-13,901,2025-01-18,2025-01-18,5,0,On Time
PO007053,S022,P0001,W004,2025-07-02,757,2025-07-06,2025-07-06,4,0,On Time
PO007054,S007,P0048,W006,2025-05-25,591,2025-06-08,2025-06-08,14,0,On Time
PO007055,S007,P0089,W001,2025-09-22,505,2025-10-06,2025-10-08,16,2,Late
PO007056,S001,P0021,W007,2025-03-29,585,2025-04-11,2025-04-16,18,5,Late
PO007057,S010,P0034,W006,2025-02-15,859,2025-02-26,2025-03-05,18,7,Late
PO007058,S021,P0026,W007,2025-04-29,680,2025-05-13,2025-05-13,14,0,On Time
PO007059,S015,P0036,W007,2025-01-19,424,2025-01-26,2025-02-02,14,7,Late
PO007060,S008,P0099,W003,2025-08-08,589,2025-08-17,2025-08-17,9,0,On Time
PO007061,S024,P0023,W006,2025-08-21,452,2025-09-01,2025-09-01,11,0,On Time
PO007062,S019,P0081,W006,2025-04-04,567,2025-04-10,2025-04-12,8,2,Late
PO007063,S003,P0047,W003,2025-09-08,676,2025-09-20,2025-09-20,12,0,On Time
PO007064,S023,P0076,W001,2025-09-07,269,2025-09-19,2025-09-19,12,0,On Time
PO007065,S015,P0044,W001,2025-10-09,99,2025-10-16,2025-10-21,12,5,Late
PO007066,S004,P0020,W005,2025-08-20,968,2025-09-03,2025-09-05,16,2,Late
PO007067,S006,P0027,W008,2025-02-15,34,2025-02-20,2025-02-20,5,0,On Time
PO007068,S025,P0061,W007,2025-02-15,994,2025-02-27,2025-03-01,14,2,Late
PO007069,S010,P0037,W008,2025-01-14,59,2025-01-25,2025-01-28,14,3,Late
PO007070,S018,P0084,W001,2025-03-26,100,2025-03-30,2025-04-04,9,5,Late
PO007071,S016,P0052,W002,2025-11-15,529,2025-11-26,2025-11-26,11,0,On Time
PO007072,S018,P0075,W005,2025-11-24,326,2025-11-28,2025-11-29,5,1,Late
PO007073,S006,P0092,W008,2025-01-03,724,2025-01-08,2025-01-10,7,2,Late
PO007074,S019,P0062,W004,2025-01-28,416,2025-02-03,2025-02-04,7,1,Late
PO007075,S017,P0066,W005,2025-06-06,697,2025-06-15,2025-06-15,9,0,On Time
PO007076,S018,P0024,W007,2025-12-09,989,2025-12-13,2025-12-13,4,0,On Time
PO007077,S013,P0080,W006,2025-11-29,884,2025-12-04,2025-12-04,5,0,On Time
PO007078,S007,P0012,W006,2025-11-28,941,2025-12-12,2025-12-19,21,7,Late
PO007079,S020,P0016,W005,2025-06-24,223,2025-07-05,2025-07-05,11,0,On Time
PO007080,S012,P0036,W003,2025-04-24,230,2025-05-01,2025-05-01,7,0,On Time
PO007081,S002,P0002,W007,2025-11-27,418,2025-12-10,2025-12-12,15,2,Late
PO007082,S012,P0089,W001,2025-09-07,392,2025-09-14,2025-09-14,7,0,On Time
PO007083,S012,P0062,W006,2025-02-28,408,2025-03-07,2025-03-07,7,0,On Time
PO007084,S024,P0064,W006,2025-07-22,277,2025-08-02,2025-08-02,11,0,On Time
PO007085,S004,P0029,W002,2025-11-11,134,2025-11-25,2025-11-25,14,0,On Time
PO007086,S004,P0092,W007,2025-08-27,353,2025-09-10,2025-09-15,19,5,Late
PO007087,S018,P0074,W001,2025-08-22,368,2025-08-26,2025-08-27,5,1,Late
PO007088,S016,P0087,W007,2025-10-30,252,2025-11-10,2025-11-10,11,0,On Time
PO007089,S014,P0096,W006,2025-04-05,528,2025-04-14,2025-04-21,16,7,Late
PO007090,S017,P0031,W003,2025-05-21,468,2025-05-30,2025-05-30,9,0,On Time
PO007091,S017,P0083,W006,2025-11-30,96,2025-12-09,2025-12-09,9,0,On Time
PO007092,S003,P0015,W001,2025-04-23,847,2025-05-05,2025-05-05,12,0,On Time
PO007093,S006,P0055,W002,2025-04-19,627,2025-04-24,2025-05-01,12,7,Late
PO007094,S023,P0033,W008,2025-12-28,117,2026-01-09,2026-01-09,12,0,On Time
PO007095,S013,P0081,W008,2025-12-11,587,2025-12-16,2025-12-17,6,1,Late
PO007096,S009,P0052,W001,2025-10-16,649,2025-10-22,2025-10-22,6,0,On Time
PO007097,S021,P0100,W007,2025-04-07,481,2025-04-21,2025-04-21,14,0,On Time
PO007098,S009,P0020,W007,2025-12-01,519,2025-12-07,2025-12-12,11,5,Late
PO007099,S008,P0073,W003,2025-01-16,650,2025-01-25,2025-01-25,9,0,On Time
PO007100,S017,P0038,W002,2025-02-13,57,2025-02-22,2025-02-24,11,2,Late
PO007101,S016,P0003,W008,2025-08-18,716,2025-08-29,2025-08-29,11,0,On Time
PO007102,S016,P0054,W001,2025-04-18,377,2025-04-29,2025-05-01,13,2,Late
PO007103,S019,P0066,W003,2025-08-05,261,2025-08-11,2025-08-13,8,2,Late
PO007104,S024,P0018,W003,2025-09-17,70,2025-09-28,2025-09-28,11,0,On Time
PO007105,S016,P0087,W005,2025-11-08,444,2025-11-19,2025-11-19,11,0,On Time
PO007106,S025,P0083,W006,2025-11-16,994,2025-11-28,2025-12-05,19,7,Late
PO007107,S014,P0007,W007,2025-07-15,146,2025-07-24,2025-07-27,12,3,Late
PO007108,S020,P0035,W002,2025-04-05,122,2025-04-16,2025-04-16,11,0,On Time
PO007109,S014,P0084,W002,2025-02-25,985,2025-03-06,2025-03-07,10,1,Late
PO007110,S014,P0084,W006,2025-02-01,496,2025-02-10,2025-02-12,11,2,Late
PO007111,S014,P0083,W007,2025-08-19,248,2025-08-28,2025-08-28,9,0,On Time
PO007112,S012,P0080,W007,2025-01-09,742,2025-01-16,2025-01-16,7,0,On Time
PO007113,S006,P0085,W001,2025-07-10,455,2025-07-15,2025-07-22,12,7,Late
PO007114,S020,P0093,W005,2025-12-27,404,2026-01-07,2026-01-12,16,5,Late
PO007115,S013,P0060,W002,2025-07-19,104,2025-07-24,2025-07-27,8,3,Late
PO007116,S016,P0024,W003,2025-11-30,378,2025-12-11,2025-12-11,11,0,On Time
PO007117,S009,P0093,W002,2025-06-10,805,2025-06-16,2025-06-23,13,7,Late
PO007118,S002,P0095,W005,2025-03-28,46,2025-04-10,2025-04-10,13,0,On Time
PO007119,S022,P0039,W006,2025-01-21,879,2025-01-25,2025-01-25,4,0,On Time
PO007120,S003,P0012,W004,2025-11-07,91,2025-11-19,2025-11-20,13,1,Late
PO007121,S010,P0094,W006,2025-03-17,114,2025-03-28,2025-03-31,14,3,Late
PO007122,S020,P0053,W003,2025-05-21,607,2025-06-01,2025-06-01,11,0,On Time
PO007123,S002,P0064,W002,2025-05-06,445,2025-05-19,2025-05-24,18,5,Late
PO007124,S024,P0004,W006,2025-09-08,25,2025-09-19,2025-09-24,16,5,Late
PO007125,S010,P0094,W003,2025-03-25,109,2025-04-05,2025-04-05,11,0,On Time
PO007126,S008,P0005,W008,2025-02-17,611,2025-02-26,2025-03-03,14,5,Late
PO007127,S017,P0016,W007,2025-03-19,241,2025-03-28,2025-04-02,14,5,Late
PO007128,S022,P0027,W001,2025-01-30,614,2025-02-03,2025-02-03,4,0,On Time
PO007129,S001,P0004,W008,2025-10-12,613,2025-10-25,2025-10-25,13,0,On Time
PO007130,S006,P0072,W008,2025-05-16,171,2025-05-21,2025-05-21,5,0,On Time
PO007131,S007,P0048,W003,2025-05-20,576,2025-06-03,2025-06-03,14,0,On Time
PO007132,S015,P0008,W002,2025-02-10,231,2025-02-17,2025-02-19,9,2,Late
PO007133,S018,P0081,W001,2025-10-09,602,2025-10-13,2025-10-13,4,0,On Time
PO007134,S009,P0046,W001,2025-02-19,282,2025-02-25,2025-03-02,11,5,Late
PO007135,S008,P0044,W008,2025-09-15,931,2025-09-24,2025-10-01,16,7,Late
PO007136,S025,P0067,W001,2025-11-07,401,2025-11-19,2025-11-19,12,0,On Time
PO007137,S010,P0091,W004,2025-12-26,589,2026-01-06,2026-01-06,11,0,On Time
PO007138,S004,P0052,W004,2025-09-27,76,2025-10-11,2025-10-11,14,0,On Time
PO007139,S020,P0034,W001,2025-05-14,445,2025-05-25,2025-05-25,11,0,On Time
PO007140,S008,P0062,W008,2025-08-22,642,2025-08-31,2025-08-31,9,0,On Time
PO007141,S001,P0021,W006,2025-05-08,161,2025-05-21,2025-05-21,13,0,On Time
PO007142,S008,P0024,W008,2025-04-14,587,2025-04-23,2025-04-23,9,0,On Time
PO007143,S023,P0044,W006,2025-09-11,543,2025-09-23,2025-09-23,12,0,On Time
PO007144,S012,P0041,W006,2025-04-05,880,2025-04-12,2025-04-17,12,5,Late
PO007145,S023,P0029,W002,2025-12-03,34,2025-12-15,2025-12-15,12,0,On Time
PO007146,S025,P0006,W001,2025-08-05,27,2025-08-17,2025-08-17,12,0,On Time
PO007147,S015,P0056,W006,2025-03-02,250,2025-03-09,2025-03-09,7,0,On Time
PO007148,S013,P0014,W001,2025-09-25,205,2025-09-30,2025-09-30,5,0,On Time
PO007149,S016,P0050,W003,2025-08-29,72,2025-09-09,2025-09-09,11,0,On Time
PO007150,S023,P0078,W006,2025-01-13,156,2025-01-25,2025-01-25,12,0,On Time
PO007151,S018,P0052,W008,2025-05-27,193,2025-05-31,2025-05-31,4,0,On Time
PO007152,S001,P0088,W003,2025-08-28,879,2025-09-10,2025-09-10,13,0,On Time
PO007153,S017,P0077,W003,2025-03-30,238,2025-04-08,2025-04-08,9,0,On Time
PO007154,S016,P0001,W006,2025-04-05,282,2025-04-16,2025-04-16,11,0,On Time
PO007155,S023,P0012,W005,2025-11-11,274,2025-11-23,2025-11-23,12,0,On Time
PO007156,S005,P0024,W003,2025-10-20,831,2025-11-03,2025-11-04,15,1,Late
PO007157,S020,P0037,W006,2025-01-25,289,2025-02-05,2025-02-05,11,0,On Time
PO007158,S021,P0084,W007,2025-09-29,606,2025-10-13,2025-10-13,14,0,On Time
PO007159,S010,P0070,W003,2025-06-15,243,2025-06-26,2025-06-28,13,2,Late
PO007160,S006,P0076,W002,2025-09-07,902,2025-09-12,2025-09-17,10,5,Late
PO007161,S012,P0085,W004,2025-03-28,623,2025-04-04,2025-04-07,10,3,Late
PO007162,S010,P0003,W004,2025-05-22,153,2025-06-02,2025-06-02,11,0,On Time
PO007163,S022,P0027,W004,2025-05-14,182,2025-05-18,2025-05-18,4,0,On Time
PO007164,S017,P0053,W007,2025-10-06,729,2025-10-15,2025-10-15,9,0,On Time
PO007165,S002,P0100,W005,2025-05-06,720,2025-05-19,2025-05-22,16,3,Late
PO007166,S019,P0017,W001,2025-11-12,939,2025-11-18,2025-11-21,9,3,Late
PO007167,S020,P0015,W003,2025-05-21,92,2025-06-01,2025-06-01,11,0,On Time
PO007168,S006,P0039,W007,2025-12-22,917,2025-12-27,2025-12-27,5,0,On Time
PO007169,S013,P0004,W002,2025-04-13,737,2025-04-18,2025-04-18,5,0,On Time
PO007170,S009,P0017,W005,2025-08-14,966,2025-08-20,2025-08-20,6,0,On Time
PO007171,S012,P0011,W007,2025-03-04,562,2025-03-11,2025-03-16,12,5,Late
PO007172,S018,P0012,W004,2025-10-21,913,2025-10-25,2025-10-25,4,0,On Time
PO007173,S008,P0032,W005,2025-11-02,650,2025-11-11,2025-11-11,9,0,On Time
PO007174,S025,P0027,W007,2025-09-11,814,2025-09-23,2025-09-26,15,3,Late
PO007175,S018,P0044,W002,2025-06-29,503,2025-07-03,2025-07-03,4,0,On Time
PO007176,S025,P0043,W006,2025-02-09,897,2025-02-21,2025-02-21,12,0,On Time
PO007177,S023,P0091,W005,2025-09-21,690,2025-10-03,2025-10-03,12,0,On Time
PO007178,S025,P0049,W004,2025-07-08,274,2025-07-20,2025-07-20,12,0,On Time
PO007179,S022,P0093,W001,2025-01-08,776,2025-01-12,2025-01-12,4,0,On Time
PO007180,S002,P0073,W007,2025-04-14,637,2025-04-27,2025-04-27,13,0,On Time
PO007181,S008,P0043,W004,2025-08-13,217,2025-08-22,2025-08-22,9,0,On Time
PO007182,S010,P0003,W007,2025-02-03,446,2025-02-14,2025-02-14,11,0,On Time
PO007183,S009,P0029,W004,2025-08-24,512,2025-08-30,2025-08-30,6,0,On Time
PO007184,S024,P0085,W004,2025-08-16,651,2025-08-27,2025-08-30,14,3,Late
PO007185,S018,P0035,W007,2025-07-07,101,2025-07-11,2025-07-11,4,0,On Time
PO007186,S008,P0048,W005,2025-11-09,327,2025-11-18,2025-11-18,9,0,On Time
PO007187,S019,P0074,W002,2025-01-22,801,2025-01-28,2025-01-28,6,0,On Time
PO007188,S003,P0087,W004,2025-12-09,718,2025-12-21,2025-12-21,12,0,On Time
PO007189,S009,P0039,W008,2025-02-09,807,2025-02-15,2025-02-15,6,0,On Time
PO007190,S013,P0089,W006,2025-06-22,393,2025-06-27,2025-06-29,7,2,Late
PO007191,S009,P0024,W005,2025-06-28,583,2025-07-04,2025-07-04,6,0,On Time
PO007192,S025,P0020,W002,2025-03-27,478,2025-04-08,2025-04-09,13,1,Late
PO007193,S020,P0015,W001,2025-05-13,520,2025-05-24,2025-05-24,11,0,On Time
PO007194,S012,P0085,W008,2025-12-17,376,2025-12-24,2025-12-26,9,2,Late
PO007195,S023,P0076,W004,2025-01-13,315,2025-01-25,2025-02-01,19,7,Late
PO007196,S013,P0018,W003,2025-01-28,599,2025-02-02,2025-02-02,5,0,On Time
PO007197,S008,P0060,W005,2025-03-25,319,2025-04-03,2025-04-03,9,0,On Time
PO007198,S015,P0087,W006,2025-11-14,665,2025-11-21,2025-11-21,7,0,On Time
PO007199,S013,P0093,W001,2025-12-15,362,2025-12-20,2025-12-23,8,3,Late
PO007200,S021,P0041,W001,2025-12-09,139,2025-12-23,2025-12-23,14,0,On Time
PO007201,S013,P0100,W001,2025-10-07,588,2025-10-12,2025-10-13,6,1,Late
PO007202,S017,P0069,W005,2025-12-20,205,2025-12-29,2025-12-30,10,1,Late
PO007203,S015,P0090,W002,2025-09-20,603,2025-09-27,2025-09-27,7,0,On Time
PO007204,S025,P0075,W003,2025-06-15,177,2025-06-27,2025-06-27,12,0,On Time
PO007205,S022,P0011,W008,2025-10-20,247,2025-10-24,2025-10-24,4,0,On Time
PO007206,S019,P0056,W006,2025-03-09,327,2025-03-15,2025-03-17,8,2,Late
PO007207,S003,P0018,W002,2025-08-14,253,2025-08-26,2025-08-26,12,0,On Time
PO007208,S014,P0012,W004,2025-06-19,30,2025-06-28,2025-06-28,9,0,On Time
PO007209,S010,P0016,W003,2025-03-27,194,2025-04-07,2025-04-07,11,0,On Time
PO007210,S017,P0027,W002,2025-05-13,792,2025-05-22,2025-05-22,9,0,On Time
PO007211,S008,P0100,W004,2025-06-27,662,2025-07-06,2025-07-06,9,0,On Time
PO007212,S018,P0017,W007,2025-12-09,930,2025-12-13,2025-12-16,7,3,Late
PO007213,S012,P0085,W003,2025-09-09,917,2025-09-16,2025-09-16,7,0,On Time
PO007214,S017,P0031,W005,2025-01-15,21,2025-01-24,2025-01-26,11,2,Late
PO007215,S023,P0035,W006,2025-08-11,780,2025-08-23,2025-08-23,12,0,On Time
PO007216,S011,P0027,W007,2025-07-20,731,2025-07-25,2025-07-26,6,1,Late
PO007217,S009,P0087,W006,2025-04-17,201,2025-04-23,2025-04-23,6,0,On Time
PO007218,S022,P0032,W004,2025-09-07,961,2025-09-11,2025-09-16,9,5,Late
PO007219,S024,P0017,W002,2025-03-30,369,2025-04-10,2025-04-10,11,0,On Time
PO007220,S024,P0011,W003,2025-05-05,658,2025-05-16,2025-05-16,11,0,On Time
PO007221,S025,P0001,W004,2025-04-23,401,2025-05-05,2025-05-05,12,0,On Time
PO007222,S023,P0092,W004,2025-05-17,316,2025-05-29,2025-05-29,12,0,On Time
PO007223,S025,P0082,W005,2025-09-04,216,2025-09-16,2025-09-16,12,0,On Time
PO007224,S015,P0049,W004,2025-06-15,305,2025-06-22,2025-06-22,7,0,On Time
PO007225,S009,P0041,W003,2025-05-30,575,2025-06-05,2025-06-06,7,1,Late
PO007226,S012,P0020,W001,2025-12-29,541,2026-01-05,2026-01-05,7,0,On Time
PO007227,S011,P0071,W003,2025-12-09,244,2025-12-14,2025-12-14,5,0,On Time
PO007228,S017,P0037,W003,2025-03-09,747,2025-03-18,2025-03-23,14,5,Late
PO007229,S006,P0016,W005,2025-08-09,742,2025-08-14,2025-08-14,5,0,On Time
PO007230,S008,P0039,W005,2025-09-28,305,2025-10-07,2025-10-07,9,0,On Time
PO007231,S010,P0045,W006,2025-11-17,748,2025-11-28,2025-11-30,13,2,Late
PO007232,S025,P0064,W007,2025-11-06,350,2025-11-18,2025-11-18,12,0,On Time
PO007233,S015,P0047,W006,2025-12-15,580,2025-12-22,2025-12-22,7,0,On Time
PO007234,S004,P0023,W004,2025-01-20,182,2025-02-03,2025-02-03,14,0,On Time
PO007235,S018,P0032,W008,2025-10-16,212,2025-10-20,2025-10-20,4,0,On Time
PO007236,S011,P0049,W006,2025-04-10,164,2025-04-15,2025-04-15,5,0,On Time
PO007237,S009,P0081,W005,2025-09-09,690,2025-09-15,2025-09-15,6,0,On Time
PO007238,S009,P0019,W004,2025-03-18,857,2025-03-24,2025-03-24,6,0,On Time
PO007239,S008,P0098,W001,2025-05-15,992,2025-05-24,2025-05-24,9,0,On Time
PO007240,S003,P0078,W002,2025-06-22,711,2025-07-04,2025-07-11,19,7,Late
PO007241,S021,P0067,W005,2025-12-29,557,2026-01-12,2026-01-12,14,0,On Time
PO007242,S018,P0039,W007,2025-07-20,631,2025-07-24,2025-07-27,7,3,Late
PO007243,S014,P0089,W008,2025-08-05,920,2025-08-14,2025-08-14,9,0,On Time
PO007244,S003,P0060,W005,2025-07-27,642,2025-08-08,2025-08-09,13,1,Late
PO007245,S017,P0011,W001,2025-03-15,289,2025-03-24,2025-03-24,9,0,On Time
PO007246,S004,P0049,W007,2025-01-11,70,2025-01-25,2025-01-25,14,0,On Time
PO007247,S021,P0015,W005,2025-10-14,546,2025-10-28,2025-10-28,14,0,On Time
PO007248,S018,P0083,W006,2025-09-13,147,2025-09-17,2025-09-20,7,3,Late
PO007249,S015,P0061,W006,2025-01-12,671,2025-01-19,2025-01-19,7,0,On Time
PO007250,S019,P0043,W006,2025-03-19,773,2025-03-25,2025-03-25,6,0,On Time
PO007251,S022,P0015,W008,2025-06-21,65,2025-06-25,2025-06-25,4,0,On Time
PO007252,S006,P0079,W001,2025-04-06,253,2025-04-11,2025-04-11,5,0,On Time
PO007253,S015,P0079,W004,2025-11-02,467,2025-11-09,2025-11-09,7,0,On Time
PO007254,S007,P0073,W008,2025-09-30,603,2025-10-14,2025-10-15,15,1,Late
PO007255,S012,P0005,W005,2025-06-28,462,2025-07-05,2025-07-05,7,0,On Time
PO007256,S016,P0083,W005,2025-03-05,522,2025-03-16,2025-03-16,11,0,On Time
PO007257,S009,P0088,W006,2025-05-12,626,2025-05-18,2025-05-18,6,0,On Time
PO007258,S020,P0029,W004,2025-12-09,941,2025-12-20,2025-12-27,18,7,Late
PO007259,S005,P0062,W008,2025-09-29,304,2025-10-13,2025-10-13,14,0,On Time
PO007260,S011,P0060,W005,2025-11-15,151,2025-11-20,2025-11-20,5,0,On Time
PO007261,S002,P0069,W008,2025-11-28,965,2025-12-11,2025-12-11,13,0,On Time
PO007262,S022,P0022,W003,2025-12-07,495,2025-12-11,2025-12-11,4,0,On Time
PO007263,S016,P0013,W001,2025-04-19,812,2025-04-30,2025-05-02,13,2,Late
PO007264,S004,P0050,W002,2025-09-30,955,2025-10-14,2025-10-14,14,0,On Time
PO007265,S005,P0047,W003,2025-06-17,563,2025-07-01,2025-07-02,15,1,Late
PO007266,S007,P0029,W007,2025-06-29,375,2025-07-13,2025-07-13,14,0,On Time
PO007267,S006,P0080,W002,2025-02-27,990,2025-03-04,2025-03-04,5,0,On Time
PO007268,S024,P0100,W003,2025-03-20,56,2025-03-31,2025-03-31,11,0,On Time
PO007269,S022,P0017,W003,2025-03-02,657,2025-03-06,2025-03-09,7,3,Late
PO007270,S010,P0020,W007,2025-05-01,157,2025-05-12,2025-05-12,11,0,On Time
PO007271,S014,P0078,W008,2025-07-26,441,2025-08-04,2025-08-05,10,1,Late
PO007272,S008,P0006,W007,2025-02-03,464,2025-02-12,2025-02-14,11,2,Late
PO007273,S014,P0022,W003,2025-03-11,631,2025-03-20,2025-03-20,9,0,On Time
PO007274,S014,P0009,W001,2025-01-17,261,2025-01-26,2025-01-26,9,0,On Time
PO007275,S020,P0032,W002,2025-01-20,264,2025-01-31,2025-02-07,18,7,Late
PO007276,S023,P0088,W004,2025-11-11,558,2025-11-23,2025-11-23,12,0,On Time
PO007277,S003,P0033,W004,2025-03-10,228,2025-03-22,2025-03-27,17,5,Late
PO007278,S001,P0077,W006,2025-08-03,922,2025-08-16,2025-08-16,13,0,On Time
PO007279,S009,P0099,W008,2025-06-10,476,2025-06-16,2025-06-16,6,0,On Time
PO007280,S009,P0070,W008,2025-04-12,118,2025-04-18,2025-04-18,6,0,On Time
PO007281,S022,P0049,W008,2025-07-25,521,2025-07-29,2025-07-29,4,0,On Time
PO007282,S002,P0030,W005,2025-05-25,156,2025-06-07,2025-06-07,13,0,On Time
PO007283,S016,P0016,W001,2025-02-26,206,2025-03-09,2025-03-09,11,0,On Time
PO007284,S008,P0065,W008,2025-03-24,55,2025-04-02,2025-04-09,16,7,Late
PO007285,S006,P0082,W006,2025-09-26,649,2025-10-01,2025-10-03,7,2,Late
PO007286,S023,P0086,W006,2025-07-06,689,2025-07-18,2025-07-18,12,0,On Time
PO007287,S013,P0090,W001,2025-01-06,498,2025-01-11,2025-01-11,5,0,On Time
PO007288,S001,P0014,W001,2025-12-19,806,2026-01-01,2026-01-02,14,1,Late
PO007289,S019,P0056,W003,2025-12-16,700,2025-12-22,2025-12-22,6,0,On Time
PO007290,S015,P0037,W001,2025-04-20,74,2025-04-27,2025-04-30,10,3,Late
PO007291,S001,P0049,W004,2025-05-18,490,2025-05-31,2025-05-31,13,0,On Time
PO007292,S010,P0078,W001,2025-02-20,103,2025-03-03,2025-03-04,12,1,Late
PO007293,S001,P0090,W007,2025-02-20,25,2025-03-05,2025-03-05,13,0,On Time
PO007294,S012,P0050,W003,2025-03-28,910,2025-04-04,2025-04-04,7,0,On Time
PO007295,S011,P0036,W002,2025-03-09,382,2025-03-14,2025-03-14,5,0,On Time
PO007296,S017,P0052,W006,2025-03-25,875,2025-04-03,2025-04-03,9,0,On Time
PO007297,S004,P0023,W008,2025-02-11,787,2025-02-25,2025-02-25,14,0,On Time
PO007298,S023,P0066,W001,2025-08-07,937,2025-08-19,2025-08-19,12,0,On Time
PO007299,S007,P0071,W007,2025-02-26,729,2025-03-12,2025-03-12,14,0,On Time
PO007300,S012,P0045,W007,2025-08-14,683,2025-08-21,2025-08-23,9,2,Late
PO007301,S013,P0086,W006,2025-07-15,849,2025-07-20,2025-07-20,5,0,On Time
PO007302,S005,P0028,W002,2025-09-05,189,2025-09-19,2025-09-19,14,0,On Time
PO007303,S006,P0020,W005,2025-06-15,779,2025-06-20,2025-06-20,5,0,On Time
PO007304,S002,P0049,W003,2025-03-03,268,2025-03-16,2025-03-16,13,0,On Time
PO007305,S021,P0057,W006,2025-09-20,681,2025-10-04,2025-10-07,17,3,Late
PO007306,S007,P0082,W001,2025-04-22,229,2025-05-06,2025-05-08,16,2,Late
PO007307,S014,P0088,W005,2025-09-10,931,2025-09-19,2025-09-24,14,5,Late
PO007308,S025,P0097,W005,2025-07-18,759,2025-07-30,2025-08-06,19,7,Late
PO007309,S022,P0059,W002,2025-06-27,263,2025-07-01,2025-07-03,6,2,Late
PO007310,S014,P0026,W006,2025-01-26,160,2025-02-04,2025-02-04,9,0,On Time
PO007311,S010,P0019,W006,2025-09-03,651,2025-09-14,2025-09-14,11,0,On Time
PO007312,S004,P0013,W004,2025-01-19,824,2025-02-02,2025-02-02,14,0,On Time
PO007313,S003,P0074,W004,2025-09-22,199,2025-10-04,2025-10-11,19,7,Late
PO007314,S025,P0062,W004,2025-11-13,939,2025-11-25,2025-11-25,12,0,On Time
PO007315,S023,P0014,W006,2025-01-20,656,2025-02-01,2025-02-01,12,0,On Time
PO007316,S014,P0073,W006,2025-04-16,998,2025-04-25,2025-04-30,14,5,Late
PO007317,S006,P0011,W004,2025-08-25,773,2025-08-30,2025-08-30,5,0,On Time
PO007318,S023,P0067,W003,2025-11-02,743,2025-11-14,2025-11-15,13,1,Late
PO007319,S015,P0012,W007,2025-09-03,36,2025-09-10,2025-09-12,9,2,Late
PO007320,S008,P0035,W007,2025-03-22,35,2025-03-31,2025-04-03,12,3,Late
PO007321,S005,P0039,W007,2025-05-30,404,2025-06-13,2025-06-15,16,2,Late
PO007322,S003,P0032,W008,2025-01-10,360,2025-01-22,2025-01-25,15,3,Late
PO007323,S003,P0014,W001,2025-11-17,912,2025-11-29,2025-11-30,13,1,Late
PO007324,S013,P0065,W001,2025-08-12,788,2025-08-17,2025-08-17,5,0,On Time
PO007325,S002,P0027,W003,2025-09-21,817,2025-10-04,2025-10-05,14,1,Late
PO007326,S024,P0060,W002,2025-05-29,999,2025-06-09,2025-06-12,14,3,Late
PO007327,S001,P0043,W007,2025-10-05,811,2025-10-18,2025-10-18,13,0,On Time
PO007328,S012,P0065,W007,2025-10-01,65,2025-10-08,2025-10-08,7,0,On Time
PO007329,S008,P0055,W001,2025-07-13,523,2025-07-22,2025-07-22,9,0,On Time
PO007330,S019,P0093,W006,2025-06-21,789,2025-06-27,2025-06-27,6,0,On Time
PO007331,S009,P0088,W005,2025-09-22,162,2025-09-28,2025-09-28,6,0,On Time
PO007332,S014,P0081,W006,2025-11-06,304,2025-11-15,2025-11-17,11,2,Late
PO007333,S018,P0035,W008,2025-01-26,374,2025-01-30,2025-01-30,4,0,On Time
PO007334,S010,P0095,W001,2025-12-16,849,2025-12-27,2025-12-27,11,0,On Time
PO007335,S009,P0032,W008,2025-12-22,544,2025-12-28,2025-12-28,6,0,On Time
PO007336,S006,P0019,W008,2025-01-26,998,2025-01-31,2025-01-31,5,0,On Time
PO007337,S001,P0095,W003,2025-02-03,852,2025-02-16,2025-02-16,13,0,On Time
PO007338,S005,P0039,W002,2025-09-21,576,2025-10-05,2025-10-05,14,0,On Time
PO007339,S010,P0020,W001,2025-05-18,66,2025-05-29,2025-06-03,16,5,Late
PO007340,S025,P0028,W003,2025-10-31,547,2025-11-12,2025-11-15,15,3,Late
PO007341,S013,P0003,W005,2025-07-02,913,2025-07-07,2025-07-10,8,3,Late
PO007342,S022,P0032,W004,2025-12-29,126,2026-01-02,2026-01-02,4,0,On Time
PO007343,S023,P0086,W005,2025-08-30,22,2025-09-11,2025-09-14,15,3,Late
PO007344,S004,P0058,W005,2025-02-23,635,2025-03-09,2025-03-11,16,2,Late
PO007345,S001,P0054,W007,2025-06-17,985,2025-06-30,2025-07-05,18,5,Late
PO007346,S021,P0042,W002,2025-04-29,114,2025-05-13,2025-05-13,14,0,On Time
PO007347,S002,P0015,W001,2025-05-23,152,2025-06-05,2025-06-05,13,0,On Time
PO007348,S024,P0083,W008,2025-03-22,941,2025-04-02,2025-04-02,11,0,On Time
PO007349,S004,P0062,W004,2025-09-02,879,2025-09-16,2025-09-21,19,5,Late
PO007350,S017,P0031,W003,2025-12-18,802,2025-12-27,2025-12-27,9,0,On Time
PO007351,S010,P0061,W004,2025-12-24,220,2026-01-04,2026-01-04,11,0,On Time
PO007352,S023,P0026,W001,2025-03-03,273,2025-03-15,2025-03-15,12,0,On Time
PO007353,S012,P0069,W002,2025-02-15,202,2025-02-22,2025-02-24,9,2,Late
PO007354,S002,P0057,W001,2025-03-28,169,2025-04-10,2025-04-15,18,5,Late
PO007355,S003,P0020,W003,2025-04-09,568,2025-04-21,2025-04-22,13,1,Late
PO007356,S014,P0066,W004,2025-10-22,509,2025-10-31,2025-11-02,11,2,Late
PO007357,S025,P0021,W005,2025-02-22,524,2025-03-06,2025-03-06,12,0,On Time
PO007358,S015,P0060,W001,2025-07-11,432,2025-07-18,2025-07-18,7,0,On Time
PO007359,S013,P0063,W008,2025-03-21,941,2025-03-26,2025-03-29,8,3,Late
PO007360,S009,P0051,W006,2025-01-16,857,2025-01-22,2025-01-24,8,2,Late
PO007361,S002,P0100,W002,2025-12-26,527,2026-01-08,2026-01-09,14,1,Late
PO007362,S019,P0092,W002,2025-11-22,670,2025-11-28,2025-11-28,6,0,On Time
PO007363,S016,P0084,W004,2025-07-13,631,2025-07-24,2025-07-24,11,0,On Time
PO007364,S011,P0039,W005,2025-05-21,423,2025-05-26,2025-05-26,5,0,On Time
PO007365,S012,P0100,W003,2025-04-18,255,2025-04-25,2025-04-25,7,0,On Time
PO007366,S025,P0011,W005,2025-10-30,615,2025-11-11,2025-11-11,12,0,On Time
PO007367,S001,P0057,W008,2025-09-22,878,2025-10-05,2025-10-10,18,5,Late
PO007368,S002,P0003,W004,2025-10-17,985,2025-10-30,2025-10-31,14,1,Late
PO007369,S016,P0037,W005,2025-07-28,564,2025-08-08,2025-08-08,11,0,On Time
PO007370,S002,P0084,W004,2025-06-14,652,2025-06-27,2025-06-27,13,0,On Time
PO007371,S019,P0096,W005,2025-12-08,561,2025-12-14,2025-12-17,9,3,Late
PO007372,S010,P0025,W001,2025-11-16,453,2025-11-27,2025-11-27,11,0,On Time
PO007373,S019,P0021,W002,2025-06-01,565,2025-06-07,2025-06-08,7,1,Late
PO007374,S010,P0080,W004,2025-10-17,664,2025-10-28,2025-10-28,11,0,On Time
PO007375,S016,P0042,W004,2025-09-25,227,2025-10-06,2025-10-06,11,0,On Time
PO007376,S013,P0001,W002,2025-05-31,159,2025-06-05,2025-06-05,5,0,On Time
PO007377,S016,P0023,W006,2025-07-26,607,2025-08-06,2025-08-06,11,0,On Time
PO007378,S018,P0024,W006,2025-09-12,606,2025-09-16,2025-09-16,4,0,On Time
PO007379,S024,P0047,W003,2025-12-19,839,2025-12-30,2025-12-31,12,1,Late
PO007380,S008,P0089,W004,2025-05-21,326,2025-05-30,2025-05-30,9,0,On Time
PO007381,S024,P0007,W001,2025-12-09,936,2025-12-20,2025-12-27,18,7,Late
PO007382,S018,P0038,W005,2025-12-24,986,2025-12-28,2025-12-31,7,3,Late
PO007383,S013,P0047,W001,2025-04-06,589,2025-04-11,2025-04-11,5,0,On Time
PO007384,S025,P0035,W004,2025-08-15,117,2025-08-27,2025-08-27,12,0,On Time
PO007385,S007,P0078,W003,2025-07-12,144,2025-07-26,2025-07-27,15,1,Late
PO007386,S021,P0062,W008,2025-10-30,979,2025-11-13,2025-11-13,14,0,On Time
PO007387,S023,P0073,W008,2025-11-10,368,2025-11-22,2025-11-29,19,7,Late
PO007388,S024,P0003,W008,2025-04-28,153,2025-05-09,2025-05-09,11,0,On Time
PO007389,S025,P0020,W004,2025-01-05,245,2025-01-17,2025-01-22,17,5,Late
PO007390,S018,P0097,W008,2025-12-18,964,2025-12-22,2025-12-29,11,7,Late
PO007391,S006,P0044,W003,2025-08-31,731,2025-09-05,2025-09-05,5,0,On Time
PO007392,S009,P0032,W002,2025-01-21,568,2025-01-27,2025-01-27,6,0,On Time
PO007393,S006,P0100,W005,2025-06-01,669,2025-06-06,2025-06-06,5,0,On Time
PO007394,S018,P0026,W008,2025-05-08,739,2025-05-12,2025-05-12,4,0,On Time
PO007395,S017,P0048,W008,2025-05-04,725,2025-05-13,2025-05-15,11,2,Late
PO007396,S012,P0005,W008,2025-05-26,587,2025-06-02,2025-06-02,7,0,On Time
PO007397,S003,P0059,W001,2025-10-04,358,2025-10-16,2025-10-16,12,0,On Time
PO007398,S005,P0061,W003,2025-11-06,858,2025-11-20,2025-11-25,19,5,Late
PO007399,S007,P0049,W001,2025-06-01,341,2025-06-15,2025-06-22,21,7,Late
PO007400,S010,P0030,W007,2025-12-26,832,2026-01-06,2026-01-06,11,0,On Time
PO007401,S010,P0017,W002,2025-04-21,106,2025-05-02,2025-05-05,14,3,Late
PO007402,S019,P0070,W004,2025-04-26,114,2025-05-02,2025-05-02,6,0,On Time
PO007403,S025,P0058,W003,2025-07-07,215,2025-07-19,2025-07-22,15,3,Late
PO007404,S004,P0063,W005,2025-02-26,211,2025-03-12,2025-03-12,14,0,On Time
PO007405,S010,P0061,W007,2025-09-08,675,2025-09-19,2025-09-24,16,5,Late
PO007406,S018,P0063,W003,2025-05-30,541,2025-06-03,2025-06-04,5,1,Late
PO007407,S003,P0015,W006,2025-06-11,772,2025-06-23,2025-06-23,12,0,On Time
PO007408,S021,P0001,W004,2025-04-30,680,2025-05-14,2025-05-14,14,0,On Time
PO007409,S003,P0013,W004,2025-03-11,671,2025-03-23,2025-03-23,12,0,On Time
PO007410,S005,P0048,W005,2025-12-17,32,2025-12-31,2026-01-01,15,1,Late
PO007411,S016,P0034,W005,2025-04-09,273,2025-04-20,2025-04-23,14,3,Late
PO007412,S020,P0030,W002,2025-06-16,100,2025-06-27,2025-06-29,13,2,Late
PO007413,S013,P0019,W007,2025-10-25,741,2025-10-30,2025-11-02,8,3,Late
PO007414,S011,P0064,W007,2025-05-31,392,2025-06-05,2025-06-07,7,2,Late
PO007415,S013,P0066,W001,2025-11-22,413,2025-11-27,2025-12-04,12,7,Late
PO007416,S019,P0057,W008,2025-01-02,909,2025-01-08,2025-01-10,8,2,Late
PO007417,S006,P0044,W003,2025-06-01,751,2025-06-06,2025-06-06,5,0,On Time
PO007418,S024,P0012,W002,2025-12-31,928,2026-01-11,2026-01-13,13,2,Late
PO007419,S013,P0040,W001,2025-03-06,437,2025-03-11,2025-03-11,5,0,On Time
PO007420,S004,P0024,W007,2025-11-22,78,2025-12-06,2025-12-13,21,7,Late
PO007421,S025,P0011,W008,2025-03-10,147,2025-03-22,2025-03-22,12,0,On Time
PO007422,S022,P0066,W008,2025-05-01,836,2025-05-05,2025-05-05,4,0,On Time
PO007423,S005,P0001,W002,2025-04-19,793,2025-05-03,2025-05-03,14,0,On Time
PO007424,S019,P0058,W006,2025-11-12,799,2025-11-18,2025-11-19,7,1,Late
PO007425,S005,P0028,W005,2025-09-04,560,2025-09-18,2025-09-18,14,0,On Time
PO007426,S021,P0068,W005,2025-04-03,352,2025-04-17,2025-04-22,19,5,Late
PO007427,S014,P0094,W004,2025-09-25,911,2025-10-04,2025-10-04,9,0,On Time
PO007428,S004,P0059,W008,2025-04-13,301,2025-04-27,2025-04-27,14,0,On Time
PO007429,S012,P0071,W003,2025-04-22,599,2025-04-29,2025-04-29,7,0,On Time
PO007430,S006,P0022,W003,2025-11-17,226,2025-11-22,2025-11-22,5,0,On Time
PO007431,S019,P0090,W003,2025-10-31,291,2025-11-06,2025-11-06,6,0,On Time
PO007432,S010,P0029,W002,2025-12-10,328,2025-12-21,2025-12-21,11,0,On Time
PO007433,S001,P0089,W002,2025-03-03,422,2025-03-16,2025-03-16,13,0,On Time
PO007434,S023,P0074,W003,2025-10-27,194,2025-11-08,2025-11-08,12,0,On Time
PO007435,S023,P0084,W004,2025-05-16,237,2025-05-28,2025-05-28,12,0,On Time
PO007436,S016,P0078,W001,2025-02-24,691,2025-03-07,2025-03-09,13,2,Late
PO007437,S004,P0097,W006,2025-04-18,345,2025-05-02,2025-05-02,14,0,On Time
PO007438,S009,P0069,W002,2025-10-30,775,2025-11-05,2025-11-05,6,0,On Time
PO007439,S018,P0045,W003,2025-09-15,272,2025-09-19,2025-09-19,4,0,On Time
PO007440,S017,P0070,W005,2025-09-10,473,2025-09-19,2025-09-19,9,0,On Time
PO007441,S015,P0086,W002,2025-08-10,208,2025-08-17,2025-08-17,7,0,On Time
PO007442,S019,P0017,W001,2025-06-16,792,2025-06-22,2025-06-22,6,0,On Time
PO007443,S007,P0079,W002,2025-06-09,462,2025-06-23,2025-06-30,21,7,Late
PO007444,S025,P0039,W001,2025-06-15,917,2025-06-27,2025-06-27,12,0,On Time
PO007445,S018,P0040,W001,2025-07-24,149,2025-07-28,2025-07-28,4,0,On Time
PO007446,S006,P0028,W002,2025-09-24,504,2025-09-29,2025-09-29,5,0,On Time
PO007447,S019,P0002,W001,2025-05-18,22,2025-05-24,2025-05-24,6,0,On Time
PO007448,S021,P0082,W008,2025-12-12,985,2025-12-26,2025-12-26,14,0,On Time
PO007449,S012,P0027,W002,2025-09-05,370,2025-09-12,2025-09-12,7,0,On Time
PO007450,S025,P0021,W002,2025-02-24,574,2025-03-08,2025-03-13,17,5,Late
PO007451,S003,P0087,W004,2025-07-28,152,2025-08-09,2025-08-09,12,0,On Time
PO007452,S001,P0007,W005,2025-01-17,709,2025-01-30,2025-01-30,13,0,On Time
PO007453,S005,P0061,W008,2025-03-09,513,2025-03-23,2025-03-25,16,2,Late
PO007454,S001,P0052,W006,2025-05-13,285,2025-05-26,2025-05-26,13,0,On Time
PO007455,S008,P0048,W008,2025-07-07,942,2025-07-16,2025-07-16,9,0,On Time
PO007456,S007,P0019,W001,2025-11-04,43,2025-11-18,2025-11-18,14,0,On Time
PO007457,S015,P0073,W008,2025-05-18,553,2025-05-25,2025-05-25,7,0,On Time
PO007458,S011,P0012,W002,2025-06-23,876,2025-06-28,2025-06-30,7,2,Late
PO007459,S018,P0094,W001,2025-04-07,22,2025-04-11,2025-04-11,4,0,On Time
PO007460,S014,P0071,W002,2025-06-20,931,2025-06-29,2025-06-29,9,0,On Time
PO007461,S009,P0002,W006,2025-06-03,689,2025-06-09,2025-06-10,7,1,Late
PO007462,S005,P0017,W007,2025-07-02,899,2025-07-16,2025-07-16,14,0,On Time
PO007463,S023,P0075,W002,2025-08-30,446,2025-09-11,2025-09-11,12,0,On Time
PO007464,S004,P0076,W002,2025-10-31,23,2025-11-14,2025-11-14,14,0,On Time
PO007465,S012,P0003,W005,2025-10-12,638,2025-10-19,2025-10-22,10,3,Late
PO007466,S001,P0021,W001,2025-01-27,827,2025-02-09,2025-02-10,14,1,Late
PO007467,S024,P0078,W005,2025-12-26,803,2026-01-06,2026-01-06,11,0,On Time
PO007468,S013,P0079,W008,2025-03-01,522,2025-03-06,2025-03-07,6,1,Late
PO007469,S001,P0051,W008,2025-07-21,251,2025-08-03,2025-08-04,14,1,Late
PO007470,S003,P0010,W005,2025-09-07,892,2025-09-19,2025-09-26,19,7,Late
PO007471,S022,P0055,W008,2025-12-28,769,2026-01-01,2026-01-01,4,0,On Time
PO007472,S008,P0036,W007,2025-03-10,91,2025-03-19,2025-03-22,12,3,Late
PO007473,S024,P0051,W008,2025-01-21,107,2025-02-01,2025-02-01,11,0,On Time
PO007474,S018,P0074,W007,2025-06-01,547,2025-06-05,2025-06-08,7,3,Late
PO007475,S025,P0017,W005,2025-04-12,905,2025-04-24,2025-04-24,12,0,On Time
PO007476,S016,P0089,W005,2025-04-05,622,2025-04-16,2025-04-16,11,0,On Time
PO007477,S020,P0061,W004,2025-12-27,469,2026-01-07,2026-01-10,14,3,Late
PO007478,S020,P0091,W001,2025-08-17,458,2025-08-28,2025-08-30,13,2,Late
PO007479,S016,P0097,W001,2025-05-05,551,2025-05-16,2025-05-16,11,0,On Time
PO007480,S002,P0075,W002,2025-09-15,454,2025-09-28,2025-09-28,13,0,On Time
PO007481,S017,P0013,W001,2025-11-18,743,2025-11-27,2025-11-27,9,0,On Time
PO007482,S010,P0065,W006,2025-08-24,103,2025-09-04,2025-09-04,11,0,On Time
PO007483,S007,P0095,W005,2025-06-11,358,2025-06-25,2025-06-25,14,0,On Time
PO007484,S010,P0097,W003,2025-02-11,972,2025-02-22,2025-02-22,11,0,On Time
PO007485,S019,P0085,W007,2025-10-03,145,2025-10-09,2025-10-09,6,0,On Time
PO007486,S020,P0080,W001,2025-12-19,582,2025-12-30,2025-12-30,11,0,On Time
PO007487,S009,P0087,W007,2025-03-09,37,2025-03-15,2025-03-15,6,0,On Time
PO007488,S022,P0074,W007,2025-06-22,992,2025-06-26,2025-07-01,9,5,Late
PO007489,S017,P0048,W003,2025-11-27,868,2025-12-06,2025-12-06,9,0,On Time
PO007490,S009,P0097,W008,2025-05-05,974,2025-05-11,2025-05-12,7,1,Late
PO007491,S009,P0086,W007,2025-06-19,884,2025-06-25,2025-06-28,9,3,Late
PO007492,S005,P0070,W006,2025-02-16,648,2025-03-02,2025-03-02,14,0,On Time
PO007493,S024,P0047,W004,2025-09-18,655,2025-09-29,2025-09-29,11,0,On Time
PO007494,S007,P0100,W002,2025-08-05,559,2025-08-19,2025-08-19,14,0,On Time
PO007495,S011,P0010,W002,2025-11-01,984,2025-11-06,2025-11-06,5,0,On Time
PO007496,S008,P0057,W002,2025-05-04,943,2025-05-13,2025-05-13,9,0,On Time
PO007497,S025,P0080,W004,2025-10-20,364,2025-11-01,2025-11-01,12,0,On Time
PO007498,S014,P0013,W005,2025-06-11,487,2025-06-20,2025-06-25,14,5,Late
PO007499,S002,P0061,W007,2025-07-20,160,2025-08-02,2025-08-02,13,0,On Time
PO007500,S010,P0058,W003,2025-10-02,25,2025-10-13,2025-10-15,13,2,Late
PO007501,S021,P0084,W001,2025-07-25,688,2025-08-08,2025-08-08,14,0,On Time
PO007502,S024,P0068,W005,2025-02-09,637,2025-02-20,2025-02-20,11,0,On Time
PO007503,S016,P0084,W002,2025-09-30,650,2025-10-11,2025-10-11,11,0,On Time
PO007504,S016,P0086,W008,2025-07-07,668,2025-07-18,2025-07-18,11,0,On Time
PO007505,S019,P0029,W002,2025-12-21,560,2025-12-27,2025-12-29,8,2,Late
PO007506,S011,P0016,W007,2025-04-03,697,2025-04-08,2025-04-08,5,0,On Time
PO007507,S006,P0063,W005,2025-02-11,84,2025-02-16,2025-02-16,5,0,On Time
PO007508,S006,P0047,W003,2025-04-17,75,2025-04-22,2025-04-22,5,0,On Time
PO007509,S007,P0043,W005,2025-11-24,817,2025-12-08,2025-12-08,14,0,On Time
PO007510,S016,P0023,W004,2025-03-06,901,2025-03-17,2025-03-19,13,2,Late
PO007511,S013,P0030,W002,2025-12-31,115,2026-01-05,2026-01-07,7,2,Late
PO007512,S003,P0057,W003,2025-11-05,908,2025-11-17,2025-11-20,15,3,Late
PO007513,S024,P0030,W008,2025-05-15,974,2025-05-26,2025-05-26,11,0,On Time
PO007514,S024,P0067,W007,2025-01-24,234,2025-02-04,2025-02-04,11,0,On Time
PO007515,S009,P0056,W001,2025-01-28,762,2025-02-03,2025-02-03,6,0,On Time
PO007516,S024,P0024,W007,2025-03-03,77,2025-03-14,2025-03-15,12,1,Late
PO007517,S003,P0077,W008,2025-09-30,925,2025-10-12,2025-10-12,12,0,On Time
PO007518,S006,P0096,W008,2025-08-17,511,2025-08-22,2025-08-29,12,7,Late
PO007519,S025,P0076,W002,2025-01-20,424,2025-02-01,2025-02-08,19,7,Late
PO007520,S017,P0008,W007,2025-01-03,203,2025-01-12,2025-01-17,14,5,Late
PO007521,S003,P0088,W005,2025-08-06,301,2025-08-18,2025-08-18,12,0,On Time
PO007522,S002,P0044,W003,2025-11-03,802,2025-11-16,2025-11-16,13,0,On Time
PO007523,S012,P0080,W002,2025-05-16,740,2025-05-23,2025-05-26,10,3,Late
PO007524,S024,P0096,W001,2025-01-03,182,2025-01-14,2025-01-15,12,1,Late
PO007525,S006,P0034,W001,2025-07-12,108,2025-07-17,2025-07-18,6,1,Late
PO007526,S010,P0035,W006,2025-03-14,802,2025-03-25,2025-03-25,11,0,On Time
PO007527,S011,P0096,W005,2025-12-27,116,2026-01-01,2026-01-04,8,3,Late
PO007528,S016,P0050,W004,2025-04-28,606,2025-05-09,2025-05-09,11,0,On Time
PO007529,S016,P0017,W008,2025-06-03,107,2025-06-14,2025-06-14,11,0,On Time
PO007530,S024,P0002,W005,2025-07-28,537,2025-08-08,2025-08-11,14,3,Late
PO007531,S018,P0090,W003,2025-02-03,687,2025-02-07,2025-02-07,4,0,On Time
PO007532,S022,P0054,W005,2025-05-17,82,2025-05-21,2025-05-22,5,1,Late
PO007533,S023,P0044,W003,2025-11-14,560,2025-11-26,2025-11-26,12,0,On Time
PO007534,S024,P0081,W006,2025-04-30,835,2025-05-11,2025-05-11,11,0,On Time
PO007535,S009,P0049,W008,2025-04-25,210,2025-05-01,2025-05-01,6,0,On Time
PO007536,S021,P0002,W008,2025-01-13,973,2025-01-27,2025-01-27,14,0,On Time
PO007537,S019,P0072,W006,2025-03-10,936,2025-03-16,2025-03-16,6,0,On Time
PO007538,S002,P0070,W006,2025-11-29,735,2025-12-12,2025-12-12,13,0,On Time
PO007539,S024,P0009,W004,2025-09-14,297,2025-09-25,2025-09-28,14,3,Late
PO007540,S001,P0001,W006,2025-03-30,558,2025-04-12,2025-04-12,13,0,On Time
PO007541,S016,P0069,W005,2025-02-16,104,2025-02-27,2025-03-02,14,3,Late
PO007542,S022,P0009,W001,2025-09-17,354,2025-09-21,2025-09-21,4,0,On Time
PO007543,S018,P0014,W003,2025-08-16,460,2025-08-20,2025-08-21,5,1,Late
PO007544,S003,P0027,W007,2025-06-29,741,2025-07-11,2025-07-11,12,0,On Time
PO007545,S024,P0009,W003,2025-01-10,669,2025-01-21,2025-01-21,11,0,On Time
PO007546,S001,P0036,W001,2025-10-11,809,2025-10-24,2025-10-26,15,2,Late
PO007547,S006,P0093,W008,2025-05-06,191,2025-05-11,2025-05-11,5,0,On Time
PO007548,S019,P0084,W007,2025-05-14,871,2025-05-20,2025-05-27,13,7,Late
PO007549,S022,P0079,W005,2025-06-04,358,2025-06-08,2025-06-08,4,0,On Time
PO007550,S019,P0100,W004,2025-09-05,687,2025-09-11,2025-09-16,11,5,Late
PO007551,S011,P0003,W002,2025-05-20,248,2025-05-25,2025-05-25,5,0,On Time
PO007552,S008,P0023,W005,2025-11-14,837,2025-11-23,2025-11-23,9,0,On Time
PO007553,S005,P0073,W006,2025-06-25,198,2025-07-09,2025-07-09,14,0,On Time
PO007554,S020,P0030,W007,2025-11-19,266,2025-11-30,2025-11-30,11,0,On Time
PO007555,S009,P0019,W008,2025-06-23,916,2025-06-29,2025-06-29,6,0,On Time
PO007556,S015,P0067,W005,2025-03-15,693,2025-03-22,2025-03-22,7,0,On Time
PO007557,S021,P0050,W003,2025-12-17,694,2025-12-31,2025-12-31,14,0,On Time
PO007558,S014,P0048,W003,2025-05-23,749,2025-06-01,2025-06-02,10,1,Late
PO007559,S004,P0003,W004,2025-10-19,336,2025-11-02,2025-11-05,17,3,Late
PO007560,S024,P0098,W006,2025-04-22,305,2025-05-03,2025-05-03,11,0,On Time
PO007561,S024,P0066,W007,2025-07-25,95,2025-08-05,2025-08-05,11,0,On Time
PO007562,S008,P0027,W004,2025-05-11,993,2025-05-20,2025-05-20,9,0,On Time
PO007563,S020,P0087,W004,2025-04-20,471,2025-05-01,2025-05-04,14,3,Late
PO007564,S017,P0096,W001,2025-03-08,223,2025-03-17,2025-03-17,9,0,On Time
PO007565,S002,P0099,W007,2025-03-27,747,2025-04-09,2025-04-09,13,0,On Time
PO007566,S020,P0040,W002,2025-10-02,443,2025-10-13,2025-10-13,11,0,On Time
PO007567,S016,P0018,W002,2025-08-15,754,2025-08-26,2025-08-26,11,0,On Time
PO007568,S010,P0027,W007,2025-11-21,212,2025-12-02,2025-12-02,11,0,On Time
PO007569,S002,P0011,W006,2025-01-10,312,2025-01-23,2025-01-23,13,0,On Time
PO007570,S011,P0039,W004,2025-12-21,723,2025-12-26,2025-12-26,5,0,On Time
PO007571,S010,P0019,W008,2025-10-15,916,2025-10-26,2025-10-27,12,1,Late
PO007572,S019,P0089,W003,2025-04-22,930,2025-04-28,2025-04-28,6,0,On Time
PO007573,S025,P0007,W002,2025-01-24,800,2025-02-05,2025-02-05,12,0,On Time
PO007574,S025,P0095,W008,2025-10-18,432,2025-10-30,2025-10-31,13,1,Late
PO007575,S014,P0057,W007,2025-12-05,458,2025-12-14,2025-12-14,9,0,On Time
PO007576,S011,P0002,W008,2025-11-22,320,2025-11-27,2025-11-27,5,0,On Time
PO007577,S009,P0038,W007,2025-06-17,279,2025-06-23,2025-06-24,7,1,Late
PO007578,S007,P0005,W005,2025-04-19,211,2025-05-03,2025-05-03,14,0,On Time
PO007579,S015,P0078,W001,2025-07-09,290,2025-07-16,2025-07-16,7,0,On Time
PO007580,S020,P0082,W003,2025-12-21,635,2026-01-01,2026-01-02,12,1,Late
PO007581,S017,P0036,W001,2025-07-15,451,2025-07-24,2025-07-24,9,0,On Time
PO007582,S003,P0068,W005,2025-02-02,735,2025-02-14,2025-02-14,12,0,On Time
PO007583,S015,P0088,W002,2025-07-24,715,2025-07-31,2025-07-31,7,0,On Time
PO007584,S014,P0077,W001,2025-11-08,236,2025-11-17,2025-11-17,9,0,On Time
PO007585,S008,P0085,W006,2025-07-01,110,2025-07-10,2025-07-15,14,5,Late
PO007586,S004,P0057,W001,2025-05-27,217,2025-06-10,2025-06-11,15,1,Late
PO007587,S010,P0097,W001,2025-09-25,418,2025-10-06,2025-10-06,11,0,On Time
PO007588,S002,P0020,W008,2025-01-11,58,2025-01-24,2025-01-24,13,0,On Time
PO007589,S014,P0005,W007,2025-03-11,728,2025-03-20,2025-03-23,12,3,Late
PO007590,S008,P0024,W005,2025-09-13,490,2025-09-22,2025-09-25,12,3,Late
PO007591,S023,P0099,W007,2025-08-07,98,2025-08-19,2025-08-19,12,0,On Time
PO007592,S010,P0030,W003,2025-10-24,748,2025-11-04,2025-11-04,11,0,On Time
PO007593,S025,P0028,W008,2025-12-28,847,2026-01-09,2026-01-10,13,1,Late
PO007594,S018,P0053,W007,2025-09-16,113,2025-09-20,2025-09-21,5,1,Late
PO007595,S015,P0051,W003,2025-01-03,703,2025-01-10,2025-01-10,7,0,On Time
PO007596,S005,P0007,W005,2025-03-25,62,2025-04-08,2025-04-09,15,1,Late
PO007597,S022,P0042,W008,2025-06-05,151,2025-06-09,2025-06-09,4,0,On Time
PO007598,S013,P0035,W007,2025-05-31,96,2025-06-05,2025-06-05,5,0,On Time
PO007599,S018,P0094,W001,2025-06-25,965,2025-06-29,2025-06-29,4,0,On Time
PO007600,S002,P0034,W008,2025-07-14,251,2025-07-27,2025-07-27,13,0,On Time
PO007601,S013,P0073,W001,2025-04-17,58,2025-04-22,2025-04-24,7,2,Late
PO007602,S014,P0076,W004,2025-05-14,585,2025-05-23,2025-05-23,9,0,On Time
PO007603,S010,P0054,W008,2025-10-03,170,2025-10-14,2025-10-14,11,0,On Time
PO007604,S004,P0029,W006,2025-12-18,719,2026-01-01,2026-01-04,17,3,Late
PO007605,S015,P0010,W002,2025-06-04,995,2025-06-11,2025-06-11,7,0,On Time
PO007606,S008,P0027,W002,2025-10-04,438,2025-10-13,2025-10-15,11,2,Late
PO007607,S015,P0083,W003,2025-08-24,841,2025-08-31,2025-09-02,9,2,Late
PO007608,S014,P0013,W005,2025-08-28,205,2025-09-06,2025-09-06,9,0,On Time
PO007609,S021,P0042,W008,2025-01-13,337,2025-01-27,2025-01-27,14,0,On Time
PO007610,S009,P0037,W001,2025-12-08,483,2025-12-14,2025-12-17,9,3,Late
PO007611,S020,P0061,W007,2025-02-04,451,2025-02-15,2025-02-15,11,0,On Time
PO007612,S003,P0096,W006,2025-02-16,154,2025-02-28,2025-02-28,12,0,On Time
PO007613,S015,P0079,W002,2025-08-02,522,2025-08-09,2025-08-12,10,3,Late
PO007614,S024,P0021,W005,2025-05-26,704,2025-06-06,2025-06-06,11,0,On Time
PO007615,S017,P0003,W005,2025-06-08,288,2025-06-17,2025-06-17,9,0,On Time
PO007616,S025,P0008,W008,2025-05-05,456,2025-05-17,2025-05-17,12,0,On Time
PO007617,S016,P0070,W001,2025-04-20,646,2025-05-01,2025-05-02,12,1,Late
PO007618,S004,P0093,W008,2025-02-06,517,2025-02-20,2025-02-20,14,0,On Time
PO007619,S011,P0083,W008,2025-10-04,752,2025-10-09,2025-10-09,5,0,On Time
PO007620,S025,P0017,W006,2025-01-14,570,2025-01-26,2025-01-26,12,0,On Time
PO007621,S008,P0010,W005,2025-12-13,359,2025-12-22,2025-12-22,9,0,On Time
PO007622,S003,P0097,W002,2025-08-20,261,2025-09-01,2025-09-04,15,3,Late
PO007623,S019,P0013,W004,2025-11-12,240,2025-11-18,2025-11-18,6,0,On Time
PO007624,S014,P0091,W002,2025-05-04,677,2025-05-13,2025-05-13,9,0,On Time
PO007625,S009,P0012,W006,2025-10-06,937,2025-10-12,2025-10-12,6,0,On Time
PO007626,S003,P0066,W004,2025-04-21,695,2025-05-03,2025-05-06,15,3,Late
PO007627,S004,P0074,W007,2025-05-04,380,2025-05-18,2025-05-18,14,0,On Time
PO007628,S025,P0085,W007,2025-01-30,968,2025-02-11,2025-02-11,12,0,On Time
PO007629,S004,P0023,W005,2025-04-25,899,2025-05-09,2025-05-14,19,5,Late
PO007630,S011,P0065,W002,2025-03-31,859,2025-04-05,2025-04-07,7,2,Late
PO007631,S019,P0097,W001,2025-07-31,790,2025-08-06,2025-08-06,6,0,On Time
PO007632,S016,P0052,W006,2025-02-07,209,2025-02-18,2025-02-19,12,1,Late
PO007633,S023,P0061,W005,2025-03-24,432,2025-04-05,2025-04-10,17,5,Late
PO007634,S022,P0026,W001,2025-01-27,348,2025-01-31,2025-02-02,6,2,Late
PO007635,S017,P0015,W004,2025-08-05,795,2025-08-14,2025-08-14,9,0,On Time
PO007636,S010,P0022,W007,2025-12-26,241,2026-01-06,2026-01-07,12,1,Late
PO007637,S024,P0089,W003,2025-08-03,863,2025-08-14,2025-08-14,11,0,On Time
PO007638,S017,P0065,W003,2025-08-09,705,2025-08-18,2025-08-18,9,0,On Time
PO007639,S016,P0026,W004,2025-01-15,111,2025-01-26,2025-01-26,11,0,On Time
PO007640,S020,P0021,W003,2025-09-16,459,2025-09-27,2025-09-27,11,0,On Time
PO007641,S022,P0024,W008,2025-09-23,125,2025-09-27,2025-09-28,5,1,Late
PO007642,S006,P0016,W006,2025-04-30,264,2025-05-05,2025-05-05,5,0,On Time
PO007643,S007,P0032,W008,2025-05-08,324,2025-05-22,2025-05-22,14,0,On Time
PO007644,S014,P0016,W005,2025-07-30,574,2025-08-08,2025-08-08,9,0,On Time
PO007645,S011,P0077,W005,2025-01-11,925,2025-01-16,2025-01-16,5,0,On Time
PO007646,S012,P0042,W006,2025-06-25,928,2025-07-02,2025-07-02,7,0,On Time
PO007647,S014,P0032,W002,2025-05-13,972,2025-05-22,2025-05-27,14,5,Late
PO007648,S005,P0050,W005,2025-11-21,789,2025-12-05,2025-12-06,15,1,Late
PO007649,S005,P0041,W007,2025-11-16,852,2025-11-30,2025-11-30,14,0,On Time
PO007650,S020,P0024,W003,2025-01-14,617,2025-01-25,2025-01-25,11,0,On Time
PO007651,S022,P0013,W007,2025-02-19,116,2025-02-23,2025-02-23,4,0,On Time
PO007652,S023,P0075,W006,2025-03-13,995,2025-03-25,2025-03-26,13,1,Late
PO007653,S015,P0079,W001,2025-03-10,957,2025-03-17,2025-03-17,7,0,On Time
PO007654,S001,P0010,W008,2025-01-16,973,2025-01-29,2025-01-29,13,0,On Time
PO007655,S025,P0042,W002,2025-11-30,496,2025-12-12,2025-12-12,12,0,On Time
PO007656,S024,P0041,W001,2025-12-23,285,2026-01-03,2026-01-03,11,0,On Time
PO007657,S023,P0003,W007,2025-02-25,594,2025-03-09,2025-03-09,12,0,On Time
PO007658,S009,P0055,W003,2025-04-15,122,2025-04-21,2025-04-23,8,2,Late
PO007659,S003,P0016,W007,2025-05-12,273,2025-05-24,2025-05-27,15,3,Late
PO007660,S004,P0044,W001,2025-02-17,474,2025-03-03,2025-03-03,14,0,On Time
PO007661,S016,P0081,W003,2025-09-05,848,2025-09-16,2025-09-18,13,2,Late
PO007662,S007,P0089,W005,2025-09-30,532,2025-10-14,2025-10-21,21,7,Late
PO007663,S022,P0030,W002,2025-04-21,685,2025-04-25,2025-04-26,5,1,Late
PO007664,S014,P0099,W004,2025-11-22,512,2025-12-01,2025-12-02,10,1,Late
PO007665,S016,P0037,W003,2025-12-02,280,2025-12-13,2025-12-18,16,5,Late
PO007666,S018,P0060,W006,2025-12-15,54,2025-12-19,2025-12-19,4,0,On Time
PO007667,S016,P0077,W006,2025-02-07,400,2025-02-18,2025-02-18,11,0,On Time
PO007668,S016,P0024,W005,2025-12-23,416,2026-01-03,2026-01-10,18,7,Late
PO007669,S002,P0026,W006,2025-08-28,46,2025-09-10,2025-09-10,13,0,On Time
PO007670,S010,P0058,W001,2025-11-14,927,2025-11-25,2025-11-27,13,2,Late
PO007671,S007,P0009,W005,2025-05-01,881,2025-05-15,2025-05-17,16,2,Late
PO007672,S025,P0061,W006,2025-02-17,325,2025-03-01,2025-03-01,12,0,On Time
PO007673,S015,P0019,W001,2025-01-10,755,2025-01-17,2025-01-17,7,0,On Time
PO007674,S009,P0028,W001,2025-08-21,718,2025-08-27,2025-08-27,6,0,On Time
PO007675,S007,P0007,W001,2025-02-05,690,2025-02-19,2025-02-19,14,0,On Time
PO007676,S024,P0045,W006,2025-01-04,600,2025-01-15,2025-01-15,11,0,On Time
PO007677,S016,P0086,W008,2025-02-13,184,2025-02-24,2025-02-24,11,0,On Time
PO007678,S003,P0094,W001,2025-02-25,277,2025-03-09,2025-03-09,12,0,On Time
PO007679,S017,P0063,W007,2025-02-11,121,2025-02-20,2025-02-20,9,0,On Time
PO007680,S023,P0037,W002,2025-09-12,474,2025-09-24,2025-09-24,12,0,On Time
PO007681,S008,P0016,W006,2025-08-16,212,2025-08-25,2025-08-26,10,1,Late
PO007682,S002,P0100,W001,2025-04-24,790,2025-05-07,2025-05-10,16,3,Late
PO007683,S025,P0005,W002,2025-08-25,935,2025-09-06,2025-09-06,12,0,On Time
PO007684,S020,P0029,W007,2025-06-23,917,2025-07-04,2025-07-04,11,0,On Time
PO007685,S025,P0052,W004,2025-09-12,829,2025-09-24,2025-10-01,19,7,Late
PO007686,S003,P0023,W002,2025-10-04,318,2025-10-16,2025-10-16,12,0,On Time
PO007687,S008,P0006,W006,2025-12-01,40,2025-12-10,2025-12-10,9,0,On Time
PO007688,S002,P0036,W006,2025-03-10,64,2025-03-23,2025-03-23,13,0,On Time
PO007689,S019,P0057,W001,2025-11-22,499,2025-11-28,2025-11-28,6,0,On Time
PO007690,S017,P0033,W007,2025-08-18,515,2025-08-27,2025-08-27,9,0,On Time
PO007691,S005,P0049,W008,2025-03-08,807,2025-03-22,2025-03-22,14,0,On Time
PO007692,S020,P0041,W007,2025-10-31,702,2025-11-11,2025-11-11,11,0,On Time
PO007693,S017,P0080,W007,2025-02-05,709,2025-02-14,2025-02-14,9,0,On Time
PO007694,S010,P0055,W006,2025-06-08,242,2025-06-19,2025-06-19,11,0,On Time
PO007695,S009,P0098,W004,2025-05-29,318,2025-06-04,2025-06-04,6,0,On Time
PO007696,S022,P0026,W007,2025-01-27,500,2025-01-31,2025-01-31,4,0,On Time
PO007697,S006,P0037,W008,2025-03-13,43,2025-03-18,2025-03-18,5,0,On Time
PO007698,S011,P0077,W005,2025-09-05,357,2025-09-10,2025-09-12,7,2,Late
PO007699,S002,P0017,W002,2025-04-11,103,2025-04-24,2025-04-24,13,0,On Time
PO007700,S023,P0096,W005,2025-07-09,79,2025-07-21,2025-07-21,12,0,On Time
PO007701,S012,P0032,W004,2025-04-06,307,2025-04-13,2025-04-13,7,0,On Time
PO007702,S012,P0028,W002,2025-10-09,653,2025-10-16,2025-10-18,9,2,Late
PO007703,S016,P0093,W001,2025-11-18,536,2025-11-29,2025-11-30,12,1,Late
PO007704,S025,P0025,W002,2025-10-05,917,2025-10-17,2025-10-17,12,0,On Time
PO007705,S022,P0047,W001,2025-01-17,173,2025-01-21,2025-01-21,4,0,On Time
PO007706,S024,P0022,W003,2025-09-20,300,2025-10-01,2025-10-01,11,0,On Time
PO007707,S012,P0091,W002,2025-04-17,453,2025-04-24,2025-04-24,7,0,On Time
PO007708,S021,P0061,W008,2025-03-09,361,2025-03-23,2025-03-26,17,3,Late
PO007709,S018,P0044,W002,2025-05-08,954,2025-05-12,2025-05-12,4,0,On Time
PO007710,S013,P0020,W008,2025-10-20,105,2025-10-25,2025-10-25,5,0,On Time
PO007711,S015,P0050,W005,2025-10-21,606,2025-10-28,2025-10-28,7,0,On Time
PO007712,S016,P0088,W005,2025-04-06,798,2025-04-17,2025-04-17,11,0,On Time
PO007713,S004,P0047,W004,2025-01-01,210,2025-01-15,2025-01-16,15,1,Late
PO007714,S012,P0047,W001,2025-10-25,271,2025-11-01,2025-11-01,7,0,On Time
PO007715,S017,P0072,W006,2025-06-29,87,2025-07-08,2025-07-08,9,0,On Time
PO007716,S001,P0051,W005,2025-06-30,884,2025-07-13,2025-07-14,14,1,Late
PO007717,S022,P0055,W008,2025-08-23,165,2025-08-27,2025-08-27,4,0,On Time
PO007718,S018,P0078,W008,2025-11-15,895,2025-11-19,2025-11-20,5,1,Late
PO007719,S022,P0039,W007,2025-12-03,653,2025-12-07,2025-12-07,4,0,On Time
PO007720,S016,P0014,W004,2025-01-08,943,2025-01-19,2025-01-19,11,0,On Time
PO007721,S001,P0069,W001,2025-01-27,573,2025-02-09,2025-02-12,16,3,Late
PO007722,S010,P0047,W008,2025-11-04,847,2025-11-15,2025-11-16,12,1,Late
PO007723,S019,P0021,W001,2025-05-26,681,2025-06-01,2025-06-01,6,0,On Time
PO007724,S016,P0015,W001,2025-04-01,955,2025-04-12,2025-04-14,13,2,Late
PO007725,S014,P0100,W003,2025-12-08,593,2025-12-17,2025-12-18,10,1,Late
PO007726,S025,P0097,W001,2025-09-29,274,2025-10-11,2025-10-13,14,2,Late
PO007727,S002,P0081,W008,2025-11-18,150,2025-12-01,2025-12-01,13,0,On Time
PO007728,S024,P0084,W008,2025-01-05,858,2025-01-16,2025-01-16,11,0,On Time
PO007729,S006,P0001,W004,2025-03-23,978,2025-03-28,2025-03-28,5,0,On Time
PO007730,S022,P0080,W001,2025-08-07,396,2025-08-11,2025-08-12,5,1,Late
PO007731,S023,P0082,W008,2025-04-28,551,2025-05-10,2025-05-10,12,0,On Time
PO007732,S005,P0010,W006,2025-03-22,218,2025-04-05,2025-04-07,16,2,Late
PO007733,S012,P0023,W006,2025-03-11,858,2025-03-18,2025-03-18,7,0,On Time
PO007734,S004,P0018,W008,2025-04-25,240,2025-05-09,2025-05-09,14,0,On Time
PO007735,S022,P0058,W001,2025-09-20,429,2025-09-24,2025-09-24,4,0,On Time
PO007736,S024,P0073,W004,2025-11-02,956,2025-11-13,2025-11-13,11,0,On Time
PO007737,S004,P0094,W002,2025-05-22,662,2025-06-05,2025-06-06,15,1,Late
PO007738,S005,P0077,W001,2025-07-26,190,2025-08-09,2025-08-09,14,0,On Time
PO007739,S007,P0052,W004,2025-04-21,164,2025-05-05,2025-05-05,14,0,On Time
PO007740,S006,P0095,W005,2025-10-30,507,2025-11-04,2025-11-04,5,0,On Time
PO007741,S013,P0046,W004,2025-04-22,871,2025-04-27,2025-04-30,8,3,Late
PO007742,S004,P0013,W003,2025-02-12,373,2025-02-26,2025-03-01,17,3,Late
PO007743,S013,P0096,W005,2025-12-13,200,2025-12-18,2025-12-18,5,0,On Time
PO007744,S004,P0017,W006,2025-10-12,967,2025-10-26,2025-10-26,14,0,On Time
PO007745,S010,P0067,W006,2025-05-08,180,2025-05-19,2025-05-19,11,0,On Time
PO007746,S020,P0061,W002,2025-07-04,483,2025-07-15,2025-07-20,16,5,Late
PO007747,S001,P0065,W002,2025-08-17,79,2025-08-30,2025-08-30,13,0,On Time
PO007748,S021,P0053,W004,2025-08-09,234,2025-08-23,2025-08-23,14,0,On Time
PO007749,S008,P0005,W004,2025-12-18,599,2025-12-27,2025-12-27,9,0,On Time
PO007750,S007,P0032,W001,2025-04-27,971,2025-05-11,2025-05-12,15,1,Late
PO007751,S005,P0089,W007,2025-03-11,892,2025-03-25,2025-03-28,17,3,Late
PO007752,S003,P0045,W007,2025-03-11,211,2025-03-23,2025-03-23,12,0,On Time
PO007753,S015,P0056,W001,2025-04-20,507,2025-04-27,2025-04-27,7,0,On Time
PO007754,S017,P0005,W006,2025-05-12,244,2025-05-21,2025-05-21,9,0,On Time
PO007755,S023,P0087,W003,2025-02-25,411,2025-03-09,2025-03-09,12,0,On Time
PO007756,S013,P0076,W007,2025-03-30,728,2025-04-04,2025-04-04,5,0,On Time
PO007757,S015,P0034,W001,2025-05-17,180,2025-05-24,2025-05-27,10,3,Late
PO007758,S019,P0061,W006,2025-05-11,780,2025-05-17,2025-05-20,9,3,Late
PO007759,S020,P0087,W004,2025-08-06,940,2025-08-17,2025-08-24,18,7,Late
PO007760,S014,P0080,W008,2025-06-25,474,2025-07-04,2025-07-04,9,0,On Time
PO007761,S021,P0062,W007,2025-06-20,130,2025-07-04,2025-07-04,14,0,On Time
PO007762,S013,P0069,W004,2025-04-10,922,2025-04-15,2025-04-17,7,2,Late
PO007763,S012,P0063,W001,2025-05-09,78,2025-05-16,2025-05-16,7,0,On Time
PO007764,S024,P0044,W007,2025-02-26,564,2025-03-09,2025-03-09,11,0,On Time
PO007765,S023,P0028,W003,2025-06-30,572,2025-07-12,2025-07-12,12,0,On Time
PO007766,S009,P0070,W006,2025-09-03,692,2025-09-09,2025-09-14,11,5,Late
PO007767,S003,P0013,W004,2025-05-24,48,2025-06-05,2025-06-06,13,1,Late
PO007768,S011,P0043,W006,2025-02-20,786,2025-02-25,2025-02-25,5,0,On Time
PO007769,S010,P0030,W003,2025-08-06,954,2025-08-17,2025-08-17,11,0,On Time
PO007770,S001,P0026,W004,2025-04-14,204,2025-04-27,2025-04-30,16,3,Late
PO007771,S017,P0081,W006,2025-02-24,892,2025-03-05,2025-03-07,11,2,Late
PO007772,S013,P0063,W008,2025-09-14,243,2025-09-19,2025-09-20,6,1,Late
PO007773,S014,P0073,W003,2025-12-12,376,2025-12-21,2025-12-21,9,0,On Time
PO007774,S001,P0057,W003,2025-06-05,511,2025-06-18,2025-06-18,13,0,On Time
PO007775,S002,P0064,W003,2025-02-22,752,2025-03-07,2025-03-07,13,0,On Time
PO007776,S002,P0080,W001,2025-11-25,851,2025-12-08,2025-12-13,18,5,Late
PO007777,S007,P0049,W002,2025-07-06,617,2025-07-20,2025-07-20,14,0,On Time
PO007778,S009,P0052,W006,2025-12-30,597,2026-01-05,2026-01-05,6,0,On Time
PO007779,S024,P0063,W003,2025-05-30,133,2025-06-10,2025-06-10,11,0,On Time
PO007780,S004,P0082,W006,2025-09-21,397,2025-10-05,2025-10-05,14,0,On Time
PO007781,S002,P0013,W003,2025-09-07,796,2025-09-20,2025-09-20,13,0,On Time
PO007782,S019,P0093,W006,2025-10-25,304,2025-10-31,2025-11-03,9,3,Late
PO007783,S005,P0088,W004,2025-07-30,116,2025-08-13,2025-08-13,14,0,On Time
PO007784,S009,P0045,W006,2025-01-25,861,2025-01-31,2025-01-31,6,0,On Time
PO007785,S024,P0046,W007,2025-10-21,143,2025-11-01,2025-11-01,11,0,On Time
PO007786,S013,P0077,W002,2025-12-07,175,2025-12-12,2025-12-15,8,3,Late
PO007787,S012,P0089,W004,2025-06-01,129,2025-06-08,2025-06-10,9,2,Late
PO007788,S019,P0041,W008,2025-01-24,72,2025-01-30,2025-01-30,6,0,On Time
PO007789,S009,P0046,W004,2025-09-09,193,2025-09-15,2025-09-15,6,0,On Time
PO007790,S010,P0001,W003,2025-03-01,698,2025-03-12,2025-03-12,11,0,On Time
PO007791,S019,P0073,W005,2025-03-07,607,2025-03-13,2025-03-13,6,0,On Time
PO007792,S010,P0068,W007,2025-02-22,333,2025-03-05,2025-03-05,11,0,On Time
PO007793,S012,P0092,W008,2025-04-16,745,2025-04-23,2025-04-25,9,2,Late
PO007794,S014,P0012,W002,2025-04-06,713,2025-04-15,2025-04-15,9,0,On Time
PO007795,S008,P0088,W004,2025-06-25,409,2025-07-04,2025-07-11,16,7,Late
PO007796,S016,P0073,W005,2025-02-08,64,2025-02-19,2025-02-19,11,0,On Time
PO007797,S017,P0035,W005,2025-06-17,955,2025-06-26,2025-06-26,9,0,On Time
PO007798,S020,P0099,W004,2025-02-11,682,2025-02-22,2025-02-22,11,0,On Time
PO007799,S004,P0033,W003,2025-04-14,136,2025-04-28,2025-04-28,14,0,On Time
PO007800,S006,P0058,W001,2025-11-29,141,2025-12-04,2025-12-04,5,0,On Time
PO007801,S012,P0035,W004,2025-07-23,501,2025-07-30,2025-07-31,8,1,Late
PO007802,S018,P0046,W003,2025-01-08,189,2025-01-12,2025-01-12,4,0,On Time
PO007803,S007,P0084,W002,2025-10-09,697,2025-10-23,2025-10-23,14,0,On Time
PO007804,S005,P0066,W003,2025-02-12,419,2025-02-26,2025-03-01,17,3,Late
PO007805,S010,P0044,W005,2025-04-20,861,2025-05-01,2025-05-06,16,5,Late
PO007806,S006,P0026,W007,2025-07-29,962,2025-08-03,2025-08-03,5,0,On Time
PO007807,S014,P0042,W007,2025-08-25,680,2025-09-03,2025-09-05,11,2,Late
PO007808,S006,P0077,W002,2025-12-22,519,2025-12-27,2025-12-27,5,0,On Time
PO007809,S014,P0030,W008,2025-11-15,93,2025-11-24,2025-11-24,9,0,On Time
PO007810,S012,P0032,W007,2025-02-18,990,2025-02-25,2025-02-25,7,0,On Time
PO007811,S022,P0036,W002,2025-04-25,168,2025-04-29,2025-05-06,11,7,Late
PO007812,S012,P0019,W001,2025-06-04,556,2025-06-11,2025-06-11,7,0,On Time
PO007813,S008,P0022,W008,2025-05-17,911,2025-05-26,2025-05-26,9,0,On Time
PO007814,S010,P0065,W001,2025-06-16,80,2025-06-27,2025-06-27,11,0,On Time
PO007815,S016,P0057,W004,2025-11-17,885,2025-11-28,2025-11-28,11,0,On Time
PO007816,S020,P0011,W007,2025-07-18,73,2025-07-29,2025-07-29,11,0,On Time
PO007817,S008,P0026,W003,2025-03-12,242,2025-03-21,2025-03-21,9,0,On Time
PO007818,S009,P0048,W004,2025-01-07,750,2025-01-13,2025-01-13,6,0,On Time
PO007819,S013,P0019,W001,2025-07-19,492,2025-07-24,2025-07-24,5,0,On Time
PO007820,S020,P0083,W005,2025-12-02,335,2025-12-13,2025-12-13,11,0,On Time
PO007821,S017,P0012,W001,2025-03-08,189,2025-03-17,2025-03-17,9,0,On Time
PO007822,S019,P0067,W003,2025-05-18,720,2025-05-24,2025-05-25,7,1,Late
PO007823,S017,P0056,W008,2025-08-30,51,2025-09-08,2025-09-08,9,0,On Time
PO007824,S007,P0018,W008,2025-08-01,72,2025-08-15,2025-08-16,15,1,Late
PO007825,S001,P0005,W005,2025-06-30,959,2025-07-13,2025-07-13,13,0,On Time
PO007826,S020,P0024,W007,2025-09-11,158,2025-09-22,2025-09-22,11,0,On Time
PO007827,S014,P0078,W004,2025-04-11,393,2025-04-20,2025-04-23,12,3,Late
PO007828,S017,P0038,W004,2025-12-17,66,2025-12-26,2025-12-26,9,0,On Time
PO007829,S013,P0067,W001,2025-03-28,109,2025-04-02,2025-04-02,5,0,On Time
PO007830,S002,P0070,W001,2025-07-04,847,2025-07-17,2025-07-22,18,5,Late
PO007831,S014,P0076,W008,2025-04-01,55,2025-04-10,2025-04-10,9,0,On Time
PO007832,S001,P0052,W007,2025-09-05,975,2025-09-18,2025-09-18,13,0,On Time
PO007833,S005,P0075,W006,2025-08-02,948,2025-08-16,2025-08-21,19,5,Late
PO007834,S007,P0039,W008,2025-12-25,244,2026-01-08,2026-01-08,14,0,On Time
PO007835,S019,P0059,W004,2025-09-06,573,2025-09-12,2025-09-13,7,1,Late
PO007836,S014,P0026,W007,2025-05-06,759,2025-05-15,2025-05-15,9,0,On Time
PO007837,S024,P0065,W004,2025-01-04,288,2025-01-15,2025-01-15,11,0,On Time
PO007838,S014,P0080,W002,2025-03-29,929,2025-04-07,2025-04-07,9,0,On Time
PO007839,S015,P0048,W003,2025-05-31,205,2025-06-07,2025-06-07,7,0,On Time
PO007840,S005,P0053,W002,2025-06-25,390,2025-07-09,2025-07-11,16,2,Late
PO007841,S005,P0009,W002,2025-07-30,888,2025-08-13,2025-08-18,19,5,Late
PO007842,S021,P0005,W004,2025-09-16,254,2025-09-30,2025-09-30,14,0,On Time
PO007843,S024,P0072,W006,2025-04-01,141,2025-04-12,2025-04-14,13,2,Late
PO007844,S002,P0061,W008,2025-09-16,443,2025-09-29,2025-09-29,13,0,On Time
PO007845,S018,P0021,W008,2025-07-10,852,2025-07-14,2025-07-14,4,0,On Time
PO007846,S024,P0097,W007,2025-03-22,408,2025-04-02,2025-04-07,16,5,Late
PO007847,S009,P0063,W007,2025-05-18,945,2025-05-24,2025-05-24,6,0,On Time
PO007848,S010,P0020,W003,2025-12-16,136,2025-12-27,2025-12-27,11,0,On Time
PO007849,S018,P0058,W004,2025-05-06,485,2025-05-10,2025-05-10,4,0,On Time
PO007850,S004,P0045,W002,2025-12-22,448,2026-01-05,2026-01-05,14,0,On Time
PO007851,S008,P0022,W002,2025-11-05,888,2025-11-14,2025-11-14,9,0,On Time
PO007852,S018,P0077,W007,2025-12-09,461,2025-12-13,2025-12-13,4,0,On Time
PO007853,S020,P0075,W007,2025-08-18,58,2025-08-29,2025-09-01,14,3,Late
PO007854,S017,P0082,W004,2025-12-11,927,2025-12-20,2025-12-20,9,0,On Time
PO007855,S016,P0063,W001,2025-11-06,181,2025-11-17,2025-11-17,11,0,On Time
PO007856,S018,P0030,W001,2025-01-20,640,2025-01-24,2025-01-24,4,0,On Time
PO007857,S007,P0063,W004,2025-02-18,545,2025-03-04,2025-03-04,14,0,On Time
PO007858,S001,P0097,W005,2025-05-15,185,2025-05-28,2025-06-02,18,5,Late
PO007859,S001,P0044,W005,2025-01-29,931,2025-02-11,2025-02-16,18,5,Late
PO007860,S018,P0067,W001,2025-02-17,893,2025-02-21,2025-02-22,5,1,Late
PO007861,S004,P0058,W003,2025-09-26,464,2025-10-10,2025-10-10,14,0,On Time
PO007862,S023,P0065,W006,2025-01-03,462,2025-01-15,2025-01-18,15,3,Late
PO007863,S020,P0036,W002,2025-09-15,350,2025-09-26,2025-09-26,11,0,On Time
PO007864,S021,P0006,W007,2025-01-16,354,2025-01-30,2025-01-30,14,0,On Time
PO007865,S020,P0037,W003,2025-04-04,131,2025-04-15,2025-04-15,11,0,On Time
PO007866,S004,P0093,W007,2025-12-24,765,2026-01-07,2026-01-10,17,3,Late
PO007867,S025,P0075,W001,2025-05-14,733,2025-05-26,2025-05-26,12,0,On Time
PO007868,S006,P0055,W008,2025-10-28,854,2025-11-02,2025-11-02,5,0,On Time
PO007869,S003,P0077,W004,2025-11-23,158,2025-12-05,2025-12-05,12,0,On Time
PO007870,S006,P0075,W005,2025-05-13,798,2025-05-18,2025-05-18,5,0,On Time
PO007871,S013,P0059,W001,2025-11-08,803,2025-11-13,2025-11-16,8,3,Late
PO007872,S023,P0038,W003,2025-02-01,185,2025-02-13,2025-02-13,12,0,On Time
PO007873,S007,P0025,W003,2025-11-01,433,2025-11-15,2025-11-15,14,0,On Time
PO007874,S024,P0079,W006,2025-09-26,188,2025-10-07,2025-10-07,11,0,On Time
PO007875,S004,P0077,W007,2025-01-25,788,2025-02-08,2025-02-10,16,2,Late
PO007876,S001,P0033,W001,2025-11-12,143,2025-11-25,2025-11-25,13,0,On Time
PO007877,S006,P0013,W002,2025-02-28,569,2025-03-05,2025-03-05,5,0,On Time
PO007878,S024,P0038,W003,2025-08-01,901,2025-08-12,2025-08-12,11,0,On Time
PO007879,S005,P0058,W002,2025-06-05,780,2025-06-19,2025-06-19,14,0,On Time
PO007880,S013,P0088,W002,2025-11-10,768,2025-11-15,2025-11-18,8,3,Late
PO007881,S019,P0020,W007,2025-10-03,117,2025-10-09,2025-10-14,11,5,Late
PO007882,S004,P0017,W004,2025-07-29,79,2025-08-12,2025-08-12,14,0,On Time
PO007883,S024,P0024,W001,2025-02-26,38,2025-03-09,2025-03-09,11,0,On Time
PO007884,S006,P0026,W001,2025-07-04,143,2025-07-09,2025-07-10,6,1,Late
PO007885,S013,P0040,W002,2025-02-23,245,2025-02-28,2025-02-28,5,0,On Time
PO007886,S005,P0032,W004,2025-07-28,974,2025-08-11,2025-08-11,14,0,On Time
PO007887,S013,P0093,W008,2025-12-08,631,2025-12-13,2025-12-13,5,0,On Time
PO007888,S025,P0078,W003,2025-10-20,343,2025-11-01,2025-11-04,15,3,Late
PO007889,S010,P0037,W003,2025-12-06,925,2025-12-17,2025-12-19,13,2,Late
PO007890,S003,P0086,W001,2025-10-31,36,2025-11-12,2025-11-14,14,2,Late
PO007891,S023,P0098,W007,2025-09-09,779,2025-09-21,2025-09-21,12,0,On Time
PO007892,S025,P0091,W007,2025-10-31,99,2025-11-12,2025-11-14,14,2,Late
PO007893,S013,P0092,W002,2025-04-22,616,2025-04-27,2025-04-27,5,0,On Time
PO007894,S012,P0086,W004,2025-01-06,879,2025-01-13,2025-01-13,7,0,On Time
PO007895,S004,P0060,W004,2025-07-10,475,2025-07-24,2025-07-27,17,3,Late
PO007896,S010,P0057,W003,2025-11-30,560,2025-12-11,2025-12-18,18,7,Late
PO007897,S003,P0058,W003,2025-10-06,665,2025-10-18,2025-10-21,15,3,Late
PO007898,S017,P0067,W007,2025-12-06,725,2025-12-15,2025-12-17,11,2,Late
PO007899,S009,P0022,W005,2025-01-13,650,2025-01-19,2025-01-20,7,1,Late
PO007900,S001,P0058,W005,2025-10-30,397,2025-11-12,2025-11-13,14,1,Late
PO007901,S018,P0085,W002,2025-02-13,898,2025-02-17,2025-02-20,7,3,Late
PO007902,S009,P0080,W005,2025-04-15,210,2025-04-21,2025-04-21,6,0,On Time
PO007903,S021,P0073,W004,2025-06-09,946,2025-06-23,2025-06-23,14,0,On Time
PO007904,S020,P0077,W005,2025-06-03,684,2025-06-14,2025-06-16,13,2,Late
PO007905,S025,P0074,W008,2025-08-30,874,2025-09-11,2025-09-16,17,5,Late
PO007906,S009,P0049,W001,2025-06-30,510,2025-07-06,2025-07-06,6,0,On Time
PO007907,S002,P0085,W001,2025-01-14,424,2025-01-27,2025-01-29,15,2,Late
PO007908,S019,P0049,W006,2025-06-29,291,2025-07-05,2025-07-05,6,0,On Time
PO007909,S016,P0042,W003,2025-10-19,663,2025-10-30,2025-11-04,16,5,Late
PO007910,S003,P0040,W003,2025-09-21,894,2025-10-03,2025-10-04,13,1,Late
PO007911,S016,P0071,W007,2025-06-17,449,2025-06-28,2025-06-28,11,0,On Time
PO007912,S021,P0046,W002,2025-08-02,539,2025-08-16,2025-08-18,16,2,Late
PO007913,S013,P0022,W008,2025-05-30,665,2025-06-04,2025-06-06,7,2,Late
PO007914,S003,P0082,W001,2025-01-16,912,2025-01-28,2025-01-31,15,3,Late
PO007915,S010,P0021,W006,2025-04-01,403,2025-04-12,2025-04-17,16,5,Late
PO007916,S022,P0051,W008,2025-04-30,840,2025-05-04,2025-05-04,4,0,On Time
PO007917,S018,P0014,W002,2025-09-10,906,2025-09-14,2025-09-14,4,0,On Time
PO007918,S006,P0074,W002,2025-03-01,211,2025-03-06,2025-03-08,7,2,Late
PO007919,S006,P0097,W008,2025-09-23,622,2025-09-28,2025-10-03,10,5,Late
PO007920,S018,P0009,W007,2025-01-31,454,2025-02-04,2025-02-04,4,0,On Time
PO007921,S006,P0018,W005,2025-01-21,780,2025-01-26,2025-01-26,5,0,On Time
PO007922,S006,P0013,W003,2025-08-07,783,2025-08-12,2025-08-12,5,0,On Time
PO007923,S022,P0017,W002,2025-03-22,82,2025-03-26,2025-03-26,4,0,On Time
PO007924,S013,P0087,W008,2025-10-16,235,2025-10-21,2025-10-23,7,2,Late
PO007925,S014,P0025,W002,2025-01-31,153,2025-02-09,2025-02-09,9,0,On Time
PO007926,S021,P0054,W003,2025-08-22,977,2025-09-05,2025-09-05,14,0,On Time
PO007927,S007,P0016,W007,2025-02-05,638,2025-02-19,2025-02-22,17,3,Late
PO007928,S013,P0024,W003,2025-05-12,180,2025-05-17,2025-05-17,5,0,On Time
PO007929,S015,P0095,W001,2025-11-20,277,2025-11-27,2025-11-29,9,2,Late
PO007930,S012,P0075,W003,2025-12-12,444,2025-12-19,2025-12-19,7,0,On Time
PO007931,S021,P0023,W005,2025-05-12,547,2025-05-26,2025-05-27,15,1,Late
PO007932,S001,P0041,W001,2025-01-09,377,2025-01-22,2025-01-22,13,0,On Time
PO007933,S025,P0086,W007,2025-01-30,394,2025-02-11,2025-02-11,12,0,On Time
PO007934,S003,P0033,W008,2025-04-25,590,2025-05-07,2025-05-07,12,0,On Time
PO007935,S018,P0042,W006,2025-10-28,28,2025-11-01,2025-11-04,7,3,Late
PO007936,S022,P0048,W002,2025-01-04,216,2025-01-08,2025-01-08,4,0,On Time
PO007937,S008,P0018,W005,2025-11-21,136,2025-11-30,2025-11-30,9,0,On Time
PO007938,S002,P0063,W005,2025-08-25,29,2025-09-07,2025-09-09,15,2,Late
PO007939,S004,P0078,W001,2025-01-23,881,2025-02-06,2025-02-06,14,0,On Time
PO007940,S018,P0092,W002,2025-01-16,538,2025-01-20,2025-01-25,9,5,Late
PO007941,S025,P0011,W001,2025-01-22,368,2025-02-03,2025-02-03,12,0,On Time
PO007942,S013,P0024,W004,2025-03-13,725,2025-03-18,2025-03-18,5,0,On Time
PO007943,S015,P0061,W004,2025-10-31,423,2025-11-07,2025-11-07,7,0,On Time
PO007944,S002,P0064,W001,2025-08-18,654,2025-08-31,2025-08-31,13,0,On Time
PO007945,S010,P0036,W002,2025-04-17,594,2025-04-28,2025-04-28,11,0,On Time
PO007946,S002,P0083,W007,2025-07-27,23,2025-08-09,2025-08-09,13,0,On Time
PO007947,S021,P0077,W002,2025-07-27,815,2025-08-10,2025-08-10,14,0,On Time
PO007948,S012,P0097,W003,2025-09-20,347,2025-09-27,2025-09-30,10,3,Late
PO007949,S005,P0053,W007,2025-02-20,781,2025-03-06,2025-03-08,16,2,Late
PO007950,S012,P0083,W005,2025-03-06,531,2025-03-13,2025-03-13,7,0,On Time
PO007951,S023,P0047,W008,2025-09-22,950,2025-10-04,2025-10-04,12,0,On Time
PO007952,S001,P0052,W001,2025-12-04,149,2025-12-17,2025-12-18,14,1,Late
PO007953,S002,P0096,W007,2025-10-28,956,2025-11-10,2025-11-10,13,0,On Time
PO007954,S016,P0079,W005,2025-06-24,943,2025-07-05,2025-07-10,16,5,Late
PO007955,S022,P0057,W007,2025-06-01,606,2025-06-05,2025-06-05,4,0,On Time
PO007956,S002,P0075,W005,2025-09-23,503,2025-10-06,2025-10-07,14,1,Late
PO007957,S016,P0023,W004,2025-11-25,860,2025-12-06,2025-12-06,11,0,On Time
PO007958,S020,P0059,W004,2025-10-31,377,2025-11-11,2025-11-11,11,0,On Time
PO007959,S016,P0069,W006,2025-06-12,404,2025-06-23,2025-06-26,14,3,Late
PO007960,S006,P0056,W007,2025-12-09,273,2025-12-14,2025-12-14,5,0,On Time
PO007961,S013,P0086,W007,2025-08-26,942,2025-08-31,2025-09-01,6,1,Late
PO007962,S012,P0042,W001,2025-07-18,854,2025-07-25,2025-07-25,7,0,On Time
PO007963,S023,P0018,W006,2025-01-16,186,2025-01-28,2025-01-28,12,0,On Time
PO007964,S010,P0071,W008,2025-11-05,732,2025-11-16,2025-11-16,11,0,On Time
PO007965,S005,P0033,W001,2025-10-23,699,2025-11-06,2025-11-09,17,3,Late
PO007966,S008,P0003,W002,2025-12-22,815,2025-12-31,2025-12-31,9,0,On Time
PO007967,S006,P0028,W008,2025-10-03,488,2025-10-08,2025-10-08,5,0,On Time
PO007968,S005,P0001,W001,2025-08-27,879,2025-09-10,2025-09-10,14,0,On Time
PO007969,S020,P0063,W008,2025-03-10,512,2025-03-21,2025-03-21,11,0,On Time
PO007970,S022,P0047,W007,2025-10-28,939,2025-11-01,2025-11-04,7,3,Late
PO007971,S006,P0037,W002,2025-01-06,357,2025-01-11,2025-01-11,5,0,On Time
PO007972,S022,P0086,W008,2025-08-08,70,2025-08-12,2025-08-12,4,0,On Time
PO007973,S017,P0048,W002,2025-09-11,75,2025-09-20,2025-09-20,9,0,On Time
PO007974,S006,P0019,W001,2025-10-22,92,2025-10-27,2025-10-27,5,0,On Time
PO007975,S017,P0014,W002,2025-12-24,813,2026-01-02,2026-01-07,14,5,Late
PO007976,S005,P0067,W005,2025-04-17,619,2025-05-01,2025-05-01,14,0,On Time
PO007977,S023,P0083,W002,2025-10-22,71,2025-11-03,2025-11-03,12,0,On Time
PO007978,S017,P0097,W005,2025-04-28,144,2025-05-07,2025-05-08,10,1,Late
PO007979,S017,P0085,W005,2025-06-17,281,2025-06-26,2025-06-26,9,0,On Time
PO007980,S013,P0065,W005,2025-09-08,974,2025-09-13,2025-09-14,6,1,Late
PO007981,S022,P0026,W008,2025-03-23,904,2025-03-27,2025-03-30,7,3,Late
PO007982,S007,P0010,W003,2025-02-23,799,2025-03-09,2025-03-09,14,0,On Time
PO007983,S022,P0099,W006,2025-08-28,594,2025-09-01,2025-09-01,4,0,On Time
PO007984,S021,P0077,W007,2025-01-12,567,2025-01-26,2025-01-26,14,0,On Time
PO007985,S006,P0070,W003,2025-07-28,540,2025-08-02,2025-08-02,5,0,On Time
PO007986,S014,P0043,W007,2025-06-14,349,2025-06-23,2025-06-23,9,0,On Time
PO007987,S016,P0070,W007,2025-10-21,342,2025-11-01,2025-11-04,14,3,Late
PO007988,S003,P0099,W002,2025-01-07,260,2025-01-19,2025-01-21,14,2,Late
PO007989,S009,P0080,W006,2025-03-19,304,2025-03-25,2025-03-25,6,0,On Time
PO007990,S015,P0072,W007,2025-03-06,858,2025-03-13,2025-03-16,10,3,Late
PO007991,S021,P0059,W006,2025-04-12,621,2025-04-26,2025-04-26,14,0,On Time
PO007992,S018,P0003,W006,2025-12-23,283,2025-12-27,2025-12-28,5,1,Late
PO007993,S010,P0005,W001,2025-10-27,318,2025-11-07,2025-11-07,11,0,On Time
PO007994,S010,P0085,W002,2025-10-14,224,2025-10-25,2025-10-25,11,0,On Time
PO007995,S023,P0095,W008,2025-06-20,310,2025-07-02,2025-07-04,14,2,Late
PO007996,S003,P0078,W003,2025-03-18,230,2025-03-30,2025-03-30,12,0,On Time
PO007997,S001,P0083,W006,2025-02-17,385,2025-03-02,2025-03-02,13,0,On Time
PO007998,S003,P0037,W007,2025-09-12,809,2025-09-24,2025-09-24,12,0,On Time
PO007999,S025,P0084,W006,2025-03-23,483,2025-04-04,2025-04-04,12,0,On Time
PO008000,S005,P0052,W007,2025-07-28,738,2025-08-11,2025-08-12,15,1,Late
PO008001,S007,P0066,W004,2025-07-28,341,2025-08-11,2025-08-13,16,2,Late
PO008002,S003,P0063,W006,2025-03-25,377,2025-04-06,2025-04-06,12,0,On Time
PO008003,S004,P0007,W006,2025-01-10,936,2025-01-24,2025-01-24,14,0,On Time
PO008004,S017,P0097,W004,2025-01-29,113,2025-02-07,2025-02-07,9,0,On Time
PO008005,S003,P0053,W002,2025-10-31,730,2025-11-12,2025-11-12,12,0,On Time
PO008006,S023,P0006,W003,2025-04-26,882,2025-05-08,2025-05-08,12,0,On Time
PO008007,S004,P0007,W008,2025-09-26,188,2025-10-10,2025-10-11,15,1,Late
PO008008,S002,P0044,W005,2025-02-16,316,2025-03-01,2025-03-08,20,7,Late
PO008009,S014,P0018,W003,2025-12-25,964,2026-01-03,2026-01-03,9,0,On Time
PO008010,S005,P0054,W002,2025-04-01,758,2025-04-15,2025-04-15,14,0,On Time
PO008011,S021,P0029,W003,2025-02-22,535,2025-03-08,2025-03-09,15,1,Late
PO008012,S002,P0083,W004,2025-08-06,117,2025-08-19,2025-08-19,13,0,On Time
PO008013,S015,P0025,W006,2025-12-14,724,2025-12-21,2025-12-21,7,0,On Time
PO008014,S011,P0063,W006,2025-03-18,797,2025-03-23,2025-03-23,5,0,On Time
PO008015,S022,P0068,W008,2025-07-23,369,2025-07-27,2025-07-28,5,1,Late
PO008016,S010,P0013,W005,2025-02-13,755,2025-02-24,2025-02-24,11,0,On Time
PO008017,S020,P0032,W002,2025-06-05,598,2025-06-16,2025-06-16,11,0,On Time
PO008018,S001,P0027,W006,2025-01-02,669,2025-01-15,2025-01-15,13,0,On Time
PO008019,S019,P0051,W002,2025-12-23,860,2025-12-29,2026-01-01,9,3,Late
PO008020,S014,P0034,W001,2025-11-09,420,2025-11-18,2025-11-21,12,3,Late
PO008021,S025,P0028,W007,2025-02-26,770,2025-03-10,2025-03-12,14,2,Late
PO008022,S023,P0073,W005,2025-10-17,470,2025-10-29,2025-10-30,13,1,Late
PO008023,S022,P0072,W007,2025-02-27,494,2025-03-03,2025-03-03,4,0,On Time
PO008024,S014,P0085,W002,2025-09-11,840,2025-09-20,2025-09-20,9,0,On Time
PO008025,S001,P0030,W003,2025-06-29,438,2025-07-12,2025-07-12,13,0,On Time
PO008026,S025,P0093,W003,2025-06-06,23,2025-06-18,2025-06-20,14,2,Late
PO008027,S009,P0009,W003,2025-02-04,343,2025-02-10,2025-02-10,6,0,On Time
PO008028,S017,P0013,W003,2025-03-16,388,2025-03-25,2025-03-27,11,2,Late
PO008029,S014,P0082,W002,2025-10-16,883,2025-10-25,2025-10-27,11,2,Late
PO008030,S013,P0064,W004,2025-03-16,633,2025-03-21,2025-03-24,8,3,Late
PO008031,S013,P0038,W005,2025-11-25,414,2025-11-30,2025-12-02,7,2,Late
PO008032,S006,P0022,W003,2025-03-19,575,2025-03-24,2025-03-24,5,0,On Time
PO008033,S007,P0031,W002,2025-09-12,138,2025-09-26,2025-09-26,14,0,On Time
PO008034,S002,P0099,W006,2025-09-22,719,2025-10-05,2025-10-05,13,0,On Time
PO008035,S008,P0042,W006,2025-10-31,762,2025-11-09,2025-11-09,9,0,On Time
PO008036,S024,P0062,W002,2025-03-08,985,2025-03-19,2025-03-19,11,0,On Time
PO008037,S006,P0064,W003,2025-08-09,209,2025-08-14,2025-08-14,5,0,On Time
PO008038,S025,P0074,W001,2025-06-13,641,2025-06-25,2025-06-30,17,5,Late
PO008039,S003,P0009,W002,2025-08-08,435,2025-08-20,2025-08-20,12,0,On Time
PO008040,S018,P0095,W005,2025-06-21,833,2025-06-25,2025-06-26,5,1,Late
PO008041,S018,P0044,W005,2025-09-11,810,2025-09-15,2025-09-15,4,0,On Time
PO008042,S022,P0063,W001,2025-07-29,125,2025-08-02,2025-08-09,11,7,Late
PO008043,S023,P0040,W008,2025-07-07,184,2025-07-19,2025-07-19,12,0,On Time
PO008044,S006,P0088,W006,2025-07-10,657,2025-07-15,2025-07-15,5,0,On Time
PO008045,S011,P0041,W006,2025-08-03,365,2025-08-08,2025-08-08,5,0,On Time
PO008046,S003,P0072,W002,2025-03-27,117,2025-04-08,2025-04-10,14,2,Late
PO008047,S016,P0050,W001,2025-04-16,505,2025-04-27,2025-04-27,11,0,On Time
PO008048,S005,P0020,W002,2025-11-28,350,2025-12-12,2025-12-15,17,3,Late
PO008049,S024,P0081,W002,2025-10-23,389,2025-11-03,2025-11-04,12,1,Late
PO008050,S022,P0092,W001,2025-01-19,461,2025-01-23,2025-01-23,4,0,On Time
PO008051,S002,P0070,W006,2025-02-16,139,2025-03-01,2025-03-01,13,0,On Time
PO008052,S015,P0042,W007,2025-03-06,872,2025-03-13,2025-03-15,9,2,Late
PO008053,S016,P0033,W004,2025-05-26,318,2025-06-06,2025-06-06,11,0,On Time
PO008054,S007,P0092,W003,2025-10-13,875,2025-10-27,2025-10-30,17,3,Late
PO008055,S016,P0063,W003,2025-03-07,162,2025-03-18,2025-03-18,11,0,On Time
PO008056,S024,P0057,W003,2025-01-05,726,2025-01-16,2025-01-16,11,0,On Time
PO008057,S004,P0065,W001,2025-04-03,661,2025-04-17,2025-04-18,15,1,Late
PO008058,S016,P0052,W002,2025-12-19,986,2025-12-30,2025-12-31,12,1,Late
PO008059,S017,P0099,W007,2025-04-04,920,2025-04-13,2025-04-13,9,0,On Time
PO008060,S002,P0088,W007,2025-04-16,968,2025-04-29,2025-05-02,16,3,Late
PO008061,S016,P0006,W002,2025-05-13,960,2025-05-24,2025-05-26,13,2,Late
PO008062,S004,P0007,W005,2025-12-07,635,2025-12-21,2025-12-21,14,0,On Time
PO008063,S007,P0009,W007,2025-11-10,112,2025-11-24,2025-11-24,14,0,On Time
PO008064,S018,P0061,W002,2025-03-20,316,2025-03-24,2025-03-24,4,0,On Time
PO008065,S006,P0080,W006,2025-07-31,466,2025-08-05,2025-08-10,10,5,Late
PO008066,S018,P0034,W004,2025-01-08,499,2025-01-12,2025-01-15,7,3,Late
PO008067,S007,P0035,W003,2025-06-08,753,2025-06-22,2025-06-22,14,0,On Time
PO008068,S002,P0099,W007,2025-09-25,731,2025-10-08,2025-10-08,13,0,On Time
PO008069,S019,P0020,W008,2025-05-29,819,2025-06-04,2025-06-11,13,7,Late
PO008070,S009,P0058,W006,2025-12-16,893,2025-12-22,2025-12-22,6,0,On Time
PO008071,S004,P0087,W006,2025-04-01,277,2025-04-15,2025-04-20,19,5,Late
PO008072,S014,P0060,W007,2025-08-24,541,2025-09-02,2025-09-02,9,0,On Time
PO008073,S005,P0054,W007,2025-10-16,702,2025-10-30,2025-10-30,14,0,On Time
PO008074,S025,P0035,W004,2025-12-22,394,2026-01-03,2026-01-03,12,0,On Time
PO008075,S007,P0047,W003,2025-06-17,446,2025-07-01,2025-07-01,14,0,On Time
PO008076,S008,P0046,W007,2025-07-12,120,2025-07-21,2025-07-24,12,3,Late
PO008077,S015,P0087,W001,2025-07-06,641,2025-07-13,2025-07-13,7,0,On Time
PO008078,S019,P0004,W004,2025-09-28,778,2025-10-04,2025-10-04,6,0,On Time
PO008079,S011,P0010,W006,2025-04-24,854,2025-04-29,2025-05-04,10,5,Late
PO008080,S020,P0075,W007,2025-01-11,263,2025-01-22,2025-01-22,11,0,On Time
PO008081,S023,P0040,W002,2025-02-24,42,2025-03-08,2025-03-08,12,0,On Time
PO008082,S004,P0055,W003,2025-09-15,373,2025-09-29,2025-09-29,14,0,On Time
PO008083,S018,P0073,W005,2025-03-06,485,2025-03-10,2025-03-10,4,0,On Time
PO008084,S014,P0040,W008,2025-06-21,244,2025-06-30,2025-06-30,9,0,On Time
PO008085,S006,P0076,W004,2025-09-29,884,2025-10-04,2025-10-04,5,0,On Time
PO008086,S025,P0081,W006,2025-05-30,463,2025-06-11,2025-06-11,12,0,On Time
PO008087,S016,P0096,W001,2025-12-28,996,2026-01-08,2026-01-08,11,0,On Time
PO008088,S018,P0023,W006,2025-05-26,793,2025-05-30,2025-05-30,4,0,On Time
PO008089,S001,P0015,W005,2025-07-28,288,2025-08-10,2025-08-11,14,1,Late
PO008090,S008,P0092,W007,2025-10-13,552,2025-10-22,2025-10-22,9,0,On Time
PO008091,S001,P0005,W007,2025-01-10,333,2025-01-23,2025-01-23,13,0,On Time
PO008092,S001,P0040,W001,2025-08-15,139,2025-08-28,2025-08-28,13,0,On Time
PO008093,S019,P0018,W003,2025-07-05,500,2025-07-11,2025-07-11,6,0,On Time
PO008094,S021,P0021,W004,2025-03-03,943,2025-03-17,2025-03-17,14,0,On Time
PO008095,S025,P0079,W001,2025-03-26,139,2025-04-07,2025-04-12,17,5,Late
PO008096,S010,P0003,W005,2025-05-14,729,2025-05-25,2025-05-25,11,0,On Time
PO008097,S018,P0046,W006,2025-11-19,155,2025-11-23,2025-11-23,4,0,On Time
PO008098,S012,P0090,W005,2025-10-24,96,2025-10-31,2025-11-01,8,1,Late
PO008099,S017,P0079,W002,2025-06-20,373,2025-06-29,2025-06-30,10,1,Late
PO008100,S001,P0053,W001,2025-08-01,77,2025-08-14,2025-08-21,20,7,Late
PO008101,S008,P0020,W008,2025-01-18,955,2025-01-27,2025-01-27,9,0,On Time
PO008102,S010,P0059,W004,2025-11-10,105,2025-11-21,2025-11-21,11,0,On Time
PO008103,S010,P0021,W004,2025-03-01,20,2025-03-12,2025-03-12,11,0,On Time
PO008104,S018,P0090,W006,2025-03-29,96,2025-04-02,2025-04-02,4,0,On Time
PO008105,S009,P0087,W006,2025-01-27,980,2025-02-02,2025-02-02,6,0,On Time
PO008106,S025,P0051,W007,2025-03-09,541,2025-03-21,2025-03-24,15,3,Late
PO008107,S002,P0025,W006,2025-10-05,463,2025-10-18,2025-10-19,14,1,Late
PO008108,S003,P0068,W002,2025-02-09,600,2025-02-21,2025-02-21,12,0,On Time
PO008109,S002,P0010,W008,2025-04-19,167,2025-05-02,2025-05-02,13,0,On Time
PO008110,S006,P0086,W005,2025-03-15,593,2025-03-20,2025-03-25,10,5,Late
PO008111,S023,P0067,W006,2025-03-07,544,2025-03-19,2025-03-19,12,0,On Time
PO008112,S012,P0083,W007,2025-06-17,205,2025-06-24,2025-06-29,12,5,Late
PO008113,S022,P0095,W001,2025-09-19,696,2025-09-23,2025-09-24,5,1,Late
PO008114,S019,P0009,W006,2025-10-01,541,2025-10-07,2025-10-14,13,7,Late
PO008115,S015,P0029,W005,2025-12-03,790,2025-12-10,2025-12-13,10,3,Late
PO008116,S019,P0037,W001,2025-12-24,181,2025-12-30,2025-12-30,6,0,On Time
PO008117,S012,P0071,W001,2025-08-25,309,2025-09-01,2025-09-03,9,2,Late
PO008118,S018,P0038,W001,2025-08-03,945,2025-08-07,2025-08-07,4,0,On Time
PO008119,S016,P0088,W005,2025-10-13,440,2025-10-24,2025-10-24,11,0,On Time
PO008120,S002,P0072,W006,2025-05-29,215,2025-06-11,2025-06-11,13,0,On Time
PO008121,S011,P0098,W005,2025-11-14,53,2025-11-19,2025-11-19,5,0,On Time
PO008122,S012,P0059,W005,2025-04-17,691,2025-04-24,2025-04-24,7,0,On Time
PO008123,S005,P0057,W003,2025-05-21,616,2025-06-04,2025-06-04,14,0,On Time
PO008124,S024,P0090,W007,2025-03-17,589,2025-03-28,2025-03-28,11,0,On Time
PO008125,S006,P0060,W005,2025-01-09,892,2025-01-14,2025-01-19,10,5,Late
PO008126,S025,P0028,W002,2025-07-15,427,2025-07-27,2025-07-27,12,0,On Time
PO008127,S011,P0028,W007,2025-10-22,796,2025-10-27,2025-10-27,5,0,On Time
PO008128,S021,P0046,W003,2025-10-07,316,2025-10-21,2025-10-21,14,0,On Time
PO008129,S010,P0071,W001,2025-04-28,939,2025-05-09,2025-05-09,11,0,On Time
PO008130,S004,P0067,W006,2025-10-17,556,2025-10-31,2025-11-01,15,1,Late
PO008131,S009,P0086,W004,2025-03-02,55,2025-03-08,2025-03-11,9,3,Late
PO008132,S012,P0055,W006,2025-12-01,283,2025-12-08,2025-12-08,7,0,On Time
PO008133,S010,P0038,W003,2025-11-02,401,2025-11-13,2025-11-13,11,0,On Time
PO008134,S014,P0018,W007,2025-02-20,133,2025-03-01,2025-03-02,10,1,Late
PO008135,S005,P0076,W003,2025-02-21,636,2025-03-07,2025-03-07,14,0,On Time
PO008136,S001,P0095,W007,2025-05-02,624,2025-05-15,2025-05-15,13,0,On Time
PO008137,S005,P0063,W007,2025-06-16,620,2025-06-30,2025-07-01,15,1,Late
PO008138,S016,P0005,W001,2025-01-08,462,2025-01-19,2025-01-20,12,1,Late
PO008139,S005,P0044,W005,2025-02-14,182,2025-02-28,2025-02-28,14,0,On Time
PO008140,S005,P0029,W005,2025-12-10,57,2025-12-24,2025-12-24,14,0,On Time
PO008141,S018,P0100,W003,2025-09-02,111,2025-09-06,2025-09-07,5,1,Late
PO008142,S006,P0014,W005,2025-10-11,650,2025-10-16,2025-10-16,5,0,On Time
PO008143,S021,P0058,W003,2025-04-17,742,2025-05-01,2025-05-03,16,2,Late
PO008144,S018,P0044,W006,2025-01-27,691,2025-01-31,2025-01-31,4,0,On Time
PO008145,S010,P0018,W004,2025-07-12,120,2025-07-23,2025-07-23,11,0,On Time
PO008146,S015,P0007,W006,2025-12-03,900,2025-12-10,2025-12-10,7,0,On Time
PO008147,S024,P0087,W004,2025-12-23,526,2026-01-03,2026-01-08,16,5,Late
PO008148,S022,P0097,W001,2025-03-03,198,2025-03-07,2025-03-09,6,2,Late
PO008149,S011,P0062,W008,2025-03-03,303,2025-03-08,2025-03-11,8,3,Late
PO008150,S019,P0045,W002,2025-10-09,971,2025-10-15,2025-10-15,6,0,On Time
PO008151,S025,P0016,W002,2025-05-01,374,2025-05-13,2025-05-15,14,2,Late
PO008152,S013,P0064,W008,2025-10-07,923,2025-10-12,2025-10-15,8,3,Late
PO008153,S020,P0037,W006,2025-02-08,316,2025-02-19,2025-02-19,11,0,On Time
PO008154,S003,P0025,W005,2025-10-04,905,2025-10-16,2025-10-23,19,7,Late
PO008155,S016,P0009,W002,2025-04-04,554,2025-04-15,2025-04-18,14,3,Late
PO008156,S007,P0055,W004,2025-04-25,969,2025-05-09,2025-05-16,21,7,Late
PO008157,S012,P0028,W001,2025-06-25,507,2025-07-02,2025-07-05,10,3,Late
PO008158,S015,P0009,W004,2025-05-01,298,2025-05-08,2025-05-10,9,2,Late
PO008159,S008,P0012,W007,2025-01-13,563,2025-01-22,2025-01-27,14,5,Late
PO008160,S023,P0018,W003,2025-06-12,669,2025-06-24,2025-06-24,12,0,On Time
PO008161,S017,P0091,W005,2025-10-02,612,2025-10-11,2025-10-13,11,2,Late
PO008162,S001,P0090,W005,2025-06-25,950,2025-07-08,2025-07-08,13,0,On Time
PO008163,S021,P0056,W002,2025-12-03,374,2025-12-17,2025-12-18,15,1,Late
PO008164,S008,P0090,W008,2025-11-20,338,2025-11-29,2025-12-01,11,2,Late
PO008165,S014,P0074,W003,2025-06-22,214,2025-07-01,2025-07-02,10,1,Late
PO008166,S010,P0058,W002,2025-10-02,823,2025-10-13,2025-10-16,14,3,Late
PO008167,S019,P0081,W007,2025-03-05,112,2025-03-11,2025-03-11,6,0,On Time
PO008168,S008,P0051,W002,2025-04-11,452,2025-04-20,2025-04-20,9,0,On Time
PO008169,S019,P0032,W002,2025-11-18,577,2025-11-24,2025-11-24,6,0,On Time
PO008170,S004,P0088,W003,2025-03-07,46,2025-03-21,2025-03-21,14,0,On Time
PO008171,S010,P0048,W002,2025-11-27,434,2025-12-08,2025-12-08,11,0,On Time
PO008172,S023,P0008,W007,2025-02-14,181,2025-02-26,2025-02-26,12,0,On Time
PO008173,S003,P0030,W005,2025-03-28,863,2025-04-09,2025-04-09,12,0,On Time
PO008174,S004,P0026,W008,2025-03-08,120,2025-03-22,2025-03-22,14,0,On Time
PO008175,S016,P0024,W002,2025-09-16,718,2025-09-27,2025-09-27,11,0,On Time
PO008176,S024,P0027,W003,2025-07-24,969,2025-08-04,2025-08-05,12,1,Late
PO008177,S004,P0079,W003,2025-06-27,492,2025-07-11,2025-07-11,14,0,On Time
PO008178,S025,P0092,W008,2025-10-07,725,2025-10-19,2025-10-19,12,0,On Time
PO008179,S020,P0075,W008,2025-12-10,177,2025-12-21,2025-12-23,13,2,Late
PO008180,S020,P0039,W004,2025-01-17,511,2025-01-28,2025-01-28,11,0,On Time
PO008181,S013,P0066,W002,2025-10-23,988,2025-10-28,2025-10-29,6,1,Late
PO008182,S021,P0051,W003,2025-07-21,938,2025-08-04,2025-08-04,14,0,On Time
PO008183,S017,P0073,W006,2025-06-21,28,2025-06-30,2025-07-07,16,7,Late
PO008184,S023,P0050,W002,2025-09-19,231,2025-10-01,2025-10-01,12,0,On Time
PO008185,S025,P0045,W001,2025-07-13,458,2025-07-25,2025-07-26,13,1,Late
PO008186,S016,P0087,W008,2025-05-29,916,2025-06-09,2025-06-09,11,0,On Time
PO008187,S025,P0033,W005,2025-02-04,843,2025-02-16,2025-02-16,12,0,On Time
PO008188,S017,P0019,W005,2025-01-29,698,2025-02-07,2025-02-07,9,0,On Time
PO008189,S006,P0013,W006,2025-09-20,874,2025-09-25,2025-09-25,5,0,On Time
PO008190,S003,P0078,W002,2025-08-09,805,2025-08-21,2025-08-23,14,2,Late
PO008191,S020,P0096,W007,2025-02-22,829,2025-03-05,2025-03-05,11,0,On Time
PO008192,S024,P0022,W005,2025-10-06,130,2025-10-17,2025-10-18,12,1,Late
PO008193,S004,P0020,W008,2025-12-19,860,2026-01-02,2026-01-03,15,1,Late
PO008194,S008,P0097,W005,2025-03-17,222,2025-03-26,2025-03-26,9,0,On Time
PO008195,S020,P0005,W007,2025-06-25,779,2025-07-06,2025-07-06,11,0,On Time
PO008196,S009,P0084,W001,2025-01-10,84,2025-01-16,2025-01-21,11,5,Late
PO008197,S022,P0078,W005,2025-04-27,734,2025-05-01,2025-05-01,4,0,On Time
PO008198,S001,P0091,W005,2025-10-07,180,2025-10-20,2025-10-20,13,0,On Time
PO008199,S013,P0090,W003,2025-08-06,433,2025-08-11,2025-08-12,6,1,Late
PO008200,S002,P0032,W005,2025-06-24,664,2025-07-07,2025-07-07,13,0,On Time
PO008201,S023,P0030,W002,2025-08-22,709,2025-09-03,2025-09-03,12,0,On Time
PO008202,S010,P0091,W005,2025-09-09,724,2025-09-20,2025-09-20,11,0,On Time
PO008203,S023,P0026,W002,2025-10-22,285,2025-11-03,2025-11-10,19,7,Late
PO008204,S019,P0082,W005,2025-11-18,591,2025-11-24,2025-11-24,6,0,On Time
PO008205,S017,P0087,W002,2025-01-06,224,2025-01-15,2025-01-22,16,7,Late
PO008206,S024,P0088,W005,2025-01-21,686,2025-02-01,2025-02-01,11,0,On Time
PO008207,S013,P0004,W008,2025-03-14,603,2025-03-19,2025-03-19,5,0,On Time
PO008208,S014,P0067,W006,2025-11-26,175,2025-12-05,2025-12-10,14,5,Late
PO008209,S011,P0043,W008,2025-02-05,192,2025-02-10,2025-02-10,5,0,On Time
PO008210,S010,P0030,W002,2025-08-21,327,2025-09-01,2025-09-01,11,0,On Time
PO008211,S007,P0016,W005,2025-08-04,469,2025-08-18,2025-08-18,14,0,On Time
PO008212,S010,P0071,W007,2025-07-25,81,2025-08-05,2025-08-10,16,5,Late
PO008213,S024,P0039,W001,2025-02-13,392,2025-02-24,2025-02-24,11,0,On Time
PO008214,S001,P0086,W003,2025-04-01,479,2025-04-14,2025-04-16,15,2,Late
PO008215,S014,P0041,W008,2025-11-12,494,2025-11-21,2025-11-21,9,0,On Time
PO008216,S003,P0031,W003,2025-04-03,400,2025-04-15,2025-04-15,12,0,On Time
PO008217,S013,P0049,W003,2025-12-05,736,2025-12-10,2025-12-10,5,0,On Time
PO008218,S002,P0013,W007,2025-03-24,591,2025-04-06,2025-04-11,18,5,Late
PO008219,S017,P0041,W003,2025-11-29,105,2025-12-08,2025-12-09,10,1,Late
PO008220,S021,P0093,W008,2025-10-09,955,2025-10-23,2025-10-24,15,1,Late
PO008221,S003,P0028,W007,2025-01-21,162,2025-02-02,2025-02-02,12,0,On Time
PO008222,S015,P0064,W001,2025-08-16,882,2025-08-23,2025-08-23,7,0,On Time
PO008223,S008,P0019,W006,2025-05-10,26,2025-05-19,2025-05-20,10,1,Late
PO008224,S006,P0087,W006,2025-06-24,314,2025-06-29,2025-06-29,5,0,On Time
PO008225,S009,P0072,W001,2025-04-18,710,2025-04-24,2025-04-25,7,1,Late
PO008226,S025,P0025,W008,2025-10-10,758,2025-10-22,2025-10-22,12,0,On Time
PO008227,S011,P0038,W005,2025-03-12,538,2025-03-17,2025-03-24,12,7,Late
PO008228,S022,P0099,W001,2025-02-19,671,2025-02-23,2025-02-23,4,0,On Time
PO008229,S002,P0090,W003,2025-04-05,545,2025-04-18,2025-04-18,13,0,On Time
PO008230,S009,P0003,W007,2025-10-06,53,2025-10-12,2025-10-17,11,5,Late
PO008231,S018,P0002,W008,2025-12-03,909,2025-12-07,2025-12-07,4,0,On Time
PO008232,S019,P0005,W008,2025-05-12,954,2025-05-18,2025-05-18,6,0,On Time
PO008233,S022,P0061,W006,2025-10-03,771,2025-10-07,2025-10-09,6,2,Late
PO008234,S018,P0020,W004,2025-01-13,348,2025-01-17,2025-01-17,4,0,On Time
PO008235,S005,P0076,W005,2025-01-03,851,2025-01-17,2025-01-17,14,0,On Time
PO008236,S018,P0038,W002,2025-08-12,628,2025-08-16,2025-08-17,5,1,Late
PO008237,S012,P0080,W006,2025-06-24,799,2025-07-01,2025-07-01,7,0,On Time
PO008238,S004,P0036,W003,2025-03-31,657,2025-04-14,2025-04-14,14,0,On Time
PO008239,S015,P0046,W007,2025-08-29,53,2025-09-05,2025-09-05,7,0,On Time
PO008240,S011,P0093,W006,2025-02-04,814,2025-02-09,2025-02-09,5,0,On Time
PO008241,S019,P0099,W007,2025-01-14,425,2025-01-20,2025-01-20,6,0,On Time
PO008242,S005,P0037,W003,2025-07-14,37,2025-07-28,2025-07-31,17,3,Late
PO008243,S006,P0054,W003,2025-11-02,449,2025-11-07,2025-11-07,5,0,On Time
PO008244,S013,P0021,W006,2025-11-30,447,2025-12-05,2025-12-05,5,0,On Time
PO008245,S023,P0021,W006,2025-08-01,933,2025-08-13,2025-08-14,13,1,Late
PO008246,S010,P0092,W006,2025-01-03,312,2025-01-14,2025-01-16,13,2,Late
PO008247,S024,P0070,W001,2025-06-28,922,2025-07-09,2025-07-09,11,0,On Time
PO008248,S025,P0084,W006,2025-02-09,599,2025-02-21,2025-02-21,12,0,On Time
PO008249,S014,P0060,W007,2025-06-13,768,2025-06-22,2025-06-22,9,0,On Time
PO008250,S004,P0036,W002,2025-11-03,99,2025-11-17,2025-11-20,17,3,Late
PO008251,S020,P0077,W005,2025-08-23,105,2025-09-03,2025-09-03,11,0,On Time
PO008252,S023,P0011,W003,2025-09-14,591,2025-09-26,2025-09-26,12,0,On Time
PO008253,S012,P0088,W008,2025-12-26,67,2026-01-02,2026-01-02,7,0,On Time
PO008254,S015,P0083,W006,2025-04-26,710,2025-05-03,2025-05-03,7,0,On Time
PO008255,S010,P0087,W002,2025-02-21,887,2025-03-04,2025-03-11,18,7,Late
PO008256,S011,P0031,W004,2025-05-22,103,2025-05-27,2025-05-30,8,3,Late
PO008257,S009,P0037,W007,2025-03-27,626,2025-04-02,2025-04-02,6,0,On Time
PO008258,S011,P0060,W006,2025-02-15,327,2025-02-20,2025-02-23,8,3,Late
PO008259,S002,P0061,W001,2025-11-28,271,2025-12-11,2025-12-11,13,0,On Time
PO008260,S013,P0067,W003,2025-08-26,500,2025-08-31,2025-09-02,7,2,Late
PO008261,S022,P0098,W002,2025-01-10,864,2025-01-14,2025-01-14,4,0,On Time
PO008262,S008,P0029,W007,2025-06-01,199,2025-06-10,2025-06-10,9,0,On Time
PO008263,S021,P0067,W006,2025-03-02,615,2025-03-16,2025-03-21,19,5,Late
PO008264,S021,P0079,W008,2025-01-18,329,2025-02-01,2025-02-04,17,3,Late
PO008265,S008,P0071,W002,2025-03-27,956,2025-04-05,2025-04-10,14,5,Late
PO008266,S001,P0067,W003,2025-05-17,445,2025-05-30,2025-05-31,14,1,Late
PO008267,S006,P0016,W002,2025-08-18,505,2025-08-23,2025-08-23,5,0,On Time
PO008268,S013,P0045,W002,2025-05-08,681,2025-05-13,2025-05-13,5,0,On Time
PO008269,S009,P0034,W007,2025-04-14,58,2025-04-20,2025-04-20,6,0,On Time
PO008270,S006,P0084,W006,2025-07-05,298,2025-07-10,2025-07-10,5,0,On Time
PO008271,S015,P0044,W006,2025-06-27,835,2025-07-04,2025-07-04,7,0,On Time
PO008272,S023,P0097,W007,2025-12-23,644,2026-01-04,2026-01-04,12,0,On Time
PO008273,S016,P0078,W008,2025-01-06,395,2025-01-17,2025-01-18,12,1,Late
PO008274,S004,P0042,W005,2025-12-07,948,2025-12-21,2025-12-21,14,0,On Time
PO008275,S017,P0035,W001,2025-11-03,658,2025-11-12,2025-11-12,9,0,On Time
PO008276,S009,P0075,W005,2025-02-05,60,2025-02-11,2025-02-11,6,0,On Time
PO008277,S012,P0084,W001,2025-11-23,689,2025-11-30,2025-12-01,8,1,Late
PO008278,S022,P0030,W001,2025-12-22,737,2025-12-26,2026-01-02,11,7,Late
PO008279,S019,P0053,W005,2025-10-08,66,2025-10-14,2025-10-15,7,1,Late
PO008280,S020,P0058,W007,2025-10-27,503,2025-11-07,2025-11-07,11,0,On Time
PO008281,S012,P0028,W003,2025-01-14,204,2025-01-21,2025-01-21,7,0,On Time
PO008282,S022,P0015,W007,2025-08-25,91,2025-08-29,2025-08-31,6,2,Late
PO008283,S006,P0038,W002,2025-10-12,588,2025-10-17,2025-10-17,5,0,On Time
PO008284,S012,P0050,W008,2025-11-26,770,2025-12-03,2025-12-08,12,5,Late
PO008285,S009,P0013,W004,2025-02-19,593,2025-02-25,2025-02-25,6,0,On Time
PO008286,S020,P0035,W005,2025-09-18,361,2025-09-29,2025-09-29,11,0,On Time
PO008287,S005,P0024,W005,2025-04-20,588,2025-05-04,2025-05-04,14,0,On Time
PO008288,S021,P0065,W003,2025-07-16,983,2025-07-30,2025-08-01,16,2,Late
PO008289,S003,P0088,W008,2025-09-09,262,2025-09-21,2025-09-21,12,0,On Time
PO008290,S002,P0091,W002,2025-03-29,347,2025-04-11,2025-04-11,13,0,On Time
PO008291,S008,P0018,W006,2025-11-09,655,2025-11-18,2025-11-18,9,0,On Time
PO008292,S010,P0058,W007,2025-01-26,172,2025-02-06,2025-02-06,11,0,On Time
PO008293,S015,P0026,W005,2025-09-19,274,2025-09-26,2025-10-03,14,7,Late
PO008294,S009,P0029,W004,2025-05-24,748,2025-05-30,2025-05-30,6,0,On Time
PO008295,S010,P0072,W002,2025-03-01,443,2025-03-12,2025-03-12,11,0,On Time
PO008296,S011,P0044,W005,2025-12-22,251,2025-12-27,2025-12-27,5,0,On Time
PO008297,S009,P0090,W008,2025-09-25,548,2025-10-01,2025-10-01,6,0,On Time
PO008298,S014,P0005,W006,2025-03-16,611,2025-03-25,2025-03-25,9,0,On Time
PO008299,S005,P0033,W005,2025-01-03,515,2025-01-17,2025-01-17,14,0,On Time
PO008300,S009,P0005,W006,2025-03-04,195,2025-03-10,2025-03-11,7,1,Late
PO008301,S004,P0036,W001,2025-08-24,570,2025-09-07,2025-09-12,19,5,Late
PO008302,S002,P0077,W001,2025-08-17,162,2025-08-30,2025-08-30,13,0,On Time
PO008303,S019,P0081,W005,2025-10-02,36,2025-10-08,2025-10-10,8,2,Late
PO008304,S001,P0013,W008,2025-01-18,268,2025-01-31,2025-02-05,18,5,Late
PO008305,S021,P0025,W003,2025-03-21,54,2025-04-04,2025-04-04,14,0,On Time
PO008306,S001,P0058,W001,2025-08-03,820,2025-08-16,2025-08-16,13,0,On Time
PO008307,S012,P0002,W005,2025-06-20,165,2025-06-27,2025-06-29,9,2,Late
PO008308,S011,P0088,W006,2025-11-25,945,2025-11-30,2025-12-01,6,1,Late
PO008309,S001,P0036,W002,2025-09-12,746,2025-09-25,2025-09-25,13,0,On Time
PO008310,S014,P0025,W008,2025-05-06,184,2025-05-15,2025-05-15,9,0,On Time
PO008311,S011,P0034,W007,2025-09-12,130,2025-09-17,2025-09-17,5,0,On Time
PO008312,S007,P0012,W006,2025-03-13,666,2025-03-27,2025-03-27,14,0,On Time
PO008313,S002,P0019,W008,2025-02-07,93,2025-02-20,2025-02-21,14,1,Late
PO008314,S015,P0094,W008,2025-11-20,995,2025-11-27,2025-11-28,8,1,Late
PO008315,S008,P0037,W004,2025-07-23,687,2025-08-01,2025-08-04,12,3,Late
PO008316,S022,P0001,W001,2025-06-21,746,2025-06-25,2025-06-25,4,0,On Time
PO008317,S020,P0060,W007,2025-08-11,373,2025-08-22,2025-08-22,11,0,On Time
PO008318,S025,P0067,W007,2025-08-05,293,2025-08-17,2025-08-17,12,0,On Time
PO008319,S015,P0049,W007,2025-09-02,962,2025-09-09,2025-09-09,7,0,On Time
PO008320,S008,P0090,W005,2025-12-02,298,2025-12-11,2025-12-13,11,2,Late
PO008321,S010,P0079,W001,2025-07-10,679,2025-07-21,2025-07-22,12,1,Late
PO008322,S019,P0046,W006,2025-10-25,50,2025-10-31,2025-11-03,9,3,Late
PO008323,S003,P0048,W006,2025-11-16,545,2025-11-28,2025-11-30,14,2,Late
PO008324,S020,P0092,W002,2025-07-01,554,2025-07-12,2025-07-12,11,0,On Time
PO008325,S014,P0068,W008,2025-11-30,529,2025-12-09,2025-12-09,9,0,On Time
PO008326,S009,P0019,W003,2025-07-24,533,2025-07-30,2025-08-04,11,5,Late
PO008327,S009,P0088,W005,2025-12-27,944,2026-01-02,2026-01-02,6,0,On Time
PO008328,S021,P0040,W002,2025-07-18,197,2025-08-01,2025-08-08,21,7,Late
PO008329,S025,P0006,W004,2025-11-28,348,2025-12-10,2025-12-10,12,0,On Time
PO008330,S006,P0080,W005,2025-06-14,590,2025-06-19,2025-06-19,5,0,On Time
PO008331,S008,P0096,W008,2025-08-30,820,2025-09-08,2025-09-11,12,3,Late
PO008332,S011,P0094,W004,2025-05-10,707,2025-05-15,2025-05-17,7,2,Late
PO008333,S008,P0063,W008,2025-08-15,191,2025-08-24,2025-08-26,11,2,Late
PO008334,S012,P0035,W003,2025-05-02,415,2025-05-09,2025-05-09,7,0,On Time
PO008335,S010,P0072,W005,2025-02-13,614,2025-02-24,2025-02-27,14,3,Late
PO008336,S023,P0061,W005,2025-07-15,957,2025-07-27,2025-07-27,12,0,On Time
PO008337,S004,P0005,W008,2025-12-24,999,2026-01-07,2026-01-07,14,0,On Time
PO008338,S016,P0037,W007,2025-07-23,754,2025-08-03,2025-08-08,16,5,Late
PO008339,S020,P0076,W008,2025-11-14,54,2025-11-25,2025-11-26,12,1,Late
PO008340,S006,P0089,W002,2025-09-14,316,2025-09-19,2025-09-19,5,0,On Time
PO008341,S009,P0097,W001,2025-01-17,488,2025-01-23,2025-01-23,6,0,On Time
PO008342,S023,P0088,W005,2025-09-29,970,2025-10-11,2025-10-11,12,0,On Time
PO008343,S005,P0011,W003,2025-01-09,514,2025-01-23,2025-01-26,17,3,Late
PO008344,S021,P0099,W005,2025-09-06,641,2025-09-20,2025-09-20,14,0,On Time
PO008345,S024,P0040,W005,2025-07-20,254,2025-07-31,2025-08-02,13,2,Late
PO008346,S006,P0065,W005,2025-02-28,928,2025-03-05,2025-03-07,7,2,Late
PO008347,S017,P0008,W007,2025-05-20,58,2025-05-29,2025-05-29,9,0,On Time
PO008348,S017,P0087,W008,2025-04-29,238,2025-05-08,2025-05-08,9,0,On Time
PO008349,S025,P0084,W005,2025-02-10,236,2025-02-22,2025-02-22,12,0,On Time
PO008350,S024,P0096,W008,2025-11-18,725,2025-11-29,2025-12-01,13,2,Late
PO008351,S022,P0011,W003,2025-11-27,694,2025-12-01,2025-12-01,4,0,On Time
PO008352,S013,P0071,W008,2025-09-24,647,2025-09-29,2025-10-01,7,2,Late
PO008353,S017,P0058,W002,2025-01-08,859,2025-01-17,2025-01-17,9,0,On Time
PO008354,S014,P0094,W001,2025-07-02,692,2025-07-11,2025-07-12,10,1,Late
PO008355,S002,P0048,W003,2025-05-14,620,2025-05-27,2025-05-27,13,0,On Time
PO008356,S019,P0013,W003,2025-06-30,439,2025-07-06,2025-07-06,6,0,On Time
PO008357,S003,P0060,W004,2025-12-21,672,2026-01-02,2026-01-03,13,1,Late
PO008358,S002,P0049,W001,2025-03-13,843,2025-03-26,2025-03-28,15,2,Late
PO008359,S002,P0067,W007,2025-04-23,193,2025-05-06,2025-05-06,13,0,On Time
PO008360,S022,P0007,W002,2025-04-17,732,2025-04-21,2025-04-21,4,0,On Time
PO008361,S007,P0077,W008,2025-10-17,886,2025-10-31,2025-10-31,14,0,On Time
PO008362,S004,P0025,W006,2025-11-09,833,2025-11-23,2025-11-23,14,0,On Time
PO008363,S017,P0023,W002,2025-04-27,887,2025-05-06,2025-05-07,10,1,Late
PO008364,S006,P0051,W008,2025-04-30,132,2025-05-05,2025-05-05,5,0,On Time
PO008365,S007,P0047,W006,2025-05-27,898,2025-06-10,2025-06-10,14,0,On Time
PO008366,S020,P0097,W004,2025-11-23,959,2025-12-04,2025-12-04,11,0,On Time
PO008367,S006,P0005,W004,2025-07-29,193,2025-08-03,2025-08-05,7,2,Late
PO008368,S009,P0096,W007,2025-10-23,93,2025-10-29,2025-10-29,6,0,On Time
PO008369,S020,P0094,W003,2025-04-13,856,2025-04-24,2025-04-24,11,0,On Time
PO008370,S004,P0095,W002,2025-05-04,818,2025-05-18,2025-05-18,14,0,On Time
PO008371,S005,P0013,W006,2025-09-02,656,2025-09-16,2025-09-18,16,2,Late
PO008372,S019,P0042,W002,2025-12-22,555,2025-12-28,2025-12-28,6,0,On Time
PO008373,S010,P0005,W006,2025-07-28,51,2025-08-08,2025-08-08,11,0,On Time
PO008374,S018,P0023,W002,2025-11-10,273,2025-11-14,2025-11-21,11,7,Late
PO008375,S015,P0062,W003,2025-04-19,516,2025-04-26,2025-04-26,7,0,On Time
PO008376,S025,P0001,W006,2025-12-14,132,2025-12-26,2025-12-26,12,0,On Time
PO008377,S001,P0074,W002,2025-02-19,214,2025-03-04,2025-03-05,14,1,Late
PO008378,S005,P0091,W005,2025-04-15,547,2025-04-29,2025-04-30,15,1,Late
PO008379,S005,P0054,W008,2025-01-27,460,2025-02-10,2025-02-10,14,0,On Time
PO008380,S008,P0072,W004,2025-10-15,508,2025-10-24,2025-10-24,9,0,On Time
PO008381,S022,P0003,W007,2025-09-14,516,2025-09-18,2025-09-18,4,0,On Time
PO008382,S022,P0083,W004,2025-09-30,743,2025-10-04,2025-10-04,4,0,On Time
PO008383,S022,P0064,W006,2025-05-17,639,2025-05-21,2025-05-21,4,0,On Time
PO008384,S020,P0051,W004,2025-12-06,43,2025-12-17,2025-12-17,11,0,On Time
PO008385,S015,P0002,W007,2025-10-28,309,2025-11-04,2025-11-04,7,0,On Time
PO008386,S017,P0049,W008,2025-11-18,915,2025-11-27,2025-11-27,9,0,On Time
PO008387,S019,P0031,W004,2025-02-01,327,2025-02-07,2025-02-07,6,0,On Time
PO008388,S013,P0074,W005,2025-02-14,323,2025-02-19,2025-02-19,5,0,On Time
PO008389,S022,P0080,W001,2025-09-22,874,2025-09-26,2025-09-26,4,0,On Time
PO008390,S021,P0084,W002,2025-01-30,650,2025-02-13,2025-02-13,14,0,On Time
PO008391,S010,P0003,W008,2025-03-25,712,2025-04-05,2025-04-05,11,0,On Time
PO008392,S017,P0035,W006,2025-06-15,970,2025-06-24,2025-06-24,9,0,On Time
PO008393,S005,P0098,W004,2025-11-12,57,2025-11-26,2025-11-27,15,1,Late
PO008394,S018,P0085,W002,2025-01-01,405,2025-01-05,2025-01-07,6,2,Late
PO008395,S017,P0036,W002,2025-09-06,764,2025-09-15,2025-09-16,10,1,Late
PO008396,S004,P0064,W008,2025-09-18,600,2025-10-02,2025-10-02,14,0,On Time
PO008397,S022,P0032,W005,2025-03-04,101,2025-03-08,2025-03-08,4,0,On Time
PO008398,S007,P0018,W007,2025-06-13,137,2025-06-27,2025-06-28,15,1,Late
PO008399,S025,P0034,W002,2025-11-17,840,2025-11-29,2025-11-29,12,0,On Time
PO008400,S005,P0056,W007,2025-11-30,69,2025-12-14,2025-12-14,14,0,On Time
PO008401,S008,P0067,W004,2025-07-20,688,2025-07-29,2025-08-03,14,5,Late
PO008402,S008,P0053,W006,2025-08-10,93,2025-08-19,2025-08-19,9,0,On Time
PO008403,S011,P0067,W008,2025-06-01,714,2025-06-06,2025-06-06,5,0,On Time
PO008404,S009,P0091,W002,2025-05-12,125,2025-05-18,2025-05-18,6,0,On Time
PO008405,S019,P0066,W005,2025-04-24,720,2025-04-30,2025-05-03,9,3,Late
PO008406,S019,P0064,W006,2025-08-05,837,2025-08-11,2025-08-16,11,5,Late
PO008407,S009,P0067,W006,2025-07-15,803,2025-07-21,2025-07-26,11,5,Late
PO008408,S023,P0081,W006,2025-10-08,618,2025-10-20,2025-10-20,12,0,On Time
PO008409,S020,P0039,W004,2025-07-21,881,2025-08-01,2025-08-02,12,1,Late
PO008410,S017,P0038,W005,2025-05-15,345,2025-05-24,2025-05-24,9,0,On Time
PO008411,S016,P0040,W008,2025-08-22,703,2025-09-02,2025-09-02,11,0,On Time
PO008412,S007,P0019,W003,2025-05-21,783,2025-06-04,2025-06-07,17,3,Late
PO008413,S022,P0083,W001,2025-07-15,375,2025-07-19,2025-07-19,4,0,On Time
PO008414,S003,P0005,W002,2025-02-12,487,2025-02-24,2025-02-24,12,0,On Time
PO008415,S021,P0069,W002,2025-02-26,675,2025-03-12,2025-03-12,14,0,On Time
PO008416,S019,P0014,W002,2025-05-22,303,2025-05-28,2025-05-28,6,0,On Time
PO008417,S008,P0091,W007,2025-07-29,204,2025-08-07,2025-08-07,9,0,On Time
PO008418,S005,P0049,W003,2025-03-13,173,2025-03-27,2025-03-27,14,0,On Time
PO008419,S006,P0064,W006,2025-08-12,873,2025-08-17,2025-08-17,5,0,On Time
PO008420,S002,P0100,W006,2025-01-27,137,2025-02-09,2025-02-09,13,0,On Time
PO008421,S024,P0057,W007,2025-05-08,286,2025-05-19,2025-05-19,11,0,On Time
PO008422,S025,P0035,W008,2025-04-16,404,2025-04-28,2025-05-01,15,3,Late
PO008423,S019,P0085,W001,2025-06-14,856,2025-06-20,2025-06-21,7,1,Late
PO008424,S013,P0005,W005,2025-08-03,274,2025-08-08,2025-08-08,5,0,On Time
PO008425,S006,P0088,W003,2025-03-12,260,2025-03-17,2025-03-17,5,0,On Time
PO008426,S006,P0039,W003,2025-07-23,190,2025-07-28,2025-07-28,5,0,On Time
PO008427,S002,P0024,W004,2025-06-02,961,2025-06-15,2025-06-17,15,2,Late
PO008428,S024,P0040,W006,2025-03-08,636,2025-03-19,2025-03-24,16,5,Late
PO008429,S005,P0050,W003,2025-03-31,567,2025-04-14,2025-04-14,14,0,On Time
PO008430,S011,P0077,W008,2025-09-17,597,2025-09-22,2025-09-22,5,0,On Time
PO008431,S011,P0058,W003,2025-12-28,204,2026-01-02,2026-01-03,6,1,Late
PO008432,S024,P0001,W002,2025-08-16,921,2025-08-27,2025-08-27,11,0,On Time
PO008433,S014,P0043,W007,2025-03-20,721,2025-03-29,2025-04-03,14,5,Late
PO008434,S013,P0039,W006,2025-04-06,686,2025-04-11,2025-04-12,6,1,Late
PO008435,S008,P0010,W004,2025-12-15,912,2025-12-24,2025-12-24,9,0,On Time
PO008436,S015,P0002,W005,2025-11-26,429,2025-12-03,2025-12-03,7,0,On Time
PO008437,S012,P0063,W008,2025-09-03,758,2025-09-10,2025-09-11,8,1,Late
PO008438,S003,P0016,W001,2025-09-29,672,2025-10-11,2025-10-11,12,0,On Time
PO008439,S021,P0037,W008,2025-06-06,607,2025-06-20,2025-06-23,17,3,Late
PO008440,S023,P0016,W005,2025-04-26,165,2025-05-08,2025-05-08,12,0,On Time
PO008441,S005,P0087,W004,2025-01-18,57,2025-02-01,2025-02-08,21,7,Late
PO008442,S006,P0090,W002,2025-06-21,509,2025-06-26,2025-06-26,5,0,On Time
PO008443,S002,P0080,W001,2025-01-16,281,2025-01-29,2025-01-30,14,1,Late
PO008444,S008,P0027,W005,2025-08-28,145,2025-09-06,2025-09-06,9,0,On Time
PO008445,S005,P0063,W006,2025-02-25,623,2025-03-11,2025-03-11,14,0,On Time
PO008446,S022,P0094,W006,2025-03-20,815,2025-03-24,2025-03-24,4,0,On Time
PO008447,S017,P0064,W001,2025-04-13,364,2025-04-22,2025-04-22,9,0,On Time
PO008448,S002,P0097,W001,2025-10-11,280,2025-10-24,2025-10-24,13,0,On Time
PO008449,S011,P0032,W001,2025-07-12,462,2025-07-17,2025-07-17,5,0,On Time
PO008450,S004,P0009,W003,2025-01-05,994,2025-01-19,2025-01-19,14,0,On Time
PO008451,S011,P0011,W004,2025-04-16,898,2025-04-21,2025-04-21,5,0,On Time
PO008452,S009,P0070,W006,2025-10-05,127,2025-10-11,2025-10-13,8,2,Late
PO008453,S006,P0030,W006,2025-04-10,988,2025-04-15,2025-04-15,5,0,On Time
PO008454,S024,P0015,W004,2025-08-26,576,2025-09-06,2025-09-06,11,0,On Time
PO008455,S002,P0059,W002,2025-09-26,899,2025-10-09,2025-10-09,13,0,On Time
PO008456,S015,P0048,W006,2025-11-17,456,2025-11-24,2025-11-27,10,3,Late
PO008457,S005,P0094,W005,2025-03-27,533,2025-04-10,2025-04-13,17,3,Late
PO008458,S012,P0082,W002,2025-11-16,964,2025-11-23,2025-11-23,7,0,On Time
PO008459,S013,P0076,W007,2025-02-01,732,2025-02-06,2025-02-09,8,3,Late
PO008460,S017,P0060,W007,2025-12-02,109,2025-12-11,2025-12-13,11,2,Late
PO008461,S004,P0068,W005,2025-02-20,234,2025-03-06,2025-03-06,14,0,On Time
PO008462,S010,P0057,W001,2025-03-20,646,2025-03-31,2025-03-31,11,0,On Time
PO008463,S001,P0064,W006,2025-07-05,338,2025-07-18,2025-07-18,13,0,On Time
PO008464,S011,P0054,W005,2025-06-23,623,2025-06-28,2025-06-28,5,0,On Time
PO008465,S016,P0080,W005,2025-04-16,857,2025-04-27,2025-04-27,11,0,On Time
PO008466,S011,P0087,W008,2025-03-04,717,2025-03-09,2025-03-09,5,0,On Time
PO008467,S009,P0075,W001,2025-03-17,791,2025-03-23,2025-03-23,6,0,On Time
PO008468,S002,P0054,W007,2025-11-12,689,2025-11-25,2025-11-25,13,0,On Time
PO008469,S007,P0059,W002,2025-11-17,76,2025-12-01,2025-12-03,16,2,Late
PO008470,S019,P0088,W005,2025-03-22,578,2025-03-28,2025-03-28,6,0,On Time
PO008471,S018,P0086,W008,2025-12-27,421,2025-12-31,2025-12-31,4,0,On Time
PO008472,S020,P0039,W006,2025-05-08,241,2025-05-19,2025-05-26,18,7,Late
PO008473,S007,P0015,W002,2025-07-02,494,2025-07-16,2025-07-16,14,0,On Time
PO008474,S023,P0079,W002,2025-08-31,127,2025-09-12,2025-09-12,12,0,On Time
PO008475,S009,P0074,W004,2025-07-04,882,2025-07-10,2025-07-11,7,1,Late
PO008476,S012,P0028,W007,2025-08-08,831,2025-08-15,2025-08-18,10,3,Late
PO008477,S003,P0036,W008,2025-03-12,199,2025-03-24,2025-03-24,12,0,On Time
PO008478,S023,P0054,W008,2025-12-08,196,2025-12-20,2025-12-21,13,1,Late
PO008479,S022,P0017,W006,2025-06-03,506,2025-06-07,2025-06-12,9,5,Late
PO008480,S016,P0100,W008,2025-09-02,433,2025-09-13,2025-09-13,11,0,On Time
PO008481,S007,P0086,W006,2025-05-20,711,2025-06-03,2025-06-03,14,0,On Time
PO008482,S023,P0087,W001,2025-03-12,56,2025-03-24,2025-03-25,13,1,Late
PO008483,S005,P0093,W001,2025-02-15,594,2025-03-01,2025-03-01,14,0,On Time
PO008484,S025,P0022,W008,2025-02-16,287,2025-02-28,2025-02-28,12,0,On Time
PO008485,S023,P0075,W003,2025-03-20,804,2025-04-01,2025-04-04,15,3,Late
PO008486,S007,P0036,W006,2025-05-29,821,2025-06-12,2025-06-12,14,0,On Time
PO008487,S019,P0029,W008,2025-05-10,943,2025-05-16,2025-05-16,6,0,On Time
PO008488,S017,P0055,W008,2025-05-07,407,2025-05-16,2025-05-16,9,0,On Time
PO008489,S016,P0042,W007,2025-12-31,373,2026-01-11,2026-01-11,11,0,On Time
PO008490,S021,P0032,W002,2025-04-29,833,2025-05-13,2025-05-13,14,0,On Time
PO008491,S024,P0014,W008,2025-12-23,289,2026-01-03,2026-01-04,12,1,Late
PO008492,S021,P0018,W003,2025-09-19,288,2025-10-03,2025-10-05,16,2,Late
PO008493,S019,P0038,W006,2025-09-01,461,2025-09-07,2025-09-07,6,0,On Time
PO008494,S025,P0034,W001,2025-04-13,324,2025-04-25,2025-05-02,19,7,Late
PO008495,S018,P0045,W007,2025-02-06,265,2025-02-10,2025-02-15,9,5,Late
PO008496,S019,P0087,W008,2025-05-22,197,2025-05-28,2025-05-28,6,0,On Time
PO008497,S004,P0032,W001,2025-02-06,86,2025-02-20,2025-02-20,14,0,On Time
PO008498,S001,P0067,W006,2025-01-08,296,2025-01-21,2025-01-21,13,0,On Time
PO008499,S004,P0063,W003,2025-08-19,227,2025-09-02,2025-09-02,14,0,On Time
PO008500,S004,P0055,W001,2025-11-29,326,2025-12-13,2025-12-13,14,0,On Time
PO008501,S009,P0043,W001,2025-10-23,569,2025-10-29,2025-10-29,6,0,On Time
PO008502,S008,P0022,W004,2025-04-17,650,2025-04-26,2025-04-26,9,0,On Time
PO008503,S002,P0087,W005,2025-12-14,557,2025-12-27,2025-12-27,13,0,On Time
PO008504,S023,P0068,W008,2025-01-18,537,2025-01-30,2025-01-30,12,0,On Time
PO008505,S006,P0077,W006,2025-11-09,293,2025-11-14,2025-11-14,5,0,On Time
PO008506,S023,P0096,W004,2025-03-24,252,2025-04-05,2025-04-05,12,0,On Time
PO008507,S011,P0029,W007,2025-10-15,133,2025-10-20,2025-10-20,5,0,On Time
PO008508,S004,P0040,W005,2025-07-13,153,2025-07-27,2025-08-01,19,5,Late
PO008509,S014,P0045,W006,2025-08-03,444,2025-08-12,2025-08-12,9,0,On Time
PO008510,S021,P0010,W004,2025-10-08,844,2025-10-22,2025-10-27,19,5,Late
PO008511,S022,P0077,W008,2025-08-08,709,2025-08-12,2025-08-12,4,0,On Time
PO008512,S009,P0045,W004,2025-10-16,44,2025-10-22,2025-10-22,6,0,On Time
PO008513,S002,P0017,W006,2025-12-10,579,2025-12-23,2025-12-23,13,0,On Time
PO008514,S025,P0002,W002,2025-07-13,299,2025-07-25,2025-07-27,14,2,Late
PO008515,S001,P0017,W003,2025-06-07,945,2025-06-20,2025-06-20,13,0,On Time
PO008516,S004,P0090,W006,2025-04-14,362,2025-04-28,2025-05-03,19,5,Late
PO008517,S012,P0038,W004,2025-02-03,832,2025-02-10,2025-02-10,7,0,On Time
PO008518,S005,P0037,W002,2025-04-12,830,2025-04-26,2025-04-26,14,0,On Time
PO008519,S009,P0063,W004,2025-05-07,91,2025-05-13,2025-05-13,6,0,On Time
PO008520,S022,P0005,W003,2025-08-02,971,2025-08-06,2025-08-08,6,2,Late
PO008521,S004,P0025,W007,2025-11-21,220,2025-12-05,2025-12-10,19,5,Late
PO008522,S016,P0073,W008,2025-10-23,345,2025-11-03,2025-11-03,11,0,On Time
PO008523,S002,P0092,W002,2025-06-28,52,2025-07-11,2025-07-13,15,2,Late
PO008524,S016,P0022,W006,2025-03-21,116,2025-04-01,2025-04-02,12,1,Late
PO008525,S016,P0093,W005,2025-05-21,576,2025-06-01,2025-06-01,11,0,On Time
PO008526,S021,P0063,W007,2025-01-31,282,2025-02-14,2025-02-15,15,1,Late
PO008527,S024,P0035,W003,2025-03-04,893,2025-03-15,2025-03-15,11,0,On Time
PO008528,S024,P0055,W008,2025-02-17,933,2025-02-28,2025-02-28,11,0,On Time
PO008529,S022,P0020,W001,2025-03-28,89,2025-04-01,2025-04-03,6,2,Late
PO008530,S011,P0005,W006,2025-10-31,832,2025-11-05,2025-11-05,5,0,On Time
PO008531,S001,P0039,W008,2025-03-02,312,2025-03-15,2025-03-18,16,3,Late
PO008532,S015,P0063,W006,2025-11-30,936,2025-12-07,2025-12-10,10,3,Late
PO008533,S024,P0032,W006,2025-10-01,749,2025-10-12,2025-10-15,14,3,Late
PO008534,S004,P0063,W002,2025-10-11,226,2025-10-25,2025-10-25,14,0,On Time
PO008535,S018,P0074,W001,2025-03-21,191,2025-03-25,2025-03-25,4,0,On Time
PO008536,S017,P0040,W007,2025-06-29,777,2025-07-08,2025-07-08,9,0,On Time
PO008537,S007,P0017,W007,2025-09-29,945,2025-10-13,2025-10-20,21,7,Late
PO008538,S018,P0079,W002,2025-03-18,414,2025-03-22,2025-03-22,4,0,On Time
PO008539,S013,P0073,W005,2025-08-09,275,2025-08-14,2025-08-14,5,0,On Time
PO008540,S020,P0032,W002,2025-10-09,283,2025-10-20,2025-10-20,11,0,On Time
PO008541,S020,P0023,W006,2025-01-28,920,2025-02-08,2025-02-08,11,0,On Time
PO008542,S010,P0075,W004,2025-12-27,283,2026-01-07,2026-01-07,11,0,On Time
PO008543,S001,P0060,W001,2025-03-18,536,2025-03-31,2025-03-31,13,0,On Time
PO008544,S002,P0077,W001,2025-06-13,29,2025-06-26,2025-06-26,13,0,On Time
PO008545,S017,P0082,W007,2025-01-09,290,2025-01-18,2025-01-25,16,7,Late
PO008546,S022,P0056,W007,2025-06-24,761,2025-06-28,2025-06-29,5,1,Late
PO008547,S003,P0009,W002,2025-11-03,331,2025-11-15,2025-11-16,13,1,Late
PO008548,S017,P0069,W004,2025-03-17,389,2025-03-26,2025-03-26,9,0,On Time
PO008549,S012,P0062,W004,2025-09-02,586,2025-09-09,2025-09-11,9,2,Late
PO008550,S024,P0064,W008,2025-05-02,918,2025-05-13,2025-05-18,16,5,Late
PO008551,S012,P0022,W002,2025-07-04,572,2025-07-11,2025-07-18,14,7,Late
PO008552,S020,P0032,W003,2025-02-01,669,2025-02-12,2025-02-12,11,0,On Time
PO008553,S010,P0047,W005,2025-09-07,410,2025-09-18,2025-09-21,14,3,Late
PO008554,S007,P0002,W002,2025-02-26,978,2025-03-12,2025-03-12,14,0,On Time
PO008555,S010,P0085,W008,2025-11-06,134,2025-11-17,2025-11-17,11,0,On Time
PO008556,S018,P0092,W008,2025-05-24,594,2025-05-28,2025-05-28,4,0,On Time
PO008557,S022,P0052,W006,2025-11-14,363,2025-11-18,2025-11-19,5,1,Late
PO008558,S006,P0088,W004,2025-03-25,429,2025-03-30,2025-03-30,5,0,On Time
PO008559,S007,P0088,W005,2025-02-25,565,2025-03-11,2025-03-11,14,0,On Time
PO008560,S017,P0014,W002,2025-10-06,397,2025-10-15,2025-10-17,11,2,Late
PO008561,S012,P0037,W005,2025-09-30,783,2025-10-07,2025-10-07,7,0,On Time
PO008562,S017,P0027,W003,2025-06-15,475,2025-06-24,2025-06-24,9,0,On Time
PO008563,S018,P0024,W008,2025-06-07,442,2025-06-11,2025-06-11,4,0,On Time
PO008564,S014,P0064,W004,2025-09-06,463,2025-09-15,2025-09-15,9,0,On Time
PO008565,S011,P0070,W003,2025-07-05,216,2025-07-10,2025-07-10,5,0,On Time
PO008566,S002,P0026,W007,2025-03-19,887,2025-04-01,2025-04-01,13,0,On Time
PO008567,S021,P0054,W003,2025-01-22,382,2025-02-05,2025-02-12,21,7,Late
PO008568,S001,P0015,W004,2025-04-18,429,2025-05-01,2025-05-04,16,3,Late
PO008569,S011,P0029,W007,2025-09-30,783,2025-10-05,2025-10-05,5,0,On Time
PO008570,S002,P0100,W006,2025-09-09,593,2025-09-22,2025-09-22,13,0,On Time
PO008571,S016,P0074,W003,2025-01-15,413,2025-01-26,2025-01-26,11,0,On Time
PO008572,S022,P0028,W002,2025-10-31,756,2025-11-04,2025-11-04,4,0,On Time
PO008573,S003,P0059,W002,2025-06-09,528,2025-06-21,2025-06-21,12,0,On Time
PO008574,S020,P0073,W005,2025-07-24,887,2025-08-04,2025-08-04,11,0,On Time
PO008575,S001,P0021,W002,2025-04-23,585,2025-05-06,2025-05-06,13,0,On Time
PO008576,S021,P0010,W002,2025-06-17,690,2025-07-01,2025-07-01,14,0,On Time
PO008577,S020,P0004,W007,2025-12-19,313,2025-12-30,2025-12-30,11,0,On Time
PO008578,S008,P0062,W008,2025-09-10,901,2025-09-19,2025-09-24,14,5,Late
PO008579,S019,P0004,W007,2025-07-05,44,2025-07-11,2025-07-18,13,7,Late
PO008580,S001,P0006,W005,2025-12-13,256,2025-12-26,2025-12-31,18,5,Late
PO008581,S005,P0090,W001,2025-08-15,480,2025-08-29,2025-09-05,21,7,Late
PO008582,S001,P0080,W004,2025-01-16,340,2025-01-29,2025-01-29,13,0,On Time
PO008583,S011,P0072,W002,2025-06-05,119,2025-06-10,2025-06-11,6,1,Late
PO008584,S021,P0092,W005,2025-12-20,759,2026-01-03,2026-01-03,14,0,On Time
PO008585,S009,P0016,W008,2025-04-21,709,2025-04-27,2025-04-30,9,3,Late
PO008586,S005,P0038,W003,2025-01-01,427,2025-01-15,2025-01-17,16,2,Late
PO008587,S002,P0049,W003,2025-02-10,174,2025-02-23,2025-02-23,13,0,On Time
PO008588,S013,P0061,W007,2025-02-17,997,2025-02-22,2025-02-22,5,0,On Time
PO008589,S018,P0065,W006,2025-04-18,453,2025-04-22,2025-04-22,4,0,On Time
PO008590,S025,P0083,W002,2025-06-10,770,2025-06-22,2025-06-22,12,0,On Time
PO008591,S012,P0050,W004,2025-06-10,453,2025-06-17,2025-06-24,14,7,Late
PO008592,S014,P0017,W005,2025-12-25,162,2026-01-03,2026-01-06,12,3,Late
PO008593,S005,P0028,W007,2025-05-08,548,2025-05-22,2025-05-22,14,0,On Time
PO008594,S024,P0044,W006,2025-07-29,304,2025-08-09,2025-08-09,11,0,On Time
PO008595,S010,P0012,W006,2025-05-31,24,2025-06-11,2025-06-11,11,0,On Time
PO008596,S020,P0070,W005,2025-09-12,542,2025-09-23,2025-09-30,18,7,Late
PO008597,S002,P0071,W007,2025-08-06,739,2025-08-19,2025-08-24,18,5,Late
PO008598,S004,P0072,W007,2025-01-30,455,2025-02-13,2025-02-13,14,0,On Time
PO008599,S012,P0003,W005,2025-02-14,437,2025-02-21,2025-02-22,8,1,Late
PO008600,S011,P0049,W008,2025-03-21,100,2025-03-26,2025-03-27,6,1,Late
PO008601,S004,P0021,W008,2025-02-08,564,2025-02-22,2025-02-22,14,0,On Time
PO008602,S011,P0008,W005,2025-08-28,836,2025-09-02,2025-09-07,10,5,Late
PO008603,S009,P0064,W005,2025-02-14,396,2025-02-20,2025-02-20,6,0,On Time
PO008604,S010,P0092,W004,2025-03-19,178,2025-03-30,2025-03-30,11,0,On Time
PO008605,S006,P0059,W005,2025-12-03,805,2025-12-08,2025-12-08,5,0,On Time
PO008606,S015,P0030,W007,2025-12-15,646,2025-12-22,2025-12-22,7,0,On Time
PO008607,S010,P0032,W004,2025-10-15,236,2025-10-26,2025-10-26,11,0,On Time
PO008608,S022,P0075,W004,2025-10-07,792,2025-10-11,2025-10-12,5,1,Late
PO008609,S021,P0020,W004,2025-04-26,689,2025-05-10,2025-05-13,17,3,Late
PO008610,S006,P0016,W003,2025-09-26,64,2025-10-01,2025-10-03,7,2,Late
PO008611,S001,P0025,W001,2025-12-01,651,2025-12-14,2025-12-14,13,0,On Time
PO008612,S021,P0060,W006,2025-11-08,234,2025-11-22,2025-11-22,14,0,On Time
PO008613,S022,P0045,W002,2025-02-22,530,2025-02-26,2025-02-26,4,0,On Time
PO008614,S024,P0009,W003,2025-03-09,147,2025-03-20,2025-03-20,11,0,On Time
PO008615,S020,P0051,W007,2025-07-01,273,2025-07-12,2025-07-12,11,0,On Time
PO008616,S021,P0061,W001,2025-02-03,569,2025-02-17,2025-02-22,19,5,Late
PO008617,S004,P0040,W006,2025-10-11,896,2025-10-25,2025-10-30,19,5,Late
PO008618,S023,P0061,W008,2025-11-02,741,2025-11-14,2025-11-14,12,0,On Time
PO008619,S022,P0067,W003,2025-09-06,371,2025-09-10,2025-09-12,6,2,Late
PO008620,S014,P0080,W006,2025-04-21,625,2025-04-30,2025-05-01,10,1,Late
PO008621,S020,P0076,W004,2025-04-04,560,2025-04-15,2025-04-22,18,7,Late
PO008622,S022,P0015,W004,2025-06-28,183,2025-07-02,2025-07-02,4,0,On Time
PO008623,S020,P0053,W005,2025-02-16,668,2025-02-27,2025-02-28,12,1,Late
PO008624,S008,P0004,W007,2025-10-09,554,2025-10-18,2025-10-18,9,0,On Time
PO008625,S011,P0023,W004,2025-12-06,150,2025-12-11,2025-12-11,5,0,On Time
PO008626,S015,P0027,W003,2025-12-28,617,2026-01-04,2026-01-04,7,0,On Time
PO008627,S019,P0037,W006,2025-04-02,715,2025-04-08,2025-04-08,6,0,On Time
PO008628,S008,P0077,W002,2025-07-31,523,2025-08-09,2025-08-09,9,0,On Time
PO008629,S013,P0043,W007,2025-03-16,443,2025-03-21,2025-03-21,5,0,On Time
PO008630,S018,P0037,W008,2025-07-21,768,2025-07-25,2025-07-26,5,1,Late
PO008631,S022,P0085,W008,2025-10-24,203,2025-10-28,2025-10-29,5,1,Late
PO008632,S024,P0029,W006,2025-11-04,845,2025-11-15,2025-11-22,18,7,Late
PO008633,S017,P0029,W004,2025-07-30,690,2025-08-08,2025-08-08,9,0,On Time
PO008634,S006,P0049,W008,2025-12-04,542,2025-12-09,2025-12-14,10,5,Late
PO008635,S025,P0075,W006,2025-05-14,573,2025-05-26,2025-05-26,12,0,On Time
PO008636,S015,P0051,W001,2025-11-26,254,2025-12-03,2025-12-03,7,0,On Time
PO008637,S013,P0050,W006,2025-03-07,150,2025-03-12,2025-03-13,6,1,Late
PO008638,S018,P0028,W003,2025-10-07,716,2025-10-11,2025-10-12,5,1,Late
PO008639,S011,P0074,W001,2025-01-28,33,2025-02-02,2025-02-02,5,0,On Time
PO008640,S013,P0005,W007,2025-04-27,833,2025-05-02,2025-05-04,7,2,Late
PO008641,S001,P0056,W005,2025-11-13,785,2025-11-26,2025-11-27,14,1,Late
PO008642,S018,P0064,W005,2025-11-21,678,2025-11-25,2025-12-02,11,7,Late
PO008643,S005,P0089,W006,2025-04-24,399,2025-05-08,2025-05-13,19,5,Late
PO008644,S006,P0097,W002,2025-03-16,79,2025-03-21,2025-03-22,6,1,Late
PO008645,S001,P0017,W003,2025-07-21,946,2025-08-03,2025-08-04,14,1,Late
PO008646,S007,P0097,W002,2025-02-28,311,2025-03-14,2025-03-19,19,5,Late
PO008647,S004,P0089,W001,2025-01-15,179,2025-01-29,2025-02-05,21,7,Late
PO008648,S009,P0097,W002,2025-08-19,466,2025-08-25,2025-08-27,8,2,Late
PO008649,S015,P0055,W007,2025-04-15,557,2025-04-22,2025-04-24,9,2,Late
PO008650,S006,P0009,W001,2025-06-14,596,2025-06-19,2025-06-19,5,0,On Time
PO008651,S025,P0091,W007,2025-07-18,405,2025-07-30,2025-08-02,15,3,Late
PO008652,S017,P0089,W008,2025-12-20,89,2025-12-29,2025-12-29,9,0,On Time
PO008653,S020,P0068,W002,2025-02-04,401,2025-02-15,2025-02-15,11,0,On Time
PO008654,S018,P0073,W005,2025-06-11,704,2025-06-15,2025-06-15,4,0,On Time
PO008655,S022,P0079,W003,2025-09-02,993,2025-09-06,2025-09-06,4,0,On Time
PO008656,S004,P0016,W002,2025-10-14,244,2025-10-28,2025-10-28,14,0,On Time
PO008657,S009,P0016,W006,2025-01-19,527,2025-01-25,2025-01-28,9,3,Late
PO008658,S014,P0013,W007,2025-10-07,684,2025-10-16,2025-10-18,11,2,Late
PO008659,S003,P0078,W001,2025-12-06,59,2025-12-18,2025-12-18,12,0,On Time
PO008660,S001,P0086,W007,2025-12-14,165,2025-12-27,2025-12-28,14,1,Late
PO008661,S011,P0085,W006,2025-07-01,385,2025-07-06,2025-07-13,12,7,Late
PO008662,S001,P0073,W003,2025-05-27,629,2025-06-09,2025-06-09,13,0,On Time
PO008663,S012,P0063,W008,2025-06-25,267,2025-07-02,2025-07-02,7,0,On Time
PO008664,S025,P0041,W006,2025-06-12,31,2025-06-24,2025-06-24,12,0,On Time
PO008665,S009,P0053,W005,2025-06-24,555,2025-06-30,2025-07-05,11,5,Late
PO008666,S005,P0068,W008,2025-02-16,756,2025-03-02,2025-03-02,14,0,On Time
PO008667,S015,P0074,W007,2025-09-13,529,2025-09-20,2025-09-27,14,7,Late
PO008668,S018,P0099,W005,2025-06-23,264,2025-06-27,2025-06-27,4,0,On Time
PO008669,S009,P0009,W004,2025-04-13,994,2025-04-19,2025-04-19,6,0,On Time
PO008670,S013,P0051,W003,2025-05-01,190,2025-05-06,2025-05-06,5,0,On Time
PO008671,S013,P0048,W008,2025-12-16,51,2025-12-21,2025-12-21,5,0,On Time
PO008672,S024,P0080,W002,2025-05-25,645,2025-06-05,2025-06-05,11,0,On Time
PO008673,S013,P0049,W005,2025-02-11,740,2025-02-16,2025-02-16,5,0,On Time
PO008674,S010,P0018,W008,2025-01-29,834,2025-02-09,2025-02-09,11,0,On Time
PO008675,S010,P0010,W002,2025-09-30,448,2025-10-11,2025-10-11,11,0,On Time
PO008676,S022,P0085,W007,2025-01-14,54,2025-01-18,2025-01-21,7,3,Late
PO008677,S007,P0054,W002,2025-11-02,224,2025-11-16,2025-11-19,17,3,Late
PO008678,S022,P0079,W007,2025-11-09,909,2025-11-13,2025-11-14,5,1,Late
PO008679,S005,P0015,W001,2025-07-08,403,2025-07-22,2025-07-27,19,5,Late
PO008680,S020,P0011,W006,2025-12-26,924,2026-01-06,2026-01-06,11,0,On Time
PO008681,S007,P0040,W002,2025-10-22,285,2025-11-05,2025-11-05,14,0,On Time
PO008682,S020,P0047,W007,2025-07-02,596,2025-07-13,2025-07-13,11,0,On Time
PO008683,S010,P0020,W004,2025-12-18,462,2025-12-29,2025-12-29,11,0,On Time
PO008684,S010,P0098,W003,2025-02-05,629,2025-02-16,2025-02-16,11,0,On Time
PO008685,S025,P0022,W008,2025-02-06,716,2025-02-18,2025-02-23,17,5,Late
PO008686,S021,P0048,W003,2025-01-14,769,2025-01-28,2025-01-31,17,3,Late
PO008687,S024,P0082,W001,2025-05-03,504,2025-05-14,2025-05-14,11,0,On Time
PO008688,S013,P0016,W004,2025-03-24,489,2025-03-29,2025-03-29,5,0,On Time
PO008689,S015,P0005,W006,2025-06-08,285,2025-06-15,2025-06-16,8,1,Late
PO008690,S006,P0065,W004,2025-11-25,934,2025-11-30,2025-12-07,12,7,Late
PO008691,S020,P0083,W007,2025-04-12,763,2025-04-23,2025-04-23,11,0,On Time
PO008692,S012,P0074,W003,2025-12-03,128,2025-12-10,2025-12-10,7,0,On Time
PO008693,S019,P0021,W004,2025-03-24,508,2025-03-30,2025-04-06,13,7,Late
PO008694,S011,P0061,W006,2025-02-13,197,2025-02-18,2025-02-25,12,7,Late
PO008695,S006,P0077,W005,2025-03-09,268,2025-03-14,2025-03-14,5,0,On Time
PO008696,S001,P0055,W002,2025-02-17,855,2025-03-02,2025-03-02,13,0,On Time
PO008697,S002,P0024,W008,2025-02-26,891,2025-03-11,2025-03-11,13,0,On Time
PO008698,S023,P0023,W007,2025-03-16,24,2025-03-28,2025-03-31,15,3,Late
PO008699,S015,P0087,W002,2025-01-22,176,2025-01-29,2025-01-29,7,0,On Time
PO008700,S004,P0011,W003,2025-05-12,249,2025-05-26,2025-05-31,19,5,Late
PO008701,S005,P0047,W003,2025-10-29,647,2025-11-12,2025-11-12,14,0,On Time
PO008702,S015,P0002,W006,2025-09-24,280,2025-10-01,2025-10-01,7,0,On Time
PO008703,S011,P0070,W004,2025-10-14,847,2025-10-19,2025-10-20,6,1,Late
PO008704,S010,P0053,W006,2025-04-30,340,2025-05-11,2025-05-11,11,0,On Time
PO008705,S017,P0011,W001,2025-09-03,146,2025-09-12,2025-09-12,9,0,On Time
PO008706,S002,P0015,W003,2025-02-25,47,2025-03-10,2025-03-10,13,0,On Time
PO008707,S020,P0073,W007,2025-02-07,870,2025-02-18,2025-02-21,14,3,Late
PO008708,S024,P0012,W008,2025-09-02,529,2025-09-13,2025-09-13,11,0,On Time
PO008709,S010,P0036,W007,2025-01-21,247,2025-02-01,2025-02-01,11,0,On Time
PO008710,S020,P0092,W003,2025-04-20,660,2025-05-01,2025-05-02,12,1,Late
PO008711,S003,P0023,W003,2025-04-04,560,2025-04-16,2025-04-16,12,0,On Time
PO008712,S019,P0027,W006,2025-05-16,198,2025-05-22,2025-05-27,11,5,Late
PO008713,S005,P0088,W007,2025-08-19,695,2025-09-02,2025-09-02,14,0,On Time
PO008714,S003,P0014,W006,2025-01-08,691,2025-01-20,2025-01-20,12,0,On Time
PO008715,S008,P0054,W004,2025-11-24,851,2025-12-03,2025-12-03,9,0,On Time
PO008716,S005,P0099,W005,2025-10-17,929,2025-10-31,2025-11-01,15,1,Late
PO008717,S012,P0027,W003,2025-09-08,307,2025-09-15,2025-09-15,7,0,On Time
PO008718,S014,P0021,W005,2025-12-27,513,2026-01-05,2026-01-08,12,3,Late
PO008719,S007,P0049,W006,2025-03-28,284,2025-04-11,2025-04-11,14,0,On Time
PO008720,S011,P0062,W008,2025-07-23,486,2025-07-28,2025-07-28,5,0,On Time
PO008721,S008,P0077,W004,2025-08-07,414,2025-08-16,2025-08-16,9,0,On Time
PO008722,S005,P0072,W006,2025-08-29,451,2025-09-12,2025-09-12,14,0,On Time
PO008723,S008,P0044,W001,2025-11-16,454,2025-11-25,2025-11-25,9,0,On Time
PO008724,S012,P0044,W007,2025-09-15,407,2025-09-22,2025-09-22,7,0,On Time
PO008725,S015,P0098,W002,2025-04-19,828,2025-04-26,2025-04-26,7,0,On Time
PO008726,S019,P0061,W002,2025-09-13,556,2025-09-19,2025-09-22,9,3,Late
PO008727,S016,P0042,W006,2025-10-09,164,2025-10-20,2025-10-23,14,3,Late
PO008728,S014,P0023,W002,2025-08-08,194,2025-08-17,2025-08-17,9,0,On Time
PO008729,S007,P0073,W002,2025-03-24,539,2025-04-07,2025-04-07,14,0,On Time
PO008730,S008,P0001,W004,2025-04-17,333,2025-04-26,2025-04-29,12,3,Late
PO008731,S007,P0036,W002,2025-03-10,640,2025-03-24,2025-03-24,14,0,On Time
PO008732,S018,P0055,W004,2025-04-07,148,2025-04-11,2025-04-18,11,7,Late
PO008733,S024,P0016,W001,2025-07-31,533,2025-08-11,2025-08-11,11,0,On Time
PO008734,S006,P0089,W003,2025-10-13,29,2025-10-18,2025-10-19,6,1,Late
PO008735,S019,P0018,W008,2025-08-25,366,2025-08-31,2025-08-31,6,0,On Time
PO008736,S004,P0098,W003,2025-01-08,136,2025-01-22,2025-01-22,14,0,On Time
PO008737,S023,P0038,W003,2025-10-21,430,2025-11-02,2025-11-02,12,0,On Time
PO008738,S003,P0067,W007,2025-07-08,416,2025-07-20,2025-07-21,13,1,Late
PO008739,S017,P0020,W004,2025-03-22,850,2025-03-31,2025-03-31,9,0,On Time
PO008740,S022,P0019,W004,2025-04-18,30,2025-04-22,2025-04-22,4,0,On Time
PO008741,S019,P0013,W004,2025-11-17,417,2025-11-23,2025-11-23,6,0,On Time
PO008742,S015,P0017,W001,2025-03-08,627,2025-03-15,2025-03-15,7,0,On Time
PO008743,S006,P0078,W008,2025-06-23,995,2025-06-28,2025-06-28,5,0,On Time
PO008744,S012,P0030,W005,2025-12-12,911,2025-12-19,2025-12-19,7,0,On Time
PO008745,S019,P0086,W004,2025-12-17,112,2025-12-23,2025-12-23,6,0,On Time
PO008746,S006,P0043,W004,2025-11-24,121,2025-11-29,2025-11-29,5,0,On Time
PO008747,S011,P0048,W003,2025-02-12,117,2025-02-17,2025-02-18,6,1,Late
PO008748,S020,P0043,W006,2025-07-06,301,2025-07-17,2025-07-24,18,7,Late
PO008749,S020,P0093,W007,2025-10-29,984,2025-11-09,2025-11-11,13,2,Late
PO008750,S010,P0066,W008,2025-07-19,998,2025-07-30,2025-07-30,11,0,On Time
PO008751,S016,P0053,W002,2025-02-08,826,2025-02-19,2025-02-19,11,0,On Time
PO008752,S018,P0072,W002,2025-08-08,879,2025-08-12,2025-08-12,4,0,On Time
PO008753,S014,P0078,W001,2025-11-03,687,2025-11-12,2025-11-12,9,0,On Time
PO008754,S004,P0034,W002,2025-01-04,676,2025-01-18,2025-01-18,14,0,On Time
PO008755,S012,P0077,W005,2025-05-01,440,2025-05-08,2025-05-08,7,0,On Time
PO008756,S020,P0074,W003,2025-12-02,383,2025-12-13,2025-12-13,11,0,On Time
PO008757,S023,P0072,W001,2025-03-18,230,2025-03-30,2025-03-30,12,0,On Time
PO008758,S021,P0071,W008,2025-06-28,686,2025-07-12,2025-07-12,14,0,On Time
PO008759,S008,P0013,W002,2025-05-13,773,2025-05-22,2025-05-22,9,0,On Time
PO008760,S007,P0090,W008,2025-11-07,527,2025-11-21,2025-11-21,14,0,On Time
PO008761,S009,P0056,W002,2025-08-17,95,2025-08-23,2025-08-24,7,1,Late
PO008762,S024,P0059,W006,2025-10-03,342,2025-10-14,2025-10-14,11,0,On Time
PO008763,S025,P0032,W003,2025-06-01,909,2025-06-13,2025-06-13,12,0,On Time
PO008764,S017,P0083,W001,2025-06-13,471,2025-06-22,2025-06-22,9,0,On Time
PO008765,S010,P0079,W003,2025-10-17,706,2025-10-28,2025-10-28,11,0,On Time
PO008766,S003,P0054,W001,2025-04-19,642,2025-05-01,2025-05-04,15,3,Late
PO008767,S021,P0002,W007,2025-05-06,990,2025-05-20,2025-05-20,14,0,On Time
PO008768,S025,P0037,W007,2025-08-28,949,2025-09-09,2025-09-09,12,0,On Time
PO008769,S008,P0083,W002,2025-11-06,37,2025-11-15,2025-11-16,10,1,Late
PO008770,S014,P0097,W003,2025-12-11,310,2025-12-20,2025-12-20,9,0,On Time
PO008771,S007,P0033,W003,2025-05-26,805,2025-06-09,2025-06-12,17,3,Late
PO008772,S016,P0001,W005,2025-09-09,769,2025-09-20,2025-09-23,14,3,Late
PO008773,S018,P0028,W007,2025-07-02,217,2025-07-06,2025-07-06,4,0,On Time
PO008774,S011,P0017,W006,2025-11-05,181,2025-11-10,2025-11-10,5,0,On Time
PO008775,S006,P0057,W003,2025-11-02,436,2025-11-07,2025-11-08,6,1,Late
PO008776,S020,P0070,W008,2025-03-13,403,2025-03-24,2025-03-29,16,5,Late
PO008777,S021,P0052,W008,2025-08-07,219,2025-08-21,2025-08-23,16,2,Late
PO008778,S014,P0044,W001,2025-07-26,765,2025-08-04,2025-08-04,9,0,On Time
PO008779,S021,P0084,W005,2025-06-22,914,2025-07-06,2025-07-06,14,0,On Time
PO008780,S013,P0047,W008,2025-05-21,871,2025-05-26,2025-05-28,7,2,Late
PO008781,S004,P0013,W003,2025-09-29,517,2025-10-13,2025-10-13,14,0,On Time
PO008782,S020,P0076,W003,2025-08-02,999,2025-08-13,2025-08-13,11,0,On Time
PO008783,S020,P0030,W005,2025-09-26,62,2025-10-07,2025-10-07,11,0,On Time
PO008784,S011,P0085,W002,2025-01-20,101,2025-01-25,2025-01-25,5,0,On Time
PO008785,S018,P0066,W003,2025-03-07,558,2025-03-11,2025-03-14,7,3,Late
PO008786,S001,P0053,W004,2025-10-30,323,2025-11-12,2025-11-15,16,3,Late
PO008787,S012,P0018,W006,2025-05-27,600,2025-06-03,2025-06-03,7,0,On Time
PO008788,S018,P0028,W002,2025-06-14,218,2025-06-18,2025-06-18,4,0,On Time
PO008789,S007,P0004,W003,2025-11-06,425,2025-11-20,2025-11-21,15,1,Late
PO008790,S012,P0042,W002,2025-01-06,949,2025-01-13,2025-01-13,7,0,On Time
PO008791,S001,P0006,W001,2025-01-14,446,2025-01-27,2025-01-27,13,0,On Time
PO008792,S022,P0009,W002,2025-05-12,480,2025-05-16,2025-05-16,4,0,On Time
PO008793,S004,P0020,W005,2025-12-08,903,2025-12-22,2025-12-27,19,5,Late
PO008794,S018,P0094,W003,2025-08-31,499,2025-09-04,2025-09-04,4,0,On Time
PO008795,S015,P0038,W002,2025-08-19,747,2025-08-26,2025-08-26,7,0,On Time
PO008796,S003,P0068,W008,2025-08-16,143,2025-08-28,2025-08-28,12,0,On Time
PO008797,S007,P0050,W004,2025-06-11,547,2025-06-25,2025-06-25,14,0,On Time
PO008798,S006,P0060,W001,2025-10-10,657,2025-10-15,2025-10-15,5,0,On Time
PO008799,S015,P0013,W001,2025-09-20,545,2025-09-27,2025-09-27,7,0,On Time
PO008800,S015,P0099,W007,2025-05-11,58,2025-05-18,2025-05-18,7,0,On Time
PO008801,S006,P0094,W002,2025-08-13,218,2025-08-18,2025-08-18,5,0,On Time
PO008802,S008,P0042,W005,2025-09-15,127,2025-09-24,2025-09-25,10,1,Late
PO008803,S008,P0068,W001,2025-08-22,287,2025-08-31,2025-09-01,10,1,Late
PO008804,S022,P0025,W007,2025-12-02,999,2025-12-06,2025-12-06,4,0,On Time
PO008805,S001,P0031,W002,2025-11-12,372,2025-11-25,2025-11-25,13,0,On Time
PO008806,S013,P0012,W002,2025-01-24,330,2025-01-29,2025-01-29,5,0,On Time
PO008807,S023,P0064,W001,2025-09-28,409,2025-10-10,2025-10-10,12,0,On Time
PO008808,S024,P0079,W002,2025-04-05,59,2025-04-16,2025-04-16,11,0,On Time
PO008809,S021,P0061,W002,2025-05-22,878,2025-06-05,2025-06-05,14,0,On Time
PO008810,S013,P0053,W006,2025-07-01,800,2025-07-06,2025-07-06,5,0,On Time
PO008811,S011,P0026,W004,2025-07-25,600,2025-07-30,2025-07-30,5,0,On Time
PO008812,S004,P0061,W002,2025-03-22,171,2025-04-05,2025-04-05,14,0,On Time
PO008813,S007,P0010,W008,2025-10-01,989,2025-10-15,2025-10-15,14,0,On Time
PO008814,S012,P0012,W006,2025-10-03,206,2025-10-10,2025-10-10,7,0,On Time
PO008815,S013,P0022,W006,2025-07-27,449,2025-08-01,2025-08-08,12,7,Late
PO008816,S022,P0053,W002,2025-10-23,883,2025-10-27,2025-10-27,4,0,On Time
PO008817,S012,P0021,W005,2025-02-08,476,2025-02-15,2025-02-18,10,3,Late
PO008818,S016,P0035,W001,2025-10-15,772,2025-10-26,2025-10-26,11,0,On Time
PO008819,S006,P0071,W008,2025-05-04,246,2025-05-09,2025-05-09,5,0,On Time
PO008820,S014,P0082,W006,2025-12-30,447,2026-01-08,2026-01-15,16,7,Late
PO008821,S019,P0027,W008,2025-10-10,223,2025-10-16,2025-10-19,9,3,Late
PO008822,S016,P0060,W006,2025-06-29,798,2025-07-10,2025-07-10,11,0,On Time
PO008823,S004,P0099,W007,2025-04-07,137,2025-04-21,2025-04-21,14,0,On Time
PO008824,S005,P0047,W008,2025-07-10,848,2025-07-24,2025-07-24,14,0,On Time
PO008825,S009,P0066,W005,2025-03-15,823,2025-03-21,2025-03-23,8,2,Late
PO008826,S024,P0096,W003,2025-09-30,987,2025-10-11,2025-10-11,11,0,On Time
PO008827,S003,P0015,W005,2025-02-18,413,2025-03-02,2025-03-02,12,0,On Time
PO008828,S022,P0024,W007,2025-12-03,993,2025-12-07,2025-12-07,4,0,On Time
PO008829,S010,P0084,W003,2025-07-29,241,2025-08-09,2025-08-09,11,0,On Time
PO008830,S017,P0010,W003,2025-04-26,916,2025-05-05,2025-05-06,10,1,Late
PO008831,S019,P0088,W008,2025-01-23,82,2025-01-29,2025-01-30,7,1,Late
PO008832,S010,P0024,W008,2025-04-08,415,2025-04-19,2025-04-19,11,0,On Time
PO008833,S012,P0088,W005,2025-11-24,24,2025-12-01,2025-12-01,7,0,On Time
PO008834,S023,P0057,W004,2025-11-09,353,2025-11-21,2025-11-24,15,3,Late
PO008835,S007,P0034,W005,2025-07-09,311,2025-07-23,2025-07-23,14,0,On Time
PO008836,S018,P0041,W006,2025-07-01,527,2025-07-05,2025-07-05,4,0,On Time
PO008837,S019,P0040,W001,2025-05-28,164,2025-06-03,2025-06-03,6,0,On Time
PO008838,S015,P0011,W005,2025-12-08,973,2025-12-15,2025-12-15,7,0,On Time
PO008839,S007,P0090,W004,2025-01-23,681,2025-02-06,2025-02-13,21,7,Late
PO008840,S012,P0001,W005,2025-04-15,178,2025-04-22,2025-04-22,7,0,On Time
PO008841,S022,P0030,W004,2025-06-12,941,2025-06-16,2025-06-16,4,0,On Time
PO008842,S007,P0043,W001,2025-03-08,800,2025-03-22,2025-03-23,15,1,Late
PO008843,S010,P0082,W002,2025-10-17,978,2025-10-28,2025-10-28,11,0,On Time
PO008844,S025,P0026,W004,2025-10-16,982,2025-10-28,2025-10-28,12,0,On Time
PO008845,S024,P0053,W004,2025-02-15,850,2025-02-26,2025-03-01,14,3,Late
PO008846,S022,P0047,W006,2025-03-22,30,2025-03-26,2025-03-26,4,0,On Time
PO008847,S020,P0009,W004,2025-05-27,88,2025-06-07,2025-06-07,11,0,On Time
PO008848,S010,P0009,W001,2025-08-10,723,2025-08-21,2025-08-21,11,0,On Time
PO008849,S025,P0001,W003,2025-12-09,633,2025-12-21,2025-12-21,12,0,On Time
PO008850,S023,P0071,W004,2025-01-15,983,2025-01-27,2025-01-29,14,2,Late
PO008851,S005,P0044,W007,2025-05-01,563,2025-05-15,2025-05-16,15,1,Late
PO008852,S018,P0059,W001,2025-03-19,221,2025-03-23,2025-03-25,6,2,Late
PO008853,S009,P0056,W006,2025-11-18,285,2025-11-24,2025-11-24,6,0,On Time
PO008854,S016,P0051,W008,2025-10-22,127,2025-11-02,2025-11-07,16,5,Late
PO008855,S007,P0016,W007,2025-08-29,73,2025-09-12,2025-09-12,14,0,On Time
PO008856,S025,P0038,W006,2025-01-18,970,2025-01-30,2025-01-30,12,0,On Time
PO008857,S025,P0011,W002,2025-09-13,357,2025-09-25,2025-09-30,17,5,Late
PO008858,S010,P0025,W004,2025-10-04,209,2025-10-15,2025-10-15,11,0,On Time
PO008859,S005,P0093,W003,2025-01-27,258,2025-02-10,2025-02-10,14,0,On Time
PO008860,S007,P0083,W008,2025-01-02,970,2025-01-16,2025-01-23,21,7,Late
PO008861,S005,P0082,W001,2025-12-19,362,2026-01-02,2026-01-09,21,7,Late
PO008862,S015,P0059,W002,2025-10-22,869,2025-10-29,2025-10-31,9,2,Late
PO008863,S019,P0029,W003,2025-11-08,310,2025-11-14,2025-11-14,6,0,On Time
PO008864,S010,P0080,W008,2025-12-29,342,2026-01-09,2026-01-09,11,0,On Time
PO008865,S008,P0040,W002,2025-08-27,340,2025-09-05,2025-09-05,9,0,On Time
PO008866,S024,P0008,W008,2025-01-13,804,2025-01-24,2025-01-24,11,0,On Time
PO008867,S009,P0098,W003,2025-07-03,61,2025-07-09,2025-07-09,6,0,On Time
PO008868,S011,P0006,W005,2025-07-13,974,2025-07-18,2025-07-18,5,0,On Time
PO008869,S022,P0045,W005,2025-02-25,217,2025-03-01,2025-03-01,4,0,On Time
PO008870,S002,P0053,W005,2025-08-18,908,2025-08-31,2025-08-31,13,0,On Time
PO008871,S003,P0094,W008,2025-01-28,652,2025-02-09,2025-02-10,13,1,Late
PO008872,S013,P0098,W002,2025-11-16,926,2025-11-21,2025-11-21,5,0,On Time
PO008873,S011,P0021,W005,2025-03-12,865,2025-03-17,2025-03-20,8,3,Late
PO008874,S010,P0057,W001,2025-07-29,303,2025-08-09,2025-08-09,11,0,On Time
PO008875,S015,P0076,W001,2025-07-03,826,2025-07-10,2025-07-10,7,0,On Time
PO008876,S006,P0006,W005,2025-12-22,201,2025-12-27,2025-12-27,5,0,On Time
PO008877,S001,P0063,W003,2025-02-10,631,2025-02-23,2025-02-23,13,0,On Time
PO008878,S014,P0006,W003,2025-09-17,30,2025-09-26,2025-09-26,9,0,On Time
PO008879,S018,P0053,W002,2025-12-10,902,2025-12-14,2025-12-15,5,1,Late
PO008880,S024,P0004,W003,2025-03-25,764,2025-04-05,2025-04-05,11,0,On Time
PO008881,S011,P0009,W007,2025-02-15,461,2025-02-20,2025-02-25,10,5,Late
PO008882,S008,P0069,W007,2025-06-08,648,2025-06-17,2025-06-17,9,0,On Time
PO008883,S022,P0074,W008,2025-12-10,443,2025-12-14,2025-12-14,4,0,On Time
PO008884,S003,P0072,W007,2025-01-07,519,2025-01-19,2025-01-19,12,0,On Time
PO008885,S014,P0087,W004,2025-11-29,407,2025-12-08,2025-12-10,11,2,Late
PO008886,S002,P0004,W008,2025-05-16,595,2025-05-29,2025-05-29,13,0,On Time
PO008887,S016,P0058,W003,2025-07-02,707,2025-07-13,2025-07-16,14,3,Late
PO008888,S006,P0037,W008,2025-07-16,473,2025-07-21,2025-07-22,6,1,Late
PO008889,S001,P0071,W001,2025-06-21,614,2025-07-04,2025-07-04,13,0,On Time
PO008890,S014,P0006,W006,2025-12-15,946,2025-12-24,2025-12-24,9,0,On Time
PO008891,S010,P0051,W003,2025-10-03,21,2025-10-14,2025-10-14,11,0,On Time
PO008892,S006,P0079,W007,2025-03-19,830,2025-03-24,2025-03-24,5,0,On Time
PO008893,S009,P0099,W002,2025-06-27,748,2025-07-03,2025-07-03,6,0,On Time
PO008894,S007,P0050,W003,2025-01-27,261,2025-02-10,2025-02-12,16,2,Late
PO008895,S025,P0096,W007,2025-04-30,828,2025-05-12,2025-05-12,12,0,On Time
PO008896,S002,P0014,W002,2025-10-08,79,2025-10-21,2025-10-21,13,0,On Time
PO008897,S011,P0099,W004,2025-11-04,387,2025-11-09,2025-11-09,5,0,On Time
PO008898,S014,P0011,W005,2025-07-15,734,2025-07-24,2025-07-24,9,0,On Time
PO008899,S005,P0010,W004,2025-10-04,961,2025-10-18,2025-10-19,15,1,Late
PO008900,S009,P0061,W001,2025-01-18,59,2025-01-24,2025-01-25,7,1,Late
PO008901,S007,P0081,W006,2025-10-22,334,2025-11-05,2025-11-05,14,0,On Time
PO008902,S025,P0013,W004,2025-09-28,576,2025-10-10,2025-10-10,12,0,On Time
PO008903,S014,P0034,W004,2025-02-22,317,2025-03-03,2025-03-05,11,2,Late
PO008904,S016,P0060,W001,2025-10-21,650,2025-11-01,2025-11-01,11,0,On Time
PO008905,S022,P0051,W001,2025-02-21,936,2025-02-25,2025-02-25,4,0,On Time
PO008906,S016,P0005,W005,2025-08-04,662,2025-08-15,2025-08-20,16,5,Late
PO008907,S007,P0074,W005,2025-03-13,469,2025-03-27,2025-03-29,16,2,Late
PO008908,S010,P0032,W003,2025-01-28,414,2025-02-08,2025-02-08,11,0,On Time
PO008909,S021,P0012,W002,2025-09-09,811,2025-09-23,2025-09-23,14,0,On Time
PO008910,S006,P0052,W001,2025-02-04,581,2025-02-09,2025-02-14,10,5,Late
PO008911,S017,P0013,W008,2025-07-20,107,2025-07-29,2025-07-31,11,2,Late
PO008912,S001,P0085,W004,2025-09-06,552,2025-09-19,2025-09-19,13,0,On Time
PO008913,S002,P0054,W004,2025-04-09,940,2025-04-22,2025-04-23,14,1,Late
PO008914,S014,P0097,W005,2025-11-04,407,2025-11-13,2025-11-13,9,0,On Time
PO008915,S004,P0054,W002,2025-05-20,763,2025-06-03,2025-06-03,14,0,On Time
PO008916,S009,P0041,W007,2025-03-24,400,2025-03-30,2025-03-30,6,0,On Time
PO008917,S023,P0048,W001,2025-02-17,574,2025-03-01,2025-03-01,12,0,On Time
PO008918,S006,P0051,W005,2025-10-05,450,2025-10-10,2025-10-11,6,1,Late
PO008919,S017,P0047,W007,2025-09-05,554,2025-09-14,2025-09-14,9,0,On Time
PO008920,S021,P0050,W002,2025-06-26,975,2025-07-10,2025-07-12,16,2,Late
PO008921,S011,P0096,W001,2025-02-21,235,2025-02-26,2025-02-26,5,0,On Time
PO008922,S004,P0076,W004,2025-03-20,296,2025-04-03,2025-04-03,14,0,On Time
PO008923,S021,P0046,W004,2025-11-18,213,2025-12-02,2025-12-02,14,0,On Time
PO008924,S009,P0099,W005,2025-03-05,746,2025-03-11,2025-03-11,6,0,On Time
PO008925,S016,P0100,W002,2025-01-08,198,2025-01-19,2025-01-19,11,0,On Time
PO008926,S003,P0038,W004,2025-08-02,162,2025-08-14,2025-08-14,12,0,On Time
PO008927,S004,P0092,W008,2025-01-25,845,2025-02-08,2025-02-09,15,1,Late
PO008928,S024,P0013,W007,2025-09-13,557,2025-09-24,2025-09-24,11,0,On Time
PO008929,S003,P0076,W002,2025-08-31,237,2025-09-12,2025-09-13,13,1,Late
PO008930,S013,P0022,W005,2025-07-17,530,2025-07-22,2025-07-23,6,1,Late
PO008931,S019,P0002,W007,2025-04-04,78,2025-04-10,2025-04-12,8,2,Late
PO008932,S025,P0093,W007,2025-07-26,365,2025-08-07,2025-08-07,12,0,On Time
PO008933,S021,P0077,W003,2025-01-15,576,2025-01-29,2025-02-05,21,7,Late
PO008934,S001,P0099,W002,2025-06-27,981,2025-07-10,2025-07-10,13,0,On Time
PO008935,S023,P0013,W006,2025-03-16,438,2025-03-28,2025-03-29,13,1,Late
PO008936,S023,P0057,W002,2025-04-14,243,2025-04-26,2025-04-27,13,1,Late
PO008937,S006,P0034,W005,2025-10-21,369,2025-10-26,2025-10-26,5,0,On Time
PO008938,S022,P0019,W006,2025-06-17,787,2025-06-21,2025-06-28,11,7,Late
PO008939,S003,P0009,W003,2025-04-25,641,2025-05-07,2025-05-07,12,0,On Time
PO008940,S003,P0095,W004,2025-02-08,851,2025-02-20,2025-02-20,12,0,On Time
PO008941,S016,P0033,W001,2025-12-30,871,2026-01-10,2026-01-10,11,0,On Time
PO008942,S010,P0027,W005,2025-09-30,781,2025-10-11,2025-10-11,11,0,On Time
PO008943,S025,P0045,W001,2025-05-15,96,2025-05-27,2025-05-28,13,1,Late
PO008944,S017,P0002,W003,2025-08-20,814,2025-08-29,2025-08-29,9,0,On Time
PO008945,S007,P0079,W006,2025-02-08,618,2025-02-22,2025-02-25,17,3,Late
PO008946,S013,P0083,W003,2025-10-18,781,2025-10-23,2025-10-23,5,0,On Time
PO008947,S011,P0057,W008,2025-11-03,227,2025-11-08,2025-11-08,5,0,On Time
PO008948,S010,P0095,W002,2025-02-16,178,2025-02-27,2025-02-27,11,0,On Time
PO008949,S007,P0057,W008,2025-02-05,543,2025-02-19,2025-02-19,14,0,On Time
PO008950,S024,P0016,W001,2025-11-16,244,2025-11-27,2025-12-02,16,5,Late
PO008951,S006,P0079,W001,2025-04-05,377,2025-04-10,2025-04-11,6,1,Late
PO008952,S024,P0006,W003,2025-12-27,832,2026-01-07,2026-01-07,11,0,On Time
PO008953,S001,P0014,W006,2025-01-13,403,2025-01-26,2025-01-26,13,0,On Time
PO008954,S017,P0027,W001,2025-05-26,563,2025-06-04,2025-06-04,9,0,On Time
PO008955,S025,P0038,W007,2025-03-06,585,2025-03-18,2025-03-18,12,0,On Time
PO008956,S012,P0019,W004,2025-08-16,523,2025-08-23,2025-08-25,9,2,Late
PO008957,S004,P0037,W003,2025-08-30,469,2025-09-13,2025-09-14,15,1,Late
PO008958,S003,P0004,W002,2025-01-08,261,2025-01-20,2025-01-20,12,0,On Time
PO008959,S006,P0058,W002,2025-10-31,388,2025-11-05,2025-11-08,8,3,Late
PO008960,S016,P0090,W002,2025-12-07,646,2025-12-18,2025-12-18,11,0,On Time
PO008961,S013,P0009,W001,2025-02-12,490,2025-02-17,2025-02-17,5,0,On Time
PO008962,S009,P0040,W003,2025-09-01,307,2025-09-07,2025-09-08,7,1,Late
PO008963,S011,P0015,W008,2025-06-30,418,2025-07-05,2025-07-05,5,0,On Time
PO008964,S020,P0004,W002,2025-03-26,123,2025-04-06,2025-04-06,11,0,On Time
PO008965,S025,P0090,W003,2025-06-04,330,2025-06-16,2025-06-16,12,0,On Time
PO008966,S021,P0052,W001,2025-10-02,828,2025-10-16,2025-10-16,14,0,On Time
PO008967,S013,P0018,W004,2025-01-23,146,2025-01-28,2025-01-28,5,0,On Time
PO008968,S023,P0053,W004,2025-04-25,59,2025-05-07,2025-05-07,12,0,On Time
PO008969,S019,P0059,W004,2025-11-02,91,2025-11-08,2025-11-08,6,0,On Time
PO008970,S003,P0099,W001,2025-10-26,766,2025-11-07,2025-11-07,12,0,On Time
PO008971,S012,P0054,W002,2025-04-09,901,2025-04-16,2025-04-16,7,0,On Time
PO008972,S019,P0041,W001,2025-04-14,964,2025-04-20,2025-04-20,6,0,On Time
PO008973,S008,P0060,W008,2025-02-20,266,2025-03-01,2025-03-01,9,0,On Time
PO008974,S014,P0093,W003,2025-12-28,825,2026-01-06,2026-01-09,12,3,Late
PO008975,S022,P0088,W004,2025-04-22,266,2025-04-26,2025-04-29,7,3,Late
PO008976,S009,P0004,W003,2025-09-01,331,2025-09-07,2025-09-07,6,0,On Time
PO008977,S025,P0085,W001,2025-06-18,53,2025-06-30,2025-07-03,15,3,Late
PO008978,S024,P0039,W005,2025-03-13,148,2025-03-24,2025-03-24,11,0,On Time
PO008979,S017,P0007,W005,2025-05-19,29,2025-05-28,2025-05-28,9,0,On Time
PO008980,S006,P0023,W007,2025-12-02,187,2025-12-07,2025-12-07,5,0,On Time
PO008981,S004,P0085,W001,2025-08-19,803,2025-09-02,2025-09-03,15,1,Late
PO008982,S004,P0063,W002,2025-08-27,235,2025-09-10,2025-09-10,14,0,On Time
PO008983,S019,P0065,W008,2025-09-10,961,2025-09-16,2025-09-16,6,0,On Time
PO008984,S012,P0041,W006,2025-02-18,427,2025-02-25,2025-02-25,7,0,On Time
PO008985,S025,P0089,W003,2025-10-30,771,2025-11-11,2025-11-11,12,0,On Time
PO008986,S002,P0095,W001,2025-03-13,545,2025-03-26,2025-03-26,13,0,On Time
PO008987,S017,P0044,W008,2025-09-20,621,2025-09-29,2025-09-29,9,0,On Time
PO008988,S015,P0045,W001,2025-11-18,954,2025-11-25,2025-11-25,7,0,On Time
PO008989,S010,P0069,W005,2025-08-10,37,2025-08-21,2025-08-21,11,0,On Time
PO008990,S003,P0095,W004,2025-03-18,359,2025-03-30,2025-03-30,12,0,On Time
PO008991,S020,P0051,W004,2025-03-03,700,2025-03-14,2025-03-16,13,2,Late
PO008992,S004,P0065,W006,2025-06-06,587,2025-06-20,2025-06-20,14,0,On Time
PO008993,S022,P0054,W002,2025-10-21,695,2025-10-25,2025-10-25,4,0,On Time
PO008994,S001,P0056,W002,2025-05-05,683,2025-05-18,2025-05-18,13,0,On Time
PO008995,S001,P0094,W006,2025-08-17,109,2025-08-30,2025-09-01,15,2,Late
PO008996,S018,P0082,W002,2025-12-06,304,2025-12-10,2025-12-10,4,0,On Time
PO008997,S004,P0072,W007,2025-06-10,553,2025-06-24,2025-06-24,14,0,On Time
PO008998,S023,P0090,W007,2025-01-29,286,2025-02-10,2025-02-10,12,0,On Time
PO008999,S022,P0040,W005,2025-04-24,828,2025-04-28,2025-04-28,4,0,On Time
PO009000,S015,P0058,W001,2025-03-20,452,2025-03-27,2025-03-27,7,0,On Time
PO009001,S025,P0015,W002,2025-01-23,777,2025-02-04,2025-02-04,12,0,On Time
PO009002,S023,P0019,W005,2025-04-16,670,2025-04-28,2025-04-28,12,0,On Time
PO009003,S021,P0010,W007,2025-05-11,71,2025-05-25,2025-05-25,14,0,On Time
PO009004,S022,P0088,W003,2025-12-23,86,2025-12-27,2025-12-27,4,0,On Time
PO009005,S010,P0016,W001,2025-06-22,616,2025-07-03,2025-07-04,12,1,Late
PO009006,S025,P0043,W006,2025-09-21,269,2025-10-03,2025-10-03,12,0,On Time
PO009007,S017,P0031,W003,2025-12-08,350,2025-12-17,2025-12-24,16,7,Late
PO009008,S025,P0016,W004,2025-10-12,923,2025-10-24,2025-10-31,19,7,Late
PO009009,S022,P0080,W004,2025-01-02,434,2025-01-06,2025-01-08,6,2,Late
PO009010,S012,P0028,W001,2025-08-21,142,2025-08-28,2025-09-02,12,5,Late
PO009011,S020,P0062,W002,2025-09-08,221,2025-09-19,2025-09-19,11,0,On Time
PO009012,S012,P0020,W001,2025-11-17,25,2025-11-24,2025-11-26,9,2,Late
PO009013,S016,P0035,W002,2025-04-18,868,2025-04-29,2025-04-29,11,0,On Time
PO009014,S005,P0059,W006,2025-10-03,505,2025-10-17,2025-10-18,15,1,Late
PO009015,S016,P0009,W004,2025-06-29,218,2025-07-10,2025-07-10,11,0,On Time
PO009016,S017,P0010,W007,2025-08-01,755,2025-08-10,2025-08-10,9,0,On Time
PO009017,S023,P0045,W007,2025-10-20,32,2025-11-01,2025-11-06,17,5,Late
PO009018,S015,P0082,W001,2025-03-13,25,2025-03-20,2025-03-20,7,0,On Time
PO009019,S013,P0015,W001,2025-10-10,982,2025-10-15,2025-10-17,7,2,Late
PO009020,S008,P0030,W006,2025-06-24,430,2025-07-03,2025-07-04,10,1,Late
PO009021,S021,P0048,W007,2025-05-03,140,2025-05-17,2025-05-17,14,0,On Time
PO009022,S002,P0096,W002,2025-08-15,576,2025-08-28,2025-08-28,13,0,On Time
PO009023,S008,P0040,W004,2025-10-28,381,2025-11-06,2025-11-06,9,0,On Time
PO009024,S010,P0091,W004,2025-03-24,557,2025-04-04,2025-04-09,16,5,Late
PO009025,S007,P0091,W002,2025-09-10,23,2025-09-24,2025-10-01,21,7,Late
PO009026,S010,P0083,W006,2025-05-26,824,2025-06-06,2025-06-07,12,1,Late
PO009027,S025,P0074,W002,2025-04-30,808,2025-05-12,2025-05-15,15,3,Late
PO009028,S004,P0044,W006,2025-03-06,303,2025-03-20,2025-03-20,14,0,On Time
PO009029,S011,P0046,W002,2025-10-08,741,2025-10-13,2025-10-13,5,0,On Time
PO009030,S009,P0006,W004,2025-10-10,819,2025-10-16,2025-10-16,6,0,On Time
PO009031,S004,P0024,W008,2025-04-16,378,2025-04-30,2025-04-30,14,0,On Time
PO009032,S003,P0073,W004,2025-10-27,712,2025-11-08,2025-11-08,12,0,On Time
PO009033,S011,P0091,W001,2025-04-17,784,2025-04-22,2025-04-22,5,0,On Time
PO009034,S003,P0007,W008,2025-02-05,948,2025-02-17,2025-02-18,13,1,Late
PO009035,S018,P0006,W007,2025-05-27,301,2025-05-31,2025-05-31,4,0,On Time
PO009036,S019,P0033,W007,2025-09-19,676,2025-09-25,2025-09-25,6,0,On Time
PO009037,S014,P0085,W006,2025-06-08,971,2025-06-17,2025-06-17,9,0,On Time
PO009038,S024,P0038,W004,2025-09-22,647,2025-10-03,2025-10-05,13,2,Late
PO009039,S011,P0044,W006,2025-07-21,368,2025-07-26,2025-07-26,5,0,On Time
PO009040,S024,P0017,W006,2025-06-04,999,2025-06-15,2025-06-15,11,0,On Time
PO009041,S002,P0031,W003,2025-01-13,49,2025-01-26,2025-01-28,15,2,Late
PO009042,S002,P0037,W003,2025-10-24,908,2025-11-06,2025-11-06,13,0,On Time
PO009043,S002,P0011,W002,2025-11-18,773,2025-12-01,2025-12-01,13,0,On Time
PO009044,S010,P0092,W007,2025-03-26,536,2025-04-06,2025-04-07,12,1,Late
PO009045,S023,P0005,W006,2025-10-07,393,2025-10-19,2025-10-19,12,0,On Time
PO009046,S015,P0064,W002,2025-09-02,793,2025-09-09,2025-09-09,7,0,On Time
PO009047,S022,P0076,W002,2025-10-27,637,2025-10-31,2025-10-31,4,0,On Time
PO009048,S012,P0003,W001,2025-12-28,143,2026-01-04,2026-01-04,7,0,On Time
PO009049,S011,P0056,W003,2025-12-20,465,2025-12-25,2025-12-25,5,0,On Time
PO009050,S017,P0063,W003,2025-11-12,413,2025-11-21,2025-11-21,9,0,On Time
PO009051,S018,P0038,W004,2025-01-09,857,2025-01-13,2025-01-16,7,3,Late
PO009052,S014,P0054,W003,2025-09-04,669,2025-09-13,2025-09-13,9,0,On Time
PO009053,S017,P0002,W004,2025-11-08,637,2025-11-17,2025-11-17,9,0,On Time
PO009054,S015,P0090,W006,2025-10-05,744,2025-10-12,2025-10-12,7,0,On Time
PO009055,S012,P0002,W001,2025-08-26,831,2025-09-02,2025-09-05,10,3,Late
PO009056,S016,P0012,W002,2025-07-22,75,2025-08-02,2025-08-02,11,0,On Time
PO009057,S023,P0040,W002,2025-09-04,151,2025-09-16,2025-09-16,12,0,On Time
PO009058,S006,P0002,W006,2025-08-23,800,2025-08-28,2025-08-28,5,0,On Time
PO009059,S002,P0080,W004,2025-03-22,141,2025-04-04,2025-04-04,13,0,On Time
PO009060,S002,P0094,W005,2025-12-22,221,2026-01-04,2026-01-04,13,0,On Time
PO009061,S016,P0057,W006,2025-01-13,739,2025-01-24,2025-01-24,11,0,On Time
PO009062,S002,P0047,W004,2025-11-23,806,2025-12-06,2025-12-06,13,0,On Time
PO009063,S008,P0036,W006,2025-01-16,985,2025-01-25,2025-01-25,9,0,On Time
PO009064,S007,P0004,W001,2025-02-14,621,2025-02-28,2025-02-28,14,0,On Time
PO009065,S001,P0075,W006,2025-11-17,721,2025-11-30,2025-11-30,13,0,On Time
PO009066,S004,P0024,W006,2025-05-19,284,2025-06-02,2025-06-02,14,0,On Time
PO009067,S011,P0082,W003,2025-11-22,577,2025-11-27,2025-11-27,5,0,On Time
PO009068,S020,P0091,W004,2025-05-28,843,2025-06-08,2025-06-11,14,3,Late
PO009069,S007,P0062,W001,2025-12-21,861,2026-01-04,2026-01-04,14,0,On Time
PO009070,S018,P0002,W008,2025-08-24,59,2025-08-28,2025-09-02,9,5,Late
PO009071,S004,P0015,W007,2025-07-10,598,2025-07-24,2025-07-24,14,0,On Time
PO009072,S017,P0075,W002,2025-04-11,132,2025-04-20,2025-04-20,9,0,On Time
PO009073,S011,P0091,W005,2025-04-15,358,2025-04-20,2025-04-21,6,1,Late
PO009074,S011,P0049,W005,2025-09-07,81,2025-09-12,2025-09-12,5,0,On Time
PO009075,S020,P0087,W004,2025-04-04,246,2025-04-15,2025-04-15,11,0,On Time
PO009076,S011,P0035,W006,2025-08-08,193,2025-08-13,2025-08-13,5,0,On Time
PO009077,S015,P0094,W003,2025-10-25,153,2025-11-01,2025-11-01,7,0,On Time
PO009078,S014,P0047,W006,2025-12-05,304,2025-12-14,2025-12-16,11,2,Late
PO009079,S017,P0024,W004,2025-05-13,806,2025-05-22,2025-05-23,10,1,Late
PO009080,S002,P0083,W005,2025-12-27,645,2026-01-09,2026-01-14,18,5,Late
PO009081,S018,P0060,W005,2025-06-04,127,2025-06-08,2025-06-13,9,5,Late
PO009082,S016,P0093,W006,2025-01-28,162,2025-02-08,2025-02-08,11,0,On Time
PO009083,S012,P0077,W006,2025-10-09,588,2025-10-16,2025-10-16,7,0,On Time
PO009084,S010,P0048,W006,2025-04-26,313,2025-05-07,2025-05-07,11,0,On Time
PO009085,S016,P0023,W002,2025-11-01,296,2025-11-12,2025-11-12,11,0,On Time
PO009086,S003,P0012,W003,2025-08-22,511,2025-09-03,2025-09-03,12,0,On Time
PO009087,S008,P0041,W003,2025-01-01,582,2025-01-10,2025-01-10,9,0,On Time
PO009088,S022,P0029,W007,2025-12-14,954,2025-12-18,2025-12-18,4,0,On Time
PO009089,S022,P0070,W007,2025-08-28,490,2025-09-01,2025-09-01,4,0,On Time
PO009090,S025,P0051,W008,2025-02-27,295,2025-03-11,2025-03-11,12,0,On Time
PO009091,S024,P0023,W005,2025-12-01,253,2025-12-12,2025-12-12,11,0,On Time
PO009092,S002,P0031,W005,2025-07-02,261,2025-07-15,2025-07-15,13,0,On Time
PO009093,S022,P0021,W004,2025-12-03,277,2025-12-07,2025-12-09,6,2,Late
PO009094,S001,P0024,W004,2025-01-26,768,2025-02-08,2025-02-10,15,2,Late
PO009095,S014,P0072,W007,2025-03-18,51,2025-03-27,2025-03-27,9,0,On Time
PO009096,S025,P0009,W002,2025-08-05,386,2025-08-17,2025-08-22,17,5,Late
PO009097,S004,P0022,W005,2025-11-24,367,2025-12-08,2025-12-08,14,0,On Time
PO009098,S004,P0004,W004,2025-11-21,779,2025-12-05,2025-12-07,16,2,Late
PO009099,S009,P0077,W002,2025-09-19,151,2025-09-25,2025-09-25,6,0,On Time
PO009100,S003,P0098,W003,2025-01-23,794,2025-02-04,2025-02-04,12,0,On Time
PO009101,S005,P0003,W008,2025-09-01,790,2025-09-15,2025-09-15,14,0,On Time
PO009102,S001,P0028,W005,2025-06-07,812,2025-06-20,2025-06-20,13,0,On Time
PO009103,S022,P0090,W001,2025-07-25,387,2025-07-29,2025-08-01,7,3,Late
PO009104,S019,P0098,W005,2025-11-06,781,2025-11-12,2025-11-12,6,0,On Time
PO009105,S001,P0015,W004,2025-03-28,284,2025-04-10,2025-04-10,13,0,On Time
PO009106,S010,P0008,W005,2025-09-24,234,2025-10-05,2025-10-05,11,0,On Time
PO009107,S022,P0048,W007,2025-05-14,234,2025-05-18,2025-05-18,4,0,On Time
PO009108,S012,P0099,W001,2025-09-24,301,2025-10-01,2025-10-01,7,0,On Time
PO009109,S010,P0088,W007,2025-11-29,851,2025-12-10,2025-12-15,16,5,Late
PO009110,S002,P0052,W005,2025-09-25,549,2025-10-08,2025-10-08,13,0,On Time
PO009111,S016,P0055,W007,2025-02-22,878,2025-03-05,2025-03-05,11,0,On Time
PO009112,S008,P0037,W004,2025-04-09,21,2025-04-18,2025-04-23,14,5,Late
PO009113,S014,P0004,W003,2025-09-04,532,2025-09-13,2025-09-13,9,0,On Time
PO009114,S015,P0055,W004,2025-02-05,835,2025-02-12,2025-02-12,7,0,On Time
PO009115,S016,P0012,W002,2025-01-28,483,2025-02-08,2025-02-08,11,0,On Time
PO009116,S011,P0019,W007,2025-08-08,466,2025-08-13,2025-08-13,5,0,On Time
PO009117,S012,P0079,W004,2025-04-12,382,2025-04-19,2025-04-19,7,0,On Time
PO009118,S002,P0057,W002,2025-09-20,235,2025-10-03,2025-10-03,13,0,On Time
PO009119,S004,P0094,W005,2025-09-28,183,2025-10-12,2025-10-13,15,1,Late
PO009120,S003,P0037,W002,2025-08-12,722,2025-08-24,2025-08-26,14,2,Late
PO009121,S009,P0076,W007,2025-05-19,606,2025-05-25,2025-05-25,6,0,On Time
PO009122,S018,P0083,W006,2025-10-07,557,2025-10-11,2025-10-14,7,3,Late
PO009123,S019,P0098,W005,2025-10-13,530,2025-10-19,2025-10-19,6,0,On Time
PO009124,S007,P0007,W002,2025-09-07,793,2025-09-21,2025-09-21,14,0,On Time
PO009125,S004,P0092,W007,2025-11-18,813,2025-12-02,2025-12-03,15,1,Late
PO009126,S006,P0055,W007,2025-11-13,240,2025-11-18,2025-11-18,5,0,On Time
PO009127,S019,P0028,W004,2025-03-19,574,2025-03-25,2025-03-25,6,0,On Time
PO009128,S001,P0093,W001,2025-10-24,653,2025-11-06,2025-11-06,13,0,On Time
PO009129,S016,P0037,W005,2025-12-04,660,2025-12-15,2025-12-17,13,2,Late
PO009130,S011,P0084,W002,2025-11-03,796,2025-11-08,2025-11-08,5,0,On Time
PO009131,S022,P0061,W001,2025-12-17,302,2025-12-21,2025-12-21,4,0,On Time
PO009132,S004,P0075,W007,2025-01-13,90,2025-01-27,2025-01-27,14,0,On Time
PO009133,S018,P0039,W002,2025-12-12,904,2025-12-16,2025-12-18,6,2,Late
PO009134,S023,P0023,W008,2025-03-23,393,2025-04-04,2025-04-04,12,0,On Time
PO009135,S005,P0052,W002,2025-01-09,278,2025-01-23,2025-01-23,14,0,On Time
PO009136,S022,P0084,W002,2025-08-01,464,2025-08-05,2025-08-07,6,2,Late
PO009137,S006,P0084,W004,2025-02-17,220,2025-02-22,2025-02-24,7,2,Late
PO009138,S025,P0011,W002,2025-02-18,661,2025-03-02,2025-03-02,12,0,On Time
PO009139,S002,P0066,W001,2025-11-05,399,2025-11-18,2025-11-18,13,0,On Time
PO009140,S012,P0013,W006,2025-02-09,861,2025-02-16,2025-02-16,7,0,On Time
PO009141,S022,P0077,W002,2025-12-29,612,2026-01-02,2026-01-07,9,5,Late
PO009142,S009,P0041,W006,2025-10-07,785,2025-10-13,2025-10-13,6,0,On Time
PO009143,S020,P0049,W003,2025-08-14,434,2025-08-25,2025-08-25,11,0,On Time
PO009144,S012,P0015,W007,2025-04-18,84,2025-04-25,2025-04-25,7,0,On Time
PO009145,S013,P0056,W005,2025-09-02,397,2025-09-07,2025-09-07,5,0,On Time
PO009146,S022,P0054,W004,2025-09-12,677,2025-09-16,2025-09-17,5,1,Late
PO009147,S023,P0031,W003,2025-02-02,665,2025-02-14,2025-02-14,12,0,On Time
PO009148,S017,P0061,W003,2025-01-23,121,2025-02-01,2025-02-01,9,0,On Time
PO009149,S005,P0058,W001,2025-11-29,61,2025-12-13,2025-12-18,19,5,Late
PO009150,S020,P0087,W001,2025-02-23,898,2025-03-06,2025-03-08,13,2,Late
PO009151,S013,P0060,W008,2025-11-05,215,2025-11-10,2025-11-15,10,5,Late
PO009152,S013,P0053,W006,2025-02-18,379,2025-02-23,2025-02-25,7,2,Late
PO009153,S010,P0086,W006,2025-03-19,791,2025-03-30,2025-03-30,11,0,On Time
PO009154,S015,P0061,W004,2025-12-02,118,2025-12-09,2025-12-09,7,0,On Time
PO009155,S015,P0080,W004,2025-12-24,407,2025-12-31,2025-12-31,7,0,On Time
PO009156,S018,P0042,W008,2025-05-02,84,2025-05-06,2025-05-06,4,0,On Time
PO009157,S018,P0029,W005,2025-12-25,316,2025-12-29,2025-12-29,4,0,On Time
PO009158,S002,P0084,W002,2025-03-31,446,2025-04-13,2025-04-13,13,0,On Time
PO009159,S023,P0092,W004,2025-12-12,242,2025-12-24,2025-12-29,17,5,Late
PO009160,S011,P0027,W004,2025-07-12,776,2025-07-17,2025-07-17,5,0,On Time
PO009161,S013,P0044,W006,2025-09-01,714,2025-09-06,2025-09-06,5,0,On Time
PO009162,S011,P0093,W002,2025-05-29,934,2025-06-03,2025-06-03,5,0,On Time
PO009163,S004,P0005,W005,2025-05-26,168,2025-06-09,2025-06-12,17,3,Late
PO009164,S015,P0052,W007,2025-11-12,528,2025-11-19,2025-11-24,12,5,Late
PO009165,S022,P0053,W007,2025-05-21,461,2025-05-25,2025-05-25,4,0,On Time
PO009166,S023,P0052,W001,2025-10-13,433,2025-10-25,2025-10-25,12,0,On Time
PO009167,S025,P0038,W005,2025-12-05,135,2025-12-17,2025-12-17,12,0,On Time
PO009168,S011,P0044,W002,2025-04-21,922,2025-04-26,2025-05-01,10,5,Late
PO009169,S018,P0053,W001,2025-04-18,472,2025-04-22,2025-04-22,4,0,On Time
PO009170,S016,P0002,W001,2025-10-08,339,2025-10-19,2025-10-20,12,1,Late
PO009171,S010,P0054,W008,2025-02-19,789,2025-03-02,2025-03-02,11,0,On Time
PO009172,S012,P0084,W001,2025-01-14,902,2025-01-21,2025-01-21,7,0,On Time
PO009173,S013,P0077,W005,2025-05-14,470,2025-05-19,2025-05-19,5,0,On Time
PO009174,S009,P0090,W008,2025-03-17,915,2025-03-23,2025-03-26,9,3,Late
PO009175,S021,P0035,W006,2025-03-25,98,2025-04-08,2025-04-15,21,7,Late
PO009176,S013,P0046,W002,2025-12-09,762,2025-12-14,2025-12-17,8,3,Late
PO009177,S006,P0072,W005,2025-06-07,376,2025-06-12,2025-06-12,5,0,On Time
PO009178,S006,P0092,W005,2025-10-13,138,2025-10-18,2025-10-18,5,0,On Time
PO009179,S011,P0079,W003,2025-11-10,605,2025-11-15,2025-11-17,7,2,Late
PO009180,S019,P0055,W004,2025-04-04,540,2025-04-10,2025-04-10,6,0,On Time
PO009181,S011,P0072,W007,2025-10-24,298,2025-10-29,2025-11-03,10,5,Late
PO009182,S010,P0011,W005,2025-04-04,801,2025-04-15,2025-04-15,11,0,On Time
PO009183,S023,P0029,W003,2025-02-26,585,2025-03-10,2025-03-15,17,5,Late
PO009184,S015,P0069,W007,2025-06-13,911,2025-06-20,2025-06-22,9,2,Late
PO009185,S013,P0063,W006,2025-11-16,64,2025-11-21,2025-11-21,5,0,On Time
PO009186,S023,P0047,W008,2025-04-08,244,2025-04-20,2025-04-20,12,0,On Time
PO009187,S008,P0007,W006,2025-01-16,547,2025-01-25,2025-01-25,9,0,On Time
PO009188,S005,P0064,W002,2025-12-10,743,2025-12-24,2025-12-24,14,0,On Time
PO009189,S002,P0082,W003,2025-03-19,731,2025-04-01,2025-04-01,13,0,On Time
PO009190,S016,P0064,W008,2025-12-12,260,2025-12-23,2025-12-23,11,0,On Time
PO009191,S013,P0092,W005,2025-03-13,633,2025-03-18,2025-03-18,5,0,On Time
PO009192,S019,P0012,W008,2025-09-27,501,2025-10-03,2025-10-03,6,0,On Time
PO009193,S009,P0012,W002,2025-10-14,114,2025-10-20,2025-10-27,13,7,Late
PO009194,S015,P0036,W003,2025-03-07,384,2025-03-14,2025-03-14,7,0,On Time
PO009195,S006,P0029,W005,2025-03-09,204,2025-03-14,2025-03-17,8,3,Late
PO009196,S008,P0011,W002,2025-07-12,155,2025-07-21,2025-07-21,9,0,On Time
PO009197,S024,P0053,W007,2025-02-24,44,2025-03-07,2025-03-09,13,2,Late
PO009198,S014,P0070,W002,2025-06-17,956,2025-06-26,2025-06-26,9,0,On Time
PO009199,S005,P0085,W007,2025-01-25,337,2025-02-08,2025-02-09,15,1,Late
PO009200,S017,P0074,W004,2025-05-11,352,2025-05-20,2025-05-21,10,1,Late
PO009201,S022,P0096,W006,2025-11-21,933,2025-11-25,2025-11-30,9,5,Late
PO009202,S007,P0047,W008,2025-04-12,581,2025-04-26,2025-04-26,14,0,On Time
PO009203,S009,P0033,W008,2025-10-09,700,2025-10-15,2025-10-15,6,0,On Time
PO009204,S016,P0081,W007,2025-10-23,821,2025-11-03,2025-11-06,14,3,Late
PO009205,S018,P0067,W005,2025-10-21,119,2025-10-25,2025-10-25,4,0,On Time
PO009206,S013,P0043,W004,2025-09-20,389,2025-09-25,2025-09-25,5,0,On Time
PO009207,S018,P0018,W002,2025-04-30,612,2025-05-04,2025-05-04,4,0,On Time
PO009208,S010,P0074,W002,2025-08-19,31,2025-08-30,2025-08-30,11,0,On Time
PO009209,S001,P0053,W003,2025-10-18,739,2025-10-31,2025-10-31,13,0,On Time
PO009210,S021,P0039,W004,2025-06-10,96,2025-06-24,2025-06-24,14,0,On Time
PO009211,S018,P0072,W001,2025-06-10,606,2025-06-14,2025-06-14,4,0,On Time
PO009212,S019,P0034,W005,2025-03-19,993,2025-03-25,2025-03-25,6,0,On Time
PO009213,S002,P0037,W006,2025-02-07,701,2025-02-20,2025-02-20,13,0,On Time
PO009214,S004,P0041,W007,2025-01-28,842,2025-02-11,2025-02-13,16,2,Late
PO009215,S011,P0097,W004,2025-04-10,367,2025-04-15,2025-04-20,10,5,Late
PO009216,S003,P0049,W002,2025-10-21,462,2025-11-02,2025-11-02,12,0,On Time
PO009217,S009,P0010,W003,2025-05-04,710,2025-05-10,2025-05-12,8,2,Late
PO009218,S010,P0040,W005,2025-04-02,107,2025-04-13,2025-04-18,16,5,Late
PO009219,S002,P0018,W006,2025-09-12,968,2025-09-25,2025-09-26,14,1,Late
PO009220,S007,P0025,W007,2025-04-07,484,2025-04-21,2025-04-28,21,7,Late
PO009221,S015,P0041,W005,2025-01-06,796,2025-01-13,2025-01-13,7,0,On Time
PO009222,S019,P0036,W003,2025-06-18,513,2025-06-24,2025-06-27,9,3,Late
PO009223,S010,P0002,W002,2025-09-28,241,2025-10-09,2025-10-10,12,1,Late
PO009224,S024,P0083,W008,2025-04-18,534,2025-04-29,2025-04-29,11,0,On Time
PO009225,S020,P0074,W007,2025-10-26,137,2025-11-06,2025-11-07,12,1,Late
PO009226,S014,P0049,W008,2025-02-16,155,2025-02-25,2025-02-25,9,0,On Time
PO009227,S004,P0067,W006,2025-04-09,997,2025-04-23,2025-04-23,14,0,On Time
PO009228,S025,P0053,W001,2025-01-14,206,2025-01-26,2025-01-26,12,0,On Time
PO009229,S011,P0019,W003,2025-07-13,561,2025-07-18,2025-07-19,6,1,Late
PO009230,S003,P0026,W001,2025-06-06,598,2025-06-18,2025-06-19,13,1,Late
PO009231,S023,P0054,W004,2025-06-03,330,2025-06-15,2025-06-15,12,0,On Time
PO009232,S017,P0051,W008,2025-04-25,949,2025-05-04,2025-05-04,9,0,On Time
PO009233,S007,P0025,W005,2025-09-15,398,2025-09-29,2025-09-29,14,0,On Time
PO009234,S011,P0017,W006,2025-05-25,830,2025-05-30,2025-05-30,5,0,On Time
PO009235,S018,P0074,W008,2025-10-18,431,2025-10-22,2025-10-25,7,3,Late
PO009236,S014,P0061,W002,2025-01-10,440,2025-01-19,2025-01-22,12,3,Late
PO009237,S014,P0046,W001,2025-08-02,236,2025-08-11,2025-08-12,10,1,Late
PO009238,S006,P0055,W002,2025-08-21,689,2025-08-26,2025-09-02,12,7,Late
PO009239,S009,P0050,W004,2025-06-20,90,2025-06-26,2025-06-29,9,3,Late
PO009240,S022,P0075,W001,2025-01-21,849,2025-01-25,2025-01-25,4,0,On Time
PO009241,S003,P0011,W002,2025-01-15,129,2025-01-27,2025-01-27,12,0,On Time
PO009242,S017,P0012,W002,2025-05-06,304,2025-05-15,2025-05-15,9,0,On Time
PO009243,S012,P0040,W007,2025-12-07,902,2025-12-14,2025-12-14,7,0,On Time
PO009244,S004,P0048,W004,2025-12-07,789,2025-12-21,2025-12-23,16,2,Late
PO009245,S020,P0056,W003,2025-08-01,621,2025-08-12,2025-08-12,11,0,On Time
PO009246,S016,P0008,W006,2025-07-07,892,2025-07-18,2025-07-21,14,3,Late
PO009247,S024,P0088,W004,2025-06-21,588,2025-07-02,2025-07-02,11,0,On Time
PO009248,S010,P0014,W001,2025-09-04,972,2025-09-15,2025-09-16,12,1,Late
PO009249,S007,P0087,W001,2025-01-05,317,2025-01-19,2025-01-19,14,0,On Time
PO009250,S010,P0056,W005,2025-08-19,518,2025-08-30,2025-08-30,11,0,On Time
PO009251,S007,P0054,W002,2025-07-20,580,2025-08-03,2025-08-03,14,0,On Time
PO009252,S023,P0100,W006,2025-05-29,716,2025-06-10,2025-06-13,15,3,Late
PO009253,S018,P0017,W001,2025-03-13,730,2025-03-17,2025-03-20,7,3,Late
PO009254,S009,P0045,W003,2025-08-14,549,2025-08-20,2025-08-21,7,1,Late
PO009255,S022,P0005,W003,2025-03-15,217,2025-03-19,2025-03-19,4,0,On Time
PO009256,S018,P0003,W004,2025-11-03,526,2025-11-07,2025-11-07,4,0,On Time
PO009257,S017,P0009,W008,2025-06-18,508,2025-06-27,2025-06-30,12,3,Late
PO009258,S011,P0084,W001,2025-09-06,763,2025-09-11,2025-09-11,5,0,On Time
PO009259,S001,P0020,W006,2025-10-07,46,2025-10-20,2025-10-21,14,1,Late
PO009260,S017,P0083,W006,2025-06-01,137,2025-06-10,2025-06-10,9,0,On Time
PO009261,S004,P0021,W008,2025-08-12,73,2025-08-26,2025-08-26,14,0,On Time
PO009262,S004,P0080,W001,2025-08-13,523,2025-08-27,2025-08-27,14,0,On Time
PO009263,S014,P0033,W008,2025-02-07,171,2025-02-16,2025-02-21,14,5,Late
PO009264,S009,P0005,W007,2025-02-13,756,2025-02-19,2025-02-22,9,3,Late
PO009265,S013,P0024,W005,2025-07-04,498,2025-07-09,2025-07-12,8,3,Late
PO009266,S016,P0063,W005,2025-08-29,181,2025-09-09,2025-09-09,11,0,On Time
PO009267,S001,P0079,W005,2025-11-27,681,2025-12-10,2025-12-10,13,0,On Time
PO009268,S003,P0026,W007,2025-12-17,235,2025-12-29,2026-01-05,19,7,Late
PO009269,S019,P0089,W001,2025-07-29,850,2025-08-04,2025-08-04,6,0,On Time
PO009270,S008,P0092,W004,2025-01-23,439,2025-02-01,2025-02-01,9,0,On Time
PO009271,S018,P0033,W007,2025-05-04,367,2025-05-08,2025-05-08,4,0,On Time
PO009272,S006,P0018,W006,2025-03-27,359,2025-04-01,2025-04-01,5,0,On Time
PO009273,S020,P0018,W004,2025-02-12,848,2025-02-23,2025-02-23,11,0,On Time
PO009274,S006,P0038,W008,2025-02-09,869,2025-02-14,2025-02-17,8,3,Late
PO009275,S005,P0033,W004,2025-10-30,573,2025-11-13,2025-11-20,21,7,Late
PO009276,S012,P0027,W007,2025-06-18,371,2025-06-25,2025-06-25,7,0,On Time
PO009277,S009,P0049,W004,2025-06-24,692,2025-06-30,2025-06-30,6,0,On Time
PO009278,S009,P0050,W003,2025-01-20,605,2025-01-26,2025-01-27,7,1,Late
PO009279,S017,P0015,W001,2025-04-19,924,2025-04-28,2025-04-28,9,0,On Time
PO009280,S019,P0077,W002,2025-07-12,394,2025-07-18,2025-07-25,13,7,Late
PO009281,S017,P0052,W001,2025-09-01,556,2025-09-10,2025-09-10,9,0,On Time
PO009282,S022,P0098,W004,2025-11-20,928,2025-11-24,2025-11-24,4,0,On Time
PO009283,S016,P0068,W003,2025-10-07,322,2025-10-18,2025-10-19,12,1,Late
PO009284,S012,P0099,W003,2025-08-16,261,2025-08-23,2025-08-25,9,2,Late
PO009285,S003,P0019,W001,2025-02-05,397,2025-02-17,2025-02-17,12,0,On Time
PO009286,S014,P0095,W008,2025-02-14,704,2025-02-23,2025-02-23,9,0,On Time
PO009287,S017,P0025,W002,2025-01-28,408,2025-02-06,2025-02-06,9,0,On Time
PO009288,S022,P0076,W007,2025-06-03,306,2025-06-07,2025-06-07,4,0,On Time
PO009289,S016,P0076,W007,2025-01-23,178,2025-02-03,2025-02-03,11,0,On Time
PO009290,S021,P0025,W004,2025-07-26,373,2025-08-09,2025-08-12,17,3,Late
PO009291,S012,P0033,W003,2025-04-01,749,2025-04-08,2025-04-08,7,0,On Time
PO009292,S024,P0060,W004,2025-12-25,474,2026-01-05,2026-01-05,11,0,On Time
PO009293,S002,P0037,W004,2025-02-07,956,2025-02-20,2025-02-21,14,1,Late
PO009294,S008,P0092,W006,2025-08-16,646,2025-08-25,2025-08-25,9,0,On Time
PO009295,S012,P0043,W004,2025-07-21,961,2025-07-28,2025-07-31,10,3,Late
PO009296,S021,P0009,W005,2025-12-16,260,2025-12-30,2025-12-31,15,1,Late
PO009297,S016,P0014,W006,2025-11-05,839,2025-11-16,2025-11-16,11,0,On Time
PO009298,S008,P0003,W004,2025-09-11,231,2025-09-20,2025-09-23,12,3,Late
PO009299,S016,P0069,W004,2025-02-07,382,2025-02-18,2025-02-18,11,0,On Time
PO009300,S010,P0056,W002,2025-08-09,617,2025-08-20,2025-08-21,12,1,Late
PO009301,S020,P0026,W007,2025-07-06,152,2025-07-17,2025-07-20,14,3,Late
PO009302,S015,P0053,W006,2025-02-12,799,2025-02-19,2025-02-22,10,3,Late
PO009303,S004,P0041,W007,2025-12-25,528,2026-01-08,2026-01-08,14,0,On Time
PO009304,S015,P0082,W006,2025-04-24,296,2025-05-01,2025-05-01,7,0,On Time
PO009305,S004,P0021,W002,2025-09-17,284,2025-10-01,2025-10-01,14,0,On Time
PO009306,S011,P0039,W005,2025-01-05,624,2025-01-10,2025-01-12,7,2,Late
PO009307,S006,P0080,W006,2025-03-09,622,2025-03-14,2025-03-19,10,5,Late
PO009308,S004,P0023,W005,2025-08-16,676,2025-08-30,2025-08-30,14,0,On Time
PO009309,S009,P0093,W004,2025-05-03,379,2025-05-09,2025-05-09,6,0,On Time
PO009310,S009,P0074,W003,2025-06-22,683,2025-06-28,2025-06-30,8,2,Late
PO009311,S003,P0058,W003,2025-12-02,686,2025-12-14,2025-12-14,12,0,On Time
PO009312,S023,P0069,W001,2025-06-02,155,2025-06-14,2025-06-14,12,0,On Time
PO009313,S005,P0075,W003,2025-09-24,784,2025-10-08,2025-10-08,14,0,On Time
PO009314,S015,P0029,W003,2025-06-06,447,2025-06-13,2025-06-13,7,0,On Time
PO009315,S009,P0062,W002,2025-06-11,849,2025-06-17,2025-06-24,13,7,Late
PO009316,S002,P0053,W001,2025-08-02,48,2025-08-15,2025-08-22,20,7,Late
PO009317,S003,P0045,W007,2025-01-26,614,2025-02-07,2025-02-07,12,0,On Time
PO009318,S021,P0027,W008,2025-10-19,349,2025-11-02,2025-11-09,21,7,Late
PO009319,S012,P0034,W001,2025-07-08,939,2025-07-15,2025-07-15,7,0,On Time
PO009320,S016,P0014,W002,2025-05-02,53,2025-05-13,2025-05-16,14,3,Late
PO009321,S005,P0041,W008,2025-08-18,523,2025-09-01,2025-09-01,14,0,On Time
PO009322,S010,P0074,W003,2025-02-28,847,2025-03-11,2025-03-13,13,2,Late
PO009323,S015,P0060,W003,2025-04-06,123,2025-04-13,2025-04-13,7,0,On Time
PO009324,S014,P0042,W001,2025-09-19,946,2025-09-28,2025-09-28,9,0,On Time
PO009325,S014,P0051,W003,2025-12-20,513,2025-12-29,2026-01-03,14,5,Late
PO009326,S023,P0075,W001,2025-11-08,390,2025-11-20,2025-11-20,12,0,On Time
PO009327,S013,P0011,W003,2025-05-16,407,2025-05-21,2025-05-28,12,7,Late
PO009328,S016,P0035,W004,2025-12-16,764,2025-12-27,2025-12-27,11,0,On Time
PO009329,S008,P0019,W002,2025-10-10,256,2025-10-19,2025-10-19,9,0,On Time
PO009330,S008,P0088,W008,2025-04-30,754,2025-05-09,2025-05-12,12,3,Late
PO009331,S017,P0065,W006,2025-01-25,924,2025-02-03,2025-02-03,9,0,On Time
PO009332,S017,P0076,W005,2025-12-08,109,2025-12-17,2025-12-17,9,0,On Time
PO009333,S003,P0061,W007,2025-05-26,352,2025-06-07,2025-06-07,12,0,On Time
PO009334,S001,P0047,W004,2025-01-12,396,2025-01-25,2025-01-25,13,0,On Time
PO009335,S017,P0014,W003,2025-03-28,259,2025-04-06,2025-04-06,9,0,On Time
PO009336,S024,P0067,W005,2025-04-19,749,2025-04-30,2025-04-30,11,0,On Time
PO009337,S016,P0052,W006,2025-12-11,201,2025-12-22,2025-12-22,11,0,On Time
PO009338,S017,P0032,W004,2025-09-23,276,2025-10-02,2025-10-02,9,0,On Time
PO009339,S025,P0080,W006,2025-08-10,763,2025-08-22,2025-08-29,19,7,Late
PO009340,S002,P0010,W002,2025-03-15,208,2025-03-28,2025-03-29,14,1,Late
PO009341,S025,P0017,W005,2025-11-29,860,2025-12-11,2025-12-11,12,0,On Time
PO009342,S014,P0040,W006,2025-11-06,434,2025-11-15,2025-11-15,9,0,On Time
PO009343,S007,P0068,W005,2025-04-12,875,2025-04-26,2025-04-26,14,0,On Time
PO009344,S025,P0063,W002,2025-05-17,274,2025-05-29,2025-05-29,12,0,On Time
PO009345,S019,P0015,W006,2025-07-10,64,2025-07-16,2025-07-16,6,0,On Time
PO009346,S001,P0097,W004,2025-05-22,847,2025-06-04,2025-06-07,16,3,Late
PO009347,S017,P0039,W005,2025-12-23,617,2026-01-01,2026-01-04,12,3,Late
PO009348,S010,P0057,W007,2025-03-14,220,2025-03-25,2025-03-25,11,0,On Time
PO009349,S006,P0010,W007,2025-11-24,378,2025-11-29,2025-11-29,5,0,On Time
PO009350,S007,P0071,W007,2025-06-16,362,2025-06-30,2025-06-30,14,0,On Time
PO009351,S025,P0097,W008,2025-06-17,231,2025-06-29,2025-06-29,12,0,On Time
PO009352,S006,P0017,W008,2025-02-23,650,2025-02-28,2025-03-02,7,2,Late
PO009353,S005,P0076,W006,2025-09-16,317,2025-09-30,2025-10-01,15,1,Late
PO009354,S002,P0017,W002,2025-04-21,174,2025-05-04,2025-05-04,13,0,On Time
PO009355,S018,P0016,W007,2025-08-20,717,2025-08-24,2025-08-25,5,1,Late
PO009356,S024,P0078,W006,2025-06-10,216,2025-06-21,2025-06-22,12,1,Late
PO009357,S017,P0003,W006,2025-12-18,868,2025-12-27,2025-12-27,9,0,On Time
PO009358,S024,P0051,W004,2025-11-23,501,2025-12-04,2025-12-04,11,0,On Time
PO009359,S023,P0094,W003,2025-01-19,732,2025-01-31,2025-02-02,14,2,Late
PO009360,S007,P0046,W001,2025-10-17,949,2025-10-31,2025-10-31,14,0,On Time
PO009361,S021,P0055,W003,2025-02-19,797,2025-03-05,2025-03-07,16,2,Late
PO009362,S019,P0099,W008,2025-06-24,398,2025-06-30,2025-06-30,6,0,On Time
PO009363,S007,P0026,W003,2025-10-29,767,2025-11-12,2025-11-12,14,0,On Time
PO009364,S023,P0076,W001,2025-07-03,725,2025-07-15,2025-07-15,12,0,On Time
PO009365,S007,P0031,W006,2025-07-04,386,2025-07-18,2025-07-18,14,0,On Time
PO009366,S016,P0081,W003,2025-12-05,556,2025-12-16,2025-12-16,11,0,On Time
PO009367,S012,P0072,W008,2025-11-03,790,2025-11-10,2025-11-13,10,3,Late
PO009368,S015,P0019,W008,2025-11-06,949,2025-11-13,2025-11-14,8,1,Late
PO009369,S015,P0090,W003,2025-12-12,90,2025-12-19,2025-12-26,14,7,Late
PO009370,S011,P0068,W002,2025-03-22,47,2025-03-27,2025-03-27,5,0,On Time
PO009371,S002,P0015,W002,2025-06-05,412,2025-06-18,2025-06-18,13,0,On Time
PO009372,S003,P0058,W004,2025-10-02,542,2025-10-14,2025-10-14,12,0,On Time
PO009373,S019,P0078,W008,2025-10-10,368,2025-10-16,2025-10-16,6,0,On Time
PO009374,S020,P0030,W005,2025-09-06,137,2025-09-17,2025-09-17,11,0,On Time
PO009375,S025,P0048,W006,2025-05-27,399,2025-06-08,2025-06-09,13,1,Late
PO009376,S015,P0056,W007,2025-01-07,227,2025-01-14,2025-01-14,7,0,On Time
PO009377,S016,P0042,W008,2025-06-06,442,2025-06-17,2025-06-17,11,0,On Time
PO009378,S001,P0024,W004,2025-06-20,112,2025-07-03,2025-07-03,13,0,On Time
PO009379,S015,P0052,W008,2025-03-10,160,2025-03-17,2025-03-17,7,0,On Time
PO009380,S012,P0043,W008,2025-04-04,374,2025-04-11,2025-04-13,9,2,Late
PO009381,S007,P0034,W002,2025-12-29,542,2026-01-12,2026-01-15,17,3,Late
PO009382,S007,P0060,W008,2025-07-05,822,2025-07-19,2025-07-19,14,0,On Time
PO009383,S011,P0083,W002,2025-06-19,770,2025-06-24,2025-06-26,7,2,Late
PO009384,S020,P0003,W001,2025-07-23,795,2025-08-03,2025-08-03,11,0,On Time
PO009385,S011,P0068,W001,2025-02-11,794,2025-02-16,2025-02-16,5,0,On Time
PO009386,S017,P0011,W007,2025-01-13,88,2025-01-22,2025-01-22,9,0,On Time
PO009387,S003,P0013,W008,2025-06-03,601,2025-06-15,2025-06-16,13,1,Late
PO009388,S016,P0050,W007,2025-10-01,716,2025-10-12,2025-10-12,11,0,On Time
PO009389,S005,P0082,W002,2025-10-25,902,2025-11-08,2025-11-08,14,0,On Time
PO009390,S002,P0019,W003,2025-02-20,143,2025-03-05,2025-03-05,13,0,On Time
PO009391,S023,P0044,W007,2025-07-31,438,2025-08-12,2025-08-12,12,0,On Time
PO009392,S007,P0033,W004,2025-05-24,753,2025-06-07,2025-06-07,14,0,On Time
PO009393,S010,P0038,W002,2025-12-23,542,2026-01-03,2026-01-06,14,3,Late
PO009394,S005,P0003,W006,2025-01-03,697,2025-01-17,2025-01-18,15,1,Late
PO009395,S015,P0099,W008,2025-09-11,622,2025-09-18,2025-09-25,14,7,Late
PO009396,S012,P0065,W002,2025-12-01,779,2025-12-08,2025-12-10,9,2,Late
PO009397,S010,P0035,W001,2025-09-13,360,2025-09-24,2025-09-24,11,0,On Time
PO009398,S022,P0036,W004,2025-04-08,993,2025-04-12,2025-04-12,4,0,On Time
PO009399,S017,P0038,W008,2025-06-22,324,2025-07-01,2025-07-01,9,0,On Time
PO009400,S020,P0039,W004,2025-05-30,822,2025-06-10,2025-06-10,11,0,On Time
PO009401,S020,P0025,W005,2025-10-06,176,2025-10-17,2025-10-17,11,0,On Time
PO009402,S011,P0064,W002,2025-02-28,107,2025-03-05,2025-03-06,6,1,Late
PO009403,S008,P0013,W005,2025-04-23,247,2025-05-02,2025-05-02,9,0,On Time
PO009404,S015,P0068,W001,2025-11-20,956,2025-11-27,2025-11-28,8,1,Late
PO009405,S002,P0070,W005,2025-08-31,384,2025-09-13,2025-09-13,13,0,On Time
PO009406,S017,P0075,W003,2025-11-06,665,2025-11-15,2025-11-15,9,0,On Time
PO009407,S023,P0001,W002,2025-02-26,285,2025-03-10,2025-03-10,12,0,On Time
PO009408,S006,P0072,W002,2025-03-01,103,2025-03-06,2025-03-06,5,0,On Time
PO009409,S021,P0054,W004,2025-11-25,231,2025-12-09,2025-12-09,14,0,On Time
PO009410,S013,P0098,W008,2025-08-04,237,2025-08-09,2025-08-09,5,0,On Time
PO009411,S008,P0009,W007,2025-08-21,872,2025-08-30,2025-08-30,9,0,On Time
PO009412,S011,P0036,W005,2025-02-24,768,2025-03-01,2025-03-01,5,0,On Time
PO009413,S015,P0037,W004,2025-07-27,170,2025-08-03,2025-08-04,8,1,Late
PO009414,S013,P0059,W006,2025-03-04,705,2025-03-09,2025-03-09,5,0,On Time
PO009415,S018,P0021,W008,2025-07-03,159,2025-07-07,2025-07-09,6,2,Late
PO009416,S018,P0020,W005,2025-11-07,74,2025-11-11,2025-11-11,4,0,On Time
PO009417,S025,P0001,W007,2025-10-08,160,2025-10-20,2025-10-20,12,0,On Time
PO009418,S017,P0099,W005,2025-01-26,93,2025-02-04,2025-02-07,12,3,Late
PO009419,S022,P0059,W008,2025-06-26,154,2025-06-30,2025-07-02,6,2,Late
PO009420,S013,P0028,W007,2025-03-04,927,2025-03-09,2025-03-11,7,2,Late
PO009421,S003,P0071,W007,2025-03-14,848,2025-03-26,2025-03-26,12,0,On Time
PO009422,S021,P0056,W001,2025-12-01,940,2025-12-15,2025-12-15,14,0,On Time
PO009423,S024,P0009,W008,2025-06-16,661,2025-06-27,2025-06-27,11,0,On Time
PO009424,S007,P0065,W005,2025-08-13,763,2025-08-27,2025-08-27,14,0,On Time
PO009425,S012,P0036,W004,2025-03-06,45,2025-03-13,2025-03-18,12,5,Late
PO009426,S004,P0098,W008,2025-03-10,507,2025-03-24,2025-03-24,14,0,On Time
PO009427,S024,P0034,W006,2025-01-09,454,2025-01-20,2025-01-20,11,0,On Time
PO009428,S011,P0081,W007,2025-08-24,600,2025-08-29,2025-08-29,5,0,On Time
PO009429,S014,P0032,W008,2025-07-17,81,2025-07-26,2025-07-28,11,2,Late
PO009430,S018,P0066,W005,2025-06-22,219,2025-06-26,2025-06-26,4,0,On Time
PO009431,S007,P0100,W005,2025-10-09,509,2025-10-23,2025-10-28,19,5,Late
PO009432,S005,P0025,W002,2025-01-28,512,2025-02-11,2025-02-11,14,0,On Time
PO009433,S016,P0051,W002,2025-10-23,988,2025-11-03,2025-11-06,14,3,Late
PO009434,S011,P0063,W006,2025-05-14,698,2025-05-19,2025-05-19,5,0,On Time
PO009435,S022,P0090,W007,2025-01-27,487,2025-01-31,2025-02-02,6,2,Late
PO009436,S003,P0045,W002,2025-02-07,135,2025-02-19,2025-02-19,12,0,On Time
PO009437,S016,P0026,W003,2025-07-15,390,2025-07-26,2025-07-28,13,2,Late
PO009438,S011,P0021,W002,2025-07-22,670,2025-07-27,2025-07-27,5,0,On Time
PO009439,S010,P0082,W003,2025-03-26,251,2025-04-06,2025-04-06,11,0,On Time
PO009440,S023,P0093,W008,2025-11-16,467,2025-11-28,2025-11-28,12,0,On Time
PO009441,S023,P0051,W006,2025-01-30,233,2025-02-11,2025-02-12,13,1,Late
PO009442,S002,P0024,W003,2025-04-09,227,2025-04-22,2025-04-22,13,0,On Time
PO009443,S016,P0092,W008,2025-07-09,121,2025-07-20,2025-07-20,11,0,On Time
PO009444,S017,P0012,W006,2025-01-12,829,2025-01-21,2025-01-21,9,0,On Time
PO009445,S010,P0011,W004,2025-04-01,29,2025-04-12,2025-04-12,11,0,On Time
PO009446,S018,P0027,W002,2025-01-30,492,2025-02-03,2025-02-04,5,1,Late
PO009447,S012,P0023,W005,2025-08-01,142,2025-08-08,2025-08-08,7,0,On Time
PO009448,S008,P0033,W007,2025-02-07,806,2025-02-16,2025-02-16,9,0,On Time
PO009449,S003,P0080,W001,2025-12-07,23,2025-12-19,2025-12-19,12,0,On Time
PO009450,S020,P0092,W007,2025-03-01,486,2025-03-12,2025-03-12,11,0,On Time
PO009451,S024,P0092,W005,2025-10-21,278,2025-11-01,2025-11-01,11,0,On Time
PO009452,S003,P0038,W002,2025-12-26,740,2026-01-07,2026-01-07,12,0,On Time
PO009453,S006,P0055,W005,2025-05-23,929,2025-05-28,2025-05-28,5,0,On Time
PO009454,S002,P0070,W002,2025-06-29,797,2025-07-12,2025-07-12,13,0,On Time
PO009455,S003,P0042,W007,2025-10-12,793,2025-10-24,2025-10-26,14,2,Late
PO009456,S017,P0029,W002,2025-04-22,306,2025-05-01,2025-05-01,9,0,On Time
PO009457,S009,P0034,W005,2025-08-18,50,2025-08-24,2025-08-27,9,3,Late
PO009458,S004,P0057,W008,2025-01-21,707,2025-02-04,2025-02-04,14,0,On Time
PO009459,S022,P0003,W003,2025-05-25,540,2025-05-29,2025-05-30,5,1,Late
PO009460,S023,P0006,W004,2025-05-26,735,2025-06-07,2025-06-07,12,0,On Time
PO009461,S002,P0048,W004,2025-11-12,639,2025-11-25,2025-11-25,13,0,On Time
PO009462,S024,P0064,W004,2025-06-15,143,2025-06-26,2025-06-26,11,0,On Time
PO009463,S009,P0013,W004,2025-05-20,769,2025-05-26,2025-05-28,8,2,Late
PO009464,S014,P0036,W008,2025-07-22,941,2025-07-31,2025-07-31,9,0,On Time
PO009465,S011,P0079,W001,2025-09-01,149,2025-09-06,2025-09-06,5,0,On Time
PO009466,S002,P0070,W006,2025-04-23,765,2025-05-06,2025-05-06,13,0,On Time
PO009467,S021,P0033,W002,2025-07-20,535,2025-08-03,2025-08-08,19,5,Late
PO009468,S002,P0076,W008,2025-11-10,499,2025-11-23,2025-11-26,16,3,Late
PO009469,S005,P0057,W001,2025-09-16,751,2025-09-30,2025-09-30,14,0,On Time
PO009470,S007,P0055,W004,2025-09-12,793,2025-09-26,2025-09-28,16,2,Late
PO009471,S022,P0013,W004,2025-01-23,561,2025-01-27,2025-01-27,4,0,On Time
PO009472,S004,P0097,W007,2025-09-03,970,2025-09-17,2025-09-18,15,1,Late
PO009473,S014,P0051,W005,2025-12-05,943,2025-12-14,2025-12-14,9,0,On Time
PO009474,S002,P0092,W004,2025-11-07,848,2025-11-20,2025-11-20,13,0,On Time
PO009475,S023,P0053,W002,2025-11-14,96,2025-11-26,2025-11-26,12,0,On Time
PO009476,S012,P0036,W007,2025-03-28,202,2025-04-04,2025-04-11,14,7,Late
PO009477,S010,P0005,W004,2025-08-07,385,2025-08-18,2025-08-21,14,3,Late
PO009478,S025,P0025,W004,2025-12-22,311,2026-01-03,2026-01-05,14,2,Late
PO009479,S001,P0081,W008,2025-01-27,989,2025-02-09,2025-02-09,13,0,On Time
PO009480,S019,P0037,W001,2025-10-17,733,2025-10-23,2025-10-23,6,0,On Time
PO009481,S023,P0019,W008,2025-10-16,408,2025-10-28,2025-10-28,12,0,On Time
PO009482,S016,P0035,W002,2025-12-14,176,2025-12-25,2025-12-28,14,3,Late
PO009483,S015,P0034,W003,2025-08-11,119,2025-08-18,2025-08-23,12,5,Late
PO009484,S014,P0054,W005,2025-12-18,927,2025-12-27,2025-12-27,9,0,On Time
PO009485,S009,P0046,W003,2025-06-27,653,2025-07-03,2025-07-03,6,0,On Time
PO009486,S021,P0006,W006,2025-05-28,937,2025-06-11,2025-06-12,15,1,Late
PO009487,S023,P0083,W008,2025-08-15,846,2025-08-27,2025-08-27,12,0,On Time
PO009488,S015,P0001,W001,2025-12-17,129,2025-12-24,2025-12-24,7,0,On Time
PO009489,S007,P0071,W004,2025-07-05,698,2025-07-19,2025-07-19,14,0,On Time
PO009490,S004,P0034,W005,2025-10-21,661,2025-11-04,2025-11-05,15,1,Late
PO009491,S021,P0056,W008,2025-02-10,289,2025-02-24,2025-02-27,17,3,Late
PO009492,S018,P0083,W006,2025-07-10,157,2025-07-14,2025-07-17,7,3,Late
PO009493,S008,P0097,W006,2025-03-20,707,2025-03-29,2025-03-30,10,1,Late
PO009494,S012,P0026,W008,2025-07-24,83,2025-07-31,2025-07-31,7,0,On Time
PO009495,S015,P0042,W002,2025-10-05,662,2025-10-12,2025-10-13,8,1,Late
PO009496,S015,P0091,W008,2025-09-29,526,2025-10-06,2025-10-09,10,3,Late
PO009497,S017,P0038,W005,2025-02-01,859,2025-02-10,2025-02-10,9,0,On Time
PO009498,S002,P0026,W006,2025-05-22,719,2025-06-04,2025-06-04,13,0,On Time
PO009499,S012,P0099,W001,2025-09-08,996,2025-09-15,2025-09-20,12,5,Late
PO009500,S003,P0059,W004,2025-10-21,983,2025-11-02,2025-11-05,15,3,Late
PO009501,S007,P0084,W001,2025-04-08,808,2025-04-22,2025-04-25,17,3,Late
PO009502,S006,P0024,W007,2025-05-16,369,2025-05-21,2025-05-26,10,5,Late
PO009503,S014,P0021,W008,2025-10-04,166,2025-10-13,2025-10-13,9,0,On Time
PO009504,S023,P0060,W006,2025-11-08,354,2025-11-20,2025-11-23,15,3,Late
PO009505,S005,P0090,W002,2025-10-29,551,2025-11-12,2025-11-12,14,0,On Time
PO009506,S004,P0020,W003,2025-02-12,845,2025-02-26,2025-02-26,14,0,On Time
PO009507,S015,P0006,W004,2025-04-30,573,2025-05-07,2025-05-07,7,0,On Time
PO009508,S007,P0067,W004,2025-08-08,881,2025-08-22,2025-08-22,14,0,On Time
PO009509,S003,P0010,W008,2025-02-15,925,2025-02-27,2025-02-27,12,0,On Time
PO009510,S013,P0012,W008,2025-08-24,426,2025-08-29,2025-09-05,12,7,Late
PO009511,S010,P0097,W001,2025-02-17,363,2025-02-28,2025-02-28,11,0,On Time
PO009512,S023,P0022,W008,2025-07-17,671,2025-07-29,2025-08-03,17,5,Late
PO009513,S002,P0062,W001,2025-03-25,540,2025-04-07,2025-04-07,13,0,On Time
PO009514,S012,P0061,W001,2025-01-31,610,2025-02-07,2025-02-07,7,0,On Time
PO009515,S024,P0080,W006,2025-06-10,944,2025-06-21,2025-06-21,11,0,On Time
PO009516,S022,P0017,W004,2025-03-12,869,2025-03-16,2025-03-17,5,1,Late
PO009517,S012,P0010,W001,2025-01-08,679,2025-01-15,2025-01-15,7,0,On Time
PO009518,S019,P0012,W008,2025-02-21,724,2025-02-27,2025-03-06,13,7,Late
PO009519,S019,P0083,W007,2025-02-14,790,2025-02-20,2025-02-21,7,1,Late
PO009520,S021,P0040,W005,2025-10-20,155,2025-11-03,2025-11-05,16,2,Late
PO009521,S003,P0023,W006,2025-10-27,58,2025-11-08,2025-11-08,12,0,On Time
PO009522,S006,P0040,W008,2025-02-07,339,2025-02-12,2025-02-12,5,0,On Time
PO009523,S002,P0074,W006,2025-12-21,306,2026-01-03,2026-01-08,18,5,Late
PO009524,S024,P0074,W005,2025-08-19,898,2025-08-30,2025-08-30,11,0,On Time
PO009525,S013,P0050,W005,2025-09-19,987,2025-09-24,2025-09-24,5,0,On Time
PO009526,S009,P0010,W006,2025-03-09,482,2025-03-15,2025-03-15,6,0,On Time
PO009527,S013,P0094,W004,2025-06-28,910,2025-07-03,2025-07-08,10,5,Late
PO009528,S023,P0004,W001,2025-12-23,681,2026-01-04,2026-01-04,12,0,On Time
PO009529,S014,P0001,W007,2025-07-05,371,2025-07-14,2025-07-14,9,0,On Time
PO009530,S019,P0043,W002,2025-07-20,24,2025-07-26,2025-07-27,7,1,Late
PO009531,S011,P0083,W001,2025-01-13,255,2025-01-18,2025-01-23,10,5,Late
PO009532,S014,P0005,W004,2025-08-02,255,2025-08-11,2025-08-11,9,0,On Time
PO009533,S016,P0094,W005,2025-08-08,845,2025-08-19,2025-08-19,11,0,On Time
PO009534,S010,P0090,W004,2025-10-13,988,2025-10-24,2025-10-24,11,0,On Time
PO009535,S020,P0034,W008,2025-09-01,520,2025-09-12,2025-09-12,11,0,On Time
PO009536,S016,P0066,W001,2025-12-22,124,2026-01-02,2026-01-02,11,0,On Time
PO009537,S002,P0024,W007,2025-09-15,226,2025-09-28,2025-09-28,13,0,On Time
PO009538,S025,P0014,W004,2025-02-27,258,2025-03-11,2025-03-11,12,0,On Time
PO009539,S016,P0041,W002,2025-02-05,850,2025-02-16,2025-02-16,11,0,On Time
PO009540,S014,P0042,W004,2025-11-24,848,2025-12-03,2025-12-03,9,0,On Time
PO009541,S021,P0013,W008,2025-07-12,71,2025-07-26,2025-07-31,19,5,Late
PO009542,S018,P0029,W003,2025-11-29,127,2025-12-03,2025-12-03,4,0,On Time
PO009543,S006,P0065,W004,2025-02-19,376,2025-02-24,2025-02-24,5,0,On Time
PO009544,S007,P0046,W001,2025-02-01,52,2025-02-15,2025-02-15,14,0,On Time
PO009545,S013,P0034,W003,2025-04-08,41,2025-04-13,2025-04-13,5,0,On Time
PO009546,S002,P0063,W008,2025-02-12,326,2025-02-25,2025-02-26,14,1,Late
PO009547,S015,P0004,W005,2025-12-17,30,2025-12-24,2025-12-26,9,2,Late
PO009548,S017,P0028,W001,2025-11-30,658,2025-12-09,2025-12-09,9,0,On Time
PO009549,S013,P0083,W008,2025-11-06,461,2025-11-11,2025-11-14,8,3,Late
PO009550,S007,P0001,W006,2025-02-16,581,2025-03-02,2025-03-04,16,2,Late
PO009551,S001,P0036,W002,2025-09-27,217,2025-10-10,2025-10-10,13,0,On Time
PO009552,S003,P0013,W004,2025-11-07,548,2025-11-19,2025-11-19,12,0,On Time
PO009553,S020,P0005,W004,2025-03-04,961,2025-03-15,2025-03-16,12,1,Late
PO009554,S018,P0097,W001,2025-01-19,63,2025-01-23,2025-01-30,11,7,Late
PO009555,S007,P0014,W004,2025-12-13,204,2025-12-27,2025-12-27,14,0,On Time
PO009556,S021,P0080,W004,2025-04-11,408,2025-04-25,2025-04-25,14,0,On Time
PO009557,S017,P0032,W005,2025-02-06,570,2025-02-15,2025-02-18,12,3,Late
PO009558,S012,P0050,W008,2025-04-17,526,2025-04-24,2025-04-24,7,0,On Time
PO009559,S016,P0027,W004,2025-04-02,461,2025-04-13,2025-04-14,12,1,Late
PO009560,S024,P0035,W004,2025-11-04,515,2025-11-15,2025-11-15,11,0,On Time
PO009561,S010,P0003,W005,2025-07-04,524,2025-07-15,2025-07-15,11,0,On Time
PO009562,S023,P0004,W008,2025-08-04,156,2025-08-16,2025-08-16,12,0,On Time
PO009563,S016,P0007,W006,2025-01-28,298,2025-02-08,2025-02-09,12,1,Late
PO009564,S020,P0077,W004,2025-02-05,962,2025-02-16,2025-02-16,11,0,On Time
PO009565,S018,P0003,W006,2025-11-16,183,2025-11-20,2025-11-22,6,2,Late
PO009566,S015,P0081,W008,2025-01-18,562,2025-01-25,2025-01-25,7,0,On Time
PO009567,S023,P0059,W005,2025-12-11,871,2025-12-23,2025-12-23,12,0,On Time
PO009568,S011,P0074,W002,2025-07-15,42,2025-07-20,2025-07-20,5,0,On Time
PO009569,S018,P0001,W008,2025-03-19,971,2025-03-23,2025-03-25,6,2,Late
PO009570,S006,P0028,W008,2025-06-16,730,2025-06-21,2025-06-23,7,2,Late
PO009571,S001,P0059,W004,2025-03-31,526,2025-04-13,2025-04-13,13,0,On Time
PO009572,S023,P0053,W008,2025-09-21,705,2025-10-03,2025-10-03,12,0,On Time
PO009573,S007,P0010,W001,2025-07-27,529,2025-08-10,2025-08-13,17,3,Late
PO009574,S012,P0071,W003,2025-07-31,589,2025-08-07,2025-08-07,7,0,On Time
PO009575,S020,P0003,W002,2025-09-28,951,2025-10-09,2025-10-09,11,0,On Time
PO009576,S004,P0007,W004,2025-09-20,727,2025-10-04,2025-10-04,14,0,On Time
PO009577,S010,P0009,W001,2025-09-30,619,2025-10-11,2025-10-18,18,7,Late
PO009578,S021,P0099,W003,2025-12-08,463,2025-12-22,2025-12-27,19,5,Late
PO009579,S002,P0090,W005,2025-08-02,161,2025-08-15,2025-08-15,13,0,On Time
PO009580,S009,P0069,W004,2025-03-05,300,2025-03-11,2025-03-11,6,0,On Time
PO009581,S010,P0013,W007,2025-01-12,986,2025-01-23,2025-01-26,14,3,Late
PO009582,S020,P0094,W006,2025-07-29,226,2025-08-09,2025-08-09,11,0,On Time
PO009583,S011,P0040,W006,2025-11-08,703,2025-11-13,2025-11-13,5,0,On Time
PO009584,S025,P0062,W005,2025-06-23,321,2025-07-05,2025-07-05,12,0,On Time
PO009585,S014,P0062,W002,2025-09-13,416,2025-09-22,2025-09-22,9,0,On Time
PO009586,S003,P0010,W006,2025-04-11,337,2025-04-23,2025-04-25,14,2,Late
PO009587,S025,P0087,W003,2025-01-16,806,2025-01-28,2025-01-28,12,0,On Time
PO009588,S001,P0011,W006,2025-07-16,927,2025-07-29,2025-07-29,13,0,On Time
PO009589,S007,P0076,W007,2025-09-15,899,2025-09-29,2025-09-29,14,0,On Time
PO009590,S004,P0062,W007,2025-09-01,877,2025-09-15,2025-09-17,16,2,Late
PO009591,S007,P0077,W003,2025-12-14,67,2025-12-28,2025-12-30,16,2,Late
PO009592,S016,P0056,W006,2025-09-06,692,2025-09-17,2025-09-17,11,0,On Time
PO009593,S010,P0049,W005,2025-04-15,994,2025-04-26,2025-05-01,16,5,Late
PO009594,S015,P0016,W005,2025-07-01,696,2025-07-08,2025-07-08,7,0,On Time
PO009595,S016,P0073,W006,2025-06-04,409,2025-06-15,2025-06-17,13,2,Late
PO009596,S006,P0074,W007,2025-10-14,398,2025-10-19,2025-10-19,5,0,On Time
PO009597,S004,P0093,W002,2025-06-18,236,2025-07-02,2025-07-02,14,0,On Time
PO009598,S004,P0009,W008,2025-02-16,648,2025-03-02,2025-03-02,14,0,On Time
PO009599,S024,P0033,W001,2025-02-12,868,2025-02-23,2025-02-23,11,0,On Time
PO009600,S023,P0088,W007,2025-11-17,958,2025-11-29,2025-12-02,15,3,Late
PO009601,S004,P0035,W006,2025-11-02,270,2025-11-16,2025-11-18,16,2,Late
PO009602,S022,P0075,W007,2025-08-09,887,2025-08-13,2025-08-13,4,0,On Time
PO009603,S022,P0039,W008,2025-01-01,453,2025-01-05,2025-01-05,4,0,On Time
PO009604,S017,P0077,W007,2025-07-19,775,2025-07-28,2025-08-02,14,5,Late
PO009605,S013,P0087,W004,2025-05-24,961,2025-05-29,2025-05-29,5,0,On Time
PO009606,S002,P0025,W001,2025-01-28,778,2025-02-10,2025-02-10,13,0,On Time
PO009607,S020,P0080,W007,2025-12-08,604,2025-12-19,2025-12-21,13,2,Late
PO009608,S006,P0056,W006,2025-12-04,303,2025-12-09,2025-12-09,5,0,On Time
PO009609,S022,P0048,W007,2025-10-05,502,2025-10-09,2025-10-10,5,1,Late
PO009610,S001,P0085,W003,2025-02-10,726,2025-02-23,2025-02-23,13,0,On Time
PO009611,S008,P0010,W004,2025-11-28,286,2025-12-07,2025-12-07,9,0,On Time
PO009612,S018,P0041,W008,2025-05-27,935,2025-05-31,2025-06-01,5,1,Late
PO009613,S021,P0083,W002,2025-12-11,618,2025-12-25,2025-12-25,14,0,On Time
PO009614,S004,P0099,W001,2025-06-27,265,2025-07-11,2025-07-11,14,0,On Time
PO009615,S005,P0059,W001,2025-11-11,177,2025-11-25,2025-11-25,14,0,On Time
PO009616,S005,P0028,W004,2025-11-21,376,2025-12-05,2025-12-05,14,0,On Time
PO009617,S015,P0041,W002,2025-06-16,567,2025-06-23,2025-06-23,7,0,On Time
PO009618,S010,P0066,W007,2025-05-03,255,2025-05-14,2025-05-16,13,2,Late
PO009619,S008,P0051,W006,2025-03-15,779,2025-03-24,2025-03-24,9,0,On Time
PO009620,S007,P0062,W002,2025-08-27,479,2025-09-10,2025-09-13,17,3,Late
PO009621,S012,P0030,W006,2025-09-06,119,2025-09-13,2025-09-14,8,1,Late
PO009622,S025,P0040,W001,2025-09-20,758,2025-10-02,2025-10-02,12,0,On Time
PO009623,S011,P0040,W007,2025-09-09,138,2025-09-14,2025-09-17,8,3,Late
PO009624,S013,P0069,W006,2025-12-23,373,2025-12-28,2025-12-28,5,0,On Time
PO009625,S015,P0062,W001,2025-04-21,727,2025-04-28,2025-04-28,7,0,On Time
PO009626,S017,P0015,W005,2025-06-29,107,2025-07-08,2025-07-08,9,0,On Time
PO009627,S022,P0100,W004,2025-07-07,55,2025-07-11,2025-07-11,4,0,On Time
PO009628,S022,P0003,W007,2025-11-04,333,2025-11-08,2025-11-15,11,7,Late
PO009629,S018,P0024,W002,2025-07-26,559,2025-07-30,2025-07-30,4,0,On Time
PO009630,S008,P0041,W003,2025-08-22,570,2025-08-31,2025-09-03,12,3,Late
PO009631,S006,P0063,W004,2025-01-24,341,2025-01-29,2025-01-30,6,1,Late
PO009632,S011,P0048,W008,2025-01-26,446,2025-01-31,2025-01-31,5,0,On Time
PO009633,S009,P0061,W006,2025-08-06,536,2025-08-12,2025-08-17,11,5,Late
PO009634,S005,P0048,W005,2025-12-12,672,2025-12-26,2026-01-02,21,7,Late
PO009635,S007,P0047,W004,2025-01-10,759,2025-01-24,2025-01-29,19,5,Late
PO009636,S022,P0056,W001,2025-01-17,28,2025-01-21,2025-01-21,4,0,On Time
PO009637,S015,P0076,W004,2025-09-02,378,2025-09-09,2025-09-09,7,0,On Time
PO009638,S021,P0008,W007,2025-07-25,497,2025-08-08,2025-08-08,14,0,On Time
PO009639,S022,P0078,W006,2025-09-15,76,2025-09-19,2025-09-19,4,0,On Time
PO009640,S004,P0018,W004,2025-04-22,302,2025-05-06,2025-05-06,14,0,On Time
PO009641,S019,P0084,W007,2025-07-24,464,2025-07-30,2025-07-31,7,1,Late
PO009642,S013,P0023,W004,2025-01-27,480,2025-02-01,2025-02-03,7,2,Late
PO009643,S001,P0069,W006,2025-03-12,509,2025-03-25,2025-03-25,13,0,On Time
PO009644,S001,P0065,W003,2025-06-25,378,2025-07-08,2025-07-08,13,0,On Time
PO009645,S022,P0046,W005,2025-07-21,709,2025-07-25,2025-07-30,9,5,Late
PO009646,S014,P0066,W004,2025-09-05,613,2025-09-14,2025-09-14,9,0,On Time
PO009647,S009,P0080,W004,2025-04-28,949,2025-05-04,2025-05-04,6,0,On Time
PO009648,S024,P0069,W003,2025-01-09,616,2025-01-20,2025-01-20,11,0,On Time
PO009649,S012,P0022,W002,2025-03-27,84,2025-04-03,2025-04-03,7,0,On Time
PO009650,S018,P0065,W004,2025-01-23,448,2025-01-27,2025-01-27,4,0,On Time
PO009651,S009,P0012,W007,2025-08-28,874,2025-09-03,2025-09-03,6,0,On Time
PO009652,S008,P0019,W006,2025-03-14,821,2025-03-23,2025-03-23,9,0,On Time
PO009653,S014,P0022,W008,2025-01-27,887,2025-02-05,2025-02-05,9,0,On Time
PO009654,S009,P0055,W007,2025-12-15,476,2025-12-21,2025-12-21,6,0,On Time
PO009655,S020,P0062,W006,2025-03-22,155,2025-04-02,2025-04-02,11,0,On Time
PO009656,S025,P0051,W008,2025-03-25,781,2025-04-06,2025-04-09,15,3,Late
PO009657,S002,P0048,W004,2025-07-18,625,2025-07-31,2025-07-31,13,0,On Time
PO009658,S001,P0017,W002,2025-02-12,67,2025-02-25,2025-02-25,13,0,On Time
PO009659,S013,P0013,W006,2025-09-20,951,2025-09-25,2025-09-28,8,3,Late
PO009660,S025,P0028,W007,2025-04-02,631,2025-04-14,2025-04-14,12,0,On Time
PO009661,S010,P0067,W008,2025-12-05,869,2025-12-16,2025-12-16,11,0,On Time
PO009662,S008,P0005,W008,2025-03-25,213,2025-04-03,2025-04-06,12,3,Late
PO009663,S007,P0100,W007,2025-10-27,136,2025-11-10,2025-11-10,14,0,On Time
PO009664,S024,P0060,W004,2025-10-23,798,2025-11-03,2025-11-06,14,3,Late
PO009665,S012,P0015,W004,2025-05-15,839,2025-05-22,2025-05-24,9,2,Late
PO009666,S017,P0081,W004,2025-10-08,183,2025-10-17,2025-10-17,9,0,On Time
PO009667,S025,P0044,W005,2025-02-28,498,2025-03-12,2025-03-12,12,0,On Time
PO009668,S012,P0046,W006,2025-12-25,306,2026-01-01,2026-01-01,7,0,On Time
PO009669,S016,P0029,W001,2025-12-08,555,2025-12-19,2025-12-19,11,0,On Time
PO009670,S010,P0068,W005,2025-08-29,513,2025-09-09,2025-09-12,14,3,Late
PO009671,S025,P0096,W002,2025-12-08,424,2025-12-20,2025-12-20,12,0,On Time
PO009672,S012,P0049,W005,2025-04-08,115,2025-04-15,2025-04-15,7,0,On Time
PO009673,S011,P0043,W007,2025-03-03,516,2025-03-08,2025-03-08,5,0,On Time
PO009674,S025,P0068,W005,2025-09-21,273,2025-10-03,2025-10-03,12,0,On Time
PO009675,S014,P0077,W003,2025-04-23,433,2025-05-02,2025-05-02,9,0,On Time
PO009676,S022,P0020,W002,2025-05-26,652,2025-05-30,2025-05-30,4,0,On Time
PO009677,S020,P0018,W008,2025-08-04,603,2025-08-15,2025-08-17,13,2,Late
PO009678,S013,P0064,W002,2025-09-13,884,2025-09-18,2025-09-18,5,0,On Time
PO009679,S002,P0049,W002,2025-11-12,390,2025-11-25,2025-11-25,13,0,On Time
PO009680,S020,P0042,W005,2025-11-12,595,2025-11-23,2025-11-23,11,0,On Time
PO009681,S007,P0012,W002,2025-12-28,262,2026-01-11,2026-01-11,14,0,On Time
PO009682,S001,P0089,W006,2025-09-15,658,2025-09-28,2025-09-28,13,0,On Time
PO009683,S025,P0094,W003,2025-07-13,392,2025-07-25,2025-07-25,12,0,On Time
PO009684,S003,P0079,W004,2025-12-13,58,2025-12-25,2025-12-25,12,0,On Time
PO009685,S020,P0036,W005,2025-01-14,916,2025-01-25,2025-01-25,11,0,On Time
PO009686,S012,P0008,W004,2025-10-31,372,2025-11-07,2025-11-07,7,0,On Time
PO009687,S005,P0028,W004,2025-04-13,445,2025-04-27,2025-04-29,16,2,Late
PO009688,S012,P0086,W008,2025-09-02,96,2025-09-09,2025-09-09,7,0,On Time
PO009689,S003,P0060,W005,2025-09-02,529,2025-09-14,2025-09-15,13,1,Late
PO009690,S020,P0049,W006,2025-11-08,536,2025-11-19,2025-11-19,11,0,On Time
PO009691,S005,P0038,W008,2025-09-25,159,2025-10-09,2025-10-12,17,3,Late
PO009692,S001,P0080,W005,2025-08-12,271,2025-08-25,2025-08-25,13,0,On Time
PO009693,S016,P0058,W002,2025-08-08,688,2025-08-19,2025-08-19,11,0,On Time
PO009694,S009,P0005,W008,2025-11-07,790,2025-11-13,2025-11-15,8,2,Late
PO009695,S010,P0046,W003,2025-08-05,336,2025-08-16,2025-08-18,13,2,Late
PO009696,S010,P0098,W005,2025-01-04,966,2025-01-15,2025-01-22,18,7,Late
PO009697,S013,P0075,W004,2025-02-05,439,2025-02-10,2025-02-10,5,0,On Time
PO009698,S016,P0002,W005,2025-06-27,898,2025-07-08,2025-07-08,11,0,On Time
PO009699,S020,P0089,W003,2025-09-14,768,2025-09-25,2025-09-25,11,0,On Time
PO009700,S025,P0025,W001,2025-01-17,94,2025-01-29,2025-01-30,13,1,Late
PO009701,S004,P0001,W006,2025-07-18,917,2025-08-01,2025-08-08,21,7,Late
PO009702,S014,P0095,W004,2025-11-14,48,2025-11-23,2025-11-23,9,0,On Time
PO009703,S017,P0069,W001,2025-02-17,60,2025-02-26,2025-02-27,10,1,Late
PO009704,S005,P0040,W001,2025-03-03,560,2025-03-17,2025-03-17,14,0,On Time
PO009705,S013,P0068,W008,2025-03-10,511,2025-03-15,2025-03-15,5,0,On Time
PO009706,S025,P0069,W007,2025-05-27,119,2025-06-08,2025-06-08,12,0,On Time
PO009707,S003,P0069,W003,2025-12-25,339,2026-01-06,2026-01-06,12,0,On Time
PO009708,S005,P0016,W008,2025-06-11,589,2025-06-25,2025-06-25,14,0,On Time
PO009709,S016,P0054,W008,2025-08-15,742,2025-08-26,2025-08-26,11,0,On Time
PO009710,S019,P0063,W006,2025-12-13,669,2025-12-19,2025-12-19,6,0,On Time
PO009711,S019,P0018,W005,2025-08-18,542,2025-08-24,2025-08-24,6,0,On Time
PO009712,S017,P0017,W001,2025-06-27,922,2025-07-06,2025-07-08,11,2,Late
PO009713,S018,P0099,W007,2025-12-11,864,2025-12-15,2025-12-15,4,0,On Time
PO009714,S018,P0082,W002,2025-02-25,895,2025-03-01,2025-03-01,4,0,On Time
PO009715,S025,P0004,W005,2025-03-19,208,2025-03-31,2025-03-31,12,0,On Time
PO009716,S023,P0095,W006,2025-09-27,469,2025-10-09,2025-10-12,15,3,Late
PO009717,S008,P0095,W004,2025-07-25,113,2025-08-03,2025-08-03,9,0,On Time
PO009718,S018,P0009,W005,2025-10-08,873,2025-10-12,2025-10-19,11,7,Late
PO009719,S009,P0031,W008,2025-08-16,200,2025-08-22,2025-08-22,6,0,On Time
PO009720,S019,P0005,W003,2025-08-27,340,2025-09-02,2025-09-02,6,0,On Time
PO009721,S010,P0100,W007,2025-10-15,302,2025-10-26,2025-10-26,11,0,On Time
PO009722,S002,P0016,W008,2025-03-23,410,2025-04-05,2025-04-05,13,0,On Time
PO009723,S017,P0042,W003,2025-11-30,340,2025-12-09,2025-12-09,9,0,On Time
PO009724,S025,P0041,W004,2025-09-07,589,2025-09-19,2025-09-19,12,0,On Time
PO009725,S024,P0080,W004,2025-07-12,44,2025-07-23,2025-07-23,11,0,On Time
PO009726,S013,P0084,W004,2025-04-16,835,2025-04-21,2025-04-21,5,0,On Time
PO009727,S011,P0030,W007,2025-07-08,279,2025-07-13,2025-07-14,6,1,Late
PO009728,S016,P0026,W007,2025-10-03,923,2025-10-14,2025-10-17,14,3,Late
PO009729,S020,P0049,W003,2025-03-15,516,2025-03-26,2025-03-26,11,0,On Time
PO009730,S007,P0031,W008,2025-01-10,232,2025-01-24,2025-01-24,14,0,On Time
PO009731,S003,P0050,W006,2025-05-03,134,2025-05-15,2025-05-15,12,0,On Time
PO009732,S016,P0015,W007,2025-08-04,471,2025-08-15,2025-08-15,11,0,On Time
PO009733,S019,P0052,W006,2025-10-17,719,2025-10-23,2025-10-24,7,1,Late
PO009734,S020,P0038,W007,2025-02-09,791,2025-02-20,2025-02-20,11,0,On Time
PO009735,S016,P0038,W005,2025-07-12,667,2025-07-23,2025-07-23,11,0,On Time
PO009736,S002,P0060,W001,2025-05-07,509,2025-05-20,2025-05-20,13,0,On Time
PO009737,S014,P0020,W001,2025-10-16,621,2025-10-25,2025-10-25,9,0,On Time
PO009738,S020,P0099,W002,2025-03-12,752,2025-03-23,2025-03-25,13,2,Late
PO009739,S010,P0087,W003,2025-05-17,547,2025-05-28,2025-05-28,11,0,On Time
PO009740,S019,P0044,W004,2025-05-24,678,2025-05-30,2025-06-06,13,7,Late
PO009741,S024,P0089,W006,2025-12-20,404,2025-12-31,2026-01-07,18,7,Late
PO009742,S011,P0063,W007,2025-10-26,632,2025-10-31,2025-11-02,7,2,Late
PO009743,S018,P0050,W005,2025-12-11,437,2025-12-15,2025-12-15,4,0,On Time
PO009744,S011,P0022,W006,2025-09-26,238,2025-10-01,2025-10-01,5,0,On Time
PO009745,S009,P0072,W003,2025-05-19,899,2025-05-25,2025-05-25,6,0,On Time
PO009746,S019,P0054,W008,2025-02-21,576,2025-02-27,2025-03-06,13,7,Late
PO009747,S020,P0009,W002,2025-01-17,82,2025-01-28,2025-01-28,11,0,On Time
PO009748,S010,P0015,W008,2025-06-14,369,2025-06-25,2025-06-26,12,1,Late
PO009749,S003,P0048,W006,2025-01-13,409,2025-01-25,2025-01-30,17,5,Late
PO009750,S003,P0020,W001,2025-07-09,823,2025-07-21,2025-07-23,14,2,Late
PO009751,S024,P0035,W005,2025-12-06,396,2025-12-17,2025-12-17,11,0,On Time
PO009752,S008,P0067,W001,2025-12-19,890,2025-12-28,2025-12-28,9,0,On Time
PO009753,S006,P0060,W008,2025-12-28,85,2026-01-02,2026-01-02,5,0,On Time
PO009754,S020,P0098,W005,2025-12-18,138,2025-12-29,2025-12-29,11,0,On Time
PO009755,S001,P0034,W008,2025-09-21,765,2025-10-04,2025-10-09,18,5,Late
PO009756,S020,P0100,W004,2025-11-08,993,2025-11-19,2025-11-24,16,5,Late
PO009757,S024,P0099,W008,2025-08-09,27,2025-08-20,2025-08-20,11,0,On Time
PO009758,S006,P0073,W005,2025-04-14,726,2025-04-19,2025-04-19,5,0,On Time
PO009759,S002,P0094,W007,2025-12-05,758,2025-12-18,2025-12-18,13,0,On Time
PO009760,S019,P0054,W004,2025-07-17,46,2025-07-23,2025-07-23,6,0,On Time
PO009761,S007,P0090,W003,2025-10-27,309,2025-11-10,2025-11-10,14,0,On Time
PO009762,S011,P0012,W008,2025-12-25,47,2025-12-30,2025-12-30,5,0,On Time
PO009763,S011,P0088,W001,2025-06-18,178,2025-06-23,2025-06-28,10,5,Late
PO009764,S004,P0019,W005,2025-05-29,164,2025-06-12,2025-06-17,19,5,Late
PO009765,S020,P0080,W005,2025-09-06,486,2025-09-17,2025-09-17,11,0,On Time
PO009766,S016,P0026,W002,2025-09-13,765,2025-09-24,2025-09-24,11,0,On Time
PO009767,S005,P0023,W001,2025-02-11,127,2025-02-25,2025-02-25,14,0,On Time
PO009768,S024,P0033,W003,2025-07-21,910,2025-08-01,2025-08-02,12,1,Late
PO009769,S007,P0057,W004,2025-09-01,458,2025-09-15,2025-09-15,14,0,On Time
PO009770,S025,P0030,W003,2025-06-06,222,2025-06-18,2025-06-18,12,0,On Time
PO009771,S016,P0023,W002,2025-10-13,796,2025-10-24,2025-10-24,11,0,On Time
PO009772,S015,P0074,W003,2025-10-09,844,2025-10-16,2025-10-16,7,0,On Time
PO009773,S005,P0036,W008,2025-08-26,320,2025-09-09,2025-09-12,17,3,Late
PO009774,S001,P0095,W004,2025-01-19,921,2025-02-01,2025-02-08,20,7,Late
PO009775,S020,P0086,W001,2025-02-22,929,2025-03-05,2025-03-06,12,1,Late
PO009776,S022,P0043,W006,2025-03-26,946,2025-03-30,2025-03-31,5,1,Late
PO009777,S022,P0066,W002,2025-09-30,457,2025-10-04,2025-10-04,4,0,On Time
PO009778,S009,P0053,W007,2025-12-26,30,2026-01-01,2026-01-01,6,0,On Time
PO009779,S021,P0087,W005,2025-08-01,856,2025-08-15,2025-08-16,15,1,Late
PO009780,S005,P0099,W005,2025-12-27,626,2026-01-10,2026-01-10,14,0,On Time
PO009781,S022,P0060,W001,2025-04-14,661,2025-04-18,2025-04-18,4,0,On Time
PO009782,S006,P0037,W008,2025-07-11,122,2025-07-16,2025-07-17,6,1,Late
PO009783,S003,P0061,W006,2025-06-26,804,2025-07-08,2025-07-08,12,0,On Time
PO009784,S006,P0096,W003,2025-05-27,505,2025-06-01,2025-06-01,5,0,On Time
PO009785,S008,P0053,W007,2025-03-22,129,2025-03-31,2025-03-31,9,0,On Time
PO009786,S006,P0012,W007,2025-07-12,823,2025-07-17,2025-07-17,5,0,On Time
PO009787,S016,P0035,W005,2025-02-06,662,2025-02-17,2025-02-17,11,0,On Time
PO009788,S016,P0067,W002,2025-11-22,722,2025-12-03,2025-12-03,11,0,On Time
PO009789,S021,P0098,W006,2025-06-03,830,2025-06-17,2025-06-17,14,0,On Time
PO009790,S003,P0038,W008,2025-05-10,112,2025-05-22,2025-05-29,19,7,Late
PO009791,S017,P0024,W004,2025-02-28,820,2025-03-09,2025-03-11,11,2,Late
PO009792,S021,P0081,W008,2025-08-12,737,2025-08-26,2025-08-26,14,0,On Time
PO009793,S006,P0040,W007,2025-09-06,889,2025-09-11,2025-09-12,6,1,Late
PO009794,S006,P0065,W003,2025-08-28,560,2025-09-02,2025-09-02,5,0,On Time
PO009795,S022,P0057,W006,2025-10-20,938,2025-10-24,2025-10-26,6,2,Late
PO009796,S019,P0072,W008,2025-10-14,718,2025-10-20,2025-10-22,8,2,Late
PO009797,S020,P0079,W007,2025-07-23,868,2025-08-03,2025-08-03,11,0,On Time
PO009798,S015,P0045,W008,2025-04-09,526,2025-04-16,2025-04-17,8,1,Late
PO009799,S019,P0089,W004,2025-12-16,196,2025-12-22,2025-12-25,9,3,Late
PO009800,S002,P0072,W006,2025-06-25,458,2025-07-08,2025-07-08,13,0,On Time
PO009801,S008,P0096,W006,2025-09-19,862,2025-09-28,2025-09-28,9,0,On Time
PO009802,S007,P0013,W003,2025-09-28,687,2025-10-12,2025-10-12,14,0,On Time
PO009803,S008,P0079,W002,2025-05-23,777,2025-06-01,2025-06-01,9,0,On Time
PO009804,S013,P0006,W004,2025-07-08,730,2025-07-13,2025-07-13,5,0,On Time
PO009805,S022,P0097,W002,2025-09-29,530,2025-10-03,2025-10-03,4,0,On Time
PO009806,S015,P0071,W008,2025-01-20,128,2025-01-27,2025-01-27,7,0,On Time
PO009807,S012,P0097,W004,2025-11-29,891,2025-12-06,2025-12-06,7,0,On Time
PO009808,S015,P0047,W007,2025-10-27,91,2025-11-03,2025-11-04,8,1,Late
PO009809,S014,P0093,W007,2025-02-15,508,2025-02-24,2025-03-03,16,7,Late
PO009810,S007,P0044,W003,2025-04-05,752,2025-04-19,2025-04-24,19,5,Late
PO009811,S017,P0032,W008,2025-03-05,300,2025-03-14,2025-03-14,9,0,On Time
PO009812,S005,P0003,W002,2025-05-11,922,2025-05-25,2025-05-27,16,2,Late
PO009813,S020,P0054,W007,2025-01-09,908,2025-01-20,2025-01-25,16,5,Late
PO009814,S010,P0084,W003,2025-07-22,233,2025-08-02,2025-08-07,16,5,Late
PO009815,S019,P0078,W006,2025-10-25,476,2025-10-31,2025-11-03,9,3,Late
PO009816,S018,P0092,W006,2025-06-23,606,2025-06-27,2025-06-29,6,2,Late
PO009817,S025,P0038,W003,2025-03-14,437,2025-03-26,2025-03-26,12,0,On Time
PO009818,S024,P0004,W008,2025-03-25,773,2025-04-05,2025-04-05,11,0,On Time
PO009819,S010,P0079,W004,2025-02-28,529,2025-03-11,2025-03-11,11,0,On Time
PO009820,S002,P0017,W007,2025-01-21,681,2025-02-03,2025-02-03,13,0,On Time
PO009821,S006,P0037,W006,2025-06-06,342,2025-06-11,2025-06-18,12,7,Late
PO009822,S003,P0088,W004,2025-11-15,197,2025-11-27,2025-11-27,12,0,On Time
PO009823,S019,P0036,W002,2025-11-25,707,2025-12-01,2025-12-06,11,5,Late
PO009824,S005,P0058,W005,2025-03-02,123,2025-03-16,2025-03-18,16,2,Late
PO009825,S007,P0041,W006,2025-03-05,138,2025-03-19,2025-03-19,14,0,On Time
PO009826,S007,P0008,W006,2025-11-21,731,2025-12-05,2025-12-05,14,0,On Time
PO009827,S010,P0067,W001,2025-06-17,601,2025-06-28,2025-06-28,11,0,On Time
PO009828,S001,P0030,W008,2025-07-22,76,2025-08-04,2025-08-05,14,1,Late
PO009829,S011,P0086,W004,2025-05-09,428,2025-05-14,2025-05-16,7,2,Late
PO009830,S023,P0052,W008,2025-09-02,597,2025-09-14,2025-09-21,19,7,Late
PO009831,S007,P0097,W003,2025-04-16,931,2025-04-30,2025-04-30,14,0,On Time
PO009832,S006,P0025,W001,2025-11-17,77,2025-11-22,2025-11-22,5,0,On Time
PO009833,S006,P0052,W002,2025-05-02,136,2025-05-07,2025-05-07,5,0,On Time
PO009834,S013,P0059,W001,2025-11-14,444,2025-11-19,2025-11-19,5,0,On Time
PO009835,S016,P0030,W001,2025-07-01,838,2025-07-12,2025-07-14,13,2,Late
PO009836,S013,P0067,W005,2025-04-13,40,2025-04-18,2025-04-18,5,0,On Time
PO009837,S002,P0004,W005,2025-11-12,98,2025-11-25,2025-11-25,13,0,On Time
PO009838,S019,P0093,W001,2025-10-29,843,2025-11-04,2025-11-04,6,0,On Time
PO009839,S019,P0057,W005,2025-09-18,885,2025-09-24,2025-09-24,6,0,On Time
PO009840,S019,P0063,W007,2025-04-23,578,2025-04-29,2025-04-29,6,0,On Time
PO009841,S018,P0032,W005,2025-03-11,905,2025-03-15,2025-03-15,4,0,On Time
PO009842,S025,P0087,W001,2025-06-09,702,2025-06-21,2025-06-21,12,0,On Time
PO009843,S006,P0083,W004,2025-08-28,615,2025-09-02,2025-09-03,6,1,Late
PO009844,S002,P0079,W005,2025-01-11,127,2025-01-24,2025-01-24,13,0,On Time
PO009845,S019,P0051,W001,2025-05-18,818,2025-05-24,2025-05-24,6,0,On Time
PO009846,S006,P0063,W008,2025-06-16,290,2025-06-21,2025-06-26,10,5,Late
PO009847,S020,P0080,W004,2025-09-04,707,2025-09-15,2025-09-16,12,1,Late
PO009848,S023,P0087,W008,2025-12-20,849,2026-01-01,2026-01-01,12,0,On Time
PO009849,S022,P0001,W006,2025-01-31,495,2025-02-04,2025-02-05,5,1,Late
PO009850,S015,P0019,W005,2025-01-12,89,2025-01-19,2025-01-21,9,2,Late
PO009851,S006,P0035,W001,2025-08-31,406,2025-09-05,2025-09-05,5,0,On Time
PO009852,S003,P0063,W005,2025-04-18,185,2025-04-30,2025-05-01,13,1,Late
PO009853,S011,P0094,W004,2025-12-02,874,2025-12-07,2025-12-07,5,0,On Time
PO009854,S008,P0081,W007,2025-11-19,77,2025-11-28,2025-11-30,11,2,Late
PO009855,S025,P0026,W001,2025-07-13,470,2025-07-25,2025-07-25,12,0,On Time
PO009856,S022,P0013,W004,2025-11-04,264,2025-11-08,2025-11-13,9,5,Late
PO009857,S018,P0086,W008,2025-05-13,64,2025-05-17,2025-05-17,4,0,On Time
PO009858,S017,P0023,W008,2025-10-08,703,2025-10-17,2025-10-17,9,0,On Time
PO009859,S019,P0097,W006,2025-10-18,795,2025-10-24,2025-10-24,6,0,On Time
PO009860,S019,P0091,W008,2025-06-12,402,2025-06-18,2025-06-18,6,0,On Time
PO009861,S024,P0035,W003,2025-10-05,597,2025-10-16,2025-10-16,11,0,On Time
PO009862,S021,P0012,W002,2025-07-22,858,2025-08-05,2025-08-05,14,0,On Time
PO009863,S017,P0009,W008,2025-04-06,720,2025-04-15,2025-04-15,9,0,On Time
PO009864,S004,P0098,W007,2025-08-11,804,2025-08-25,2025-08-25,14,0,On Time
PO009865,S007,P0078,W003,2025-08-25,90,2025-09-08,2025-09-08,14,0,On Time
PO009866,S005,P0067,W005,2025-04-27,884,2025-05-11,2025-05-11,14,0,On Time
PO009867,S016,P0044,W004,2025-07-11,567,2025-07-22,2025-07-22,11,0,On Time
PO009868,S006,P0061,W008,2025-10-03,258,2025-10-08,2025-10-08,5,0,On Time
PO009869,S014,P0021,W001,2025-04-16,599,2025-04-25,2025-04-25,9,0,On Time
PO009870,S020,P0007,W007,2025-01-04,127,2025-01-15,2025-01-15,11,0,On Time
PO009871,S002,P0097,W004,2025-01-18,227,2025-01-31,2025-01-31,13,0,On Time
PO009872,S025,P0099,W005,2025-11-03,808,2025-11-15,2025-11-15,12,0,On Time
PO009873,S018,P0011,W001,2025-01-20,741,2025-01-24,2025-01-24,4,0,On Time
PO009874,S018,P0045,W007,2025-05-02,321,2025-05-06,2025-05-06,4,0,On Time
PO009875,S013,P0032,W003,2025-05-17,449,2025-05-22,2025-05-22,5,0,On Time
PO009876,S018,P0086,W008,2025-03-21,367,2025-03-25,2025-03-25,4,0,On Time
PO009877,S017,P0083,W004,2025-06-03,126,2025-06-12,2025-06-12,9,0,On Time
PO009878,S013,P0036,W002,2025-12-24,911,2025-12-29,2026-01-01,8,3,Late
PO009879,S012,P0037,W007,2025-01-25,547,2025-02-01,2025-02-03,9,2,Late
PO009880,S003,P0075,W006,2025-06-18,770,2025-06-30,2025-07-07,19,7,Late
PO009881,S022,P0041,W006,2025-02-28,425,2025-03-04,2025-03-04,4,0,On Time
PO009882,S007,P0077,W005,2025-10-28,921,2025-11-11,2025-11-11,14,0,On Time
PO009883,S001,P0092,W005,2025-02-10,753,2025-02-23,2025-02-28,18,5,Late
PO009884,S005,P0049,W004,2025-02-07,971,2025-02-21,2025-02-21,14,0,On Time
PO009885,S021,P0015,W003,2025-04-27,275,2025-05-11,2025-05-11,14,0,On Time
PO009886,S001,P0013,W003,2025-10-02,320,2025-10-15,2025-10-15,13,0,On Time
PO009887,S004,P0053,W002,2025-09-27,973,2025-10-11,2025-10-11,14,0,On Time
PO009888,S001,P0033,W002,2025-05-07,943,2025-05-20,2025-05-20,13,0,On Time
PO009889,S013,P0072,W004,2025-01-03,164,2025-01-08,2025-01-10,7,2,Late
PO009890,S014,P0032,W001,2025-10-20,695,2025-10-29,2025-11-05,16,7,Late
PO009891,S015,P0048,W003,2025-01-16,543,2025-01-23,2025-01-23,7,0,On Time
PO009892,S017,P0068,W007,2025-09-22,581,2025-10-01,2025-10-03,11,2,Late
PO009893,S012,P0057,W007,2025-08-27,846,2025-09-03,2025-09-03,7,0,On Time
PO009894,S007,P0062,W007,2025-09-20,379,2025-10-04,2025-10-04,14,0,On Time
PO009895,S023,P0082,W001,2025-05-14,543,2025-05-26,2025-05-27,13,1,Late
PO009896,S019,P0087,W008,2025-08-01,503,2025-08-07,2025-08-07,6,0,On Time
PO009897,S023,P0093,W008,2025-01-15,209,2025-01-27,2025-01-27,12,0,On Time
PO009898,S003,P0002,W001,2025-11-24,315,2025-12-06,2025-12-06,12,0,On Time
PO009899,S018,P0077,W004,2025-12-26,112,2025-12-30,2025-12-30,4,0,On Time
PO009900,S004,P0016,W008,2025-05-09,149,2025-05-23,2025-05-23,14,0,On Time
PO009901,S003,P0008,W002,2025-12-18,880,2025-12-30,2026-01-04,17,5,Late
PO009902,S012,P0019,W001,2025-05-02,503,2025-05-09,2025-05-10,8,1,Late
PO009903,S023,P0032,W004,2025-08-29,895,2025-09-10,2025-09-10,12,0,On Time
PO009904,S012,P0067,W002,2025-04-25,428,2025-05-02,2025-05-02,7,0,On Time
PO009905,S017,P0032,W001,2025-07-16,360,2025-07-25,2025-07-30,14,5,Late
PO009906,S006,P0085,W001,2025-08-10,233,2025-08-15,2025-08-16,6,1,Late
PO009907,S015,P0025,W007,2025-08-02,349,2025-08-09,2025-08-09,7,0,On Time
PO009908,S002,P0053,W002,2025-03-21,914,2025-04-03,2025-04-03,13,0,On Time
PO009909,S008,P0081,W006,2025-09-20,818,2025-09-29,2025-09-29,9,0,On Time
PO009910,S014,P0025,W002,2025-05-15,194,2025-05-24,2025-05-24,9,0,On Time
PO009911,S005,P0033,W005,2025-11-02,463,2025-11-16,2025-11-18,16,2,Late
PO009912,S003,P0031,W007,2025-08-30,220,2025-09-11,2025-09-11,12,0,On Time
PO009913,S010,P0036,W005,2025-10-30,636,2025-11-10,2025-11-17,18,7,Late
PO009914,S007,P0087,W004,2025-09-27,762,2025-10-11,2025-10-11,14,0,On Time
PO009915,S011,P0089,W004,2025-10-14,117,2025-10-19,2025-10-19,5,0,On Time
PO009916,S015,P0049,W008,2025-02-19,122,2025-02-26,2025-02-26,7,0,On Time
PO009917,S002,P0044,W003,2025-07-08,572,2025-07-21,2025-07-21,13,0,On Time
PO009918,S005,P0048,W005,2025-10-24,965,2025-11-07,2025-11-07,14,0,On Time
PO009919,S011,P0030,W002,2025-01-14,170,2025-01-19,2025-01-19,5,0,On Time
PO009920,S008,P0013,W008,2025-08-20,287,2025-08-29,2025-09-05,16,7,Late
PO009921,S013,P0043,W008,2025-09-18,858,2025-09-23,2025-09-23,5,0,On Time
PO009922,S011,P0093,W005,2025-07-11,371,2025-07-16,2025-07-16,5,0,On Time
PO009923,S017,P0016,W006,2025-07-22,486,2025-07-31,2025-07-31,9,0,On Time
PO009924,S015,P0091,W007,2025-09-18,297,2025-09-25,2025-09-25,7,0,On Time
PO009925,S001,P0026,W008,2025-04-23,587,2025-05-06,2025-05-06,13,0,On Time
PO009926,S019,P0075,W008,2025-12-18,35,2025-12-24,2025-12-24,6,0,On Time
PO009927,S016,P0047,W004,2025-02-05,973,2025-02-16,2025-02-16,11,0,On Time
PO009928,S019,P0037,W006,2025-03-20,475,2025-03-26,2025-03-29,9,3,Late
PO009929,S013,P0003,W004,2025-10-02,753,2025-10-07,2025-10-07,5,0,On Time
PO009930,S023,P0026,W006,2025-10-05,198,2025-10-17,2025-10-17,12,0,On Time
PO009931,S022,P0098,W008,2025-06-11,153,2025-06-15,2025-06-15,4,0,On Time
PO009932,S023,P0097,W004,2025-11-08,277,2025-11-20,2025-11-20,12,0,On Time
PO009933,S004,P0015,W002,2025-01-17,81,2025-01-31,2025-01-31,14,0,On Time
PO009934,S011,P0066,W006,2025-07-23,501,2025-07-28,2025-07-28,5,0,On Time
PO009935,S018,P0028,W007,2025-01-17,496,2025-01-21,2025-01-21,4,0,On Time
PO009936,S018,P0084,W001,2025-07-21,654,2025-07-25,2025-07-25,4,0,On Time
PO009937,S010,P0038,W004,2025-07-29,61,2025-08-09,2025-08-16,18,7,Late
PO009938,S017,P0044,W008,2025-03-19,392,2025-03-28,2025-03-28,9,0,On Time
PO009939,S013,P0053,W005,2025-02-25,392,2025-03-02,2025-03-02,5,0,On Time
PO009940,S025,P0080,W001,2025-03-21,318,2025-04-02,2025-04-02,12,0,On Time
PO009941,S014,P0004,W005,2025-11-02,71,2025-11-11,2025-11-11,9,0,On Time
PO009942,S007,P0072,W008,2025-02-27,398,2025-03-13,2025-03-13,14,0,On Time
PO009943,S010,P0044,W004,2025-01-18,973,2025-01-29,2025-01-30,12,1,Late
PO009944,S003,P0046,W008,2025-07-27,935,2025-08-08,2025-08-11,15,3,Late
PO009945,S002,P0084,W002,2025-05-15,331,2025-05-28,2025-05-28,13,0,On Time
PO009946,S019,P0026,W007,2025-11-28,598,2025-12-04,2025-12-04,6,0,On Time
PO009947,S007,P0096,W007,2025-01-10,78,2025-01-24,2025-01-24,14,0,On Time
PO009948,S005,P0013,W001,2025-03-10,323,2025-03-24,2025-03-24,14,0,On Time
PO009949,S003,P0069,W001,2025-12-07,54,2025-12-19,2025-12-19,12,0,On Time
PO009950,S025,P0044,W004,2025-03-24,667,2025-04-05,2025-04-10,17,5,Late
PO009951,S002,P0053,W007,2025-04-19,607,2025-05-02,2025-05-03,14,1,Late
PO009952,S023,P0051,W007,2025-02-13,773,2025-02-25,2025-03-02,17,5,Late
PO009953,S022,P0013,W006,2025-05-12,512,2025-05-16,2025-05-16,4,0,On Time
PO009954,S006,P0041,W004,2025-01-18,510,2025-01-23,2025-01-23,5,0,On Time
PO009955,S014,P0011,W004,2025-04-03,819,2025-04-12,2025-04-13,10,1,Late
PO009956,S007,P0037,W007,2025-10-21,240,2025-11-04,2025-11-05,15,1,Late
PO009957,S022,P0060,W003,2025-05-28,832,2025-06-01,2025-06-01,4,0,On Time
PO009958,S002,P0032,W002,2025-06-21,616,2025-07-04,2025-07-11,20,7,Late
PO009959,S011,P0045,W006,2025-02-20,142,2025-02-25,2025-03-02,10,5,Late
PO009960,S021,P0018,W008,2025-01-19,726,2025-02-02,2025-02-02,14,0,On Time
PO009961,S003,P0093,W002,2025-04-30,121,2025-05-12,2025-05-12,12,0,On Time
PO009962,S009,P0079,W007,2025-11-20,814,2025-11-26,2025-11-26,6,0,On Time
PO009963,S008,P0020,W004,2025-08-13,906,2025-08-22,2025-08-25,12,3,Late
PO009964,S011,P0044,W003,2025-03-07,534,2025-03-12,2025-03-13,6,1,Late
PO009965,S018,P0036,W008,2025-05-21,332,2025-05-25,2025-05-25,4,0,On Time
PO009966,S001,P0069,W008,2025-07-08,525,2025-07-21,2025-07-21,13,0,On Time
PO009967,S015,P0037,W007,2025-06-07,980,2025-06-14,2025-06-14,7,0,On Time
PO009968,S004,P0033,W004,2025-04-08,513,2025-04-22,2025-04-22,14,0,On Time
PO009969,S004,P0082,W004,2025-06-07,778,2025-06-21,2025-06-21,14,0,On Time
PO009970,S010,P0019,W002,2025-09-03,679,2025-09-14,2025-09-14,11,0,On Time
PO009971,S011,P0051,W007,2025-12-10,218,2025-12-15,2025-12-16,6,1,Late
PO009972,S018,P0032,W003,2025-08-24,652,2025-08-28,2025-08-28,4,0,On Time
PO009973,S023,P0022,W002,2025-02-02,700,2025-02-14,2025-02-14,12,0,On Time
PO009974,S015,P0001,W004,2025-12-27,532,2026-01-03,2026-01-03,7,0,On Time
PO009975,S003,P0054,W005,2025-08-29,349,2025-09-10,2025-09-10,12,0,On Time
PO009976,S007,P0089,W001,2025-11-26,640,2025-12-10,2025-12-11,15,1,Late
PO009977,S007,P0020,W007,2025-12-04,991,2025-12-18,2025-12-18,14,0,On Time
PO009978,S017,P0058,W006,2025-10-02,919,2025-10-11,2025-10-11,9,0,On Time
PO009979,S022,P0035,W004,2025-03-12,346,2025-03-16,2025-03-16,4,0,On Time
PO009980,S020,P0070,W006,2025-11-09,29,2025-11-20,2025-11-20,11,0,On Time
PO009981,S024,P0070,W008,2025-08-04,146,2025-08-15,2025-08-17,13,2,Late
PO009982,S016,P0061,W003,2025-03-20,688,2025-03-31,2025-03-31,11,0,On Time
PO009983,S016,P0063,W007,2025-06-18,250,2025-06-29,2025-06-29,11,0,On Time
PO009984,S008,P0061,W005,2025-10-25,34,2025-11-03,2025-11-06,12,3,Late
PO009985,S003,P0057,W006,2025-06-29,806,2025-07-11,2025-07-11,12,0,On Time
PO009986,S020,P0003,W007,2025-04-26,506,2025-05-07,2025-05-07,11,0,On Time
PO009987,S015,P0095,W006,2025-09-17,461,2025-09-24,2025-09-24,7,0,On Time
PO009988,S001,P0099,W003,2025-09-17,897,2025-09-30,2025-10-05,18,5,Late
PO009989,S010,P0045,W004,2025-01-05,968,2025-01-16,2025-01-17,12,1,Late
PO009990,S002,P0015,W004,2025-10-24,577,2025-11-06,2025-11-06,13,0,On Time
PO009991,S007,P0017,W001,2025-04-18,293,2025-05-02,2025-05-03,15,1,Late
PO009992,S014,P0015,W003,2025-12-09,637,2025-12-18,2025-12-18,9,0,On Time
PO009993,S016,P0005,W005,2025-12-26,22,2026-01-06,2026-01-06,11,0,On Time
PO009994,S015,P0086,W001,2025-04-27,345,2025-05-04,2025-05-05,8,1,Late
PO009995,S007,P0046,W007,2025-12-23,272,2026-01-06,2026-01-06,14,0,On Time
PO009996,S013,P0011,W003,2025-11-27,553,2025-12-02,2025-12-02,5,0,On Time
PO009997,S025,P0064,W004,2025-11-27,74,2025-12-09,2025-12-09,12,0,On Time
PO009998,S010,P0092,W001,2025-01-13,905,2025-01-24,2025-01-24,11,0,On Time
PO009999,S009,P0014,W004,2025-05-22,467,2025-05-28,2025-05-28,6,0,On Time
PO010000,S009,P0039,W002,2025-07-07,316,2025-07-13,2025-07-13,6,0,On Time
