PO_ID,Supplier_ID,Product_ID,Warehouse_ID,Order_Date,Quantity,Expected_Date,Received_Date
PO000001,S008,P0006,W003,2025-03-26,853,2025-04-04,2025-04-04
PO000002,S025,P0057,W007,2025-08-02,652,2025-08-14,2025-08-19
PO000003,S018,P0076,W004,2025-06-22,540,2025-06-26,2025-06-26
PO000004,S019,P0030,W002,2025-07-28,358,2025-08-03,2025-08-08
PO000005,S012,P0055,W003,2025-03-05,354,2025-03-12,2025-03-12
PO000006,S012,P0084,W006,2025-09-15,200,2025-09-22,2025-09-25
PO000007,S018,P0084,W006,2025-11-28,552,2025-12-02,2025-12-02
PO000008,S010,P0054,W005,2025-05-01,965,2025-05-12,2025-05-12
PO000009,S007,P0027,W004,2025-10-25,291,2025-11-08,2025-11-08
PO000010,S018,P0084,W006,2025-02-23,213,2025-02-27,2025-02-27
PO000011,S012,P0059,W005,2025-11-27,557,2025-12-04,2025-12-04
PO000012,S014,P0007,W004,2025-09-29,959,2025-10-08,2025-10-08
PO000013,S015,P0040,W003,2025-08-29,816,2025-09-05,2025-09-05
PO000014,S016,P0094,W003,2025-08-31,500,2025-09-11,2025-09-11
PO000015,S002,P0072,W005,2025-01-18,117,2025-01-31,2025-01-31
PO000016,S018,P0002,W003,2025-07-06,449,2025-07-10,2025-07-10
PO000017,S012,P0014,W005,2025-12-12,531,2025-12-19,2025-12-20
PO000018,S016,P0010,W001,2025-05-24,750,2025-06-04,2025-06-11
PO000019,S013,P0050,W007,2025-09-19,346,2025-09-24,2025-09-24
PO000020,S020,P0018,W004,2025-12-30,964,2026-01-10,2026-01-10
PO000021,S017,P0018,W005,2025-08-27,930,2025-09-05,2025-09-05
PO000022,S018,P0016,W004,2025-10-31,804,2025-11-04,2025-11-04
PO000023,S003,P0052,W008,2025-10-25,924,2025-11-06,2025-11-07
PO000024,S023,P0069,W001,2025-03-17,992,2025-03-29,2025-03-29
PO000025,S010,P0052,W004,2025-07-07,819,2025-07-18,2025-07-18
PO000026,S001,P0031,W005,2025-11-29,597,2025-12-12,2025-12-12
PO000027,S006,P0084,W007,2025-09-03,846,2025-09-08,2025-09-10
PO000028,S003,P0023,W007,2025-05-10,435,2025-05-22,2025-05-22
PO000029,S019,P0096,W003,2025-11-11,130,2025-11-17,2025-11-22
PO000030,S004,P0042,W007,2025-10-10,231,2025-10-24,2025-10-29
PO000031,S020,P0081,W007,2025-03-20,702,2025-03-31,2025-03-31
PO000032,S023,P0062,W008,2025-03-13,870,2025-03-25,2025-03-25
PO000033,S003,P0077,W004,2025-09-20,897,2025-10-02,2025-10-02
PO000034,S008,P0050,W004,2025-07-10,590,2025-07-19,2025-07-19
PO000035,S008,P0077,W006,2025-03-04,49,2025-03-13,2025-03-13
PO000036,S007,P0081,W006,2025-01-12,286,2025-01-26,2025-01-26
PO000037,S002,P0015,W001,2025-05-21,995,2025-06-03,2025-06-03
PO000038,S021,P0090,W002,2025-09-11,906,2025-09-25,2025-09-25
PO000039,S006,P0044,W007,2025-02-12,685,2025-02-17,2025-02-20
PO000040,S016,P0092,W003,2025-01-17,369,2025-01-28,2025-02-02
PO000041,S010,P0042,W007,2025-03-04,533,2025-03-15,2025-03-15
PO000042,S004,P0045,W005,2025-09-10,949,2025-09-24,2025-09-24
PO000043,S013,P0094,W001,2025-10-19,700,2025-10-24,2025-10-24
PO000044,S010,P0035,W005,2025-01-08,233,2025-01-19,2025-01-22
PO000045,S021,P0022,W005,2025-11-21,270,2025-12-05,2025-12-10
PO000046,S014,P0074,W004,2025-03-31,562,2025-04-09,2025-04-09
PO000047,S009,P0075,W001,2025-07-27,338,2025-08-02,2025-08-02
PO000048,S011,P0038,W001,2025-10-19,202,2025-10-24,2025-10-24
PO000049,S023,P0097,W006,2025-10-11,904,2025-10-23,2025-10-23
PO000050,S018,P0070,W008,2025-04-28,208,2025-05-02,2025-05-03
PO000051,S011,P0064,W003,2025-12-15,744,2025-12-20,2025-12-20
PO000052,S017,P0007,W002,2025-06-24,146,2025-07-03,2025-07-08
PO000053,S002,P0044,W005,2025-03-17,823,2025-03-30,2025-03-30
PO000054,S003,P0076,W007,2025-04-11,315,2025-04-23,2025-04-25
PO000055,S011,P0007,W003,2025-05-31,42,2025-06-05,2025-06-05
PO000056,S018,P0066,W007,2025-09-27,941,2025-10-01,2025-10-01
PO000057,S003,P0060,W006,2025-03-12,549,2025-03-24,2025-03-25
PO000058,S015,P0001,W008,2025-06-29,98,2025-07-06,2025-07-11
PO000059,S011,P0062,W008,2025-05-04,565,2025-05-09,2025-05-10
PO000060,S011,P0087,W003,2025-10-20,489,2025-10-25,2025-10-27
PO000061,S025,P0089,W005,2025-10-12,943,2025-10-24,2025-10-26
PO000062,S020,P0018,W004,2025-07-14,638,2025-07-25,2025-07-25
PO000063,S025,P0007,W004,2025-08-16,324,2025-08-28,2025-08-30
PO000064,S011,P0054,W005,2025-10-02,467,2025-10-07,2025-10-09
PO000065,S019,P0067,W006,2025-04-16,218,2025-04-22,2025-04-22
PO000066,S001,P0093,W006,2025-01-21,210,2025-02-03,2025-02-03
PO000067,S005,P0010,W001,2025-03-05,251,2025-03-19,2025-03-21
PO000068,S010,P0061,W002,2025-06-14,593,2025-06-25,2025-06-27
PO000069,S010,P0059,W007,2025-01-27,573,2025-02-07,2025-02-07
PO000070,S014,P0059,W004,2025-11-07,43,2025-11-16,2025-11-18
PO000071,S002,P0069,W002,2025-10-12,694,2025-10-25,2025-10-27
PO000072,S004,P0063,W003,2025-05-28,480,2025-06-11,2025-06-11
PO000073,S002,P0098,W007,2025-10-08,202,2025-10-21,2025-10-22
PO000074,S018,P0008,W007,2025-11-22,452,2025-11-26,2025-11-26
PO000075,S013,P0078,W007,2025-11-15,864,2025-11-20,2025-11-20
PO000076,S019,P0055,W003,2025-06-13,626,2025-06-19,2025-06-19
PO000077,S005,P0006,W005,2025-08-12,974,2025-08-26,2025-08-31
PO000078,S020,P0001,W008,2025-09-29,102,2025-10-10,2025-10-10
PO000079,S002,P0056,W008,2025-05-26,112,2025-06-08,2025-06-10
PO000080,S011,P0097,W005,2025-12-22,297,2025-12-27,2025-12-27
PO000081,S018,P0075,W005,2025-01-30,636,2025-02-03,2025-02-06
PO000082,S006,P0088,W007,2025-02-14,104,2025-02-19,2025-02-22
PO000083,S023,P0010,W006,2025-10-02,592,2025-10-14,2025-10-17
PO000084,S010,P0023,W004,2025-02-03,227,2025-02-14,2025-02-16
PO000085,S022,P0016,W002,2025-05-21,689,2025-05-25,2025-05-28
PO000086,S023,P0016,W008,2025-11-14,600,2025-11-26,2025-11-26
PO000087,S017,P0056,W003,2025-08-09,463,2025-08-18,2025-08-18
PO000088,S022,P0095,W002,2025-12-22,793,2025-12-26,2025-12-26
PO000089,S011,P0006,W008,2025-01-22,872,2025-01-27,2025-01-28
PO000090,S019,P0030,W004,2025-06-29,765,2025-07-05,2025-07-05
PO000091,S017,P0063,W007,2025-11-25,389,2025-12-04,2025-12-04
PO000092,S024,P0001,W002,2025-08-19,670,2025-08-30,2025-09-02
PO000093,S004,P0051,W007,2025-02-07,811,2025-02-21,2025-02-22
PO000094,S024,P0089,W002,2025-03-11,495,2025-03-22,2025-03-25
PO000095,S014,P0046,W006,2025-04-26,523,2025-05-05,2025-05-05
PO000096,S020,P0021,W008,2025-08-27,866,2025-09-07,2025-09-07
PO000097,S004,P0099,W005,2025-12-01,250,2025-12-15,2025-12-15
PO000098,S014,P0038,W006,2025-05-28,897,2025-06-06,2025-06-06
PO000099,S004,P0069,W006,2025-01-09,379,2025-01-23,2025-01-23
PO000100,S006,P0063,W007,2025-10-15,582,2025-10-20,2025-10-20
PO000101,S009,P0050,W002,2025-02-19,770,2025-02-25,2025-02-25
PO000102,S021,P0012,W002,2025-12-04,38,2025-12-18,2025-12-18
PO000103,S012,P0069,W006,2025-01-05,709,2025-01-12,2025-01-12
PO000104,S008,P0073,W002,2025-12-09,228,2025-12-18,2025-12-18
PO000105,S024,P0044,W006,2025-05-06,918,2025-05-17,2025-05-18
PO000106,S004,P0052,W001,2025-03-16,150,2025-03-30,2025-03-31
PO000107,S025,P0009,W008,2025-06-14,762,2025-06-26,2025-06-29
PO000108,S025,P0099,W006,2025-10-05,403,2025-10-17,2025-10-17
PO000109,S005,P0065,W003,2025-11-20,111,2025-12-04,2025-12-11
PO000110,S006,P0010,W003,2025-10-27,562,2025-11-01,2025-11-06
PO000111,S005,P0046,W002,2025-10-17,381,2025-10-31,2025-10-31
PO000112,S019,P0100,W006,2025-03-18,780,2025-03-24,2025-03-24
PO000113,S008,P0058,W006,2025-10-25,143,2025-11-03,2025-11-03
PO000114,S009,P0037,W005,2025-05-17,900,2025-05-23,2025-05-24
PO000115,S015,P0052,W008,2025-04-16,962,2025-04-23,2025-04-23
PO000116,S004,P0099,W007,2025-04-05,667,2025-04-19,2025-04-24
PO000117,S025,P0081,W005,2025-05-15,292,2025-05-27,2025-05-27
PO000118,S009,P0013,W005,2025-03-09,374,2025-03-15,2025-03-22
PO000119,S007,P0006,W006,2025-05-27,119,2025-06-10,2025-06-13
PO000120,S008,P0058,W008,2025-06-08,750,2025-06-17,2025-06-22
PO000121,S015,P0048,W006,2025-06-12,635,2025-06-19,2025-06-19
PO000122,S019,P0032,W003,2025-12-07,320,2025-12-13,2025-12-13
PO000123,S015,P0011,W004,2025-07-08,628,2025-07-15,2025-07-17
PO000124,S005,P0081,W002,2025-12-05,847,2025-12-19,2025-12-21
PO000125,S019,P0005,W003,2025-04-05,901,2025-04-11,2025-04-11
PO000126,S007,P0006,W005,2025-06-30,222,2025-07-14,2025-07-16
PO000127,S006,P0074,W003,2025-10-15,40,2025-10-20,2025-10-20
PO000128,S019,P0097,W003,2025-11-18,217,2025-11-24,2025-11-24
PO000129,S025,P0094,W003,2025-07-06,131,2025-07-18,2025-07-18
PO000130,S017,P0021,W008,2025-05-18,168,2025-05-27,2025-06-01
PO000131,S010,P0042,W005,2025-05-10,400,2025-05-21,2025-05-21
PO000132,S019,P0081,W004,2025-07-13,774,2025-07-19,2025-07-21
PO000133,S011,P0027,W001,2025-11-12,973,2025-11-17,2025-11-17
PO000134,S015,P0003,W002,2025-09-30,202,2025-10-07,2025-10-08
PO000135,S010,P0060,W002,2025-12-18,815,2025-12-29,2026-01-03
PO000136,S011,P0093,W007,2025-05-24,356,2025-05-29,2025-05-29
PO000137,S023,P0066,W003,2025-01-16,357,2025-01-28,2025-01-28
PO000138,S003,P0093,W004,2025-10-29,990,2025-11-10,2025-11-10
PO000139,S003,P0049,W005,2025-09-02,833,2025-09-14,2025-09-19
PO000140,S018,P0100,W001,2025-04-17,319,2025-04-21,2025-04-21
PO000141,S025,P0034,W001,2025-03-29,620,2025-04-10,2025-04-10
PO000142,S011,P0037,W003,2025-05-09,241,2025-05-14,2025-05-14
PO000143,S020,P0042,W003,2025-12-07,779,2025-12-18,2025-12-18
PO000144,S022,P0065,W005,2025-01-04,428,2025-01-08,2025-01-08
PO000145,S018,P0060,W007,2025-11-23,986,2025-11-27,2025-12-02
PO000146,S025,P0090,W005,2025-11-02,708,2025-11-14,2025-11-14
PO000147,S015,P0001,W008,2025-04-05,137,2025-04-12,2025-04-12
PO000148,S007,P0059,W006,2025-07-28,193,2025-08-11,2025-08-14
PO000149,S010,P0004,W005,2025-08-13,238,2025-08-24,2025-08-24
PO000150,S021,P0014,W003,2025-12-14,395,2025-12-28,2025-12-29
PO000151,S023,P0018,W004,2025-11-17,749,2025-11-29,2025-12-01
PO000152,S020,P0034,W003,2025-02-16,338,2025-02-27,2025-02-27
PO000153,S010,P0001,W007,2025-06-30,608,2025-07-11,2025-07-11
PO000154,S013,P0053,W003,2025-04-16,107,2025-04-21,2025-04-21
PO000155,S015,P0022,W001,2025-07-18,927,2025-07-25,2025-07-25
PO000156,S023,P0080,W008,2025-04-16,97,2025-04-28,2025-04-28
PO000157,S018,P0061,W005,2025-10-07,460,2025-10-11,2025-10-18
PO000158,S023,P0022,W002,2025-09-17,220,2025-09-29,2025-09-29
PO000159,S004,P0050,W005,2025-04-18,595,2025-05-02,2025-05-05
PO000160,S020,P0016,W006,2025-01-19,434,2025-01-30,2025-01-30
PO000161,S017,P0028,W004,2025-10-23,23,2025-11-01,2025-11-06
PO000162,S003,P0092,W004,2025-11-02,969,2025-11-14,2025-11-16
PO000163,S021,P0086,W005,2025-06-20,102,2025-07-04,2025-07-06
PO000164,S021,P0070,W005,2025-11-27,724,2025-12-11,2025-12-11
PO000165,S002,P0089,W003,2025-07-14,512,2025-07-27,2025-07-27
PO000166,S004,P0042,W002,2025-01-12,25,2025-01-26,2025-01-26
PO000167,S001,P0066,W007,2025-07-14,724,2025-07-27,2025-07-29
PO000168,S015,P0071,W003,2025-10-10,748,2025-10-17,2025-10-20
PO000169,S025,P0081,W008,2025-07-01,366,2025-07-13,2025-07-13
PO000170,S001,P0035,W001,2025-11-01,553,2025-11-14,2025-11-19
PO000171,S006,P0020,W008,2025-05-24,676,2025-05-29,2025-06-03
PO000172,S007,P0002,W001,2025-11-12,974,2025-11-26,2025-11-26
PO000173,S019,P0007,W008,2025-07-01,816,2025-07-07,2025-07-07
PO000174,S012,P0096,W004,2025-01-30,470,2025-02-06,2025-02-08
PO000175,S001,P0049,W004,2025-03-25,164,2025-04-07,2025-04-07
PO000176,S007,P0083,W002,2025-06-15,21,2025-06-29,2025-07-01
PO000177,S019,P0076,W004,2025-10-11,307,2025-10-17,2025-10-19
PO000178,S013,P0009,W006,2025-10-08,937,2025-10-13,2025-10-13
PO000179,S012,P0027,W008,2025-04-06,890,2025-04-13,2025-04-13
PO000180,S012,P0078,W001,2025-09-23,244,2025-09-30,2025-09-30
PO000181,S022,P0002,W002,2025-10-25,973,2025-10-29,2025-11-03
PO000182,S013,P0085,W001,2025-10-23,456,2025-10-28,2025-10-28
PO000183,S014,P0068,W005,2025-08-13,233,2025-08-22,2025-08-22
PO000184,S022,P0060,W005,2025-11-29,962,2025-12-03,2025-12-06
PO000185,S012,P0085,W002,2025-12-27,919,2026-01-03,2026-01-03
PO000186,S020,P0086,W003,2025-02-11,185,2025-02-22,2025-02-23
PO000187,S012,P0049,W006,2025-10-30,392,2025-11-06,2025-11-06
PO000188,S006,P0002,W007,2025-09-03,672,2025-09-08,2025-09-08
PO000189,S010,P0017,W006,2025-07-27,848,2025-08-07,2025-08-07
PO000190,S020,P0083,W008,2025-08-25,526,2025-09-05,2025-09-05
PO000191,S024,P0088,W007,2025-01-22,595,2025-02-02,2025-02-09
PO000192,S009,P0020,W004,2025-07-04,352,2025-07-10,2025-07-10
PO000193,S002,P0076,W007,2025-08-30,231,2025-09-12,2025-09-12
PO000194,S007,P0089,W002,2025-12-29,308,2026-01-12,2026-01-12
PO000195,S009,P0087,W006,2025-10-10,629,2025-10-16,2025-10-16
PO000196,S025,P0098,W007,2025-02-10,185,2025-02-22,2025-02-22
PO000197,S012,P0032,W004,2025-12-02,145,2025-12-09,2025-12-09
PO000198,S005,P0051,W001,2025-06-11,176,2025-06-25,2025-06-30
PO000199,S001,P0088,W007,2025-06-09,781,2025-06-22,2025-06-22
PO000200,S022,P0042,W003,2025-03-30,592,2025-04-03,2025-04-03
PO000201,S015,P0063,W004,2025-11-18,51,2025-11-25,2025-11-25
PO000202,S008,P0089,W005,2025-01-12,926,2025-01-21,2025-01-21
PO000203,S001,P0061,W007,2025-03-14,293,2025-03-27,2025-03-27
PO000204,S018,P0062,W005,2025-03-17,320,2025-03-21,2025-03-21
PO000205,S013,P0003,W001,2025-12-12,40,2025-12-17,2025-12-17
PO000206,S001,P0089,W002,2025-07-20,543,2025-08-02,2025-08-02
PO000207,S005,P0092,W004,2025-01-10,775,2025-01-24,2025-01-24
PO000208,S018,P0076,W007,2025-12-18,634,2025-12-22,2025-12-22
PO000209,S016,P0026,W007,2025-08-14,295,2025-08-25,2025-08-25
PO000210,S010,P0048,W001,2025-06-25,26,2025-07-06,2025-07-06
PO000211,S004,P0008,W007,2025-10-03,878,2025-10-17,2025-10-22
PO000212,S001,P0005,W005,2025-02-08,474,2025-02-21,2025-02-23
PO000213,S023,P0011,W007,2025-03-01,149,2025-03-13,2025-03-20
PO000214,S008,P0042,W008,2025-03-07,318,2025-03-16,2025-03-16
PO000215,S005,P0099,W007,2025-11-17,116,2025-12-01,2025-12-02
PO000216,S002,P0091,W005,2025-05-04,296,2025-05-17,2025-05-17
PO000217,S024,P0041,W005,2025-06-13,304,2025-06-24,2025-06-26
PO000218,S017,P0019,W003,2025-06-08,819,2025-06-17,2025-06-17
PO000219,S007,P0048,W003,2025-02-26,192,2025-03-12,2025-03-12
PO000220,S017,P0053,W005,2025-03-19,351,2025-03-28,2025-03-28
PO000221,S006,P0055,W006,2025-07-13,224,2025-07-18,2025-07-18
PO000222,S022,P0061,W002,2025-10-12,122,2025-10-16,2025-10-16
PO000223,S015,P0032,W003,2025-01-15,644,2025-01-22,2025-01-22
PO000224,S005,P0046,W004,2025-01-12,974,2025-01-26,2025-01-26
PO000225,S015,P0092,W003,2025-04-11,379,2025-04-18,2025-04-23
PO000226,S018,P0036,W004,2025-06-05,150,2025-06-09,2025-06-12
PO000227,S018,P0018,W003,2025-12-06,58,2025-12-10,2025-12-10
PO000228,S025,P0074,W005,2025-05-05,326,2025-05-17,2025-05-17
PO000229,S021,P0096,W007,2025-12-25,903,2026-01-08,2026-01-08
PO000230,S021,P0018,W004,2025-10-07,539,2025-10-21,2025-10-21
PO000231,S023,P0012,W008,2025-04-20,897,2025-05-02,2025-05-02
PO000232,S006,P0072,W007,2025-11-30,65,2025-12-05,2025-12-05
PO000233,S002,P0097,W007,2025-12-23,213,2026-01-05,2026-01-06
PO000234,S017,P0046,W002,2025-05-26,537,2025-06-04,2025-06-04
PO000235,S021,P0055,W003,2025-08-04,899,2025-08-18,2025-08-18
PO000236,S004,P0038,W003,2025-06-11,589,2025-06-25,2025-06-25
PO000237,S012,P0078,W005,2025-05-08,188,2025-05-15,2025-05-15
PO000238,S019,P0002,W004,2025-11-10,141,2025-11-16,2025-11-18
PO000239,S002,P0009,W006,2025-11-28,268,2025-12-11,2025-12-11
PO000240,S002,P0005,W005,2025-05-30,226,2025-06-12,2025-06-12
PO000241,S014,P0098,W007,2025-02-05,134,2025-02-14,2025-02-15
PO000242,S015,P0019,W004,2025-06-22,258,2025-06-29,2025-06-29
PO000243,S020,P0071,W003,2025-01-22,585,2025-02-02,2025-02-02
PO000244,S002,P0039,W003,2025-07-25,95,2025-08-07,2025-08-07
PO000245,S004,P0042,W003,2025-05-07,188,2025-05-21,2025-05-21
PO000246,S019,P0017,W003,2025-12-02,67,2025-12-08,2025-12-08
PO000247,S009,P0063,W008,2025-12-22,755,2025-12-28,2025-12-30
PO000248,S007,P0090,W001,2025-08-05,89,2025-08-19,2025-08-19
PO000249,S013,P0046,W003,2025-04-06,527,2025-04-11,2025-04-11
PO000250,S012,P0091,W003,2025-06-13,174,2025-06-20,2025-06-25
PO000251,S003,P0092,W006,2025-05-28,578,2025-06-09,2025-06-09
PO000252,S013,P0020,W006,2025-01-18,480,2025-01-23,2025-01-30
PO000253,S015,P0070,W004,2025-10-21,392,2025-10-28,2025-10-28
PO000254,S014,P0008,W007,2025-07-14,810,2025-07-23,2025-07-24
PO000255,S024,P0096,W003,2025-05-31,221,2025-06-11,2025-06-12
PO000256,S009,P0019,W003,2025-12-31,673,2026-01-06,2026-01-09
PO000257,S013,P0032,W008,2025-05-03,336,2025-05-08,2025-05-08
PO000258,S023,P0019,W004,2025-07-06,470,2025-07-18,2025-07-18
PO000259,S022,P0024,W007,2025-05-29,657,2025-06-02,2025-06-02
PO000260,S004,P0024,W003,2025-04-14,863,2025-04-28,2025-05-03
PO000261,S021,P0056,W008,2025-08-31,684,2025-09-14,2025-09-14
PO000262,S008,P0081,W003,2025-08-19,596,2025-08-28,2025-09-02
PO000263,S003,P0018,W005,2025-07-25,115,2025-08-06,2025-08-06
PO000264,S002,P0012,W001,2025-07-17,939,2025-07-30,2025-07-30
PO000265,S019,P0041,W004,2025-12-03,712,2025-12-09,2025-12-09
PO000266,S023,P0087,W005,2025-03-28,515,2025-04-09,2025-04-09
PO000267,S008,P0048,W006,2025-05-22,381,2025-05-31,2025-06-03
PO000268,S017,P0082,W007,2025-11-13,476,2025-11-22,2025-11-22
PO000269,S013,P0064,W002,2025-07-18,197,2025-07-23,2025-07-28
PO000270,S007,P0016,W002,2025-02-15,148,2025-03-01,2025-03-01
PO000271,S009,P0080,W006,2025-10-15,509,2025-10-21,2025-10-22
PO000272,S012,P0100,W001,2025-01-15,58,2025-01-22,2025-01-23
PO000273,S014,P0023,W007,2025-02-13,477,2025-02-22,2025-02-22
PO000274,S014,P0086,W007,2025-06-18,831,2025-06-27,2025-06-27
PO000275,S015,P0039,W008,2025-11-06,892,2025-11-13,2025-11-13
PO000276,S003,P0033,W002,2025-02-13,369,2025-02-25,2025-02-25
PO000277,S015,P0024,W001,2025-04-08,664,2025-04-15,2025-04-20
PO000278,S019,P0061,W002,2025-09-18,910,2025-09-24,2025-09-29
PO000279,S024,P0055,W002,2025-04-19,471,2025-04-30,2025-05-01
PO000280,S020,P0061,W007,2025-10-10,399,2025-10-21,2025-10-22
PO000281,S014,P0084,W008,2025-12-09,128,2025-12-18,2025-12-18
PO000282,S008,P0097,W005,2025-04-14,603,2025-04-23,2025-04-23
PO000283,S005,P0095,W007,2025-09-13,227,2025-09-27,2025-09-29
PO000284,S019,P0040,W002,2025-07-25,596,2025-07-31,2025-07-31
PO000285,S004,P0058,W007,2025-12-01,260,2025-12-15,2025-12-16
PO000286,S014,P0072,W006,2025-02-12,610,2025-02-21,2025-02-23
PO000287,S016,P0074,W001,2025-12-19,107,2025-12-30,2025-12-30
PO000288,S020,P0001,W003,2025-09-02,418,2025-09-13,2025-09-13
PO000289,S024,P0085,W007,2025-10-14,709,2025-10-25,2025-10-27
PO000290,S006,P0025,W007,2025-12-21,281,2025-12-26,2025-12-26
PO000291,S023,P0096,W003,2025-09-30,597,2025-10-12,2025-10-14
PO000292,S025,P0053,W003,2025-03-24,344,2025-04-05,2025-04-05
PO000293,S006,P0061,W001,2025-04-20,390,2025-04-25,2025-04-25
PO000294,S003,P0046,W008,2025-07-09,954,2025-07-21,2025-07-21
PO000295,S015,P0074,W001,2025-10-15,124,2025-10-22,2025-10-23
PO000296,S003,P0060,W003,2025-09-08,117,2025-09-20,2025-09-20
PO000297,S011,P0051,W006,2025-07-31,506,2025-08-05,2025-08-05
PO000298,S003,P0073,W002,2025-10-18,115,2025-10-30,2025-10-30
PO000299,S010,P0084,W003,2025-05-13,944,2025-05-24,2025-05-24
PO000300,S018,P0048,W004,2025-07-20,491,2025-07-24,2025-07-24
PO000301,S001,P0084,W007,2025-10-12,65,2025-10-25,2025-10-25
PO000302,S016,P0040,W001,2025-11-22,909,2025-12-03,2025-12-03
PO000303,S016,P0007,W004,2025-04-05,50,2025-04-16,2025-04-16
PO000304,S010,P0075,W004,2025-10-05,427,2025-10-16,2025-10-16
PO000305,S001,P0085,W001,2025-11-21,394,2025-12-04,2025-12-04
PO000306,S004,P0019,W008,2025-08-07,401,2025-08-21,2025-08-21
PO000307,S003,P0015,W007,2025-03-30,930,2025-04-11,2025-04-11
PO000308,S005,P0070,W003,2025-03-13,735,2025-03-27,2025-03-27
PO000309,S012,P0061,W006,2025-09-04,679,2025-09-11,2025-09-18
PO000310,S025,P0056,W005,2025-05-09,663,2025-05-21,2025-05-21
PO000311,S012,P0010,W008,2025-07-31,717,2025-08-07,2025-08-07
PO000312,S013,P0046,W008,2025-12-09,992,2025-12-14,2025-12-14
PO000313,S024,P0080,W004,2025-04-06,720,2025-04-17,2025-04-20
PO000314,S012,P0075,W003,2025-03-16,508,2025-03-23,2025-03-28
PO000315,S025,P0057,W005,2025-02-23,658,2025-03-07,2025-03-07
PO000316,S016,P0035,W007,2025-12-10,895,2025-12-21,2025-12-23
PO000317,S013,P0072,W004,2025-02-23,925,2025-02-28,2025-02-28
PO000318,S005,P0092,W003,2025-08-06,828,2025-08-20,2025-08-20
PO000319,S024,P0003,W004,2025-01-16,328,2025-01-27,2025-01-27
PO000320,S004,P0066,W008,2025-04-09,618,2025-04-23,2025-04-23
PO000321,S021,P0053,W003,2025-01-20,986,2025-02-03,2025-02-03
PO000322,S015,P0078,W008,2025-02-15,652,2025-02-22,2025-02-22
PO000323,S012,P0052,W007,2025-07-12,863,2025-07-19,2025-07-19
PO000324,S019,P0093,W006,2025-02-27,835,2025-03-05,2025-03-06
PO000325,S021,P0053,W007,2025-04-21,930,2025-05-05,2025-05-05
PO000326,S019,P0054,W002,2025-05-09,154,2025-05-15,2025-05-15
PO000327,S021,P0047,W002,2025-12-03,347,2025-12-17,2025-12-17
PO000328,S011,P0003,W007,2025-07-13,218,2025-07-18,2025-07-18
PO000329,S021,P0065,W001,2025-12-06,702,2025-12-20,2025-12-20
PO000330,S006,P0015,W005,2025-11-22,279,2025-11-27,2025-11-27
PO000331,S009,P0084,W007,2025-01-08,143,2025-01-14,2025-01-14
PO000332,S001,P0086,W007,2025-01-29,773,2025-02-11,2025-02-11
PO000333,S012,P0034,W004,2025-04-22,966,2025-04-29,2025-05-02
PO000334,S014,P0050,W004,2025-06-10,602,2025-06-19,2025-06-19
PO000335,S006,P0033,W003,2025-05-11,401,2025-05-16,2025-05-16
PO000336,S001,P0073,W005,2025-07-07,526,2025-07-20,2025-07-20
PO000337,S022,P0003,W008,2025-06-12,590,2025-06-16,2025-06-23
PO000338,S002,P0002,W004,2025-07-16,128,2025-07-29,2025-07-29
PO000339,S024,P0004,W005,2025-12-30,60,2026-01-10,2026-01-10
PO000340,S011,P0016,W007,2025-07-23,464,2025-07-28,2025-07-28
PO000341,S003,P0054,W005,2025-07-31,817,2025-08-12,2025-08-12
PO000342,S010,P0033,W002,2025-04-19,910,2025-04-30,2025-04-30
PO000343,S006,P0009,W008,2025-10-03,165,2025-10-08,2025-10-08
PO000344,S006,P0057,W004,2025-03-14,817,2025-03-19,2025-03-19
PO000345,S020,P0040,W004,2025-06-16,922,2025-06-27,2025-06-27
PO000346,S021,P0052,W001,2025-09-17,583,2025-10-01,2025-10-01
PO000347,S002,P0082,W005,2025-08-31,195,2025-09-13,2025-09-15
PO000348,S024,P0016,W003,2025-10-02,298,2025-10-13,2025-10-13
PO000349,S010,P0008,W008,2025-04-12,399,2025-04-23,2025-04-26
PO000350,S023,P0087,W002,2025-06-22,184,2025-07-04,2025-07-04
PO000351,S006,P0060,W007,2025-06-20,858,2025-06-25,2025-06-26
PO000352,S023,P0036,W001,2025-05-21,505,2025-06-02,2025-06-02
PO000353,S017,P0003,W002,2025-07-07,783,2025-07-16,2025-07-16
PO000354,S014,P0015,W003,2025-03-27,634,2025-04-05,2025-04-06
PO000355,S005,P0097,W001,2025-02-21,584,2025-03-07,2025-03-09
PO000356,S023,P0082,W002,2025-04-21,786,2025-05-03,2025-05-03
PO000357,S017,P0023,W003,2025-12-31,380,2026-01-09,2026-01-11
PO000358,S002,P0003,W006,2025-12-08,192,2025-12-21,2025-12-22
PO000359,S009,P0030,W001,2025-02-12,782,2025-02-18,2025-02-18
PO000360,S012,P0045,W003,2025-07-30,196,2025-08-06,2025-08-09
PO000361,S019,P0017,W001,2025-07-19,68,2025-07-25,2025-07-25
PO000362,S022,P0058,W004,2025-10-25,130,2025-10-29,2025-10-29
PO000363,S007,P0058,W004,2025-12-12,229,2025-12-26,2025-12-26
PO000364,S009,P0096,W002,2025-08-28,779,2025-09-03,2025-09-03
PO000365,S021,P0057,W008,2025-04-25,706,2025-05-09,2025-05-12
PO000366,S016,P0007,W005,2025-01-26,638,2025-02-06,2025-02-06
PO000367,S020,P0039,W006,2025-10-26,684,2025-11-06,2025-11-06
PO000368,S011,P0078,W007,2025-03-18,878,2025-03-23,2025-03-26
PO000369,S012,P0058,W005,2025-05-17,174,2025-05-24,2025-05-26
PO000370,S015,P0056,W007,2025-01-20,671,2025-01-27,2025-01-27
PO000371,S018,P0015,W007,2025-07-30,682,2025-08-03,2025-08-03
PO000372,S019,P0044,W007,2025-08-28,292,2025-09-03,2025-09-04
PO000373,S016,P0012,W003,2025-02-08,575,2025-02-19,2025-02-19
PO000374,S015,P0008,W001,2025-09-25,602,2025-10-02,2025-10-02
PO000375,S005,P0080,W004,2025-07-26,656,2025-08-09,2025-08-09
PO000376,S011,P0041,W005,2025-09-24,683,2025-09-29,2025-09-29
PO000377,S015,P0034,W008,2025-06-03,474,2025-06-10,2025-06-10
PO000378,S018,P0046,W007,2025-02-11,880,2025-02-15,2025-02-15
PO000379,S013,P0088,W004,2025-01-11,335,2025-01-16,2025-01-17
PO000380,S004,P0029,W007,2025-10-21,840,2025-11-04,2025-11-04
PO000381,S017,P0016,W006,2025-04-08,751,2025-04-17,2025-04-17
PO000382,S004,P0005,W003,2025-10-02,234,2025-10-16,2025-10-16
PO000383,S016,P0005,W008,2025-08-18,349,2025-08-29,2025-08-29
PO000384,S023,P0030,W006,2025-08-08,163,2025-08-20,2025-08-20
PO000385,S015,P0050,W006,2025-03-06,638,2025-03-13,2025-03-13
PO000386,S014,P0005,W003,2025-12-21,373,2025-12-30,2025-12-30
PO000387,S012,P0013,W001,2025-08-20,300,2025-08-27,2025-08-28
PO000388,S003,P0099,W008,2025-11-24,341,2025-12-06,2025-12-07
PO000389,S010,P0049,W006,2025-02-21,325,2025-03-04,2025-03-04
PO000390,S008,P0089,W005,2025-09-20,856,2025-09-29,2025-09-29
PO000391,S006,P0050,W007,2025-09-24,865,2025-09-29,2025-10-02
PO000392,S022,P0014,W003,2025-12-25,498,2025-12-29,2025-12-31
PO000393,S014,P0046,W003,2025-11-13,955,2025-11-22,2025-11-29
PO000394,S017,P0090,W007,2025-11-20,409,2025-11-29,2025-11-29
PO000395,S021,P0082,W004,2025-06-03,83,2025-06-17,2025-06-22
PO000396,S019,P0084,W002,2025-12-24,815,2025-12-30,2025-12-30
PO000397,S016,P0034,W008,2025-05-20,284,2025-05-31,2025-05-31
PO000398,S015,P0071,W006,2025-02-20,25,2025-02-27,2025-02-27
PO000399,S015,P0047,W005,2025-04-27,932,2025-05-04,2025-05-04
PO000400,S001,P0060,W001,2025-02-15,187,2025-02-28,2025-02-28
PO000401,S024,P0074,W006,2025-11-05,374,2025-11-16,2025-11-16
PO000402,S023,P0079,W007,2025-03-29,991,2025-04-10,2025-04-13
PO000403,S023,P0081,W001,2025-07-27,192,2025-08-08,2025-08-08
PO000404,S012,P0011,W004,2025-09-26,869,2025-10-03,2025-10-08
PO000405,S010,P0098,W006,2025-03-30,138,2025-04-10,2025-04-10
PO000406,S014,P0091,W001,2025-04-28,958,2025-05-07,2025-05-07
PO000407,S010,P0085,W006,2025-02-23,245,2025-03-06,2025-03-06
PO000408,S010,P0095,W003,2025-04-26,193,2025-05-07,2025-05-07
PO000409,S020,P0050,W006,2025-04-28,978,2025-05-09,2025-05-10
PO000410,S011,P0004,W005,2025-09-17,148,2025-09-22,2025-09-22
PO000411,S022,P0041,W006,2025-03-16,206,2025-03-20,2025-03-20
PO000412,S016,P0059,W001,2025-11-01,82,2025-11-12,2025-11-13
PO000413,S009,P0060,W005,2025-01-07,994,2025-01-13,2025-01-13
PO000414,S015,P0081,W001,2025-05-02,912,2025-05-09,2025-05-09
PO000415,S014,P0062,W008,2025-01-11,293,2025-01-20,2025-01-20
PO000416,S019,P0084,W007,2025-12-14,617,2025-12-20,2025-12-20
PO000417,S009,P0025,W007,2025-08-03,229,2025-08-09,2025-08-10
PO000418,S004,P0087,W002,2025-10-06,212,2025-10-20,2025-10-20
PO000419,S021,P0079,W002,2025-01-28,769,2025-02-11,2025-02-11
PO000420,S007,P0033,W005,2025-08-23,551,2025-09-06,2025-09-06
PO000421,S022,P0019,W007,2025-11-09,971,2025-11-13,2025-11-14
PO000422,S008,P0057,W002,2025-01-26,201,2025-02-04,2025-02-07
PO000423,S024,P0015,W002,2025-02-23,579,2025-03-06,2025-03-06
PO000424,S008,P0041,W003,2025-01-29,247,2025-02-07,2025-02-07
PO000425,S019,P0069,W001,2025-12-19,585,2025-12-25,2025-12-25
PO000426,S015,P0080,W002,2025-06-13,633,2025-06-20,2025-06-20
PO000427,S016,P0060,W005,2025-09-27,108,2025-10-08,2025-10-08
PO000428,S022,P0096,W003,2025-11-30,163,2025-12-04,2025-12-06
PO000429,S023,P0022,W007,2025-02-04,679,2025-02-16,2025-02-18
PO000430,S009,P0043,W002,2025-10-13,761,2025-10-19,2025-10-19
PO000431,S012,P0032,W006,2025-12-14,834,2025-12-21,2025-12-21
PO000432,S016,P0013,W007,2025-09-30,269,2025-10-11,2025-10-11
PO000433,S004,P0038,W005,2025-07-27,244,2025-08-10,2025-08-13
PO000434,S005,P0026,W001,2025-08-26,922,2025-09-09,2025-09-12
PO000435,S008,P0081,W008,2025-04-03,938,2025-04-12,2025-04-12
PO000436,S001,P0005,W007,2025-06-22,990,2025-07-05,2025-07-05
PO000437,S006,P0049,W006,2025-03-20,692,2025-03-25,2025-03-25
PO000438,S015,P0097,W007,2025-04-20,187,2025-04-27,2025-04-27
PO000439,S004,P0091,W002,2025-08-05,129,2025-08-19,2025-08-19
PO000440,S021,P0005,W005,2025-12-24,792,2026-01-07,2026-01-07
PO000441,S011,P0071,W006,2025-04-16,192,2025-04-21,2025-04-21
PO000442,S005,P0048,W008,2025-02-16,530,2025-03-02,2025-03-02
PO000443,S018,P0018,W005,2025-06-30,898,2025-07-04,2025-07-04
PO000444,S024,P0095,W004,2025-03-05,316,2025-03-16,2025-03-16
PO000445,S015,P0006,W007,2025-09-03,923,2025-09-10,2025-09-11
PO000446,S018,P0066,W006,2025-09-01,262,2025-09-05,2025-09-05
PO000447,S020,P0077,W005,2025-11-16,228,2025-11-27,2025-11-30
PO000448,S013,P0042,W006,2025-03-28,262,2025-04-02,2025-04-02
PO000449,S005,P0052,W004,2025-08-05,273,2025-08-19,2025-08-19
PO000450,S001,P0011,W001,2025-01-07,101,2025-01-20,2025-01-20
PO000451,S022,P0026,W008,2025-10-05,453,2025-10-09,2025-10-09
PO000452,S018,P0021,W001,2025-12-03,494,2025-12-07,2025-12-07
PO000453,S014,P0066,W007,2025-07-29,562,2025-08-07,2025-08-07
PO000454,S005,P0040,W003,2025-06-18,23,2025-07-02,2025-07-05
PO000455,S006,P0056,W006,2025-11-26,213,2025-12-01,2025-12-02
PO000456,S024,P0051,W004,2025-05-18,75,2025-05-29,2025-06-01
PO000457,S025,P0020,W008,2025-11-02,280,2025-11-14,2025-11-14
PO000458,S016,P0081,W005,2025-08-18,612,2025-08-29,2025-08-29
PO000459,S022,P0080,W003,2025-11-04,585,2025-11-08,2025-11-08
PO000460,S021,P0057,W006,2025-06-10,399,2025-06-24,2025-06-25
PO000461,S012,P0005,W003,2025-01-01,506,2025-01-08,2025-01-15
PO000462,S020,P0014,W008,2025-08-24,115,2025-09-04,2025-09-06
PO000463,S018,P0024,W006,2025-07-07,880,2025-07-11,2025-07-11
PO000464,S002,P0068,W007,2025-01-04,355,2025-01-17,2025-01-17
PO000465,S023,P0052,W007,2025-05-12,788,2025-05-24,2025-05-24
PO000466,S021,P0048,W001,2025-08-06,735,2025-08-20,2025-08-20
PO000467,S023,P0088,W005,2025-09-17,742,2025-09-29,2025-09-29
PO000468,S013,P0047,W004,2025-01-01,348,2025-01-06,2025-01-06
PO000469,S017,P0060,W007,2025-03-12,515,2025-03-21,2025-03-21
PO000470,S017,P0073,W001,2025-06-27,848,2025-07-06,2025-07-06
PO000471,S016,P0003,W003,2025-07-08,657,2025-07-19,2025-07-19
PO000472,S021,P0009,W002,2025-10-18,538,2025-11-01,2025-11-03
PO000473,S018,P0082,W007,2025-01-08,945,2025-01-12,2025-01-12
PO000474,S008,P0100,W003,2025-09-10,144,2025-09-19,2025-09-19
PO000475,S003,P0083,W008,2025-10-19,802,2025-10-31,2025-10-31
PO000476,S017,P0024,W002,2025-09-01,639,2025-09-10,2025-09-10
PO000477,S018,P0004,W006,2025-05-03,279,2025-05-07,2025-05-07
PO000478,S023,P0009,W001,2025-10-26,850,2025-11-07,2025-11-10
PO000479,S006,P0097,W006,2025-10-10,601,2025-10-15,2025-10-15
PO000480,S008,P0001,W004,2025-02-01,569,2025-02-10,2025-02-10
PO000481,S023,P0035,W005,2025-11-30,706,2025-12-12,2025-12-12
PO000482,S013,P0074,W007,2025-05-26,719,2025-05-31,2025-05-31
PO000483,S008,P0012,W002,2025-06-05,758,2025-06-14,2025-06-14
PO000484,S019,P0018,W007,2025-01-16,789,2025-01-22,2025-01-22
PO000485,S006,P0078,W005,2025-12-21,728,2025-12-26,2025-12-26
PO000486,S023,P0010,W006,2025-02-16,27,2025-02-28,2025-03-05
PO000487,S015,P0074,W001,2025-09-08,582,2025-09-15,2025-09-15
PO000488,S010,P0018,W001,2025-07-06,392,2025-07-17,2025-07-18
PO000489,S017,P0024,W006,2025-01-31,241,2025-02-09,2025-02-09
PO000490,S001,P0001,W006,2025-09-17,899,2025-09-30,2025-09-30
PO000491,S007,P0094,W001,2025-01-17,550,2025-01-31,2025-01-31
PO000492,S013,P0079,W004,2025-02-08,369,2025-02-13,2025-02-15
PO000493,S003,P0072,W002,2025-10-31,778,2025-11-12,2025-11-13
PO000494,S019,P0099,W005,2025-02-08,50,2025-02-14,2025-02-14
PO000495,S015,P0082,W003,2025-05-12,611,2025-05-19,2025-05-19
PO000496,S005,P0016,W007,2025-01-30,377,2025-02-13,2025-02-18
PO000497,S011,P0085,W006,2025-06-07,41,2025-06-12,2025-06-15
PO000498,S022,P0015,W006,2025-10-05,308,2025-10-09,2025-10-09
PO000499,S018,P0062,W007,2025-07-22,773,2025-07-26,2025-07-26
PO000500,S003,P0005,W001,2025-03-07,233,2025-03-19,2025-03-21
PO000501,S006,P0045,W005,2025-04-18,731,2025-04-23,2025-04-23
PO000502,S003,P0052,W005,2025-09-25,184,2025-10-07,2025-10-08
PO000503,S005,P0071,W004,2025-08-10,159,2025-08-24,2025-08-24
PO000504,S009,P0007,W002,2025-10-19,389,2025-10-25,2025-10-26
PO000505,S019,P0027,W004,2025-01-18,984,2025-01-24,2025-01-24
PO000506,S013,P0089,W008,2025-03-31,339,2025-04-05,2025-04-05
PO000507,S006,P0086,W004,2025-06-30,428,2025-07-05,2025-07-05
PO000508,S011,P0013,W008,2025-09-12,457,2025-09-17,2025-09-20
PO000509,S021,P0017,W005,2025-09-10,816,2025-09-24,2025-09-25
PO000510,S021,P0044,W002,2025-09-14,32,2025-09-28,2025-10-01
PO000511,S014,P0013,W002,2025-12-12,520,2025-12-21,2025-12-24
PO000512,S006,P0090,W008,2025-03-28,45,2025-04-02,2025-04-02
PO000513,S006,P0073,W002,2025-03-31,553,2025-04-05,2025-04-05
PO000514,S017,P0005,W007,2025-08-25,880,2025-09-03,2025-09-03
PO000515,S011,P0033,W001,2025-03-11,95,2025-03-16,2025-03-19
PO000516,S015,P0004,W002,2025-02-13,385,2025-02-20,2025-02-20
PO000517,S009,P0092,W005,2025-07-19,510,2025-07-25,2025-07-25
PO000518,S021,P0026,W007,2025-06-01,111,2025-06-15,2025-06-15
PO000519,S017,P0068,W001,2025-03-27,860,2025-04-05,2025-04-05
PO000520,S024,P0016,W003,2025-01-19,906,2025-01-30,2025-01-31
PO000521,S007,P0022,W008,2025-04-11,285,2025-04-25,2025-04-26
PO000522,S007,P0036,W006,2025-04-05,579,2025-04-19,2025-04-19
PO000523,S021,P0058,W004,2025-09-11,518,2025-09-25,2025-09-28
PO000524,S001,P0055,W002,2025-12-23,189,2026-01-05,2026-01-05
PO000525,S025,P0035,W008,2025-01-30,365,2025-02-11,2025-02-11
PO000526,S025,P0025,W003,2025-09-06,776,2025-09-18,2025-09-21
PO000527,S008,P0072,W002,2025-02-02,247,2025-02-11,2025-02-11
PO000528,S005,P0081,W004,2025-08-17,718,2025-08-31,2025-08-31
PO000529,S019,P0061,W005,2025-01-12,968,2025-01-18,2025-01-19
PO000530,S008,P0018,W005,2025-04-28,699,2025-05-07,2025-05-10
PO000531,S017,P0058,W004,2025-12-16,222,2025-12-25,2025-12-26
PO000532,S019,P0076,W003,2025-06-04,465,2025-06-10,2025-06-12
PO000533,S012,P0057,W008,2025-09-03,537,2025-09-10,2025-09-10
PO000534,S023,P0097,W001,2025-11-28,151,2025-12-10,2025-12-10
PO000535,S015,P0087,W006,2025-09-04,264,2025-09-11,2025-09-14
PO000536,S004,P0063,W006,2025-01-29,110,2025-02-12,2025-02-12
PO000537,S023,P0012,W008,2025-06-10,842,2025-06-22,2025-06-22
PO000538,S012,P0011,W006,2025-08-23,145,2025-08-30,2025-08-30
PO000539,S013,P0013,W001,2025-07-09,491,2025-07-14,2025-07-15
PO000540,S014,P0035,W002,2025-04-27,984,2025-05-06,2025-05-06
PO000541,S005,P0027,W008,2025-09-28,261,2025-10-12,2025-10-13
PO000542,S022,P0089,W004,2025-09-15,521,2025-09-19,2025-09-19
PO000543,S016,P0067,W004,2025-06-29,780,2025-07-10,2025-07-10
PO000544,S007,P0089,W001,2025-06-21,406,2025-07-05,2025-07-06
PO000545,S015,P0045,W003,2025-10-01,26,2025-10-08,2025-10-08
PO000546,S013,P0074,W006,2025-09-16,107,2025-09-21,2025-09-21
PO000547,S016,P0081,W008,2025-05-15,617,2025-05-26,2025-05-29
PO000548,S012,P0067,W007,2025-06-20,927,2025-06-27,2025-06-28
PO000549,S007,P0022,W004,2025-07-29,886,2025-08-12,2025-08-12
PO000550,S016,P0078,W008,2025-08-24,164,2025-09-04,2025-09-04
PO000551,S023,P0091,W005,2025-07-05,470,2025-07-17,2025-07-17
PO000552,S023,P0042,W005,2025-12-30,350,2026-01-11,2026-01-11
PO000553,S013,P0020,W007,2025-04-05,729,2025-04-10,2025-04-10
PO000554,S023,P0048,W004,2025-01-11,894,2025-01-23,2025-01-23
PO000555,S003,P0018,W006,2025-03-09,183,2025-03-21,2025-03-21
PO000556,S015,P0077,W006,2025-07-29,676,2025-08-05,2025-08-05
PO000557,S003,P0070,W006,2025-07-15,361,2025-07-27,2025-07-27
PO000558,S007,P0074,W003,2025-04-08,20,2025-04-22,2025-04-22
PO000559,S018,P0093,W005,2025-04-03,139,2025-04-07,2025-04-14
PO000560,S014,P0006,W003,2025-01-22,598,2025-01-31,2025-02-07
PO000561,S018,P0039,W001,2025-06-21,483,2025-06-25,2025-06-25
PO000562,S019,P0011,W002,2025-05-14,886,2025-05-20,2025-05-22
PO000563,S014,P0025,W006,2025-01-25,481,2025-02-03,2025-02-04
PO000564,S020,P0094,W001,2025-07-04,68,2025-07-15,2025-07-15
PO000565,S006,P0055,W002,2025-03-26,838,2025-03-31,2025-03-31
PO000566,S008,P0084,W007,2025-02-24,346,2025-03-05,2025-03-05
PO000567,S007,P0058,W005,2025-09-08,493,2025-09-22,2025-09-22
PO000568,S020,P0037,W002,2025-05-24,907,2025-06-04,2025-06-04
PO000569,S018,P0016,W008,2025-12-17,958,2025-12-21,2025-12-26
PO000570,S018,P0095,W002,2025-06-16,387,2025-06-20,2025-06-22
PO000571,S015,P0093,W004,2025-08-12,306,2025-08-19,2025-08-22
PO000572,S020,P0070,W002,2025-08-08,43,2025-08-19,2025-08-22
PO000573,S022,P0093,W004,2025-06-28,742,2025-07-02,2025-07-04
PO000574,S019,P0096,W002,2025-04-29,312,2025-05-05,2025-05-05
PO000575,S022,P0073,W004,2025-09-22,468,2025-09-26,2025-09-26
PO000576,S021,P0037,W005,2025-05-30,82,2025-06-13,2025-06-13
PO000577,S021,P0053,W005,2025-08-03,587,2025-08-17,2025-08-18
PO000578,S002,P0087,W008,2025-07-16,477,2025-07-29,2025-07-29
PO000579,S008,P0016,W002,2025-02-11,549,2025-02-20,2025-02-23
PO000580,S021,P0018,W007,2025-02-22,893,2025-03-08,2025-03-15
PO000581,S011,P0019,W007,2025-11-26,980,2025-12-01,2025-12-01
PO000582,S018,P0044,W003,2025-09-08,432,2025-09-12,2025-09-12
PO000583,S023,P0002,W007,2025-10-22,608,2025-11-03,2025-11-06
PO000584,S013,P0058,W008,2025-09-28,279,2025-10-03,2025-10-03
PO000585,S009,P0010,W005,2025-05-03,652,2025-05-09,2025-05-09
PO000586,S009,P0076,W001,2025-12-05,927,2025-12-11,2025-12-14
PO000587,S017,P0046,W007,2025-09-23,203,2025-10-02,2025-10-03
PO000588,S007,P0082,W001,2025-12-14,67,2025-12-28,2025-12-28
PO000589,S009,P0019,W004,2025-01-29,166,2025-02-04,2025-02-07
PO000590,S022,P0038,W003,2025-02-04,813,2025-02-08,2025-02-08
PO000591,S001,P0037,W008,2025-01-06,895,2025-01-19,2025-01-19
PO000592,S002,P0091,W008,2025-04-21,825,2025-05-04,2025-05-04
PO000593,S004,P0078,W006,2025-10-21,611,2025-11-04,2025-11-04
PO000594,S014,P0045,W004,2025-03-18,767,2025-03-27,2025-03-27
PO000595,S004,P0034,W002,2025-12-15,428,2025-12-29,2026-01-03
PO000596,S002,P0002,W007,2025-05-27,459,2025-06-09,2025-06-09
PO000597,S008,P0044,W008,2025-03-08,477,2025-03-17,2025-03-17
PO000598,S018,P0097,W005,2025-01-08,248,2025-01-12,2025-01-12
PO000599,S019,P0083,W003,2025-05-02,303,2025-05-08,2025-05-08
PO000600,S014,P0027,W004,2025-12-06,592,2025-12-15,2025-12-18
PO000601,S020,P0048,W004,2025-06-24,751,2025-07-05,2025-07-05
PO000602,S025,P0094,W001,2025-06-28,364,2025-07-10,2025-07-10
PO000603,S010,P0007,W002,2025-03-26,620,2025-04-06,2025-04-06
PO000604,S017,P0027,W004,2025-02-14,966,2025-02-23,2025-02-25
PO000605,S008,P0085,W008,2025-05-16,927,2025-05-25,2025-05-25
PO000606,S014,P0071,W001,2025-12-09,283,2025-12-18,2025-12-18
PO000607,S021,P0089,W003,2025-01-16,759,2025-01-30,2025-02-06
PO000608,S023,P0018,W004,2025-11-29,397,2025-12-11,2025-12-11
PO000609,S008,P0033,W006,2025-07-14,122,2025-07-23,2025-07-23
PO000610,S005,P0033,W006,2025-01-09,973,2025-01-23,2025-01-30
PO000611,S016,P0096,W001,2025-11-12,619,2025-11-23,2025-11-24
PO000612,S008,P0025,W006,2025-11-30,42,2025-12-09,2025-12-10
PO000613,S010,P0014,W008,2025-11-29,312,2025-12-10,2025-12-10
PO000614,S008,P0038,W002,2025-11-23,286,2025-12-02,2025-12-02
PO000615,S009,P0038,W008,2025-01-15,548,2025-01-21,2025-01-21
PO000616,S018,P0004,W005,2025-11-23,495,2025-11-27,2025-12-04
PO000617,S003,P0062,W006,2025-04-12,971,2025-04-24,2025-05-01
PO000618,S017,P0082,W008,2025-08-14,968,2025-08-23,2025-08-23
PO000619,S020,P0010,W003,2025-10-05,470,2025-10-16,2025-10-16
PO000620,S015,P0035,W004,2025-04-23,917,2025-04-30,2025-04-30
PO000621,S021,P0099,W008,2025-01-01,304,2025-01-15,2025-01-15
PO000622,S017,P0023,W001,2025-09-23,332,2025-10-02,2025-10-02
PO000623,S008,P0089,W004,2025-07-27,181,2025-08-05,2025-08-06
PO000624,S002,P0065,W005,2025-04-20,609,2025-05-03,2025-05-06
PO000625,S017,P0082,W008,2025-07-19,141,2025-07-28,2025-07-29
PO000626,S018,P0079,W004,2025-11-02,500,2025-11-06,2025-11-06
PO000627,S005,P0025,W004,2025-01-12,131,2025-01-26,2025-01-28
PO000628,S009,P0096,W001,2025-12-11,258,2025-12-17,2025-12-18
PO000629,S009,P0053,W008,2025-07-07,229,2025-07-13,2025-07-13
PO000630,S002,P0084,W005,2025-06-03,368,2025-06-16,2025-06-16
PO000631,S002,P0017,W003,2025-11-30,530,2025-12-13,2025-12-13
PO000632,S019,P0057,W001,2025-10-06,21,2025-10-12,2025-10-13
PO000633,S023,P0075,W007,2025-06-20,911,2025-07-02,2025-07-07
PO000634,S003,P0077,W005,2025-05-14,734,2025-05-26,2025-05-26
PO000635,S017,P0089,W005,2025-01-25,818,2025-02-03,2025-02-08
PO000636,S014,P0020,W004,2025-01-18,648,2025-01-27,2025-01-27
PO000637,S014,P0025,W002,2025-07-09,900,2025-07-18,2025-07-20
PO000638,S014,P0042,W002,2025-05-21,480,2025-05-30,2025-06-02
PO000639,S006,P0045,W008,2025-02-12,831,2025-02-17,2025-02-17
PO000640,S003,P0031,W003,2025-11-30,914,2025-12-12,2025-12-17
PO000641,S001,P0065,W004,2025-10-11,877,2025-10-24,2025-10-24
PO000642,S016,P0052,W002,2025-05-26,971,2025-06-06,2025-06-06
PO000643,S004,P0080,W001,2025-11-11,501,2025-11-25,2025-11-25
PO000644,S001,P0092,W008,2025-11-15,969,2025-11-28,2025-11-28
PO000645,S017,P0021,W003,2025-04-02,968,2025-04-11,2025-04-16
PO000646,S018,P0030,W004,2025-06-28,645,2025-07-02,2025-07-02
PO000647,S008,P0003,W006,2025-02-25,605,2025-03-06,2025-03-06
PO000648,S002,P0098,W001,2025-06-04,991,2025-06-17,2025-06-19
PO000649,S018,P0070,W002,2025-06-09,260,2025-06-13,2025-06-13
PO000650,S016,P0043,W002,2025-04-21,833,2025-05-02,2025-05-02
PO000651,S010,P0029,W002,2025-05-17,73,2025-05-28,2025-05-28
PO000652,S008,P0003,W002,2025-08-20,690,2025-08-29,2025-08-29
PO000653,S012,P0058,W005,2025-08-08,486,2025-08-15,2025-08-15
PO000654,S022,P0033,W006,2025-03-09,128,2025-03-13,2025-03-13
PO000655,S016,P0075,W003,2025-10-29,299,2025-11-09,2025-11-09
PO000656,S012,P0045,W003,2025-09-06,684,2025-09-13,2025-09-13
PO000657,S011,P0069,W002,2025-11-19,694,2025-11-24,2025-11-25
PO000658,S020,P0032,W003,2025-01-06,76,2025-01-17,2025-01-18
PO000659,S019,P0082,W006,2025-10-07,859,2025-10-13,2025-10-13
PO000660,S001,P0084,W001,2025-04-04,856,2025-04-17,2025-04-22
PO000661,S003,P0052,W001,2025-09-26,233,2025-10-08,2025-10-11
PO000662,S012,P0064,W007,2025-07-16,527,2025-07-23,2025-07-28
PO000663,S009,P0040,W003,2025-01-25,47,2025-01-31,2025-01-31
PO000664,S021,P0092,W002,2025-05-28,223,2025-06-11,2025-06-14
PO000665,S022,P0013,W004,2025-04-28,564,2025-05-02,2025-05-04
PO000666,S005,P0090,W006,2025-12-04,328,2025-12-18,2025-12-18
PO000667,S001,P0080,W002,2025-12-04,653,2025-12-17,2025-12-17
PO000668,S010,P0089,W005,2025-03-07,547,2025-03-18,2025-03-19
PO000669,S017,P0074,W008,2025-10-28,685,2025-11-06,2025-11-06
PO000670,S004,P0029,W004,2025-06-24,927,2025-07-08,2025-07-08
PO000671,S015,P0063,W006,2025-11-15,362,2025-11-22,2025-11-22
PO000672,S019,P0084,W005,2025-03-17,237,2025-03-23,2025-03-24
PO000673,S008,P0026,W003,2025-04-24,636,2025-05-03,2025-05-08
PO000674,S023,P0096,W005,2025-04-21,608,2025-05-03,2025-05-03
PO000675,S015,P0059,W003,2025-09-06,106,2025-09-13,2025-09-14
PO000676,S007,P0049,W005,2025-07-22,50,2025-08-05,2025-08-05
PO000677,S015,P0053,W004,2025-05-27,119,2025-06-03,2025-06-04
PO000678,S008,P0088,W005,2025-02-04,686,2025-02-13,2025-02-13
PO000679,S023,P0031,W002,2025-11-05,823,2025-11-17,2025-11-20
PO000680,S010,P0012,W003,2025-01-26,334,2025-02-06,2025-02-06
PO000681,S018,P0058,W001,2025-08-26,514,2025-08-30,2025-08-30
PO000682,S004,P0036,W005,2025-01-14,637,2025-01-28,2025-01-28
PO000683,S015,P0010,W003,2025-02-14,490,2025-02-21,2025-02-23
PO000684,S011,P0006,W001,2025-08-04,761,2025-08-09,2025-08-14
PO000685,S022,P0007,W003,2025-08-21,534,2025-08-25,2025-08-25
PO000686,S003,P0031,W008,2025-07-12,753,2025-07-24,2025-07-24
PO000687,S015,P0091,W007,2025-02-20,652,2025-02-27,2025-02-28
PO000688,S003,P0072,W003,2025-08-02,691,2025-08-14,2025-08-17
PO000689,S015,P0003,W008,2025-05-31,802,2025-06-07,2025-06-07
PO000690,S006,P0047,W001,2025-10-02,350,2025-10-07,2025-10-07
PO000691,S001,P0085,W001,2025-12-04,213,2025-12-17,2025-12-17
PO000692,S014,P0001,W004,2025-03-17,749,2025-03-26,2025-03-26
PO000693,S016,P0045,W006,2025-08-08,210,2025-08-19,2025-08-19
PO000694,S001,P0054,W007,2025-12-14,271,2025-12-27,2025-12-27
PO000695,S021,P0050,W005,2025-07-06,757,2025-07-20,2025-07-20
PO000696,S017,P0079,W005,2025-10-16,20,2025-10-25,2025-10-26
PO000697,S008,P0007,W007,2025-01-28,478,2025-02-06,2025-02-13
PO000698,S018,P0063,W003,2025-06-29,664,2025-07-03,2025-07-08
PO000699,S016,P0015,W007,2025-09-10,109,2025-09-21,2025-09-22
PO000700,S006,P0089,W002,2025-05-06,537,2025-05-11,2025-05-14
PO000701,S010,P0067,W008,2025-06-26,502,2025-07-07,2025-07-07
PO000702,S010,P0030,W002,2025-02-06,775,2025-02-17,2025-02-17
PO000703,S005,P0078,W006,2025-04-09,664,2025-04-23,2025-04-23
PO000704,S012,P0068,W003,2025-04-08,135,2025-04-15,2025-04-16
PO000705,S020,P0036,W004,2025-05-07,92,2025-05-18,2025-05-25
PO000706,S017,P0067,W001,2025-06-17,175,2025-06-26,2025-06-29
PO000707,S014,P0005,W003,2025-03-21,742,2025-03-30,2025-03-30
PO000708,S014,P0025,W008,2025-10-21,88,2025-10-30,2025-11-01
PO000709,S003,P0095,W005,2025-11-29,490,2025-12-11,2025-12-16
PO000710,S012,P0011,W002,2025-05-06,511,2025-05-13,2025-05-13
PO000711,S020,P0072,W008,2025-12-09,319,2025-12-20,2025-12-22
PO000712,S018,P0090,W002,2025-11-06,163,2025-11-10,2025-11-10
PO000713,S012,P0066,W002,2025-05-30,730,2025-06-06,2025-06-09
PO000714,S002,P0028,W004,2025-01-16,225,2025-01-29,2025-01-29
PO000715,S002,P0060,W005,2025-01-28,937,2025-02-10,2025-02-10
PO000716,S017,P0010,W004,2025-06-22,732,2025-07-01,2025-07-02
PO000717,S010,P0050,W001,2025-02-15,770,2025-02-26,2025-02-26
PO000718,S018,P0039,W003,2025-11-24,426,2025-11-28,2025-11-28
PO000719,S022,P0037,W003,2025-08-24,958,2025-08-28,2025-08-28
PO000720,S019,P0063,W007,2025-08-02,599,2025-08-08,2025-08-11
PO000721,S021,P0061,W002,2025-03-26,702,2025-04-09,2025-04-09
PO000722,S001,P0085,W007,2025-10-09,941,2025-10-22,2025-10-25
PO000723,S024,P0092,W002,2025-08-20,316,2025-08-31,2025-09-02
PO000724,S004,P0038,W001,2025-03-26,601,2025-04-09,2025-04-09
PO000725,S025,P0033,W008,2025-03-06,818,2025-03-18,2025-03-18
PO000726,S004,P0075,W004,2025-05-14,548,2025-05-28,2025-05-28
PO000727,S002,P0045,W006,2025-05-31,156,2025-06-13,2025-06-13
PO000728,S019,P0044,W006,2025-04-25,238,2025-05-01,2025-05-01
PO000729,S021,P0001,W006,2025-03-05,842,2025-03-19,2025-03-19
PO000730,S012,P0053,W005,2025-12-09,537,2025-12-16,2025-12-16
PO000731,S010,P0047,W001,2025-12-29,729,2026-01-09,2026-01-09
PO000732,S013,P0033,W003,2025-12-18,467,2025-12-23,2025-12-24
PO000733,S022,P0067,W003,2025-06-07,151,2025-06-11,2025-06-11
PO000734,S023,P0090,W004,2025-03-18,382,2025-03-30,2025-04-04
PO000735,S020,P0015,W007,2025-05-26,982,2025-06-06,2025-06-06
PO000736,S023,P0014,W001,2025-12-09,363,2025-12-21,2025-12-21
PO000737,S015,P0023,W005,2025-08-13,715,2025-08-20,2025-08-20
PO000738,S003,P0054,W001,2025-11-09,37,2025-11-21,2025-11-21
PO000739,S023,P0008,W001,2025-04-13,435,2025-04-25,2025-04-27
PO000740,S020,P0054,W004,2025-12-13,744,2025-12-24,2025-12-24
PO000741,S013,P0036,W008,2025-10-28,579,2025-11-02,2025-11-02
PO000742,S008,P0084,W005,2025-03-29,560,2025-04-07,2025-04-07
PO000743,S025,P0052,W006,2025-10-30,947,2025-11-11,2025-11-11
PO000744,S007,P0006,W003,2025-06-17,172,2025-07-01,2025-07-01
PO000745,S024,P0097,W008,2025-06-19,351,2025-06-30,2025-06-30
PO000746,S008,P0028,W002,2025-05-15,769,2025-05-24,2025-05-24
PO000747,S018,P0050,W007,2025-02-19,338,2025-02-23,2025-02-23
PO000748,S009,P0038,W006,2025-12-06,796,2025-12-12,2025-12-12
PO000749,S006,P0030,W005,2025-12-13,218,2025-12-18,2025-12-20
PO000750,S004,P0081,W003,2025-05-14,545,2025-05-28,2025-05-28
PO000751,S015,P0073,W006,2025-12-13,807,2025-12-20,2025-12-20
PO000752,S005,P0092,W008,2025-05-17,999,2025-05-31,2025-05-31
PO000753,S005,P0054,W008,2025-09-02,29,2025-09-16,2025-09-16
PO000754,S007,P0071,W004,2025-04-19,158,2025-05-03,2025-05-03
PO000755,S009,P0046,W007,2025-11-09,186,2025-11-15,2025-11-15
PO000756,S007,P0028,W005,2025-10-14,166,2025-10-28,2025-10-28
PO000757,S009,P0017,W005,2025-01-21,422,2025-01-27,2025-01-27
PO000758,S020,P0048,W003,2025-03-31,776,2025-04-11,2025-04-13
PO000759,S010,P0044,W003,2025-10-23,958,2025-11-03,2025-11-06
PO000760,S004,P0060,W001,2025-04-22,464,2025-05-06,2025-05-06
PO000761,S006,P0060,W008,2025-10-28,89,2025-11-02,2025-11-02
PO000762,S024,P0005,W001,2025-03-18,347,2025-03-29,2025-03-29
PO000763,S014,P0069,W005,2025-06-26,852,2025-07-05,2025-07-07
PO000764,S009,P0078,W002,2025-12-09,938,2025-12-15,2025-12-22
PO000765,S001,P0070,W004,2025-05-28,635,2025-06-10,2025-06-10
PO000766,S017,P0007,W003,2025-04-11,248,2025-04-20,2025-04-20
PO000767,S013,P0053,W001,2025-09-03,847,2025-09-08,2025-09-09
PO000768,S024,P0017,W004,2025-04-27,669,2025-05-08,2025-05-10
PO000769,S007,P0059,W007,2025-04-02,338,2025-04-16,2025-04-16
PO000770,S009,P0009,W006,2025-01-28,917,2025-02-03,2025-02-04
PO000771,S011,P0095,W006,2025-01-25,55,2025-01-30,2025-01-30
PO000772,S003,P0022,W008,2025-02-27,649,2025-03-11,2025-03-11
PO000773,S012,P0045,W005,2025-10-24,274,2025-10-31,2025-10-31
PO000774,S021,P0073,W003,2025-05-14,332,2025-05-28,2025-05-28
PO000775,S003,P0059,W008,2025-11-27,981,2025-12-09,2025-12-10
PO000776,S015,P0080,W006,2025-09-06,354,2025-09-13,2025-09-14
PO000777,S021,P0100,W007,2025-02-07,39,2025-02-21,2025-02-24
PO000778,S010,P0098,W003,2025-03-16,317,2025-03-27,2025-03-27
PO000779,S001,P0013,W001,2025-05-22,40,2025-06-04,2025-06-04
PO000780,S014,P0083,W006,2025-11-18,497,2025-11-27,2025-11-27
PO000781,S020,P0012,W002,2025-06-17,787,2025-06-28,2025-06-28
PO000782,S006,P0036,W006,2025-09-16,779,2025-09-21,2025-09-22
PO000783,S002,P0010,W003,2025-12-21,491,2026-01-03,2026-01-03
PO000784,S023,P0016,W002,2025-08-13,981,2025-08-25,2025-08-25
PO000785,S008,P0092,W004,2025-06-01,697,2025-06-10,2025-06-10
PO000786,S001,P0019,W006,2025-01-19,489,2025-02-01,2025-02-01
PO000787,S004,P0006,W003,2025-05-26,368,2025-06-09,2025-06-09
PO000788,S004,P0004,W006,2025-08-29,786,2025-09-12,2025-09-12
PO000789,S005,P0030,W006,2025-12-10,609,2025-12-24,2025-12-26
PO000790,S020,P0095,W003,2025-08-25,984,2025-09-05,2025-09-06
PO000791,S009,P0046,W002,2025-02-04,811,2025-02-10,2025-02-10
PO000792,S023,P0027,W001,2025-07-09,813,2025-07-21,2025-07-21
PO000793,S013,P0045,W007,2025-01-01,405,2025-01-06,2025-01-07
PO000794,S018,P0085,W006,2025-06-02,961,2025-06-06,2025-06-06
PO000795,S017,P0037,W005,2025-05-06,896,2025-05-15,2025-05-17
PO000796,S025,P0009,W004,2025-12-11,565,2025-12-23,2025-12-23
PO000797,S001,P0061,W003,2025-08-14,465,2025-08-27,2025-08-27
PO000798,S022,P0035,W006,2025-08-09,956,2025-08-13,2025-08-18
PO000799,S015,P0047,W007,2025-07-30,118,2025-08-06,2025-08-06
PO000800,S002,P0021,W001,2025-01-25,674,2025-02-07,2025-02-07
PO000801,S016,P0017,W003,2025-01-16,74,2025-01-27,2025-01-27
PO000802,S020,P0055,W008,2025-07-01,22,2025-07-12,2025-07-12
PO000803,S022,P0088,W006,2025-11-25,351,2025-11-29,2025-11-29
PO000804,S005,P0095,W004,2025-05-09,953,2025-05-23,2025-05-23
PO000805,S022,P0006,W005,2025-02-11,454,2025-02-15,2025-02-15
PO000806,S019,P0035,W003,2025-12-02,932,2025-12-08,2025-12-13
PO000807,S005,P0050,W006,2025-08-24,505,2025-09-07,2025-09-07
PO000808,S002,P0037,W002,2025-12-26,238,2026-01-08,2026-01-08
PO000809,S007,P0013,W001,2025-02-03,230,2025-02-17,2025-02-17
PO000810,S003,P0025,W005,2025-12-11,836,2025-12-23,2025-12-23
PO000811,S017,P0096,W003,2025-02-14,515,2025-02-23,2025-02-23
PO000812,S024,P0001,W006,2025-05-14,680,2025-05-25,2025-05-25
PO000813,S024,P0049,W005,2025-01-21,251,2025-02-01,2025-02-06
PO000814,S003,P0035,W002,2025-05-02,619,2025-05-14,2025-05-14
PO000815,S013,P0083,W003,2025-03-11,939,2025-03-16,2025-03-16
PO000816,S007,P0053,W008,2025-12-18,742,2026-01-01,2026-01-02
PO000817,S025,P0052,W005,2025-12-27,754,2026-01-08,2026-01-08
PO000818,S024,P0054,W003,2025-02-17,827,2025-02-28,2025-03-02
PO000819,S003,P0076,W008,2025-02-08,167,2025-02-20,2025-02-20
PO000820,S015,P0047,W003,2025-10-14,226,2025-10-21,2025-10-22
PO000821,S018,P0043,W005,2025-01-10,379,2025-01-14,2025-01-16
PO000822,S010,P0020,W003,2025-01-30,438,2025-02-10,2025-02-13
PO000823,S023,P0033,W002,2025-09-01,963,2025-09-13,2025-09-13
PO000824,S007,P0093,W005,2025-10-01,758,2025-10-15,2025-10-17
PO000825,S009,P0016,W006,2025-03-29,436,2025-04-04,2025-04-04
PO000826,S005,P0078,W007,2025-09-01,891,2025-09-15,2025-09-16
PO000827,S020,P0007,W005,2025-11-25,715,2025-12-06,2025-12-06
PO000828,S008,P0070,W002,2025-01-15,572,2025-01-24,2025-01-24
PO000829,S014,P0021,W002,2025-01-04,201,2025-01-13,2025-01-13
PO000830,S004,P0036,W002,2025-07-10,575,2025-07-24,2025-07-24
PO000831,S020,P0086,W008,2025-06-17,229,2025-06-28,2025-06-28
PO000832,S014,P0054,W006,2025-01-09,868,2025-01-18,2025-01-18
PO000833,S012,P0019,W006,2025-04-19,987,2025-04-26,2025-04-26
PO000834,S002,P0025,W007,2025-05-17,269,2025-05-30,2025-05-31
PO000835,S013,P0067,W007,2025-06-03,531,2025-06-08,2025-06-08
PO000836,S001,P0100,W003,2025-07-28,615,2025-08-10,2025-08-10
PO000837,S020,P0053,W003,2025-09-29,158,2025-10-10,2025-10-10
PO000838,S007,P0098,W004,2025-05-23,250,2025-06-06,2025-06-06
PO000839,S025,P0075,W007,2025-04-09,929,2025-04-21,2025-04-21
PO000840,S009,P0048,W007,2025-11-04,957,2025-11-10,2025-11-17
PO000841,S017,P0042,W003,2025-03-10,994,2025-03-19,2025-03-19
PO000842,S021,P0047,W002,2025-09-04,31,2025-09-18,2025-09-19
PO000843,S023,P0091,W004,2025-09-18,999,2025-09-30,2025-09-30
PO000844,S013,P0042,W007,2025-10-03,292,2025-10-08,2025-10-11
PO000845,S023,P0002,W002,2025-03-20,507,2025-04-01,2025-04-01
PO000846,S010,P0006,W001,2025-05-26,109,2025-06-06,2025-06-11
PO000847,S016,P0046,W008,2025-04-21,993,2025-05-02,2025-05-02
PO000848,S006,P0066,W007,2025-09-15,44,2025-09-20,2025-09-20
PO000849,S016,P0081,W006,2025-04-03,557,2025-04-14,2025-04-14
PO000850,S011,P0040,W005,2025-01-13,962,2025-01-18,2025-01-18
PO000851,S020,P0058,W001,2025-09-17,684,2025-09-28,2025-09-28
PO000852,S003,P0078,W006,2025-04-19,591,2025-05-01,2025-05-01
PO000853,S009,P0074,W006,2025-11-26,79,2025-12-02,2025-12-04
PO000854,S015,P0033,W008,2025-07-08,814,2025-07-15,2025-07-15
PO000855,S013,P0062,W002,2025-04-05,190,2025-04-10,2025-04-10
PO000856,S010,P0012,W003,2025-04-15,607,2025-04-26,2025-04-26
PO000857,S020,P0096,W005,2025-01-08,807,2025-01-19,2025-01-20
PO000858,S024,P0049,W003,2025-03-08,466,2025-03-19,2025-03-19
PO000859,S013,P0088,W003,2025-07-10,739,2025-07-15,2025-07-15
PO000860,S017,P0078,W007,2025-09-13,940,2025-09-22,2025-09-22
PO000861,S007,P0005,W005,2025-01-09,686,2025-01-23,2025-01-23
PO000862,S006,P0051,W005,2025-04-27,711,2025-05-02,2025-05-02
PO000863,S013,P0069,W001,2025-09-24,613,2025-09-29,2025-10-04
PO000864,S017,P0032,W002,2025-04-09,29,2025-04-18,2025-04-18
PO000865,S015,P0049,W003,2025-10-25,262,2025-11-01,2025-11-01
PO000866,S004,P0097,W008,2025-06-13,197,2025-06-27,2025-06-28
PO000867,S015,P0060,W002,2025-05-21,817,2025-05-28,2025-05-28
PO000868,S014,P0046,W002,2025-09-25,276,2025-10-04,2025-10-04
PO000869,S021,P0068,W008,2025-02-06,329,2025-02-20,2025-02-27
PO000870,S011,P0094,W007,2025-03-15,535,2025-03-20,2025-03-27
PO000871,S024,P0041,W004,2025-03-14,234,2025-03-25,2025-03-25
PO000872,S004,P0081,W001,2025-11-04,922,2025-11-18,2025-11-18
PO000873,S003,P0067,W003,2025-07-18,49,2025-07-30,2025-08-04
PO000874,S002,P0013,W006,2025-05-10,365,2025-05-23,2025-05-23
PO000875,S020,P0100,W005,2025-09-03,84,2025-09-14,2025-09-14
PO000876,S010,P0018,W005,2025-11-08,655,2025-11-19,2025-11-19
PO000877,S013,P0087,W002,2025-03-01,816,2025-03-06,2025-03-06
PO000878,S020,P0099,W008,2025-10-06,172,2025-10-17,2025-10-24
PO000879,S021,P0097,W001,2025-04-13,59,2025-04-27,2025-04-28
PO000880,S023,P0051,W001,2025-10-23,45,2025-11-04,2025-11-04
PO000881,S025,P0036,W003,2025-11-16,292,2025-11-28,2025-11-30
PO000882,S018,P0081,W003,2025-12-07,178,2025-12-11,2025-12-11
PO000883,S021,P0034,W002,2025-05-31,720,2025-06-14,2025-06-17
PO000884,S016,P0012,W002,2025-06-06,795,2025-06-17,2025-06-17
PO000885,S011,P0005,W002,2025-07-25,600,2025-07-30,2025-07-30
PO000886,S010,P0048,W004,2025-06-28,20,2025-07-09,2025-07-09
PO000887,S009,P0091,W001,2025-07-16,98,2025-07-22,2025-07-22
PO000888,S012,P0040,W002,2025-08-11,247,2025-08-18,2025-08-18
PO000889,S019,P0013,W007,2025-03-30,346,2025-04-05,2025-04-05
PO000890,S001,P0026,W001,2025-10-14,577,2025-10-27,2025-11-03
PO000891,S018,P0014,W006,2025-10-03,639,2025-10-07,2025-10-12
PO000892,S014,P0096,W005,2025-08-24,520,2025-09-02,2025-09-02
PO000893,S022,P0011,W005,2025-07-02,494,2025-07-06,2025-07-09
PO000894,S021,P0038,W001,2025-07-28,374,2025-08-11,2025-08-16
PO000895,S001,P0080,W006,2025-05-10,143,2025-05-23,2025-05-24
PO000896,S017,P0057,W005,2025-06-02,679,2025-06-11,2025-06-11
PO000897,S011,P0022,W005,2025-01-13,997,2025-01-18,2025-01-21
PO000898,S020,P0016,W005,2025-05-02,443,2025-05-13,2025-05-13
PO000899,S015,P0077,W003,2025-12-25,271,2026-01-01,2026-01-01
PO000900,S004,P0076,W006,2025-08-08,533,2025-08-22,2025-08-22
PO000901,S015,P0082,W008,2025-04-16,753,2025-04-23,2025-04-23
PO000902,S022,P0029,W003,2025-03-11,720,2025-03-15,2025-03-20
PO000903,S022,P0082,W001,2025-07-14,526,2025-07-18,2025-07-19
PO000904,S014,P0002,W001,2025-07-05,505,2025-07-14,2025-07-17
PO000905,S022,P0054,W004,2025-04-09,497,2025-04-13,2025-04-15
PO000906,S001,P0002,W008,2025-03-23,602,2025-04-05,2025-04-05
PO000907,S009,P0003,W003,2025-03-16,890,2025-03-22,2025-03-23
PO000908,S007,P0093,W001,2025-12-06,352,2025-12-20,2025-12-20
PO000909,S023,P0056,W008,2025-07-11,628,2025-07-23,2025-07-23
PO000910,S011,P0072,W003,2025-11-21,251,2025-11-26,2025-11-28
PO000911,S023,P0011,W004,2025-08-02,561,2025-08-14,2025-08-14
PO000912,S002,P0076,W001,2025-11-11,49,2025-11-24,2025-11-26
PO000913,S002,P0032,W001,2025-11-14,746,2025-11-27,2025-11-27
PO000914,S006,P0004,W001,2025-05-24,192,2025-05-29,2025-05-30
PO000915,S023,P0009,W001,2025-08-04,811,2025-08-16,2025-08-16
PO000916,S019,P0088,W002,2025-12-27,487,2026-01-02,2026-01-02
PO000917,S020,P0056,W006,2025-11-20,495,2025-12-01,2025-12-01
PO000918,S014,P0016,W006,2025-01-15,971,2025-01-24,2025-01-24
PO000919,S003,P0081,W003,2025-08-05,742,2025-08-17,2025-08-17
PO000920,S007,P0086,W003,2025-02-04,336,2025-02-18,2025-02-18
PO000921,S007,P0071,W008,2025-07-02,416,2025-07-16,2025-07-17
PO000922,S004,P0010,W008,2025-09-27,144,2025-10-11,2025-10-11
PO000923,S023,P0093,W003,2025-12-24,99,2026-01-05,2026-01-05
PO000924,S005,P0036,W004,2025-04-10,715,2025-04-24,2025-04-24
PO000925,S017,P0024,W007,2025-01-07,546,2025-01-16,2025-01-21
PO000926,S004,P0064,W002,2025-01-30,542,2025-02-13,2025-02-18
PO000927,S023,P0056,W007,2025-11-01,415,2025-11-13,2025-11-13
PO000928,S013,P0078,W003,2025-05-24,873,2025-05-29,2025-05-29
PO000929,S016,P0078,W008,2025-04-21,108,2025-05-02,2025-05-02
PO000930,S016,P0089,W008,2025-08-20,22,2025-08-31,2025-08-31
PO000931,S002,P0022,W003,2025-06-28,555,2025-07-11,2025-07-11
PO000932,S018,P0052,W001,2025-03-13,620,2025-03-17,2025-03-17
PO000933,S001,P0050,W008,2025-07-29,540,2025-08-11,2025-08-11
PO000934,S018,P0047,W007,2025-08-08,577,2025-08-12,2025-08-12
PO000935,S008,P0023,W008,2025-03-21,625,2025-03-30,2025-03-30
PO000936,S011,P0096,W001,2025-03-24,90,2025-03-29,2025-03-29
PO000937,S024,P0090,W008,2025-02-11,719,2025-02-22,2025-02-25
PO000938,S024,P0091,W007,2025-09-30,158,2025-10-11,2025-10-14
PO000939,S015,P0076,W007,2025-07-10,29,2025-07-17,2025-07-20
PO000940,S016,P0083,W001,2025-06-22,534,2025-07-03,2025-07-03
PO000941,S017,P0019,W003,2025-01-07,550,2025-01-16,2025-01-16
PO000942,S017,P0052,W001,2025-06-04,149,2025-06-13,2025-06-13
PO000943,S012,P0034,W003,2025-01-10,420,2025-01-17,2025-01-17
PO000944,S010,P0096,W007,2025-02-03,240,2025-02-14,2025-02-14
PO000945,S020,P0029,W004,2025-02-05,661,2025-02-16,2025-02-19
PO000946,S006,P0061,W004,2025-01-06,456,2025-01-11,2025-01-18
PO000947,S008,P0085,W005,2025-08-03,419,2025-08-12,2025-08-14
PO000948,S013,P0035,W008,2025-05-14,132,2025-05-19,2025-05-20
PO000949,S002,P0005,W002,2025-10-12,669,2025-10-25,2025-10-25
PO000950,S019,P0076,W001,2025-05-06,471,2025-05-12,2025-05-14
PO000951,S022,P0007,W006,2025-12-03,574,2025-12-07,2025-12-12
PO000952,S010,P0041,W001,2025-06-23,237,2025-07-04,2025-07-04
PO000953,S004,P0002,W002,2025-06-01,77,2025-06-15,2025-06-15
PO000954,S012,P0089,W008,2025-11-27,132,2025-12-04,2025-12-04
PO000955,S018,P0010,W008,2025-01-26,719,2025-01-30,2025-01-30
PO000956,S007,P0044,W007,2025-04-25,141,2025-05-09,2025-05-09
PO000957,S020,P0070,W002,2025-10-11,427,2025-10-22,2025-10-27
PO000958,S024,P0091,W007,2025-03-16,479,2025-03-27,2025-03-27
PO000959,S024,P0035,W005,2025-06-15,104,2025-06-26,2025-06-27
PO000960,S023,P0062,W002,2025-07-08,637,2025-07-20,2025-07-20
PO000961,S025,P0074,W003,2025-03-19,419,2025-03-31,2025-03-31
PO000962,S004,P0073,W001,2025-03-31,375,2025-04-14,2025-04-14
PO000963,S007,P0020,W002,2025-06-25,118,2025-07-09,2025-07-10
PO000964,S010,P0035,W003,2025-01-21,540,2025-02-01,2025-02-01
PO000965,S015,P0037,W002,2025-02-23,537,2025-03-02,2025-03-09
PO000966,S012,P0072,W006,2025-07-03,127,2025-07-10,2025-07-11
PO000967,S001,P0054,W003,2025-12-25,980,2026-01-07,2026-01-08
PO000968,S020,P0095,W004,2025-08-10,993,2025-08-21,2025-08-26
PO000969,S018,P0080,W008,2025-11-11,171,2025-11-15,2025-11-22
PO000970,S025,P0028,W003,2025-11-24,925,2025-12-06,2025-12-06
PO000971,S016,P0070,W005,2025-06-28,869,2025-07-09,2025-07-11
PO000972,S005,P0032,W007,2025-10-03,768,2025-10-17,2025-10-17
PO000973,S019,P0092,W003,2025-04-22,988,2025-04-28,2025-04-28
PO000974,S004,P0011,W002,2025-08-12,46,2025-08-26,2025-08-26
PO000975,S006,P0042,W004,2025-08-02,138,2025-08-07,2025-08-07
PO000976,S017,P0023,W008,2025-02-28,742,2025-03-09,2025-03-09
PO000977,S007,P0030,W008,2025-11-23,119,2025-12-07,2025-12-07
PO000978,S024,P0009,W004,2025-04-19,22,2025-04-30,2025-05-01
PO000979,S023,P0092,W003,2025-06-06,825,2025-06-18,2025-06-18
PO000980,S007,P0088,W002,2025-07-10,988,2025-07-24,2025-07-24
PO000981,S009,P0059,W008,2025-07-19,861,2025-07-25,2025-07-28
PO000982,S013,P0028,W004,2025-11-08,348,2025-11-13,2025-11-13
PO000983,S020,P0088,W006,2025-07-15,548,2025-07-26,2025-07-26
PO000984,S014,P0079,W003,2025-02-04,125,2025-02-13,2025-02-20
PO000985,S016,P0033,W003,2025-09-03,249,2025-09-14,2025-09-14
PO000986,S023,P0047,W007,2025-08-25,323,2025-09-06,2025-09-06
PO000987,S009,P0098,W008,2025-04-14,196,2025-04-20,2025-04-21
PO000988,S015,P0022,W008,2025-01-07,958,2025-01-14,2025-01-14
PO000989,S005,P0029,W008,2025-10-10,103,2025-10-24,2025-10-24
PO000990,S018,P0034,W003,2025-01-01,282,2025-01-05,2025-01-07
PO000991,S021,P0042,W004,2025-08-07,215,2025-08-21,2025-08-21
PO000992,S020,P0052,W001,2025-08-18,268,2025-08-29,2025-08-29
PO000993,S008,P0047,W002,2025-06-21,401,2025-06-30,2025-06-30
PO000994,S015,P0074,W005,2025-03-28,477,2025-04-04,2025-04-05
PO000995,S021,P0051,W005,2025-02-10,680,2025-02-24,2025-02-25
PO000996,S025,P0045,W008,2025-05-03,737,2025-05-15,2025-05-18
PO000997,S009,P0094,W002,2025-11-27,428,2025-12-03,2025-12-03
PO000998,S019,P0075,W001,2025-10-25,100,2025-10-31,2025-11-01
PO000999,S022,P0034,W007,2025-06-27,720,2025-07-01,2025-07-02
PO001000,S006,P0021,W007,2025-03-04,431,2025-03-09,2025-03-09
PO001001,S004,P0013,W007,2025-06-14,225,2025-06-28,2025-07-05
PO001002,S011,P0054,W007,2025-07-06,839,2025-07-11,2025-07-14
PO001003,S010,P0025,W002,2025-07-28,800,2025-08-08,2025-08-08
PO001004,S003,P0021,W003,2025-08-15,821,2025-08-27,2025-08-28
PO001005,S001,P0001,W006,2025-02-17,914,2025-03-02,2025-03-03
PO001006,S012,P0058,W002,2025-08-12,892,2025-08-19,2025-08-19
PO001007,S023,P0069,W002,2025-01-03,982,2025-01-15,2025-01-18
PO001008,S015,P0086,W006,2025-06-24,407,2025-07-01,2025-07-02
PO001009,S015,P0071,W004,2025-04-09,831,2025-04-16,2025-04-17
PO001010,S021,P0013,W005,2025-04-26,913,2025-05-10,2025-05-10
PO001011,S014,P0052,W008,2025-09-27,786,2025-10-06,2025-10-06
PO001012,S007,P0023,W005,2025-09-10,418,2025-09-24,2025-09-24
PO001013,S017,P0021,W008,2025-11-13,999,2025-11-22,2025-11-23
PO001014,S024,P0006,W003,2025-04-05,27,2025-04-16,2025-04-16
PO001015,S019,P0020,W006,2025-09-30,645,2025-10-06,2025-10-06
PO001016,S007,P0076,W007,2025-01-24,536,2025-02-07,2025-02-07
PO001017,S003,P0040,W007,2025-04-26,469,2025-05-08,2025-05-08
PO001018,S003,P0009,W003,2025-05-31,495,2025-06-12,2025-06-13
PO001019,S025,P0050,W004,2025-12-04,361,2025-12-16,2025-12-17
PO001020,S018,P0028,W003,2025-02-19,92,2025-02-23,2025-02-23
PO001021,S020,P0011,W006,2025-07-25,879,2025-08-05,2025-08-05
PO001022,S022,P0096,W006,2025-12-01,140,2025-12-05,2025-12-05
PO001023,S014,P0075,W001,2025-03-20,321,2025-03-29,2025-03-29
PO001024,S003,P0088,W004,2025-03-11,980,2025-03-23,2025-03-25
PO001025,S007,P0056,W006,2025-01-27,903,2025-02-10,2025-02-10
PO001026,S007,P0079,W006,2025-09-28,900,2025-10-12,2025-10-12
PO001027,S005,P0035,W004,2025-02-19,253,2025-03-05,2025-03-06
PO001028,S003,P0081,W007,2025-10-19,85,2025-10-31,2025-11-07
PO001029,S018,P0025,W002,2025-09-04,249,2025-09-08,2025-09-15
PO001030,S015,P0099,W007,2025-09-21,941,2025-09-28,2025-10-03
PO001031,S020,P0019,W002,2025-03-20,562,2025-03-31,2025-04-01
PO001032,S014,P0031,W001,2025-07-09,838,2025-07-18,2025-07-19
PO001033,S004,P0081,W007,2025-02-16,828,2025-03-02,2025-03-04
PO001034,S024,P0050,W006,2025-12-27,70,2026-01-07,2026-01-10
PO001035,S008,P0087,W004,2025-12-20,678,2025-12-29,2026-01-03
PO001036,S021,P0063,W004,2025-12-18,626,2026-01-01,2026-01-01
PO001037,S013,P0047,W008,2025-07-08,348,2025-07-13,2025-07-13
PO001038,S022,P0001,W002,2025-09-13,406,2025-09-17,2025-09-17
PO001039,S008,P0058,W007,2025-08-10,57,2025-08-19,2025-08-20
PO001040,S015,P0010,W005,2025-08-29,729,2025-09-05,2025-09-07
PO001041,S017,P0008,W005,2025-09-26,772,2025-10-05,2025-10-08
PO001042,S005,P0026,W006,2025-01-01,192,2025-01-15,2025-01-15
PO001043,S020,P0034,W002,2025-02-03,512,2025-02-14,2025-02-14
PO001044,S004,P0019,W006,2025-03-20,787,2025-04-03,2025-04-10
PO001045,S011,P0078,W003,2025-08-24,474,2025-08-29,2025-08-29
PO001046,S018,P0072,W004,2025-11-30,60,2025-12-04,2025-12-04
PO001047,S010,P0001,W007,2025-12-15,940,2025-12-26,2025-12-27
PO001048,S017,P0048,W007,2025-04-08,965,2025-04-17,2025-04-17
PO001049,S015,P0025,W006,2025-03-23,148,2025-03-30,2025-03-30
PO001050,S006,P0024,W001,2025-07-11,73,2025-07-16,2025-07-16
PO001051,S023,P0047,W007,2025-09-10,105,2025-09-22,2025-09-22
PO001052,S021,P0084,W005,2025-02-07,743,2025-02-21,2025-02-21
PO001053,S016,P0094,W006,2025-01-14,288,2025-01-25,2025-01-25
PO001054,S015,P0069,W003,2025-12-13,315,2025-12-20,2025-12-20
PO001055,S008,P0067,W004,2025-11-06,40,2025-11-15,2025-11-15
PO001056,S009,P0032,W008,2025-07-28,234,2025-08-03,2025-08-05
PO001057,S011,P0017,W007,2025-12-23,444,2025-12-28,2025-12-28
PO001058,S002,P0061,W008,2025-03-30,208,2025-04-12,2025-04-12
PO001059,S013,P0069,W003,2025-02-25,180,2025-03-02,2025-03-02
PO001060,S004,P0011,W008,2025-04-04,732,2025-04-18,2025-04-18
PO001061,S009,P0038,W006,2025-04-03,560,2025-04-09,2025-04-09
PO001062,S005,P0068,W004,2025-12-06,400,2025-12-20,2025-12-20
PO001063,S019,P0019,W004,2025-03-26,263,2025-04-01,2025-04-08
PO001064,S022,P0087,W002,2025-09-02,202,2025-09-06,2025-09-11
PO001065,S003,P0017,W002,2025-01-22,563,2025-02-03,2025-02-03
PO001066,S021,P0013,W008,2025-10-18,798,2025-11-01,2025-11-01
PO001067,S003,P0091,W001,2025-09-29,967,2025-10-11,2025-10-11
PO001068,S006,P0001,W001,2025-11-02,567,2025-11-07,2025-11-07
PO001069,S010,P0002,W007,2025-05-02,112,2025-05-13,2025-05-14
PO001070,S005,P0082,W008,2025-05-08,387,2025-05-22,2025-05-22
PO001071,S025,P0100,W003,2025-04-23,178,2025-05-05,2025-05-08
PO001072,S003,P0097,W002,2025-09-30,417,2025-10-12,2025-10-17
PO001073,S022,P0100,W004,2025-12-02,978,2025-12-06,2025-12-06
PO001074,S024,P0066,W002,2025-05-10,199,2025-05-21,2025-05-21
PO001075,S007,P0068,W008,2025-05-12,457,2025-05-26,2025-05-26
PO001076,S022,P0016,W004,2025-03-26,392,2025-03-30,2025-03-30
PO001077,S018,P0004,W002,2025-12-16,325,2025-12-20,2025-12-25
PO001078,S023,P0057,W004,2025-03-22,398,2025-04-03,2025-04-03
PO001079,S008,P0073,W008,2025-11-21,969,2025-11-30,2025-11-30
PO001080,S001,P0085,W003,2025-03-10,237,2025-03-23,2025-03-25
PO001081,S025,P0023,W002,2025-05-28,348,2025-06-09,2025-06-09
PO001082,S004,P0002,W005,2025-01-16,884,2025-01-30,2025-01-30
PO001083,S024,P0067,W005,2025-11-03,362,2025-11-14,2025-11-14
PO001084,S007,P0087,W004,2025-04-15,758,2025-04-29,2025-04-30
PO001085,S014,P0026,W003,2025-06-14,743,2025-06-23,2025-06-23
PO001086,S013,P0007,W004,2025-07-20,884,2025-07-25,2025-07-26
PO001087,S010,P0100,W003,2025-07-16,182,2025-07-27,2025-07-27
PO001088,S023,P0044,W008,2025-07-04,897,2025-07-16,2025-07-16
PO001089,S018,P0033,W001,2025-11-18,177,2025-11-22,2025-11-22
PO001090,S001,P0064,W002,2025-09-22,129,2025-10-05,2025-10-12
PO001091,S004,P0036,W003,2025-12-29,586,2026-01-12,2026-01-12
PO001092,S016,P0004,W008,2025-04-10,369,2025-04-21,2025-04-21
PO001093,S016,P0023,W004,2025-12-08,745,2025-12-19,2025-12-24
PO001094,S018,P0025,W007,2025-11-16,384,2025-11-20,2025-11-27
PO001095,S008,P0090,W007,2025-08-02,916,2025-08-11,2025-08-13
PO001096,S010,P0092,W001,2025-10-05,34,2025-10-16,2025-10-16
PO001097,S016,P0092,W007,2025-06-11,172,2025-06-22,2025-06-22
PO001098,S023,P0085,W004,2025-06-06,551,2025-06-18,2025-06-18
PO001099,S024,P0074,W005,2025-09-08,986,2025-09-19,2025-09-21
PO001100,S011,P0027,W005,2025-04-07,419,2025-04-12,2025-04-12
PO001101,S006,P0051,W002,2025-01-18,71,2025-01-23,2025-01-23
PO001102,S001,P0079,W006,2025-11-23,874,2025-12-06,2025-12-06
PO001103,S012,P0081,W002,2025-04-07,488,2025-04-14,2025-04-14
PO001104,S025,P0099,W007,2025-01-01,340,2025-01-13,2025-01-14
PO001105,S006,P0069,W001,2025-08-04,898,2025-08-09,2025-08-11
PO001106,S013,P0080,W007,2025-05-12,615,2025-05-17,2025-05-18
PO001107,S017,P0023,W005,2025-09-17,386,2025-09-26,2025-09-26
PO001108,S001,P0009,W008,2025-05-05,998,2025-05-18,2025-05-21
PO001109,S008,P0033,W003,2025-03-23,857,2025-04-01,2025-04-01
PO001110,S022,P0035,W005,2025-10-10,505,2025-10-14,2025-10-14
PO001111,S008,P0050,W006,2025-06-20,755,2025-06-29,2025-06-29
PO001112,S024,P0024,W002,2025-02-28,660,2025-03-11,2025-03-11
PO001113,S011,P0088,W004,2025-02-01,881,2025-02-06,2025-02-06
PO001114,S014,P0024,W007,2025-06-10,913,2025-06-19,2025-06-19
PO001115,S024,P0019,W001,2025-10-11,35,2025-10-22,2025-10-27
PO001116,S010,P0039,W006,2025-04-16,430,2025-04-27,2025-05-02
PO001117,S015,P0061,W005,2025-04-15,293,2025-04-22,2025-04-22
PO001118,S007,P0025,W003,2025-08-16,608,2025-08-30,2025-08-30
PO001119,S007,P0095,W006,2025-07-07,831,2025-07-21,2025-07-21
PO001120,S010,P0025,W008,2025-03-11,325,2025-03-22,2025-03-22
PO001121,S004,P0027,W008,2025-11-14,111,2025-11-28,2025-11-28
PO001122,S025,P0032,W003,2025-10-17,477,2025-10-29,2025-10-29
PO001123,S018,P0011,W003,2025-03-28,289,2025-04-01,2025-04-02
PO001124,S025,P0069,W001,2025-12-28,71,2026-01-09,2026-01-09
PO001125,S010,P0033,W008,2025-02-25,880,2025-03-08,2025-03-08
PO001126,S019,P0019,W003,2025-04-23,140,2025-04-29,2025-05-01
PO001127,S014,P0016,W003,2025-01-13,990,2025-01-22,2025-01-24
PO001128,S013,P0099,W008,2025-01-18,69,2025-01-23,2025-01-23
PO001129,S015,P0011,W005,2025-07-01,910,2025-07-08,2025-07-08
PO001130,S016,P0075,W001,2025-04-23,494,2025-05-04,2025-05-09
PO001131,S002,P0074,W008,2025-08-17,511,2025-08-30,2025-08-31
PO001132,S004,P0098,W008,2025-06-20,804,2025-07-04,2025-07-04
PO001133,S021,P0069,W004,2025-10-22,399,2025-11-05,2025-11-05
PO001134,S018,P0087,W008,2025-07-08,651,2025-07-12,2025-07-12
PO001135,S017,P0055,W004,2025-03-20,406,2025-03-29,2025-03-29
PO001136,S010,P0025,W003,2025-05-26,977,2025-06-06,2025-06-06
PO001137,S021,P0093,W006,2025-07-01,626,2025-07-15,2025-07-15
PO001138,S009,P0077,W008,2025-10-13,680,2025-10-19,2025-10-20
PO001139,S015,P0096,W002,2025-09-07,308,2025-09-14,2025-09-14
PO001140,S012,P0034,W001,2025-12-20,788,2025-12-27,2025-12-27
PO001141,S021,P0012,W007,2025-11-10,473,2025-11-24,2025-11-24
PO001142,S009,P0088,W002,2025-07-15,390,2025-07-21,2025-07-21
PO001143,S014,P0021,W001,2025-11-19,203,2025-11-28,2025-11-28
PO001144,S013,P0029,W001,2025-03-12,791,2025-03-17,2025-03-17
PO001145,S006,P0051,W005,2025-09-05,681,2025-09-10,2025-09-11
PO001146,S019,P0023,W008,2025-05-26,224,2025-06-01,2025-06-01
PO001147,S004,P0033,W003,2025-04-16,973,2025-04-30,2025-05-01
PO001148,S020,P0008,W005,2025-09-20,191,2025-10-01,2025-10-03
PO001149,S017,P0042,W008,2025-10-23,844,2025-11-01,2025-11-01
PO001150,S019,P0077,W006,2025-03-11,241,2025-03-17,2025-03-18
PO001151,S003,P0069,W007,2025-07-12,187,2025-07-24,2025-07-31
PO001152,S014,P0041,W002,2025-03-09,263,2025-03-18,2025-03-18
PO001153,S017,P0074,W002,2025-11-01,237,2025-11-10,2025-11-15
PO001154,S013,P0063,W004,2025-02-21,75,2025-02-26,2025-02-26
PO001155,S009,P0014,W006,2025-12-29,594,2026-01-04,2026-01-04
PO001156,S001,P0088,W007,2025-10-12,634,2025-10-25,2025-10-25
PO001157,S025,P0062,W006,2025-11-30,904,2025-12-12,2025-12-13
PO001158,S017,P0075,W008,2025-01-09,186,2025-01-18,2025-01-18
PO001159,S016,P0046,W005,2025-09-08,538,2025-09-19,2025-09-20
PO001160,S018,P0067,W008,2025-11-28,161,2025-12-02,2025-12-04
PO001161,S002,P0093,W005,2025-10-25,144,2025-11-07,2025-11-07
PO001162,S014,P0053,W006,2025-07-03,109,2025-07-12,2025-07-12
PO001163,S022,P0052,W005,2025-06-28,933,2025-07-02,2025-07-02
PO001164,S023,P0094,W004,2025-07-17,330,2025-07-29,2025-07-29
PO001165,S017,P0007,W008,2025-05-08,390,2025-05-17,2025-05-20
PO001166,S003,P0081,W007,2025-01-20,971,2025-02-01,2025-02-01
PO001167,S002,P0084,W007,2025-11-24,235,2025-12-07,2025-12-07
PO001168,S008,P0054,W005,2025-03-06,460,2025-03-15,2025-03-15
PO001169,S025,P0011,W005,2025-07-01,654,2025-07-13,2025-07-16
PO001170,S002,P0025,W007,2025-08-29,903,2025-09-11,2025-09-11
PO001171,S002,P0059,W006,2025-01-24,205,2025-02-06,2025-02-13
PO001172,S009,P0088,W007,2025-03-24,902,2025-03-30,2025-03-31
PO001173,S020,P0066,W006,2025-11-15,172,2025-11-26,2025-11-29
PO001174,S021,P0027,W005,2025-07-04,780,2025-07-18,2025-07-18
PO001175,S025,P0083,W005,2025-11-12,645,2025-11-24,2025-11-24
PO001176,S006,P0058,W008,2025-04-09,115,2025-04-14,2025-04-14
PO001177,S012,P0093,W008,2025-03-03,729,2025-03-10,2025-03-10
PO001178,S025,P0011,W006,2025-10-13,355,2025-10-25,2025-10-26
PO001179,S009,P0055,W002,2025-01-22,534,2025-01-28,2025-01-28
PO001180,S007,P0019,W003,2025-07-31,168,2025-08-14,2025-08-14
PO001181,S012,P0092,W002,2025-05-06,947,2025-05-13,2025-05-13
PO001182,S025,P0039,W005,2025-02-11,917,2025-02-23,2025-02-23
PO001183,S005,P0085,W001,2025-04-08,642,2025-04-22,2025-04-22
PO001184,S016,P0090,W001,2025-01-31,551,2025-02-11,2025-02-11
PO001185,S005,P0086,W004,2025-06-07,734,2025-06-21,2025-06-22
PO001186,S012,P0070,W002,2025-04-22,902,2025-04-29,2025-04-29
PO001187,S024,P0011,W006,2025-09-04,421,2025-09-15,2025-09-15
PO001188,S020,P0014,W008,2025-05-02,713,2025-05-13,2025-05-13
PO001189,S009,P0060,W004,2025-09-30,350,2025-10-06,2025-10-06
PO001190,S023,P0036,W004,2025-10-21,246,2025-11-02,2025-11-04
PO001191,S007,P0041,W001,2025-07-26,823,2025-08-09,2025-08-10
PO001192,S019,P0002,W002,2025-04-20,377,2025-04-26,2025-04-26
PO001193,S020,P0057,W003,2025-10-05,607,2025-10-16,2025-10-16
PO001194,S023,P0060,W007,2025-02-25,848,2025-03-09,2025-03-09
PO001195,S011,P0020,W006,2025-02-26,335,2025-03-03,2025-03-06
PO001196,S021,P0022,W002,2025-10-18,754,2025-11-01,2025-11-03
PO001197,S012,P0004,W008,2025-04-24,904,2025-05-01,2025-05-01
PO001198,S003,P0056,W004,2025-11-04,55,2025-11-16,2025-11-21
PO001199,S017,P0093,W005,2025-12-07,528,2025-12-16,2025-12-16
PO001200,S007,P0058,W004,2025-07-17,497,2025-07-31,2025-08-01
PO001201,S022,P0088,W002,2025-11-17,447,2025-11-21,2025-11-28
PO001202,S010,P0065,W001,2025-06-28,855,2025-07-09,2025-07-09
PO001203,S023,P0088,W007,2025-08-07,469,2025-08-19,2025-08-19
PO001204,S015,P0058,W002,2025-10-04,831,2025-10-11,2025-10-12
PO001205,S002,P0030,W003,2025-01-16,864,2025-01-29,2025-01-29
PO001206,S013,P0076,W006,2025-03-02,109,2025-03-07,2025-03-10
PO001207,S004,P0019,W006,2025-02-23,560,2025-03-09,2025-03-09
PO001208,S018,P0062,W005,2025-06-17,195,2025-06-21,2025-06-22
PO001209,S024,P0068,W005,2025-01-26,439,2025-02-06,2025-02-06
PO001210,S023,P0079,W004,2025-12-02,751,2025-12-14,2025-12-14
PO001211,S001,P0084,W002,2025-03-06,667,2025-03-19,2025-03-22
PO001212,S002,P0044,W006,2025-04-10,920,2025-04-23,2025-04-24
PO001213,S002,P0084,W001,2025-03-15,883,2025-03-28,2025-03-28
PO001214,S004,P0061,W003,2025-07-11,993,2025-07-25,2025-07-25
PO001215,S003,P0021,W004,2025-06-20,706,2025-07-02,2025-07-03
PO001216,S017,P0010,W002,2025-09-30,657,2025-10-09,2025-10-12
PO001217,S014,P0030,W001,2025-07-06,190,2025-07-15,2025-07-16
PO001218,S002,P0024,W002,2025-01-23,413,2025-02-05,2025-02-05
PO001219,S016,P0048,W001,2025-06-30,285,2025-07-11,2025-07-11
PO001220,S011,P0055,W008,2025-11-23,523,2025-11-28,2025-12-01
PO001221,S025,P0052,W007,2025-04-18,153,2025-04-30,2025-05-01
PO001222,S013,P0038,W002,2025-12-01,803,2025-12-06,2025-12-06
PO001223,S001,P0067,W002,2025-06-11,975,2025-06-24,2025-06-24
PO001224,S025,P0093,W008,2025-10-29,45,2025-11-10,2025-11-10
PO001225,S023,P0008,W007,2025-07-25,296,2025-08-06,2025-08-08
PO001226,S002,P0029,W006,2025-03-19,119,2025-04-01,2025-04-02
PO001227,S002,P0010,W004,2025-01-16,461,2025-01-29,2025-02-01
PO001228,S021,P0069,W002,2025-11-23,444,2025-12-07,2025-12-07
PO001229,S005,P0075,W002,2025-04-06,893,2025-04-20,2025-04-20
PO001230,S004,P0068,W004,2025-05-27,49,2025-06-10,2025-06-13
PO001231,S012,P0049,W004,2025-01-02,664,2025-01-09,2025-01-09
PO001232,S003,P0058,W005,2025-01-10,925,2025-01-22,2025-01-22
PO001233,S020,P0035,W005,2025-05-05,515,2025-05-16,2025-05-16
PO001234,S010,P0050,W006,2025-03-22,882,2025-04-02,2025-04-07
PO001235,S020,P0040,W004,2025-05-20,670,2025-05-31,2025-05-31
PO001236,S018,P0012,W007,2025-11-22,210,2025-11-26,2025-11-26
PO001237,S021,P0085,W003,2025-05-30,922,2025-06-13,2025-06-13
PO001238,S021,P0016,W006,2025-10-15,206,2025-10-29,2025-10-29
PO001239,S021,P0078,W001,2025-12-27,159,2026-01-10,2026-01-10
PO001240,S010,P0085,W008,2025-12-06,339,2025-12-17,2025-12-17
PO001241,S001,P0048,W004,2025-05-09,910,2025-05-22,2025-05-25
PO001242,S006,P0091,W005,2025-08-27,768,2025-09-01,2025-09-01
PO001243,S011,P0100,W008,2025-02-27,388,2025-03-04,2025-03-04
PO001244,S002,P0001,W002,2025-07-17,316,2025-07-30,2025-08-02
PO001245,S007,P0065,W004,2025-07-30,975,2025-08-13,2025-08-13
PO001246,S020,P0022,W004,2025-02-14,219,2025-02-25,2025-02-25
PO001247,S021,P0015,W005,2025-04-07,815,2025-04-21,2025-04-21
PO001248,S021,P0084,W005,2025-10-06,398,2025-10-20,2025-10-22
PO001249,S021,P0067,W003,2025-01-23,99,2025-02-06,2025-02-07
PO001250,S018,P0014,W006,2025-12-01,466,2025-12-05,2025-12-05
PO001251,S021,P0073,W005,2025-02-13,520,2025-02-27,2025-02-27
PO001252,S019,P0019,W005,2025-01-27,278,2025-02-02,2025-02-04
PO001253,S004,P0040,W005,2025-10-09,632,2025-10-23,2025-10-23
PO001254,S013,P0098,W008,2025-04-07,563,2025-04-12,2025-04-14
PO001255,S018,P0004,W006,2025-02-05,808,2025-02-09,2025-02-09
PO001256,S020,P0033,W002,2025-04-19,140,2025-04-30,2025-04-30
PO001257,S025,P0043,W004,2025-02-24,74,2025-03-08,2025-03-08
PO001258,S024,P0037,W004,2025-07-11,512,2025-07-22,2025-07-22
PO001259,S013,P0066,W005,2025-08-07,37,2025-08-12,2025-08-12
PO001260,S019,P0027,W007,2025-07-04,328,2025-07-10,2025-07-10
PO001261,S017,P0045,W007,2025-03-10,899,2025-03-19,2025-03-19
PO001262,S001,P0081,W006,2025-11-13,652,2025-11-26,2025-11-26
PO001263,S006,P0050,W003,2025-05-10,129,2025-05-15,2025-05-15
PO001264,S019,P0095,W005,2025-02-24,350,2025-03-02,2025-03-02
PO001265,S020,P0063,W008,2025-04-07,592,2025-04-18,2025-04-20
PO001266,S001,P0006,W006,2025-12-02,965,2025-12-15,2025-12-20
PO001267,S008,P0095,W006,2025-03-28,283,2025-04-06,2025-04-06
PO001268,S017,P0067,W008,2025-10-21,287,2025-10-30,2025-10-30
PO001269,S021,P0067,W003,2025-04-29,454,2025-05-13,2025-05-13
PO001270,S022,P0097,W006,2025-07-27,469,2025-07-31,2025-07-31
PO001271,S015,P0059,W008,2025-11-30,316,2025-12-07,2025-12-08
PO001272,S018,P0013,W004,2025-06-03,937,2025-06-07,2025-06-07
PO001273,S007,P0021,W003,2025-02-04,658,2025-02-18,2025-02-20
PO001274,S016,P0064,W003,2025-03-20,156,2025-03-31,2025-03-31
PO001275,S007,P0037,W001,2025-03-08,609,2025-03-22,2025-03-22
PO001276,S017,P0080,W003,2025-12-09,738,2025-12-18,2025-12-21
PO001277,S004,P0085,W003,2025-02-03,926,2025-02-17,2025-02-17
PO001278,S012,P0048,W008,2025-04-07,416,2025-04-14,2025-04-14
PO001279,S013,P0056,W002,2025-06-18,203,2025-06-23,2025-06-23
PO001280,S004,P0044,W004,2025-06-18,431,2025-07-02,2025-07-09
PO001281,S021,P0013,W005,2025-05-31,620,2025-06-14,2025-06-14
PO001282,S001,P0004,W008,2025-03-12,339,2025-03-25,2025-03-25
PO001283,S001,P0095,W001,2025-01-03,760,2025-01-16,2025-01-18
PO001284,S007,P0073,W003,2025-11-10,595,2025-11-24,2025-11-24
PO001285,S009,P0033,W002,2025-02-01,345,2025-02-07,2025-02-10
PO001286,S001,P0037,W002,2025-10-14,586,2025-10-27,2025-10-27
PO001287,S016,P0053,W008,2025-03-23,824,2025-04-03,2025-04-10
PO001288,S018,P0024,W006,2025-02-12,436,2025-02-16,2025-02-18
PO001289,S022,P0089,W005,2025-04-15,812,2025-04-19,2025-04-19
PO001290,S015,P0051,W005,2025-01-01,901,2025-01-08,2025-01-08
PO001291,S006,P0041,W007,2025-03-02,810,2025-03-07,2025-03-12
PO001292,S002,P0029,W004,2025-09-27,719,2025-10-10,2025-10-11
PO001293,S009,P0059,W007,2025-06-29,971,2025-07-05,2025-07-05
PO001294,S004,P0040,W006,2025-08-12,722,2025-08-26,2025-08-28
PO001295,S013,P0051,W003,2025-01-06,923,2025-01-11,2025-01-11
PO001296,S023,P0050,W002,2025-04-13,804,2025-04-25,2025-04-25
PO001297,S022,P0036,W001,2025-01-10,626,2025-01-14,2025-01-14
PO001298,S011,P0079,W004,2025-03-12,109,2025-03-17,2025-03-17
PO001299,S013,P0060,W008,2025-03-31,778,2025-04-05,2025-04-05
PO001300,S011,P0018,W003,2025-08-14,460,2025-08-19,2025-08-19
PO001301,S019,P0020,W006,2025-06-07,94,2025-06-13,2025-06-15
PO001302,S008,P0005,W005,2025-08-16,593,2025-08-25,2025-08-25
PO001303,S007,P0018,W006,2025-05-06,753,2025-05-20,2025-05-20
PO001304,S025,P0040,W003,2025-07-28,286,2025-08-09,2025-08-12
PO001305,S016,P0001,W006,2025-04-07,982,2025-04-18,2025-04-18
PO001306,S003,P0019,W005,2025-03-15,955,2025-03-27,2025-03-27
PO001307,S017,P0087,W003,2025-04-25,955,2025-05-04,2025-05-06
PO001308,S018,P0026,W001,2025-07-10,652,2025-07-14,2025-07-15
PO001309,S015,P0029,W007,2025-06-19,331,2025-06-26,2025-06-26
PO001310,S017,P0059,W004,2025-11-03,840,2025-11-12,2025-11-12
PO001311,S011,P0063,W006,2025-07-23,872,2025-07-28,2025-07-28
PO001312,S005,P0098,W005,2025-02-25,502,2025-03-11,2025-03-14
PO001313,S016,P0083,W001,2025-07-27,47,2025-08-07,2025-08-07
PO001314,S015,P0062,W002,2025-02-10,361,2025-02-17,2025-02-17
PO001315,S010,P0048,W001,2025-02-01,445,2025-02-12,2025-02-15
PO001316,S014,P0062,W001,2025-01-15,902,2025-01-24,2025-01-24
PO001317,S002,P0018,W001,2025-03-03,833,2025-03-16,2025-03-16
PO001318,S016,P0066,W008,2025-06-04,805,2025-06-15,2025-06-15
PO001319,S019,P0027,W005,2025-10-11,554,2025-10-17,2025-10-17
PO001320,S008,P0006,W008,2025-07-28,429,2025-08-06,2025-08-07
PO001321,S015,P0070,W002,2025-11-16,630,2025-11-23,2025-11-23
PO001322,S010,P0059,W004,2025-07-06,304,2025-07-17,2025-07-17
PO001323,S005,P0006,W001,2025-05-10,839,2025-05-24,2025-05-24
PO001324,S020,P0031,W005,2025-05-07,641,2025-05-18,2025-05-18
PO001325,S016,P0094,W005,2025-10-19,734,2025-10-30,2025-11-04
PO001326,S021,P0056,W004,2025-04-24,125,2025-05-08,2025-05-09
PO001327,S022,P0054,W007,2025-07-18,523,2025-07-22,2025-07-22
PO001328,S012,P0085,W003,2025-01-13,65,2025-01-20,2025-01-20
PO001329,S023,P0041,W002,2025-09-28,788,2025-10-10,2025-10-10
PO001330,S013,P0018,W002,2025-03-30,466,2025-04-04,2025-04-04
PO001331,S009,P0087,W006,2025-08-03,163,2025-08-09,2025-08-16
PO001332,S017,P0023,W001,2025-10-05,556,2025-10-14,2025-10-16
PO001333,S020,P0092,W003,2025-07-22,81,2025-08-02,2025-08-02
PO001334,S012,P0036,W007,2025-03-15,761,2025-03-22,2025-03-22
PO001335,S025,P0025,W002,2025-01-25,101,2025-02-06,2025-02-06
PO001336,S005,P0007,W007,2025-04-11,355,2025-04-25,2025-04-25
PO001337,S024,P0082,W006,2025-06-25,230,2025-07-06,2025-07-06
PO001338,S012,P0020,W001,2025-04-27,419,2025-05-04,2025-05-04
PO001339,S001,P0005,W003,2025-06-15,728,2025-06-28,2025-06-28
PO001340,S020,P0018,W005,2025-02-10,366,2025-02-21,2025-02-21
PO001341,S016,P0033,W001,2025-12-10,217,2025-12-21,2025-12-21
PO001342,S012,P0079,W003,2025-04-30,396,2025-05-07,2025-05-12
PO001343,S009,P0035,W004,2025-04-07,181,2025-04-13,2025-04-18
PO001344,S013,P0065,W002,2025-05-25,227,2025-05-30,2025-05-30
PO001345,S017,P0063,W007,2025-08-04,840,2025-08-13,2025-08-13
PO001346,S017,P0085,W001,2025-08-17,938,2025-08-26,2025-08-26
PO001347,S004,P0072,W006,2025-11-09,446,2025-11-23,2025-11-26
PO001348,S014,P0071,W005,2025-05-10,63,2025-05-19,2025-05-24
PO001349,S019,P0041,W006,2025-12-18,819,2025-12-24,2025-12-27
PO001350,S007,P0050,W007,2025-11-14,510,2025-11-28,2025-11-29
PO001351,S003,P0030,W001,2025-05-17,298,2025-05-29,2025-05-29
PO001352,S001,P0038,W002,2025-11-20,935,2025-12-03,2025-12-03
PO001353,S012,P0035,W002,2025-12-03,806,2025-12-10,2025-12-10
PO001354,S015,P0066,W003,2025-09-30,752,2025-10-07,2025-10-07
PO001355,S011,P0046,W006,2025-04-27,987,2025-05-02,2025-05-02
PO001356,S010,P0008,W006,2025-11-02,816,2025-11-13,2025-11-14
PO001357,S002,P0068,W005,2025-04-04,165,2025-04-17,2025-04-18
PO001358,S004,P0037,W007,2025-06-17,88,2025-07-01,2025-07-01
PO001359,S017,P0085,W003,2025-07-22,671,2025-07-31,2025-08-05
PO001360,S017,P0013,W005,2025-12-07,541,2025-12-16,2025-12-16
PO001361,S008,P0073,W008,2025-05-29,130,2025-06-07,2025-06-12
PO001362,S023,P0045,W001,2025-07-02,568,2025-07-14,2025-07-19
PO001363,S014,P0029,W001,2025-06-01,612,2025-06-10,2025-06-10
PO001364,S024,P0041,W008,2025-03-15,627,2025-03-26,2025-03-26
PO001365,S004,P0056,W006,2025-12-31,74,2026-01-14,2026-01-14
PO001366,S006,P0088,W007,2025-10-01,663,2025-10-06,2025-10-08
PO001367,S019,P0016,W003,2025-02-11,242,2025-02-17,2025-02-17
PO001368,S024,P0012,W008,2025-07-31,915,2025-08-11,2025-08-16
PO001369,S004,P0066,W007,2025-04-11,594,2025-04-25,2025-04-25
PO001370,S003,P0062,W004,2025-02-14,543,2025-02-26,2025-02-27
PO001371,S020,P0019,W002,2025-03-23,165,2025-04-03,2025-04-10
PO001372,S006,P0030,W008,2025-01-17,283,2025-01-22,2025-01-23
PO001373,S023,P0016,W007,2025-03-14,563,2025-03-26,2025-03-26
PO001374,S007,P0088,W003,2025-01-14,487,2025-01-28,2025-01-28
PO001375,S014,P0013,W008,2025-06-06,580,2025-06-15,2025-06-15
PO001376,S012,P0069,W007,2025-08-11,891,2025-08-18,2025-08-18
PO001377,S016,P0023,W008,2025-05-12,978,2025-05-23,2025-05-23
PO001378,S020,P0062,W003,2025-12-04,992,2025-12-15,2025-12-15
PO001379,S008,P0031,W001,2025-02-16,206,2025-02-25,2025-02-27
PO001380,S023,P0053,W002,2025-04-17,362,2025-04-29,2025-04-29
PO001381,S002,P0017,W007,2025-04-18,982,2025-05-01,2025-05-02
PO001382,S013,P0049,W007,2025-09-22,118,2025-09-27,2025-09-27
PO001383,S008,P0049,W007,2025-07-24,698,2025-08-02,2025-08-02
PO001384,S025,P0067,W008,2025-03-20,325,2025-04-01,2025-04-01
PO001385,S021,P0026,W003,2025-06-04,744,2025-06-18,2025-06-18
PO001386,S020,P0013,W008,2025-09-28,218,2025-10-09,2025-10-09
PO001387,S016,P0038,W007,2025-09-04,777,2025-09-15,2025-09-15
PO001388,S004,P0022,W001,2025-01-19,173,2025-02-02,2025-02-09
PO001389,S016,P0085,W001,2025-12-12,938,2025-12-23,2025-12-23
PO001390,S020,P0029,W006,2025-01-26,115,2025-02-06,2025-02-06
PO001391,S006,P0045,W008,2025-08-05,594,2025-08-10,2025-08-10
PO001392,S004,P0046,W006,2025-06-03,725,2025-06-17,2025-06-20
PO001393,S016,P0039,W003,2025-06-03,954,2025-06-14,2025-06-15
PO001394,S023,P0069,W003,2025-06-23,853,2025-07-05,2025-07-07
PO001395,S023,P0078,W001,2025-04-02,378,2025-04-14,2025-04-14
PO001396,S021,P0082,W006,2025-12-04,833,2025-12-18,2025-12-18
PO001397,S013,P0068,W007,2025-06-30,418,2025-07-05,2025-07-05
PO001398,S005,P0097,W007,2025-05-11,803,2025-05-25,2025-05-28
PO001399,S015,P0039,W008,2025-10-25,395,2025-11-01,2025-11-01
PO001400,S008,P0020,W003,2025-10-02,621,2025-10-11,2025-10-11
PO001401,S007,P0077,W002,2025-09-30,347,2025-10-14,2025-10-14
PO001402,S014,P0100,W001,2025-03-17,291,2025-03-26,2025-03-26
PO001403,S007,P0068,W001,2025-06-26,616,2025-07-10,2025-07-10
PO001404,S022,P0035,W003,2025-07-03,314,2025-07-07,2025-07-07
PO001405,S007,P0008,W003,2025-11-15,414,2025-11-29,2025-11-29
PO001406,S023,P0052,W003,2025-05-11,491,2025-05-23,2025-05-30
PO001407,S018,P0040,W008,2025-12-29,567,2026-01-02,2026-01-02
PO001408,S010,P0036,W007,2025-02-18,37,2025-03-01,2025-03-01
PO001409,S018,P0006,W007,2025-02-24,938,2025-02-28,2025-02-28
PO001410,S014,P0086,W008,2025-06-03,96,2025-06-12,2025-06-15
PO001411,S010,P0070,W002,2025-12-21,68,2026-01-01,2026-01-01
PO001412,S007,P0100,W008,2025-07-19,517,2025-08-02,2025-08-02
PO001413,S007,P0073,W001,2025-11-04,445,2025-11-18,2025-11-18
PO001414,S007,P0016,W004,2025-12-22,890,2026-01-05,2026-01-05
PO001415,S005,P0046,W008,2025-04-28,767,2025-05-12,2025-05-12
PO001416,S001,P0059,W002,2025-09-20,575,2025-10-03,2025-10-03
PO001417,S014,P0038,W002,2025-02-15,640,2025-02-24,2025-02-25
PO001418,S018,P0097,W007,2025-10-29,148,2025-11-02,2025-11-04
PO001419,S013,P0018,W008,2025-12-22,538,2025-12-27,2025-12-30
PO001420,S025,P0012,W006,2025-07-08,323,2025-07-20,2025-07-20
PO001421,S008,P0054,W001,2025-11-06,131,2025-11-15,2025-11-15
PO001422,S008,P0091,W007,2025-11-14,744,2025-11-23,2025-11-28
PO001423,S010,P0047,W004,2025-05-09,931,2025-05-20,2025-05-22
PO001424,S017,P0001,W001,2025-02-18,835,2025-02-27,2025-02-27
PO001425,S006,P0015,W002,2025-01-25,993,2025-01-30,2025-01-30
PO001426,S015,P0091,W003,2025-09-23,958,2025-09-30,2025-10-05
PO001427,S015,P0080,W001,2025-04-28,838,2025-05-05,2025-05-05
PO001428,S025,P0021,W008,2025-05-24,382,2025-06-05,2025-06-08
PO001429,S016,P0001,W001,2025-07-19,85,2025-07-30,2025-07-30
PO001430,S008,P0093,W003,2025-06-06,50,2025-06-15,2025-06-15
PO001431,S019,P0067,W004,2025-12-14,314,2025-12-20,2025-12-20
PO001432,S020,P0012,W004,2025-05-14,796,2025-05-25,2025-05-25
PO001433,S015,P0028,W001,2025-05-28,828,2025-06-04,2025-06-04
PO001434,S003,P0039,W007,2025-12-02,338,2025-12-14,2025-12-17
PO001435,S006,P0037,W008,2025-03-12,33,2025-03-17,2025-03-18
PO001436,S025,P0095,W003,2025-08-21,589,2025-09-02,2025-09-03
PO001437,S008,P0060,W006,2025-11-30,989,2025-12-09,2025-12-09
PO001438,S016,P0031,W001,2025-10-26,875,2025-11-06,2025-11-06
PO001439,S015,P0058,W003,2025-06-03,261,2025-06-10,2025-06-10
PO001440,S013,P0097,W002,2025-03-31,372,2025-04-05,2025-04-10
PO001441,S020,P0097,W006,2025-11-30,267,2025-12-11,2025-12-11
PO001442,S015,P0011,W003,2025-07-18,629,2025-07-25,2025-07-25
PO001443,S018,P0029,W007,2025-06-10,487,2025-06-14,2025-06-21
PO001444,S013,P0089,W001,2025-01-26,979,2025-01-31,2025-01-31
PO001445,S024,P0013,W005,2025-05-01,943,2025-05-12,2025-05-15
PO001446,S008,P0051,W004,2025-10-28,407,2025-11-06,2025-11-09
PO001447,S014,P0054,W001,2025-07-31,693,2025-08-09,2025-08-09
PO001448,S011,P0019,W003,2025-03-04,919,2025-03-09,2025-03-09
PO001449,S006,P0058,W008,2025-03-09,778,2025-03-14,2025-03-21
PO001450,S024,P0036,W006,2025-09-10,857,2025-09-21,2025-09-21
PO001451,S025,P0028,W006,2025-01-02,461,2025-01-14,2025-01-14
PO001452,S001,P0068,W003,2025-04-18,361,2025-05-01,2025-05-01
PO001453,S025,P0003,W008,2025-10-13,535,2025-10-25,2025-10-25
PO001454,S002,P0089,W004,2025-02-18,837,2025-03-03,2025-03-05
PO001455,S013,P0041,W001,2025-05-20,792,2025-05-25,2025-05-30
PO001456,S001,P0035,W006,2025-08-06,862,2025-08-19,2025-08-24
PO001457,S024,P0093,W006,2025-02-13,64,2025-02-24,2025-03-01
PO001458,S024,P0093,W005,2025-09-26,438,2025-10-07,2025-10-07
PO001459,S004,P0076,W002,2025-03-19,742,2025-04-02,2025-04-03
PO001460,S024,P0099,W005,2025-08-04,775,2025-08-15,2025-08-15
PO001461,S023,P0084,W002,2025-04-08,222,2025-04-20,2025-04-20
PO001462,S002,P0081,W006,2025-08-24,734,2025-09-06,2025-09-08
PO001463,S021,P0076,W002,2025-10-09,904,2025-10-23,2025-10-23
PO001464,S020,P0050,W001,2025-05-29,558,2025-06-09,2025-06-14
PO001465,S016,P0100,W006,2025-10-31,405,2025-11-11,2025-11-11
PO001466,S003,P0074,W006,2025-03-07,969,2025-03-19,2025-03-21
PO001467,S017,P0082,W008,2025-08-22,649,2025-08-31,2025-08-31
PO001468,S005,P0030,W002,2025-03-28,987,2025-04-11,2025-04-11
PO001469,S008,P0072,W003,2025-03-20,757,2025-03-29,2025-03-29
PO001470,S012,P0077,W002,2025-07-24,379,2025-07-31,2025-07-31
PO001471,S025,P0095,W002,2025-10-06,487,2025-10-18,2025-10-18
PO001472,S023,P0070,W004,2025-12-03,994,2025-12-15,2025-12-20
PO001473,S012,P0054,W004,2025-09-11,963,2025-09-18,2025-09-19
PO001474,S001,P0071,W001,2025-10-31,224,2025-11-13,2025-11-13
PO001475,S001,P0085,W001,2025-05-10,266,2025-05-23,2025-05-23
PO001476,S015,P0051,W003,2025-03-25,68,2025-04-01,2025-04-01
PO001477,S017,P0028,W004,2025-10-03,385,2025-10-12,2025-10-12
PO001478,S002,P0064,W005,2025-07-06,272,2025-07-19,2025-07-19
PO001479,S017,P0085,W001,2025-02-15,97,2025-02-24,2025-02-24
PO001480,S020,P0021,W001,2025-07-02,788,2025-07-13,2025-07-15
PO001481,S009,P0088,W004,2025-09-25,651,2025-10-01,2025-10-01
PO001482,S012,P0027,W004,2025-10-23,436,2025-10-30,2025-10-30
PO001483,S004,P0027,W003,2025-11-18,54,2025-12-02,2025-12-02
PO001484,S013,P0077,W008,2025-04-10,457,2025-04-15,2025-04-15
PO001485,S004,P0050,W004,2025-03-19,331,2025-04-02,2025-04-04
PO001486,S007,P0029,W008,2025-09-29,162,2025-10-13,2025-10-13
PO001487,S014,P0039,W007,2025-12-05,216,2025-12-14,2025-12-14
PO001488,S009,P0057,W002,2025-06-11,279,2025-06-17,2025-06-17
PO001489,S023,P0092,W006,2025-02-13,385,2025-02-25,2025-03-02
PO001490,S001,P0037,W005,2025-08-26,615,2025-09-08,2025-09-09
PO001491,S001,P0093,W006,2025-05-14,211,2025-05-27,2025-05-27
PO001492,S020,P0064,W002,2025-07-11,506,2025-07-22,2025-07-22
PO001493,S004,P0048,W007,2025-12-22,553,2026-01-05,2026-01-05
PO001494,S001,P0022,W007,2025-10-05,43,2025-10-18,2025-10-18
PO001495,S022,P0100,W002,2025-01-18,962,2025-01-22,2025-01-29
PO001496,S010,P0030,W006,2025-01-12,94,2025-01-23,2025-01-23
PO001497,S002,P0028,W002,2025-06-29,897,2025-07-12,2025-07-15
PO001498,S021,P0023,W001,2025-05-03,665,2025-05-17,2025-05-17
PO001499,S024,P0097,W007,2025-09-03,942,2025-09-14,2025-09-14
PO001500,S015,P0004,W006,2025-08-10,413,2025-08-17,2025-08-24
PO001501,S003,P0003,W008,2025-02-20,698,2025-03-04,2025-03-04
PO001502,S025,P0061,W002,2025-03-12,477,2025-03-24,2025-03-24
PO001503,S023,P0096,W008,2025-02-17,129,2025-03-01,2025-03-06
PO001504,S009,P0004,W001,2025-01-19,109,2025-01-25,2025-01-30
PO001505,S017,P0065,W004,2025-09-19,56,2025-09-28,2025-10-01
PO001506,S021,P0012,W007,2025-03-25,841,2025-04-08,2025-04-11
PO001507,S013,P0013,W005,2025-06-04,582,2025-06-09,2025-06-10
PO001508,S003,P0034,W005,2025-02-22,591,2025-03-06,2025-03-06
PO001509,S004,P0059,W002,2025-04-17,603,2025-05-01,2025-05-02
PO001510,S004,P0093,W005,2025-12-23,659,2026-01-06,2026-01-13
PO001511,S011,P0073,W001,2025-10-31,326,2025-11-05,2025-11-05
PO001512,S007,P0031,W004,2025-05-15,81,2025-05-29,2025-05-29
PO001513,S011,P0071,W002,2025-03-10,324,2025-03-15,2025-03-15
PO001514,S024,P0013,W003,2025-01-11,198,2025-01-22,2025-01-23
PO001515,S011,P0054,W006,2025-05-23,559,2025-05-28,2025-05-28
PO001516,S010,P0002,W007,2025-07-11,771,2025-07-22,2025-07-23
PO001517,S005,P0033,W008,2025-03-10,951,2025-03-24,2025-03-24
PO001518,S013,P0050,W005,2025-01-23,763,2025-01-28,2025-01-28
PO001519,S012,P0007,W005,2025-06-30,684,2025-07-07,2025-07-07
PO001520,S010,P0018,W002,2025-10-20,951,2025-10-31,2025-10-31
PO001521,S007,P0051,W006,2025-01-09,864,2025-01-23,2025-01-23
PO001522,S019,P0008,W006,2025-09-28,463,2025-10-04,2025-10-04
PO001523,S019,P0055,W005,2025-04-03,538,2025-04-09,2025-04-09
PO001524,S019,P0076,W005,2025-01-17,596,2025-01-23,2025-01-23
PO001525,S012,P0043,W008,2025-06-03,988,2025-06-10,2025-06-10
PO001526,S020,P0059,W003,2025-11-24,654,2025-12-05,2025-12-05
PO001527,S022,P0030,W006,2025-05-29,55,2025-06-02,2025-06-09
PO001528,S015,P0059,W001,2025-09-24,769,2025-10-01,2025-10-03
PO001529,S005,P0009,W007,2025-11-24,497,2025-12-08,2025-12-11
PO001530,S024,P0092,W002,2025-04-16,92,2025-04-27,2025-04-27
PO001531,S014,P0068,W002,2025-02-04,49,2025-02-13,2025-02-13
PO001532,S012,P0039,W003,2025-04-29,758,2025-05-06,2025-05-06
PO001533,S021,P0081,W007,2025-01-14,322,2025-01-28,2025-01-29
PO001534,S011,P0011,W003,2025-01-14,366,2025-01-19,2025-01-19
PO001535,S005,P0002,W001,2025-09-23,816,2025-10-07,2025-10-08
PO001536,S016,P0023,W004,2025-05-20,530,2025-05-31,2025-05-31
PO001537,S018,P0063,W002,2025-10-21,536,2025-10-25,2025-10-25
PO001538,S012,P0022,W006,2025-12-30,84,2026-01-06,2026-01-06
PO001539,S005,P0061,W007,2025-04-29,766,2025-05-13,2025-05-15
PO001540,S016,P0026,W005,2025-08-26,646,2025-09-06,2025-09-06
PO001541,S012,P0012,W007,2025-02-03,472,2025-02-10,2025-02-10
PO001542,S023,P0032,W001,2025-06-18,850,2025-06-30,2025-07-05
PO001543,S002,P0009,W008,2025-01-10,777,2025-01-23,2025-01-24
PO001544,S006,P0069,W002,2025-05-02,880,2025-05-07,2025-05-07
PO001545,S023,P0090,W006,2025-05-25,971,2025-06-06,2025-06-06
PO001546,S021,P0071,W001,2025-08-11,548,2025-08-25,2025-08-25
PO001547,S025,P0093,W008,2025-09-14,914,2025-09-26,2025-09-26
PO001548,S004,P0033,W004,2025-09-25,838,2025-10-09,2025-10-11
PO001549,S013,P0024,W006,2025-12-25,388,2025-12-30,2025-12-30
PO001550,S010,P0089,W002,2025-01-04,56,2025-01-15,2025-01-18
PO001551,S017,P0095,W007,2025-12-20,875,2025-12-29,2025-12-29
PO001552,S014,P0093,W005,2025-04-16,903,2025-04-25,2025-04-25
PO001553,S024,P0069,W006,2025-03-26,400,2025-04-06,2025-04-13
PO001554,S015,P0038,W008,2025-08-02,238,2025-08-09,2025-08-09
PO001555,S008,P0011,W008,2025-05-01,668,2025-05-10,2025-05-13
PO001556,S023,P0032,W002,2025-05-12,265,2025-05-24,2025-05-25
PO001557,S024,P0064,W008,2025-12-04,569,2025-12-15,2025-12-15
PO001558,S018,P0072,W001,2025-07-16,270,2025-07-20,2025-07-20
PO001559,S003,P0020,W004,2025-01-19,584,2025-01-31,2025-01-31
PO001560,S025,P0034,W008,2025-05-10,928,2025-05-22,2025-05-27
PO001561,S017,P0042,W006,2025-01-12,365,2025-01-21,2025-01-21
PO001562,S024,P0008,W001,2025-03-22,840,2025-04-02,2025-04-02
PO001563,S024,P0066,W001,2025-11-26,734,2025-12-07,2025-12-07
PO001564,S007,P0021,W003,2025-12-20,906,2026-01-03,2026-01-03
PO001565,S013,P0079,W001,2025-09-19,491,2025-09-24,2025-09-24
PO001566,S016,P0070,W007,2025-05-05,906,2025-05-16,2025-05-16
PO001567,S005,P0005,W006,2025-11-03,580,2025-11-17,2025-11-24
PO001568,S004,P0067,W004,2025-09-24,141,2025-10-08,2025-10-08
PO001569,S010,P0043,W005,2025-05-20,345,2025-05-31,2025-05-31
PO001570,S013,P0016,W003,2025-11-25,950,2025-11-30,2025-12-01
PO001571,S010,P0099,W001,2025-01-02,547,2025-01-13,2025-01-15
PO001572,S014,P0073,W006,2025-01-08,800,2025-01-17,2025-01-17
PO001573,S022,P0035,W007,2025-09-07,767,2025-09-11,2025-09-11
PO001574,S012,P0083,W007,2025-05-19,140,2025-05-26,2025-05-26
PO001575,S001,P0043,W007,2025-05-04,158,2025-05-17,2025-05-17
PO001576,S021,P0098,W002,2025-11-05,106,2025-11-19,2025-11-20
PO001577,S020,P0039,W003,2025-08-16,149,2025-08-27,2025-08-27
PO001578,S020,P0010,W004,2025-01-10,271,2025-01-21,2025-01-22
PO001579,S007,P0074,W002,2025-07-31,881,2025-08-14,2025-08-14
PO001580,S009,P0020,W008,2025-04-22,806,2025-04-28,2025-04-30
PO001581,S008,P0001,W004,2025-01-08,379,2025-01-17,2025-01-17
PO001582,S013,P0006,W002,2025-10-19,832,2025-10-24,2025-10-29
PO001583,S014,P0053,W005,2025-12-28,449,2026-01-06,2026-01-06
PO001584,S012,P0046,W004,2025-09-10,66,2025-09-17,2025-09-19
PO001585,S008,P0066,W002,2025-01-14,964,2025-01-23,2025-01-23
PO001586,S021,P0038,W008,2025-08-28,610,2025-09-11,2025-09-11
PO001587,S022,P0033,W007,2025-08-30,520,2025-09-03,2025-09-06
PO001588,S018,P0067,W008,2025-12-08,829,2025-12-12,2025-12-12
PO001589,S016,P0100,W004,2025-05-29,948,2025-06-09,2025-06-09
PO001590,S011,P0077,W008,2025-08-24,895,2025-08-29,2025-08-30
PO001591,S016,P0035,W003,2025-11-02,444,2025-11-13,2025-11-15
PO001592,S014,P0079,W004,2025-06-16,394,2025-06-25,2025-06-25
PO001593,S003,P0045,W006,2025-01-20,984,2025-02-01,2025-02-01
PO001594,S021,P0022,W004,2025-08-04,873,2025-08-18,2025-08-18
PO001595,S002,P0068,W002,2025-12-09,750,2025-12-22,2025-12-27
PO001596,S003,P0017,W008,2025-05-15,130,2025-05-27,2025-05-27
PO001597,S004,P0005,W008,2025-05-09,246,2025-05-23,2025-05-25
PO001598,S022,P0085,W004,2025-10-21,806,2025-10-25,2025-10-25
PO001599,S005,P0057,W005,2025-09-03,787,2025-09-17,2025-09-17
PO001600,S010,P0088,W001,2025-07-08,58,2025-07-19,2025-07-19
PO001601,S020,P0095,W003,2025-02-13,154,2025-02-24,2025-02-25
PO001602,S002,P0040,W006,2025-03-27,314,2025-04-09,2025-04-09
PO001603,S012,P0030,W007,2025-02-13,629,2025-02-20,2025-02-20
PO001604,S005,P0042,W002,2025-11-26,53,2025-12-10,2025-12-10
PO001605,S005,P0007,W007,2025-05-25,447,2025-06-08,2025-06-08
PO001606,S023,P0071,W007,2025-02-20,984,2025-03-04,2025-03-04
PO001607,S001,P0091,W008,2025-08-30,87,2025-09-12,2025-09-12
PO001608,S004,P0088,W004,2025-10-21,722,2025-11-04,2025-11-06
PO001609,S021,P0019,W004,2025-02-20,218,2025-03-06,2025-03-06
PO001610,S024,P0041,W004,2025-09-23,579,2025-10-04,2025-10-04
PO001611,S012,P0034,W008,2025-04-30,278,2025-05-07,2025-05-14
PO001612,S012,P0022,W003,2025-07-19,744,2025-07-26,2025-07-26
PO001613,S016,P0052,W006,2025-09-05,693,2025-09-16,2025-09-21
PO001614,S024,P0091,W001,2025-03-11,644,2025-03-22,2025-03-22
PO001615,S017,P0006,W005,2025-12-07,156,2025-12-16,2025-12-16
PO001616,S021,P0074,W006,2025-02-26,848,2025-03-12,2025-03-12
PO001617,S010,P0095,W005,2025-02-08,935,2025-02-19,2025-02-19
PO001618,S017,P0025,W007,2025-10-16,955,2025-10-25,2025-10-25
PO001619,S017,P0066,W006,2025-01-18,400,2025-01-27,2025-01-27
PO001620,S018,P0010,W002,2025-08-08,543,2025-08-12,2025-08-14
PO001621,S002,P0074,W001,2025-11-09,890,2025-11-22,2025-11-22
PO001622,S025,P0026,W001,2025-09-01,257,2025-09-13,2025-09-13
PO001623,S004,P0005,W003,2025-12-18,303,2026-01-01,2026-01-01
PO001624,S019,P0086,W008,2025-10-31,707,2025-11-06,2025-11-08
PO001625,S011,P0068,W006,2025-10-25,756,2025-10-30,2025-10-30
PO001626,S017,P0098,W004,2025-10-10,477,2025-10-19,2025-10-19
PO001627,S012,P0071,W001,2025-03-15,606,2025-03-22,2025-03-24
PO001628,S002,P0050,W006,2025-04-20,154,2025-05-03,2025-05-10
PO001629,S006,P0017,W004,2025-06-29,101,2025-07-04,2025-07-04
PO001630,S009,P0011,W003,2025-02-01,614,2025-02-07,2025-02-12
PO001631,S005,P0053,W007,2025-08-22,673,2025-09-05,2025-09-05
PO001632,S020,P0050,W007,2025-10-09,228,2025-10-20,2025-10-25
PO001633,S021,P0008,W006,2025-01-25,746,2025-02-08,2025-02-08
PO001634,S009,P0092,W006,2025-11-27,422,2025-12-03,2025-12-06
PO001635,S023,P0097,W002,2025-10-06,841,2025-10-18,2025-10-20
PO001636,S008,P0062,W006,2025-08-14,786,2025-08-23,2025-08-23
PO001637,S020,P0089,W002,2025-02-26,207,2025-03-09,2025-03-09
PO001638,S008,P0085,W004,2025-06-29,512,2025-07-08,2025-07-08
PO001639,S022,P0076,W008,2025-08-20,778,2025-08-24,2025-08-24
PO001640,S021,P0090,W007,2025-12-09,274,2025-12-23,2025-12-23
PO001641,S023,P0029,W008,2025-10-14,342,2025-10-26,2025-10-31
PO001642,S006,P0099,W004,2025-03-05,693,2025-03-10,2025-03-10
PO001643,S003,P0044,W007,2025-08-20,876,2025-09-01,2025-09-01
PO001644,S005,P0045,W007,2025-10-16,444,2025-10-30,2025-10-30
PO001645,S009,P0029,W001,2025-08-01,434,2025-08-07,2025-08-07
PO001646,S007,P0088,W003,2025-09-15,186,2025-09-29,2025-09-29
PO001647,S004,P0059,W008,2025-01-18,609,2025-02-01,2025-02-01
PO001648,S007,P0015,W002,2025-06-24,504,2025-07-08,2025-07-11
PO001649,S005,P0070,W007,2025-08-17,455,2025-08-31,2025-09-02
PO001650,S011,P0096,W001,2025-08-14,706,2025-08-19,2025-08-21
PO001651,S015,P0044,W008,2025-03-25,551,2025-04-01,2025-04-03
PO001652,S002,P0098,W005,2025-10-18,627,2025-10-31,2025-10-31
PO001653,S013,P0036,W001,2025-09-03,500,2025-09-08,2025-09-09
PO001654,S022,P0084,W004,2025-04-20,199,2025-04-24,2025-04-24
PO001655,S016,P0057,W005,2025-09-11,626,2025-09-22,2025-09-22
PO001656,S007,P0064,W008,2025-03-29,90,2025-04-12,2025-04-12
PO001657,S008,P0076,W001,2025-03-13,721,2025-03-22,2025-03-22
PO001658,S006,P0099,W006,2025-01-30,920,2025-02-04,2025-02-04
PO001659,S024,P0038,W003,2025-06-21,460,2025-07-02,2025-07-02
PO001660,S007,P0017,W002,2025-11-05,663,2025-11-19,2025-11-19
PO001661,S018,P0027,W006,2025-12-09,158,2025-12-13,2025-12-13
PO001662,S022,P0017,W005,2025-06-26,806,2025-06-30,2025-07-01
PO001663,S025,P0063,W007,2025-05-19,121,2025-05-31,2025-05-31
PO001664,S022,P0011,W003,2025-07-13,487,2025-07-17,2025-07-22
PO001665,S020,P0064,W007,2025-07-05,302,2025-07-16,2025-07-16
PO001666,S007,P0039,W001,2025-08-06,48,2025-08-20,2025-08-21
PO001667,S003,P0002,W006,2025-06-13,37,2025-06-25,2025-06-26
PO001668,S005,P0066,W004,2025-06-10,952,2025-06-24,2025-06-29
PO001669,S001,P0054,W008,2025-01-13,976,2025-01-26,2025-01-26
PO001670,S015,P0029,W004,2025-10-23,775,2025-10-30,2025-10-30
PO001671,S003,P0045,W003,2025-03-30,706,2025-04-11,2025-04-11
PO001672,S008,P0088,W004,2025-11-20,527,2025-11-29,2025-11-29
PO001673,S025,P0088,W002,2025-02-11,620,2025-02-23,2025-02-23
PO001674,S009,P0080,W008,2025-07-29,39,2025-08-04,2025-08-07
PO001675,S015,P0031,W007,2025-08-17,345,2025-08-24,2025-08-24
PO001676,S010,P0049,W003,2025-12-16,375,2025-12-27,2025-12-27
PO001677,S002,P0009,W008,2025-10-02,452,2025-10-15,2025-10-15
PO001678,S020,P0027,W003,2025-10-06,418,2025-10-17,2025-10-17
PO001679,S005,P0056,W004,2025-09-08,37,2025-09-22,2025-09-27
PO001680,S019,P0078,W003,2025-11-06,569,2025-11-12,2025-11-15
PO001681,S013,P0045,W001,2025-07-27,395,2025-08-01,2025-08-01
PO001682,S011,P0089,W005,2025-11-17,620,2025-11-22,2025-11-22
PO001683,S001,P0043,W006,2025-05-20,359,2025-06-02,2025-06-07
PO001684,S022,P0022,W005,2025-10-07,169,2025-10-11,2025-10-11
PO001685,S015,P0099,W008,2025-02-03,735,2025-02-10,2025-02-10
PO001686,S018,P0033,W007,2025-11-05,252,2025-11-09,2025-11-14
PO001687,S016,P0027,W006,2025-01-18,123,2025-01-29,2025-01-29
PO001688,S009,P0040,W004,2025-02-26,975,2025-03-04,2025-03-04
PO001689,S001,P0026,W008,2025-04-22,642,2025-05-05,2025-05-05
PO001690,S011,P0083,W002,2025-01-05,756,2025-01-10,2025-01-15
PO001691,S009,P0045,W002,2025-07-01,240,2025-07-07,2025-07-07
PO001692,S023,P0045,W004,2025-01-13,981,2025-01-25,2025-01-25
PO001693,S011,P0026,W007,2025-12-05,45,2025-12-10,2025-12-12
PO001694,S013,P0070,W004,2025-10-12,83,2025-10-17,2025-10-20
PO001695,S002,P0067,W003,2025-09-16,273,2025-09-29,2025-09-29
PO001696,S014,P0006,W002,2025-03-31,268,2025-04-09,2025-04-09
PO001697,S006,P0028,W008,2025-04-14,755,2025-04-19,2025-04-19
PO001698,S008,P0067,W005,2025-07-05,845,2025-07-14,2025-07-14
PO001699,S018,P0013,W004,2025-09-07,150,2025-09-11,2025-09-11
PO001700,S016,P0063,W007,2025-09-12,49,2025-09-23,2025-09-25
PO001701,S021,P0013,W008,2025-03-17,806,2025-03-31,2025-03-31
PO001702,S012,P0077,W007,2025-04-18,29,2025-04-25,2025-04-25
PO001703,S011,P0001,W005,2025-06-05,108,2025-06-10,2025-06-10
PO001704,S006,P0040,W006,2025-03-23,449,2025-03-28,2025-03-28
PO001705,S003,P0037,W005,2025-03-18,166,2025-03-30,2025-03-31
PO001706,S014,P0031,W007,2025-09-15,146,2025-09-24,2025-09-26
PO001707,S002,P0017,W002,2025-05-07,717,2025-05-20,2025-05-21
PO001708,S011,P0009,W006,2025-10-09,143,2025-10-14,2025-10-14
PO001709,S022,P0064,W008,2025-03-29,638,2025-04-02,2025-04-03
PO001710,S003,P0057,W005,2025-07-23,360,2025-08-04,2025-08-04
PO001711,S018,P0013,W003,2025-01-16,537,2025-01-20,2025-01-20
PO001712,S001,P0037,W003,2025-05-31,70,2025-06-13,2025-06-13
PO001713,S024,P0014,W002,2025-09-11,417,2025-09-22,2025-09-22
PO001714,S001,P0075,W008,2025-07-07,333,2025-07-20,2025-07-20
PO001715,S012,P0025,W003,2025-11-25,667,2025-12-02,2025-12-02
PO001716,S015,P0095,W004,2025-02-01,533,2025-02-08,2025-02-08
PO001717,S005,P0078,W006,2025-09-28,521,2025-10-12,2025-10-12
PO001718,S006,P0057,W002,2025-01-05,549,2025-01-10,2025-01-11
PO001719,S016,P0071,W006,2025-11-26,780,2025-12-07,2025-12-07
PO001720,S012,P0088,W008,2025-11-04,716,2025-11-11,2025-11-16
PO001721,S012,P0100,W007,2025-11-29,753,2025-12-06,2025-12-06
PO001722,S003,P0042,W005,2025-06-18,759,2025-06-30,2025-06-30
PO001723,S023,P0042,W004,2025-06-30,879,2025-07-12,2025-07-12
PO001724,S002,P0047,W002,2025-06-27,438,2025-07-10,2025-07-10
PO001725,S007,P0044,W005,2025-05-23,213,2025-06-06,2025-06-09
PO001726,S002,P0041,W005,2025-12-28,331,2026-01-10,2026-01-10
PO001727,S021,P0003,W005,2025-09-05,741,2025-09-19,2025-09-19
PO001728,S007,P0090,W005,2025-05-07,318,2025-05-21,2025-05-21
PO001729,S011,P0090,W005,2025-09-20,348,2025-09-25,2025-09-25
PO001730,S011,P0001,W002,2025-02-09,495,2025-02-14,2025-02-14
PO001731,S014,P0079,W003,2025-12-21,603,2025-12-30,2025-12-30
PO001732,S003,P0011,W005,2025-09-12,136,2025-09-24,2025-09-24
PO001733,S014,P0007,W007,2025-05-23,283,2025-06-01,2025-06-03
PO001734,S011,P0012,W007,2025-08-28,536,2025-09-02,2025-09-03
PO001735,S004,P0038,W004,2025-08-16,800,2025-08-30,2025-08-30
PO001736,S017,P0054,W002,2025-12-07,538,2025-12-16,2025-12-16
PO001737,S016,P0067,W001,2025-07-17,40,2025-07-28,2025-07-30
PO001738,S003,P0053,W003,2025-03-06,496,2025-03-18,2025-03-19
PO001739,S025,P0090,W004,2025-01-11,568,2025-01-23,2025-01-23
PO001740,S010,P0094,W007,2025-04-18,192,2025-04-29,2025-04-29
PO001741,S021,P0032,W005,2025-01-26,967,2025-02-09,2025-02-09
PO001742,S015,P0100,W002,2025-05-31,963,2025-06-07,2025-06-07
PO001743,S008,P0045,W002,2025-08-09,81,2025-08-18,2025-08-18
PO001744,S018,P0051,W005,2025-12-07,225,2025-12-11,2025-12-11
PO001745,S003,P0037,W007,2025-08-25,632,2025-09-06,2025-09-08
PO001746,S007,P0059,W004,2025-08-25,650,2025-09-08,2025-09-08
PO001747,S010,P0054,W002,2025-08-07,198,2025-08-18,2025-08-18
PO001748,S020,P0018,W006,2025-05-31,663,2025-06-11,2025-06-11
PO001749,S009,P0001,W007,2025-05-03,907,2025-05-09,2025-05-10
PO001750,S014,P0021,W007,2025-05-24,361,2025-06-02,2025-06-02
PO001751,S023,P0028,W003,2025-07-08,459,2025-07-20,2025-07-20
PO001752,S014,P0016,W004,2025-09-12,94,2025-09-21,2025-09-21
PO001753,S011,P0048,W007,2025-03-09,309,2025-03-14,2025-03-14
PO001754,S001,P0028,W008,2025-04-14,576,2025-04-27,2025-04-27
PO001755,S004,P0022,W005,2025-12-02,163,2025-12-16,2025-12-16
PO001756,S006,P0083,W008,2025-06-08,668,2025-06-13,2025-06-13
PO001757,S022,P0001,W007,2025-11-05,227,2025-11-09,2025-11-09
PO001758,S022,P0095,W008,2025-12-28,762,2026-01-01,2026-01-01
PO001759,S005,P0042,W004,2025-10-27,291,2025-11-10,2025-11-10
PO001760,S003,P0098,W008,2025-03-31,626,2025-04-12,2025-04-12
PO001761,S002,P0070,W006,2025-12-23,434,2026-01-05,2026-01-05
PO001762,S003,P0092,W007,2025-09-13,416,2025-09-25,2025-09-28
PO001763,S009,P0003,W004,2025-12-19,403,2025-12-25,2025-12-27
PO001764,S019,P0095,W007,2025-08-08,280,2025-08-14,2025-08-21
PO001765,S019,P0080,W001,2025-01-09,910,2025-01-15,2025-01-15
PO001766,S017,P0081,W008,2025-01-12,658,2025-01-21,2025-01-21
PO001767,S018,P0044,W008,2025-11-21,962,2025-11-25,2025-11-25
PO001768,S011,P0027,W005,2025-09-01,186,2025-09-06,2025-09-06
PO001769,S012,P0051,W003,2025-07-01,37,2025-07-08,2025-07-08
PO001770,S003,P0024,W005,2025-10-11,679,2025-10-23,2025-10-23
PO001771,S018,P0020,W001,2025-11-08,266,2025-11-12,2025-11-12
PO001772,S024,P0032,W005,2025-04-09,661,2025-04-20,2025-04-20
PO001773,S006,P0099,W005,2025-07-16,315,2025-07-21,2025-07-26
PO001774,S007,P0013,W003,2025-08-14,433,2025-08-28,2025-08-28
PO001775,S001,P0043,W008,2025-11-29,797,2025-12-12,2025-12-12
PO001776,S006,P0020,W001,2025-04-13,339,2025-04-18,2025-04-18
PO001777,S018,P0002,W005,2025-04-16,573,2025-04-20,2025-04-22
PO001778,S013,P0068,W006,2025-12-31,734,2026-01-05,2026-01-06
PO001779,S022,P0091,W007,2025-02-27,712,2025-03-03,2025-03-03
PO001780,S019,P0060,W005,2025-03-19,880,2025-03-25,2025-03-25
PO001781,S007,P0089,W002,2025-03-16,200,2025-03-30,2025-03-31
PO001782,S019,P0004,W005,2025-02-11,315,2025-02-17,2025-02-17
PO001783,S009,P0096,W003,2025-11-20,675,2025-11-26,2025-12-03
PO001784,S003,P0017,W002,2025-06-30,963,2025-07-12,2025-07-12
PO001785,S023,P0001,W006,2025-02-02,912,2025-02-14,2025-02-14
PO001786,S012,P0033,W007,2025-03-12,80,2025-03-19,2025-03-22
PO001787,S020,P0030,W006,2025-02-25,228,2025-03-08,2025-03-08
PO001788,S024,P0005,W006,2025-04-15,185,2025-04-26,2025-04-26
PO001789,S018,P0012,W001,2025-07-19,901,2025-07-23,2025-07-23
PO001790,S008,P0032,W006,2025-04-11,319,2025-04-20,2025-04-22
PO001791,S009,P0038,W004,2025-09-13,674,2025-09-19,2025-09-19
PO001792,S013,P0017,W003,2025-11-03,370,2025-11-08,2025-11-08
PO001793,S008,P0058,W001,2025-03-15,80,2025-03-24,2025-03-24
PO001794,S022,P0040,W002,2025-06-20,282,2025-06-24,2025-06-26
PO001795,S010,P0096,W004,2025-05-23,143,2025-06-03,2025-06-03
PO001796,S017,P0024,W001,2025-06-15,257,2025-06-24,2025-06-24
PO001797,S007,P0012,W003,2025-09-18,561,2025-10-02,2025-10-02
PO001798,S017,P0095,W002,2025-08-09,951,2025-08-18,2025-08-19
PO001799,S023,P0019,W003,2025-03-24,786,2025-04-05,2025-04-07
PO001800,S018,P0029,W003,2025-07-01,900,2025-07-05,2025-07-05
PO001801,S024,P0085,W002,2025-11-03,109,2025-11-14,2025-11-16
PO001802,S002,P0090,W006,2025-01-10,158,2025-01-23,2025-01-23
PO001803,S003,P0052,W005,2025-01-04,910,2025-01-16,2025-01-16
PO001804,S019,P0092,W003,2025-12-17,985,2025-12-23,2025-12-26
PO001805,S001,P0017,W006,2025-12-02,381,2025-12-15,2025-12-15
PO001806,S021,P0073,W007,2025-10-19,432,2025-11-02,2025-11-02
PO001807,S021,P0021,W002,2025-10-08,879,2025-10-22,2025-10-27
PO001808,S010,P0060,W003,2025-08-03,738,2025-08-14,2025-08-14
PO001809,S021,P0098,W005,2025-04-08,112,2025-04-22,2025-04-22
PO001810,S014,P0075,W007,2025-04-11,153,2025-04-20,2025-04-23
PO001811,S013,P0020,W002,2025-01-09,899,2025-01-14,2025-01-14
PO001812,S009,P0053,W008,2025-03-02,223,2025-03-08,2025-03-08
PO001813,S006,P0080,W001,2025-11-05,838,2025-11-10,2025-11-10
PO001814,S006,P0063,W001,2025-05-26,867,2025-05-31,2025-05-31
PO001815,S019,P0057,W008,2025-03-04,641,2025-03-10,2025-03-11
PO001816,S021,P0029,W006,2025-05-01,57,2025-05-15,2025-05-15
PO001817,S010,P0001,W001,2025-08-14,476,2025-08-25,2025-08-25
PO001818,S023,P0082,W004,2025-04-15,553,2025-04-27,2025-04-29
PO001819,S003,P0059,W008,2025-09-17,756,2025-09-29,2025-09-29
PO001820,S018,P0064,W003,2025-12-15,877,2025-12-19,2025-12-19
PO001821,S021,P0086,W003,2025-09-12,457,2025-09-26,2025-09-28
PO001822,S019,P0072,W002,2025-07-26,699,2025-08-01,2025-08-02
PO001823,S005,P0071,W004,2025-01-28,666,2025-02-11,2025-02-11
PO001824,S025,P0089,W003,2025-06-19,641,2025-07-01,2025-07-01
PO001825,S011,P0094,W002,2025-12-02,243,2025-12-07,2025-12-07
PO001826,S010,P0098,W005,2025-03-17,187,2025-03-28,2025-03-28
PO001827,S017,P0044,W003,2025-04-26,126,2025-05-05,2025-05-05
PO001828,S004,P0048,W006,2025-03-10,399,2025-03-24,2025-03-25
PO001829,S021,P0075,W003,2025-12-20,43,2026-01-03,2026-01-03
PO001830,S018,P0015,W005,2025-08-22,530,2025-08-26,2025-09-02
PO001831,S018,P0035,W005,2025-01-01,828,2025-01-05,2025-01-07
PO001832,S001,P0023,W003,2025-06-16,326,2025-06-29,2025-06-29
PO001833,S014,P0053,W005,2025-12-18,954,2025-12-27,2025-12-27
PO001834,S008,P0045,W002,2025-08-06,377,2025-08-15,2025-08-16
PO001835,S002,P0085,W003,2025-09-30,389,2025-10-13,2025-10-14
PO001836,S019,P0092,W003,2025-09-08,742,2025-09-14,2025-09-21
PO001837,S015,P0013,W001,2025-12-13,190,2025-12-20,2025-12-20
PO001838,S002,P0034,W006,2025-12-10,600,2025-12-23,2025-12-23
PO001839,S004,P0038,W003,2025-06-23,241,2025-07-07,2025-07-12
PO001840,S001,P0070,W007,2025-06-19,462,2025-07-02,2025-07-02
PO001841,S019,P0068,W001,2025-09-03,172,2025-09-09,2025-09-10
PO001842,S021,P0005,W005,2025-03-31,881,2025-04-14,2025-04-14
PO001843,S010,P0040,W006,2025-02-18,395,2025-03-01,2025-03-03
PO001844,S001,P0070,W006,2025-10-21,300,2025-11-03,2025-11-03
PO001845,S020,P0021,W005,2025-05-30,732,2025-06-10,2025-06-11
PO001846,S022,P0028,W002,2025-05-12,238,2025-05-16,2025-05-16
PO001847,S015,P0003,W008,2025-02-28,939,2025-03-07,2025-03-12
PO001848,S004,P0023,W008,2025-11-20,977,2025-12-04,2025-12-04
PO001849,S007,P0072,W001,2025-07-18,635,2025-08-01,2025-08-01
PO001850,S007,P0019,W003,2025-08-03,830,2025-08-17,2025-08-17
PO001851,S022,P0075,W001,2025-02-18,846,2025-02-22,2025-02-25
PO001852,S025,P0050,W005,2025-08-20,841,2025-09-01,2025-09-01
PO001853,S018,P0074,W005,2025-09-04,505,2025-09-08,2025-09-08
PO001854,S013,P0058,W007,2025-08-27,529,2025-09-01,2025-09-01
PO001855,S010,P0092,W008,2025-06-17,354,2025-06-28,2025-06-28
PO001856,S024,P0020,W002,2025-02-17,761,2025-02-28,2025-02-28
PO001857,S008,P0092,W008,2025-02-20,429,2025-03-01,2025-03-01
PO001858,S010,P0093,W006,2025-10-26,73,2025-11-06,2025-11-08
PO001859,S014,P0072,W006,2025-04-08,720,2025-04-17,2025-04-17
PO001860,S014,P0083,W005,2025-08-04,753,2025-08-13,2025-08-13
PO001861,S020,P0053,W001,2025-06-26,94,2025-07-07,2025-07-09
PO001862,S022,P0085,W006,2025-03-21,368,2025-03-25,2025-03-30
PO001863,S011,P0082,W007,2025-07-04,994,2025-07-09,2025-07-10
PO001864,S006,P0009,W007,2025-01-27,703,2025-02-01,2025-02-01
PO001865,S021,P0004,W003,2025-07-14,412,2025-07-28,2025-07-28
PO001866,S001,P0041,W003,2025-08-02,573,2025-08-15,2025-08-15
PO001867,S019,P0025,W001,2025-12-08,176,2025-12-14,2025-12-14
PO001868,S007,P0034,W008,2025-04-24,866,2025-05-08,2025-05-08
PO001869,S024,P0073,W008,2025-08-30,100,2025-09-10,2025-09-13
PO001870,S018,P0009,W002,2025-05-04,227,2025-05-08,2025-05-08
PO001871,S003,P0082,W003,2025-11-01,845,2025-11-13,2025-11-13
PO001872,S020,P0075,W001,2025-03-17,105,2025-03-28,2025-03-28
PO001873,S011,P0013,W001,2025-11-07,763,2025-11-12,2025-11-12
PO001874,S005,P0009,W005,2025-11-08,466,2025-11-22,2025-11-22
PO001875,S019,P0080,W006,2025-07-15,196,2025-07-21,2025-07-21
PO001876,S021,P0004,W005,2025-12-17,530,2025-12-31,2025-12-31
PO001877,S024,P0034,W006,2025-02-13,638,2025-02-24,2025-02-24
PO001878,S024,P0007,W002,2025-07-05,158,2025-07-16,2025-07-19
PO001879,S002,P0015,W002,2025-12-09,121,2025-12-22,2025-12-23
PO001880,S022,P0038,W002,2025-09-03,492,2025-09-07,2025-09-09
PO001881,S004,P0075,W001,2025-03-25,841,2025-04-08,2025-04-08
PO001882,S025,P0096,W001,2025-07-26,561,2025-08-07,2025-08-10
PO001883,S010,P0091,W008,2025-05-31,213,2025-06-11,2025-06-11
PO001884,S002,P0094,W005,2025-06-05,852,2025-06-18,2025-06-21
PO001885,S008,P0052,W003,2025-01-16,775,2025-01-25,2025-01-25
PO001886,S001,P0081,W007,2025-06-14,505,2025-06-27,2025-06-27
PO001887,S006,P0100,W006,2025-05-25,333,2025-05-30,2025-05-30
PO001888,S011,P0083,W006,2025-02-06,716,2025-02-11,2025-02-11
PO001889,S010,P0007,W002,2025-11-29,824,2025-12-10,2025-12-10
PO001890,S013,P0045,W008,2025-02-14,266,2025-02-19,2025-02-24
PO001891,S001,P0059,W006,2025-07-25,649,2025-08-07,2025-08-07
PO001892,S002,P0021,W004,2025-03-03,457,2025-03-16,2025-03-16
PO001893,S003,P0028,W002,2025-12-22,92,2026-01-03,2026-01-03
PO001894,S009,P0003,W007,2025-11-04,88,2025-11-10,2025-11-10
PO001895,S005,P0014,W006,2025-01-19,773,2025-02-02,2025-02-03
PO001896,S010,P0002,W005,2025-12-31,171,2026-01-11,2026-01-11
PO001897,S010,P0029,W006,2025-10-27,850,2025-11-07,2025-11-09
PO001898,S012,P0018,W001,2025-01-07,113,2025-01-14,2025-01-14
PO001899,S018,P0037,W005,2025-09-06,454,2025-09-10,2025-09-15
PO001900,S021,P0045,W005,2025-04-27,802,2025-05-11,2025-05-11
PO001901,S021,P0045,W005,2025-03-09,450,2025-03-23,2025-03-28
PO001902,S001,P0024,W004,2025-02-03,476,2025-02-16,2025-02-16
PO001903,S003,P0046,W004,2025-07-13,449,2025-07-25,2025-07-26
PO001904,S005,P0012,W006,2025-11-21,248,2025-12-05,2025-12-05
PO001905,S025,P0053,W002,2025-02-24,49,2025-03-08,2025-03-08
PO001906,S017,P0045,W008,2025-09-23,644,2025-10-02,2025-10-02
PO001907,S008,P0032,W006,2025-02-11,354,2025-02-20,2025-02-20
PO001908,S017,P0018,W006,2025-10-24,679,2025-11-02,2025-11-02
PO001909,S009,P0013,W008,2025-08-19,588,2025-08-25,2025-08-25
PO001910,S006,P0004,W008,2025-01-10,196,2025-01-15,2025-01-15
PO001911,S017,P0023,W006,2025-12-24,843,2026-01-02,2026-01-03
PO001912,S008,P0062,W008,2025-05-08,587,2025-05-17,2025-05-24
PO001913,S021,P0054,W007,2025-06-28,428,2025-07-12,2025-07-12
PO001914,S007,P0074,W001,2025-07-12,796,2025-07-26,2025-07-26
PO001915,S007,P0055,W005,2025-04-02,256,2025-04-16,2025-04-16
PO001916,S015,P0069,W003,2025-08-19,297,2025-08-26,2025-08-27
PO001917,S007,P0040,W007,2025-03-19,96,2025-04-02,2025-04-07
PO001918,S022,P0014,W002,2025-03-26,952,2025-03-30,2025-04-06
PO001919,S008,P0098,W002,2025-01-30,655,2025-02-08,2025-02-13
PO001920,S009,P0028,W005,2025-08-01,559,2025-08-07,2025-08-10
PO001921,S015,P0072,W002,2025-02-18,673,2025-02-25,2025-03-04
PO001922,S002,P0080,W005,2025-09-22,177,2025-10-05,2025-10-05
PO001923,S007,P0095,W002,2025-05-25,186,2025-06-08,2025-06-13
PO001924,S015,P0071,W006,2025-03-10,204,2025-03-17,2025-03-19
PO001925,S018,P0067,W001,2025-02-27,408,2025-03-03,2025-03-03
PO001926,S022,P0029,W007,2025-07-04,31,2025-07-08,2025-07-08
PO001927,S018,P0100,W007,2025-03-03,950,2025-03-07,2025-03-07
PO001928,S010,P0061,W002,2025-11-04,188,2025-11-15,2025-11-17
PO001929,S022,P0068,W007,2025-10-23,850,2025-10-27,2025-10-27
PO001930,S018,P0009,W002,2025-06-15,445,2025-06-19,2025-06-19
PO001931,S001,P0017,W008,2025-06-20,912,2025-07-03,2025-07-04
PO001932,S007,P0049,W008,2025-03-04,468,2025-03-18,2025-03-18
PO001933,S003,P0063,W008,2025-05-27,513,2025-06-08,2025-06-10
PO001934,S014,P0084,W003,2025-11-02,468,2025-11-11,2025-11-13
PO001935,S012,P0078,W007,2025-06-10,125,2025-06-17,2025-06-24
PO001936,S014,P0046,W001,2025-05-21,785,2025-05-30,2025-05-30
PO001937,S004,P0093,W007,2025-11-30,446,2025-12-14,2025-12-19
PO001938,S013,P0013,W006,2025-04-07,975,2025-04-12,2025-04-12
PO001939,S016,P0100,W001,2025-08-09,935,2025-08-20,2025-08-20
PO001940,S016,P0045,W007,2025-02-12,117,2025-02-23,2025-02-23
PO001941,S022,P0053,W001,2025-10-19,650,2025-10-23,2025-10-23
PO001942,S005,P0017,W007,2025-04-18,245,2025-05-02,2025-05-09
PO001943,S020,P0047,W002,2025-09-23,466,2025-10-04,2025-10-04
PO001944,S025,P0062,W004,2025-04-05,906,2025-04-17,2025-04-22
PO001945,S006,P0050,W008,2025-09-19,683,2025-09-24,2025-09-24
PO001946,S006,P0043,W002,2025-11-09,495,2025-11-14,2025-11-14
PO001947,S018,P0068,W005,2025-03-12,222,2025-03-16,2025-03-16
PO001948,S006,P0084,W008,2025-08-07,987,2025-08-12,2025-08-12
PO001949,S007,P0075,W007,2025-01-21,694,2025-02-04,2025-02-11
PO001950,S024,P0086,W003,2025-04-02,316,2025-04-13,2025-04-14
PO001951,S024,P0072,W001,2025-05-07,653,2025-05-18,2025-05-18
PO001952,S016,P0028,W005,2025-03-21,35,2025-04-01,2025-04-03
PO001953,S009,P0045,W006,2025-11-08,397,2025-11-14,2025-11-14
PO001954,S013,P0041,W008,2025-08-26,355,2025-08-31,2025-08-31
PO001955,S012,P0094,W005,2025-07-01,637,2025-07-08,2025-07-08
PO001956,S019,P0097,W008,2025-01-25,793,2025-01-31,2025-01-31
PO001957,S023,P0097,W004,2025-06-05,39,2025-06-17,2025-06-24
PO001958,S023,P0036,W007,2025-01-05,459,2025-01-17,2025-01-17
PO001959,S001,P0091,W001,2025-04-30,263,2025-05-13,2025-05-13
PO001960,S008,P0084,W002,2025-10-04,263,2025-10-13,2025-10-13
PO001961,S004,P0033,W001,2025-01-18,990,2025-02-01,2025-02-01
PO001962,S021,P0025,W008,2025-07-17,411,2025-07-31,2025-07-31
PO001963,S022,P0019,W003,2025-02-26,743,2025-03-02,2025-03-02
PO001964,S019,P0047,W001,2025-04-03,755,2025-04-09,2025-04-10
PO001965,S021,P0085,W005,2025-01-19,884,2025-02-02,2025-02-02
PO001966,S005,P0033,W005,2025-12-19,281,2026-01-02,2026-01-02
PO001967,S017,P0067,W002,2025-07-12,239,2025-07-21,2025-07-21
PO001968,S003,P0014,W002,2025-08-25,27,2025-09-06,2025-09-06
PO001969,S019,P0079,W002,2025-10-04,465,2025-10-10,2025-10-13
PO001970,S001,P0033,W006,2025-08-15,33,2025-08-28,2025-08-28
PO001971,S023,P0042,W007,2025-08-21,406,2025-09-02,2025-09-02
PO001972,S001,P0086,W003,2025-02-09,661,2025-02-22,2025-02-22
PO001973,S023,P0065,W006,2025-11-19,41,2025-12-01,2025-12-08
PO001974,S020,P0095,W008,2025-06-02,244,2025-06-13,2025-06-16
PO001975,S009,P0047,W006,2025-05-07,254,2025-05-13,2025-05-13
PO001976,S023,P0035,W006,2025-08-25,360,2025-09-06,2025-09-06
PO001977,S005,P0084,W008,2025-02-24,985,2025-03-10,2025-03-10
PO001978,S007,P0032,W001,2025-06-21,730,2025-07-05,2025-07-07
PO001979,S025,P0055,W004,2025-04-19,153,2025-05-01,2025-05-01
PO001980,S006,P0054,W008,2025-12-20,197,2025-12-25,2025-12-25
PO001981,S017,P0076,W007,2025-07-03,575,2025-07-12,2025-07-12
PO001982,S022,P0051,W001,2025-07-17,539,2025-07-21,2025-07-21
PO001983,S017,P0080,W008,2025-03-28,811,2025-04-06,2025-04-06
PO001984,S013,P0059,W002,2025-07-20,558,2025-07-25,2025-07-25
PO001985,S012,P0072,W008,2025-12-03,456,2025-12-10,2025-12-10
PO001986,S004,P0014,W003,2025-11-18,70,2025-12-02,2025-12-02
PO001987,S008,P0018,W008,2025-10-02,943,2025-10-11,2025-10-11
PO001988,S005,P0055,W006,2025-07-30,462,2025-08-13,2025-08-13
PO001989,S005,P0094,W001,2025-04-28,600,2025-05-12,2025-05-12
PO001990,S013,P0097,W007,2025-07-10,998,2025-07-15,2025-07-20
PO001991,S011,P0098,W005,2025-02-11,988,2025-02-16,2025-02-16
PO001992,S008,P0056,W007,2025-02-11,300,2025-02-20,2025-02-20
PO001993,S008,P0049,W006,2025-11-11,63,2025-11-20,2025-11-23
PO001994,S001,P0098,W007,2025-10-03,706,2025-10-16,2025-10-16
PO001995,S013,P0060,W001,2025-11-25,650,2025-11-30,2025-11-30
PO001996,S005,P0053,W005,2025-01-17,384,2025-01-31,2025-01-31
PO001997,S021,P0071,W008,2025-10-10,907,2025-10-24,2025-10-24
PO001998,S008,P0006,W001,2025-09-15,288,2025-09-24,2025-09-24
PO001999,S017,P0070,W008,2025-03-04,712,2025-03-13,2025-03-13
PO002000,S023,P0086,W001,2025-03-03,584,2025-03-15,2025-03-18
PO002001,S023,P0008,W008,2025-04-10,312,2025-04-22,2025-04-23
PO002002,S013,P0015,W006,2025-01-19,722,2025-01-24,2025-01-24
PO002003,S009,P0026,W008,2025-01-17,213,2025-01-23,2025-01-25
PO002004,S002,P0039,W001,2025-11-21,390,2025-12-04,2025-12-04
PO002005,S019,P0003,W002,2025-09-03,571,2025-09-09,2025-09-10
PO002006,S020,P0057,W007,2025-09-08,97,2025-09-19,2025-09-19
PO002007,S017,P0010,W005,2025-03-22,208,2025-03-31,2025-04-01
PO002008,S007,P0003,W008,2025-02-08,626,2025-02-22,2025-02-22
PO002009,S003,P0094,W003,2025-02-05,409,2025-02-17,2025-02-17
PO002010,S019,P0046,W004,2025-07-16,44,2025-07-22,2025-07-22
PO002011,S019,P0022,W007,2025-06-07,634,2025-06-13,2025-06-14
PO002012,S024,P0067,W006,2025-07-23,321,2025-08-03,2025-08-03
PO002013,S009,P0065,W005,2025-07-15,690,2025-07-21,2025-07-21
PO002014,S010,P0097,W002,2025-08-04,377,2025-08-15,2025-08-15
PO002015,S014,P0019,W005,2025-10-12,739,2025-10-21,2025-10-21
PO002016,S018,P0100,W003,2025-07-15,978,2025-07-19,2025-07-20
PO002017,S015,P0062,W006,2025-11-03,878,2025-11-10,2025-11-17
PO002018,S001,P0098,W005,2025-06-01,113,2025-06-14,2025-06-16
PO002019,S025,P0057,W007,2025-01-14,855,2025-01-26,2025-01-29
PO002020,S006,P0095,W002,2025-11-21,570,2025-11-26,2025-11-26
PO002021,S015,P0088,W006,2025-05-26,355,2025-06-02,2025-06-02
PO002022,S025,P0076,W002,2025-02-26,183,2025-03-10,2025-03-10
PO002023,S006,P0013,W006,2025-07-30,922,2025-08-04,2025-08-11
PO002024,S018,P0016,W004,2025-09-25,360,2025-09-29,2025-09-30
PO002025,S001,P0016,W003,2025-07-29,853,2025-08-11,2025-08-11
PO002026,S024,P0052,W004,2025-01-17,586,2025-01-28,2025-01-28
PO002027,S003,P0084,W007,2025-10-13,91,2025-10-25,2025-10-25
PO002028,S017,P0041,W007,2025-12-10,61,2025-12-19,2025-12-19
PO002029,S016,P0048,W007,2025-07-22,430,2025-08-02,2025-08-03
PO002030,S008,P0091,W001,2025-04-09,917,2025-04-18,2025-04-18
PO002031,S017,P0039,W007,2025-10-06,857,2025-10-15,2025-10-18
PO002032,S008,P0013,W002,2025-07-28,663,2025-08-06,2025-08-11
PO002033,S017,P0004,W004,2025-05-09,40,2025-05-18,2025-05-21
PO002034,S025,P0096,W002,2025-12-01,20,2025-12-13,2025-12-18
PO002035,S009,P0098,W006,2025-10-15,697,2025-10-21,2025-10-21
PO002036,S012,P0043,W008,2025-09-09,591,2025-09-16,2025-09-23
PO002037,S025,P0081,W002,2025-09-22,95,2025-10-04,2025-10-04
PO002038,S019,P0088,W001,2025-09-28,622,2025-10-04,2025-10-07
PO002039,S004,P0093,W002,2025-07-07,417,2025-07-21,2025-07-21
PO002040,S021,P0046,W006,2025-08-02,738,2025-08-16,2025-08-16
PO002041,S022,P0092,W008,2025-10-10,107,2025-10-14,2025-10-14
PO002042,S025,P0047,W006,2025-07-30,613,2025-08-11,2025-08-11
PO002043,S011,P0086,W004,2025-12-31,36,2026-01-05,2026-01-10
PO002044,S004,P0092,W007,2025-03-17,348,2025-03-31,2025-04-02
PO002045,S014,P0053,W003,2025-05-28,962,2025-06-06,2025-06-06
PO002046,S014,P0025,W005,2025-11-17,229,2025-11-26,2025-11-26
PO002047,S006,P0041,W008,2025-08-01,843,2025-08-06,2025-08-07
PO002048,S017,P0003,W004,2025-04-19,402,2025-04-28,2025-04-28
PO002049,S002,P0077,W008,2025-05-09,584,2025-05-22,2025-05-24
PO002050,S008,P0095,W001,2025-01-10,659,2025-01-19,2025-01-19
PO002051,S004,P0013,W005,2025-02-16,165,2025-03-02,2025-03-02
PO002052,S010,P0018,W002,2025-11-11,472,2025-11-22,2025-11-29
PO002053,S007,P0037,W004,2025-04-06,835,2025-04-20,2025-04-20
PO002054,S004,P0043,W005,2025-04-13,412,2025-04-27,2025-04-27
PO002055,S016,P0034,W007,2025-12-08,329,2025-12-19,2025-12-24
PO002056,S014,P0081,W007,2025-05-26,950,2025-06-04,2025-06-09
PO002057,S016,P0055,W004,2025-01-27,511,2025-02-07,2025-02-14
PO002058,S025,P0052,W007,2025-08-08,779,2025-08-20,2025-08-20
PO002059,S009,P0085,W002,2025-01-18,449,2025-01-24,2025-01-24
PO002060,S004,P0036,W006,2025-06-16,20,2025-06-30,2025-06-30
PO002061,S024,P0054,W004,2025-03-23,60,2025-04-03,2025-04-03
PO002062,S006,P0059,W001,2025-03-13,604,2025-03-18,2025-03-19
PO002063,S001,P0052,W005,2025-11-06,691,2025-11-19,2025-11-19
PO002064,S007,P0019,W005,2025-09-11,231,2025-09-25,2025-09-25
PO002065,S001,P0012,W005,2025-06-11,352,2025-06-24,2025-06-29
PO002066,S019,P0092,W004,2025-11-23,827,2025-11-29,2025-12-04
PO002067,S008,P0011,W002,2025-02-07,670,2025-02-16,2025-02-16
PO002068,S025,P0048,W004,2025-07-20,465,2025-08-01,2025-08-01
PO002069,S003,P0092,W004,2025-07-19,961,2025-07-31,2025-08-03
PO002070,S001,P0099,W007,2025-09-12,323,2025-09-25,2025-09-25
PO002071,S001,P0079,W006,2025-06-28,574,2025-07-11,2025-07-13
PO002072,S007,P0016,W005,2025-02-04,710,2025-02-18,2025-02-21
PO002073,S021,P0071,W002,2025-03-23,720,2025-04-06,2025-04-06
PO002074,S013,P0047,W003,2025-08-08,777,2025-08-13,2025-08-13
PO002075,S001,P0067,W008,2025-06-07,829,2025-06-20,2025-06-20
PO002076,S016,P0031,W002,2025-01-04,173,2025-01-15,2025-01-16
PO002077,S022,P0076,W007,2025-06-16,635,2025-06-20,2025-06-20
PO002078,S022,P0008,W004,2025-07-23,542,2025-07-27,2025-07-29
PO002079,S014,P0089,W001,2025-07-13,44,2025-07-22,2025-07-27
PO002080,S004,P0061,W002,2025-08-23,827,2025-09-06,2025-09-06
PO002081,S023,P0044,W005,2025-07-25,44,2025-08-06,2025-08-13
PO002082,S023,P0050,W001,2025-05-30,615,2025-06-11,2025-06-11
PO002083,S012,P0035,W003,2025-06-08,125,2025-06-15,2025-06-18
PO002084,S025,P0076,W003,2025-10-06,772,2025-10-18,2025-10-18
PO002085,S012,P0061,W008,2025-10-31,138,2025-11-07,2025-11-07
PO002086,S017,P0085,W001,2025-06-15,990,2025-06-24,2025-06-24
PO002087,S021,P0090,W007,2025-11-07,127,2025-11-21,2025-11-21
PO002088,S015,P0055,W003,2025-03-09,349,2025-03-16,2025-03-16
PO002089,S010,P0066,W001,2025-03-29,199,2025-04-09,2025-04-12
PO002090,S003,P0014,W004,2025-08-05,900,2025-08-17,2025-08-17
PO002091,S023,P0004,W001,2025-01-01,150,2025-01-13,2025-01-20
PO002092,S020,P0017,W004,2025-05-15,826,2025-05-26,2025-05-26
PO002093,S020,P0069,W008,2025-07-04,622,2025-07-15,2025-07-15
PO002094,S012,P0024,W007,2025-12-17,950,2025-12-24,2025-12-24
PO002095,S001,P0049,W005,2025-05-20,772,2025-06-02,2025-06-09
PO002096,S001,P0055,W005,2025-04-16,778,2025-04-29,2025-04-29
PO002097,S010,P0071,W003,2025-05-13,187,2025-05-24,2025-05-24
PO002098,S018,P0023,W006,2025-04-18,242,2025-04-22,2025-04-27
PO002099,S015,P0081,W006,2025-06-27,488,2025-07-04,2025-07-04
PO002100,S002,P0012,W001,2025-10-25,297,2025-11-07,2025-11-08
PO002101,S017,P0011,W007,2025-12-24,209,2026-01-02,2026-01-02
PO002102,S008,P0075,W008,2025-12-25,550,2026-01-03,2026-01-03
PO002103,S022,P0098,W004,2025-05-26,545,2025-05-30,2025-05-30
PO002104,S022,P0029,W005,2025-03-15,774,2025-03-19,2025-03-24
PO002105,S009,P0062,W007,2025-04-18,640,2025-04-24,2025-04-29
PO002106,S021,P0053,W005,2025-05-02,965,2025-05-16,2025-05-16
PO002107,S020,P0048,W005,2025-01-17,209,2025-01-28,2025-01-28
PO002108,S011,P0100,W003,2025-07-15,237,2025-07-20,2025-07-20
PO002109,S006,P0091,W005,2025-11-23,318,2025-11-28,2025-11-28
PO002110,S024,P0086,W008,2025-11-14,330,2025-11-25,2025-11-25
PO002111,S014,P0066,W006,2025-10-24,255,2025-11-02,2025-11-02
PO002112,S001,P0100,W008,2025-09-09,187,2025-09-22,2025-09-22
PO002113,S007,P0048,W002,2025-04-29,799,2025-05-13,2025-05-13
PO002114,S024,P0094,W003,2025-06-11,212,2025-06-22,2025-06-23
PO002115,S009,P0059,W001,2025-07-17,261,2025-07-23,2025-07-26
PO002116,S011,P0071,W002,2025-02-14,181,2025-02-19,2025-02-19
PO002117,S024,P0057,W003,2025-11-10,895,2025-11-21,2025-11-22
PO002118,S023,P0076,W007,2025-06-28,358,2025-07-10,2025-07-10
PO002119,S016,P0003,W003,2025-02-13,810,2025-02-24,2025-02-24
PO002120,S019,P0081,W008,2025-09-28,474,2025-10-04,2025-10-05
PO002121,S002,P0032,W004,2025-03-19,154,2025-04-01,2025-04-02
PO002122,S015,P0008,W002,2025-11-22,212,2025-11-29,2025-11-29
PO002123,S003,P0087,W002,2025-06-27,421,2025-07-09,2025-07-09
PO002124,S004,P0030,W008,2025-12-23,411,2026-01-06,2026-01-11
PO002125,S020,P0015,W006,2025-01-03,620,2025-01-14,2025-01-14
PO002126,S022,P0074,W002,2025-08-02,61,2025-08-06,2025-08-06
PO002127,S007,P0055,W005,2025-12-08,112,2025-12-22,2025-12-24
PO002128,S012,P0038,W006,2025-03-15,234,2025-03-22,2025-03-22
PO002129,S004,P0015,W007,2025-02-20,368,2025-03-06,2025-03-06
PO002130,S010,P0030,W005,2025-03-08,532,2025-03-19,2025-03-24
PO002131,S006,P0046,W006,2025-11-28,354,2025-12-03,2025-12-03
PO002132,S025,P0064,W001,2025-04-03,418,2025-04-15,2025-04-15
PO002133,S022,P0026,W007,2025-06-25,943,2025-06-29,2025-06-29
PO002134,S014,P0078,W006,2025-05-25,183,2025-06-03,2025-06-03
PO002135,S003,P0067,W001,2025-01-07,125,2025-01-19,2025-01-19
PO002136,S017,P0036,W006,2025-09-26,251,2025-10-05,2025-10-05
PO002137,S011,P0090,W001,2025-11-18,577,2025-11-23,2025-11-23
PO002138,S010,P0078,W005,2025-01-04,736,2025-01-15,2025-01-15
PO002139,S021,P0031,W007,2025-05-18,552,2025-06-01,2025-06-01
PO002140,S010,P0078,W007,2025-08-19,196,2025-08-30,2025-08-30
PO002141,S010,P0040,W006,2025-03-29,698,2025-04-09,2025-04-09
PO002142,S003,P0074,W004,2025-01-17,313,2025-01-29,2025-01-29
PO002143,S024,P0073,W006,2025-02-21,284,2025-03-04,2025-03-04
PO002144,S015,P0046,W001,2025-05-14,807,2025-05-21,2025-05-21
PO002145,S017,P0042,W007,2025-07-30,871,2025-08-08,2025-08-10
PO002146,S018,P0018,W003,2025-11-21,539,2025-11-25,2025-11-26
PO002147,S019,P0100,W005,2025-08-07,289,2025-08-13,2025-08-13
PO002148,S019,P0036,W004,2025-07-24,849,2025-07-30,2025-07-30
PO002149,S012,P0076,W003,2025-07-30,231,2025-08-06,2025-08-06
PO002150,S024,P0050,W008,2025-10-04,182,2025-10-15,2025-10-15
PO002151,S005,P0061,W003,2025-01-24,842,2025-02-07,2025-02-07
PO002152,S024,P0040,W005,2025-01-04,576,2025-01-15,2025-01-15
PO002153,S016,P0003,W006,2025-06-01,936,2025-06-12,2025-06-12
PO002154,S015,P0082,W002,2025-09-16,764,2025-09-23,2025-09-30
PO002155,S015,P0007,W004,2025-11-20,72,2025-11-27,2025-11-28
PO002156,S006,P0031,W006,2025-12-23,252,2025-12-28,2025-12-31
PO002157,S012,P0065,W005,2025-06-17,457,2025-06-24,2025-06-24
PO002158,S002,P0095,W002,2025-06-25,873,2025-07-08,2025-07-08
PO002159,S020,P0064,W008,2025-11-06,702,2025-11-17,2025-11-17
PO002160,S009,P0077,W005,2025-10-18,537,2025-10-24,2025-10-29
PO002161,S004,P0093,W005,2025-02-25,970,2025-03-11,2025-03-11
PO002162,S005,P0003,W003,2025-04-18,63,2025-05-02,2025-05-02
PO002163,S021,P0093,W007,2025-10-23,622,2025-11-06,2025-11-06
PO002164,S008,P0035,W006,2025-11-20,727,2025-11-29,2025-11-30
PO002165,S022,P0015,W008,2025-10-29,535,2025-11-02,2025-11-02
PO002166,S010,P0021,W005,2025-11-30,652,2025-12-11,2025-12-11
PO002167,S007,P0062,W006,2025-05-21,594,2025-06-04,2025-06-11
PO002168,S022,P0083,W002,2025-06-04,111,2025-06-08,2025-06-08
PO002169,S014,P0028,W003,2025-09-19,778,2025-09-28,2025-09-28
PO002170,S005,P0004,W002,2025-09-30,750,2025-10-14,2025-10-14
PO002171,S016,P0013,W002,2025-08-20,973,2025-08-31,2025-09-02
PO002172,S015,P0079,W003,2025-08-29,457,2025-09-05,2025-09-05
PO002173,S005,P0051,W006,2025-12-21,356,2026-01-04,2026-01-04
PO002174,S003,P0048,W002,2025-12-03,762,2025-12-15,2025-12-17
PO002175,S023,P0039,W001,2025-09-15,313,2025-09-27,2025-09-27
PO002176,S010,P0096,W006,2025-09-06,719,2025-09-17,2025-09-22
PO002177,S005,P0067,W007,2025-03-18,839,2025-04-01,2025-04-01
PO002178,S023,P0094,W007,2025-06-29,944,2025-07-11,2025-07-11
PO002179,S015,P0058,W005,2025-03-07,699,2025-03-14,2025-03-14
PO002180,S018,P0084,W003,2025-11-04,986,2025-11-08,2025-11-09
PO002181,S025,P0002,W007,2025-12-14,283,2025-12-26,2025-12-27
PO002182,S008,P0025,W003,2025-06-20,124,2025-06-29,2025-06-29
PO002183,S021,P0011,W006,2025-01-22,243,2025-02-05,2025-02-05
PO002184,S002,P0001,W001,2025-04-17,438,2025-04-30,2025-05-05
PO002185,S022,P0048,W008,2025-11-19,997,2025-11-23,2025-11-23
PO002186,S008,P0048,W001,2025-08-15,134,2025-08-24,2025-08-24
PO002187,S023,P0010,W001,2025-08-04,910,2025-08-16,2025-08-23
PO002188,S008,P0081,W001,2025-03-10,254,2025-03-19,2025-03-20
PO002189,S004,P0030,W004,2025-03-25,803,2025-04-08,2025-04-08
PO002190,S019,P0035,W008,2025-04-13,293,2025-04-19,2025-04-24
PO002191,S023,P0019,W003,2025-02-08,974,2025-02-20,2025-02-20
PO002192,S018,P0053,W002,2025-01-13,249,2025-01-17,2025-01-17
PO002193,S021,P0034,W003,2025-10-24,748,2025-11-07,2025-11-08
PO002194,S023,P0032,W007,2025-11-09,53,2025-11-21,2025-11-21
PO002195,S001,P0076,W008,2025-06-30,407,2025-07-13,2025-07-18
PO002196,S020,P0081,W003,2025-09-25,728,2025-10-06,2025-10-09
PO002197,S015,P0006,W003,2025-01-13,520,2025-01-20,2025-01-20
PO002198,S018,P0013,W008,2025-04-30,914,2025-05-04,2025-05-07
PO002199,S022,P0086,W001,2025-12-19,481,2025-12-23,2025-12-23
PO002200,S012,P0075,W001,2025-02-26,468,2025-03-05,2025-03-05
PO002201,S001,P0064,W004,2025-02-09,848,2025-02-22,2025-02-27
PO002202,S007,P0007,W006,2025-12-02,233,2025-12-16,2025-12-19
PO002203,S019,P0045,W003,2025-05-08,65,2025-05-14,2025-05-14
PO002204,S001,P0045,W005,2025-06-22,424,2025-07-05,2025-07-05
PO002205,S024,P0085,W008,2025-02-04,352,2025-02-15,2025-02-15
PO002206,S007,P0065,W006,2025-09-16,259,2025-09-30,2025-09-30
PO002207,S002,P0094,W007,2025-01-05,273,2025-01-18,2025-01-18
PO002208,S007,P0019,W008,2025-08-06,247,2025-08-20,2025-08-20
PO002209,S019,P0047,W004,2025-01-11,752,2025-01-17,2025-01-17
PO002210,S013,P0046,W008,2025-11-23,910,2025-11-28,2025-12-01
PO002211,S025,P0029,W007,2025-04-27,185,2025-05-09,2025-05-09
PO002212,S024,P0099,W001,2025-07-03,604,2025-07-14,2025-07-14
PO002213,S005,P0084,W007,2025-12-28,756,2026-01-11,2026-01-16
PO002214,S023,P0100,W003,2025-04-26,530,2025-05-08,2025-05-08
PO002215,S019,P0061,W001,2025-06-11,617,2025-06-17,2025-06-19
PO002216,S001,P0065,W008,2025-03-08,612,2025-03-21,2025-03-21
PO002217,S001,P0023,W006,2025-07-19,975,2025-08-01,2025-08-01
PO002218,S018,P0095,W002,2025-01-31,746,2025-02-04,2025-02-04
PO002219,S024,P0051,W001,2025-03-16,695,2025-03-27,2025-03-27
PO002220,S001,P0063,W001,2025-08-25,409,2025-09-07,2025-09-07
PO002221,S005,P0099,W004,2025-11-23,771,2025-12-07,2025-12-07
PO002222,S009,P0022,W002,2025-03-07,442,2025-03-13,2025-03-13
PO002223,S012,P0071,W006,2025-03-11,944,2025-03-18,2025-03-18
PO002224,S009,P0033,W008,2025-10-24,430,2025-10-30,2025-10-30
PO002225,S018,P0100,W005,2025-01-20,600,2025-01-24,2025-01-31
PO002226,S023,P0044,W005,2025-08-14,668,2025-08-26,2025-08-29
PO002227,S011,P0007,W008,2025-07-18,683,2025-07-23,2025-07-26
PO002228,S001,P0091,W005,2025-02-08,466,2025-02-21,2025-02-22
PO002229,S019,P0002,W003,2025-05-25,422,2025-05-31,2025-05-31
PO002230,S022,P0017,W005,2025-02-14,116,2025-02-18,2025-02-18
PO002231,S025,P0065,W003,2025-11-22,398,2025-12-04,2025-12-06
PO002232,S010,P0058,W006,2025-04-01,689,2025-04-12,2025-04-12
PO002233,S002,P0030,W006,2025-08-26,205,2025-09-08,2025-09-08
PO002234,S007,P0086,W001,2025-03-11,699,2025-03-25,2025-03-25
PO002235,S020,P0092,W008,2025-06-15,263,2025-06-26,2025-06-26
PO002236,S002,P0097,W005,2025-05-10,650,2025-05-23,2025-05-23
PO002237,S019,P0026,W004,2025-08-02,727,2025-08-08,2025-08-15
PO002238,S006,P0035,W006,2025-12-06,522,2025-12-11,2025-12-12
PO002239,S010,P0063,W002,2025-03-30,307,2025-04-10,2025-04-10
PO002240,S009,P0075,W002,2025-12-01,388,2025-12-07,2025-12-07
PO002241,S008,P0071,W008,2025-09-09,84,2025-09-18,2025-09-18
PO002242,S011,P0028,W008,2025-12-15,181,2025-12-20,2025-12-20
PO002243,S009,P0025,W006,2025-03-13,616,2025-03-19,2025-03-22
PO002244,S020,P0061,W001,2025-06-14,946,2025-06-25,2025-06-25
PO002245,S020,P0031,W008,2025-02-18,590,2025-03-01,2025-03-02
PO002246,S009,P0054,W007,2025-02-21,993,2025-02-27,2025-02-27
PO002247,S008,P0067,W002,2025-10-16,813,2025-10-25,2025-10-25
PO002248,S015,P0097,W008,2025-10-05,681,2025-10-12,2025-10-13
PO002249,S002,P0051,W002,2025-04-24,437,2025-05-07,2025-05-09
PO002250,S024,P0058,W007,2025-08-27,500,2025-09-07,2025-09-08
PO002251,S001,P0034,W001,2025-05-13,652,2025-05-26,2025-06-02
PO002252,S009,P0059,W007,2025-10-01,288,2025-10-07,2025-10-09
PO002253,S009,P0021,W001,2025-06-15,786,2025-06-21,2025-06-23
PO002254,S013,P0056,W001,2025-10-20,755,2025-10-25,2025-10-28
PO002255,S008,P0037,W004,2025-08-31,586,2025-09-09,2025-09-09
PO002256,S021,P0064,W001,2025-11-16,667,2025-11-30,2025-11-30
PO002257,S005,P0019,W001,2025-05-18,209,2025-06-01,2025-06-01
PO002258,S003,P0085,W001,2025-03-20,425,2025-04-01,2025-04-01
PO002259,S021,P0078,W006,2025-06-19,784,2025-07-03,2025-07-06
PO002260,S004,P0074,W008,2025-05-03,508,2025-05-17,2025-05-17
PO002261,S017,P0053,W008,2025-06-25,331,2025-07-04,2025-07-04
PO002262,S016,P0071,W005,2025-10-27,615,2025-11-07,2025-11-10
PO002263,S016,P0093,W006,2025-03-23,936,2025-04-03,2025-04-03
PO002264,S025,P0063,W005,2025-03-28,885,2025-04-09,2025-04-09
PO002265,S020,P0062,W004,2025-08-13,708,2025-08-24,2025-08-24
PO002266,S003,P0072,W004,2025-01-16,113,2025-01-28,2025-01-30
PO002267,S006,P0077,W008,2025-11-06,409,2025-11-11,2025-11-11
PO002268,S001,P0019,W008,2025-12-24,566,2026-01-06,2026-01-11
PO002269,S021,P0075,W002,2025-06-12,430,2025-06-26,2025-06-26
PO002270,S016,P0002,W007,2025-04-08,231,2025-04-19,2025-04-22
PO002271,S015,P0006,W007,2025-06-05,657,2025-06-12,2025-06-12
PO002272,S007,P0029,W006,2025-01-02,388,2025-01-16,2025-01-16
PO002273,S002,P0041,W005,2025-12-16,761,2025-12-29,2025-12-29
PO002274,S010,P0051,W004,2025-06-18,187,2025-06-29,2025-06-29
PO002275,S025,P0005,W004,2025-11-11,33,2025-11-23,2025-11-23
PO002276,S015,P0041,W008,2025-11-21,605,2025-11-28,2025-11-28
PO002277,S006,P0062,W006,2025-04-02,583,2025-04-07,2025-04-07
PO002278,S002,P0030,W002,2025-06-30,893,2025-07-13,2025-07-16
PO002279,S024,P0062,W008,2025-08-19,226,2025-08-30,2025-08-30
PO002280,S024,P0100,W008,2025-10-28,827,2025-11-08,2025-11-15
PO002281,S017,P0027,W001,2025-05-28,62,2025-06-06,2025-06-09
PO002282,S001,P0050,W003,2025-10-07,899,2025-10-20,2025-10-20
PO002283,S001,P0082,W002,2025-07-08,461,2025-07-21,2025-07-21
PO002284,S004,P0052,W007,2025-12-13,534,2025-12-27,2025-12-27
PO002285,S020,P0049,W008,2025-12-16,930,2025-12-27,2025-12-29
PO002286,S016,P0062,W007,2025-11-10,960,2025-11-21,2025-11-24
PO002287,S008,P0100,W003,2025-05-08,626,2025-05-17,2025-05-17
PO002288,S001,P0060,W002,2025-01-07,414,2025-01-20,2025-01-20
PO002289,S019,P0080,W002,2025-02-16,257,2025-02-22,2025-02-22
PO002290,S011,P0054,W001,2025-02-22,698,2025-02-27,2025-03-02
PO002291,S017,P0005,W004,2025-07-06,550,2025-07-15,2025-07-16
PO002292,S025,P0009,W005,2025-02-07,738,2025-02-19,2025-02-22
PO002293,S010,P0034,W002,2025-08-14,761,2025-08-25,2025-08-26
PO002294,S012,P0098,W001,2025-02-22,423,2025-03-01,2025-03-01
PO002295,S009,P0036,W007,2025-08-12,233,2025-08-18,2025-08-25
PO002296,S007,P0095,W003,2025-06-03,986,2025-06-17,2025-06-22
PO002297,S012,P0020,W006,2025-02-17,587,2025-02-24,2025-02-24
PO002298,S015,P0081,W007,2025-12-17,865,2025-12-24,2025-12-24
PO002299,S008,P0084,W008,2025-05-27,393,2025-06-05,2025-06-05
PO002300,S017,P0092,W006,2025-03-05,151,2025-03-14,2025-03-16
PO002301,S005,P0085,W004,2025-12-15,28,2025-12-29,2025-12-29
PO002302,S014,P0083,W006,2025-07-01,762,2025-07-10,2025-07-10
PO002303,S002,P0063,W002,2025-05-05,172,2025-05-18,2025-05-18
PO002304,S016,P0067,W003,2025-06-28,450,2025-07-09,2025-07-09
PO002305,S017,P0030,W002,2025-02-08,502,2025-02-17,2025-02-17
PO002306,S003,P0069,W006,2025-09-17,324,2025-09-29,2025-09-29
PO002307,S023,P0070,W005,2025-01-03,942,2025-01-15,2025-01-18
PO002308,S001,P0003,W007,2025-03-05,303,2025-03-18,2025-03-18
PO002309,S018,P0049,W008,2025-01-29,491,2025-02-02,2025-02-03
PO002310,S018,P0042,W006,2025-01-11,209,2025-01-15,2025-01-16
PO002311,S004,P0024,W008,2025-04-07,547,2025-04-21,2025-04-21
PO002312,S015,P0044,W005,2025-12-24,531,2025-12-31,2025-12-31
PO002313,S019,P0001,W006,2025-07-22,362,2025-07-28,2025-07-28
PO002314,S019,P0054,W004,2025-01-21,449,2025-01-27,2025-01-27
PO002315,S010,P0052,W003,2025-02-08,734,2025-02-19,2025-02-24
PO002316,S005,P0036,W005,2025-08-11,705,2025-08-25,2025-08-27
PO002317,S019,P0079,W001,2025-04-12,699,2025-04-18,2025-04-18
PO002318,S011,P0038,W004,2025-02-15,870,2025-02-20,2025-02-25
PO002319,S007,P0044,W002,2025-03-07,53,2025-03-21,2025-03-24
PO002320,S005,P0082,W006,2025-04-01,490,2025-04-15,2025-04-20
PO002321,S020,P0087,W003,2025-06-13,413,2025-06-24,2025-06-24
PO002322,S012,P0047,W003,2025-04-21,760,2025-04-28,2025-04-29
PO002323,S019,P0029,W006,2025-12-04,514,2025-12-10,2025-12-10
PO002324,S015,P0051,W001,2025-05-03,532,2025-05-10,2025-05-11
PO002325,S012,P0041,W007,2025-07-12,341,2025-07-19,2025-07-19
PO002326,S004,P0086,W007,2025-04-09,134,2025-04-23,2025-04-24
PO002327,S012,P0064,W005,2025-10-18,233,2025-10-25,2025-10-25
PO002328,S018,P0088,W006,2025-06-08,785,2025-06-12,2025-06-15
PO002329,S017,P0048,W008,2025-04-13,164,2025-04-22,2025-04-24
PO002330,S019,P0077,W003,2025-10-08,578,2025-10-14,2025-10-14
PO002331,S016,P0097,W001,2025-02-12,811,2025-02-23,2025-02-23
PO002332,S011,P0022,W007,2025-03-25,197,2025-03-30,2025-03-31
PO002333,S002,P0099,W001,2025-07-10,744,2025-07-23,2025-07-23
PO002334,S016,P0017,W007,2025-02-20,379,2025-03-03,2025-03-03
PO002335,S001,P0086,W002,2025-07-29,304,2025-08-11,2025-08-13
PO002336,S017,P0005,W001,2025-05-06,264,2025-05-15,2025-05-18
PO002337,S018,P0061,W004,2025-03-10,784,2025-03-14,2025-03-14
PO002338,S025,P0089,W008,2025-09-22,225,2025-10-04,2025-10-04
PO002339,S013,P0006,W003,2025-09-15,603,2025-09-20,2025-09-22
PO002340,S005,P0053,W004,2025-07-07,753,2025-07-21,2025-07-24
PO002341,S025,P0081,W007,2025-08-18,361,2025-08-30,2025-08-30
PO002342,S024,P0095,W001,2025-07-08,746,2025-07-19,2025-07-19
PO002343,S006,P0017,W001,2025-01-10,379,2025-01-15,2025-01-15
PO002344,S001,P0059,W008,2025-04-24,518,2025-05-07,2025-05-12
PO002345,S010,P0097,W004,2025-03-17,160,2025-03-28,2025-03-28
PO002346,S005,P0039,W002,2025-06-13,979,2025-06-27,2025-06-27
PO002347,S001,P0054,W001,2025-03-26,687,2025-04-08,2025-04-08
PO002348,S023,P0048,W004,2025-02-18,241,2025-03-02,2025-03-02
PO002349,S011,P0037,W004,2025-11-22,408,2025-11-27,2025-11-28
PO002350,S024,P0048,W008,2025-06-26,349,2025-07-07,2025-07-07
PO002351,S024,P0068,W003,2025-08-06,762,2025-08-17,2025-08-17
PO002352,S007,P0078,W002,2025-07-08,412,2025-07-22,2025-07-22
PO002353,S018,P0077,W005,2025-12-12,673,2025-12-16,2025-12-16
PO002354,S021,P0027,W004,2025-08-18,377,2025-09-01,2025-09-03
PO002355,S020,P0088,W008,2025-09-12,413,2025-09-23,2025-09-23
PO002356,S021,P0027,W008,2025-08-24,948,2025-09-07,2025-09-10
PO002357,S010,P0072,W003,2025-01-26,606,2025-02-06,2025-02-06
PO002358,S025,P0063,W005,2025-03-13,59,2025-03-25,2025-03-25
PO002359,S015,P0052,W008,2025-09-18,921,2025-09-25,2025-09-25
PO002360,S004,P0047,W008,2025-09-11,292,2025-09-25,2025-09-30
PO002361,S016,P0021,W003,2025-09-28,439,2025-10-09,2025-10-09
PO002362,S015,P0057,W003,2025-05-03,89,2025-05-10,2025-05-11
PO002363,S015,P0075,W006,2025-05-24,848,2025-05-31,2025-05-31
PO002364,S012,P0095,W002,2025-09-14,642,2025-09-21,2025-09-21
PO002365,S008,P0091,W001,2025-05-24,477,2025-06-02,2025-06-02
PO002366,S008,P0042,W002,2025-09-16,964,2025-09-25,2025-09-30
PO002367,S018,P0048,W005,2025-02-16,253,2025-02-20,2025-02-20
PO002368,S006,P0027,W006,2025-12-17,216,2025-12-22,2025-12-23
PO002369,S005,P0072,W008,2025-01-13,870,2025-01-27,2025-02-03
PO002370,S002,P0033,W002,2025-07-27,730,2025-08-09,2025-08-09
PO002371,S012,P0076,W008,2025-11-07,528,2025-11-14,2025-11-14
PO002372,S004,P0035,W001,2025-08-23,555,2025-09-06,2025-09-06
PO002373,S023,P0098,W002,2025-05-29,838,2025-06-10,2025-06-10
PO002374,S013,P0016,W002,2025-11-18,957,2025-11-23,2025-11-23
PO002375,S017,P0036,W002,2025-06-04,166,2025-06-13,2025-06-13
PO002376,S016,P0066,W004,2025-06-15,593,2025-06-26,2025-06-27
PO002377,S009,P0076,W004,2025-03-31,478,2025-04-06,2025-04-07
PO002378,S001,P0091,W002,2025-07-05,86,2025-07-18,2025-07-23
PO002379,S015,P0056,W001,2025-11-14,49,2025-11-21,2025-11-21
PO002380,S012,P0017,W008,2025-12-24,126,2025-12-31,2025-12-31
PO002381,S005,P0020,W007,2025-06-23,697,2025-07-07,2025-07-07
PO002382,S023,P0085,W001,2025-08-05,409,2025-08-17,2025-08-17
PO002383,S024,P0094,W001,2025-09-21,898,2025-10-02,2025-10-02
PO002384,S018,P0084,W001,2025-04-07,425,2025-04-11,2025-04-11
PO002385,S020,P0008,W008,2025-04-27,140,2025-05-08,2025-05-11
PO002386,S002,P0018,W006,2025-07-18,30,2025-07-31,2025-08-05
PO002387,S004,P0018,W006,2025-11-16,603,2025-11-30,2025-11-30
PO002388,S015,P0018,W003,2025-01-21,366,2025-01-28,2025-01-30
PO002389,S006,P0002,W002,2025-07-19,272,2025-07-24,2025-07-26
PO002390,S022,P0076,W007,2025-12-07,816,2025-12-11,2025-12-11
PO002391,S012,P0096,W007,2025-09-05,138,2025-09-12,2025-09-12
PO002392,S018,P0072,W002,2025-10-03,906,2025-10-07,2025-10-14
PO002393,S020,P0051,W003,2025-09-21,539,2025-10-02,2025-10-03
PO002394,S004,P0010,W001,2025-02-27,234,2025-03-13,2025-03-20
PO002395,S001,P0075,W005,2025-10-29,752,2025-11-11,2025-11-11
PO002396,S015,P0014,W005,2025-01-31,99,2025-02-07,2025-02-07
PO002397,S018,P0026,W008,2025-09-06,438,2025-09-10,2025-09-10
PO002398,S014,P0047,W003,2025-04-03,603,2025-04-12,2025-04-19
PO002399,S003,P0030,W007,2025-09-22,731,2025-10-04,2025-10-04
PO002400,S015,P0056,W005,2025-09-28,704,2025-10-05,2025-10-05
PO002401,S005,P0042,W004,2025-04-04,308,2025-04-18,2025-04-18
PO002402,S024,P0004,W002,2025-06-03,253,2025-06-14,2025-06-14
PO002403,S022,P0011,W005,2025-10-12,280,2025-10-16,2025-10-16
PO002404,S003,P0024,W008,2025-03-21,977,2025-04-02,2025-04-02
PO002405,S022,P0086,W006,2025-10-19,952,2025-10-23,2025-10-23
PO002406,S007,P0067,W008,2025-03-25,676,2025-04-08,2025-04-08
PO002407,S006,P0037,W006,2025-12-31,41,2026-01-05,2026-01-05
PO002408,S022,P0002,W007,2025-02-06,97,2025-02-10,2025-02-10
PO002409,S001,P0012,W007,2025-12-08,761,2025-12-21,2025-12-21
PO002410,S019,P0021,W004,2025-11-23,691,2025-11-29,2025-11-29
PO002411,S007,P0069,W008,2025-08-20,33,2025-09-03,2025-09-04
PO002412,S004,P0071,W002,2025-04-03,767,2025-04-17,2025-04-17
PO002413,S012,P0064,W008,2025-12-02,167,2025-12-09,2025-12-09
PO002414,S020,P0068,W004,2025-04-12,681,2025-04-23,2025-04-23
PO002415,S023,P0043,W002,2025-06-15,49,2025-06-27,2025-06-27
PO002416,S025,P0054,W002,2025-06-08,457,2025-06-20,2025-06-20
PO002417,S018,P0100,W007,2025-01-14,692,2025-01-18,2025-01-18
PO002418,S009,P0062,W005,2025-08-13,792,2025-08-19,2025-08-20
PO002419,S019,P0086,W008,2025-03-14,549,2025-03-20,2025-03-21
PO002420,S022,P0093,W006,2025-09-06,82,2025-09-10,2025-09-10
PO002421,S004,P0073,W003,2025-04-01,449,2025-04-15,2025-04-15
PO002422,S001,P0090,W005,2025-08-04,154,2025-08-17,2025-08-19
PO002423,S009,P0012,W008,2025-03-31,176,2025-04-06,2025-04-06
PO002424,S015,P0001,W007,2025-01-29,588,2025-02-05,2025-02-05
PO002425,S022,P0072,W001,2025-11-01,962,2025-11-05,2025-11-06
PO002426,S008,P0033,W004,2025-08-08,796,2025-08-17,2025-08-17
PO002427,S015,P0064,W007,2025-11-24,273,2025-12-01,2025-12-02
PO002428,S015,P0068,W008,2025-08-03,206,2025-08-10,2025-08-10
PO002429,S018,P0014,W001,2025-08-09,899,2025-08-13,2025-08-13
PO002430,S007,P0093,W002,2025-02-11,892,2025-02-25,2025-02-28
PO002431,S022,P0014,W007,2025-05-15,398,2025-05-19,2025-05-19
PO002432,S018,P0009,W005,2025-02-11,346,2025-02-15,2025-02-15
PO002433,S016,P0073,W008,2025-06-13,218,2025-06-24,2025-06-24
PO002434,S002,P0026,W001,2025-12-27,900,2026-01-09,2026-01-09
PO002435,S004,P0049,W001,2025-10-10,190,2025-10-24,2025-10-24
PO002436,S020,P0017,W006,2025-02-27,334,2025-03-10,2025-03-10
PO002437,S016,P0068,W007,2025-10-29,25,2025-11-09,2025-11-16
PO002438,S003,P0060,W001,2025-11-18,897,2025-11-30,2025-12-03
PO002439,S024,P0003,W006,2025-01-25,275,2025-02-05,2025-02-05
PO002440,S023,P0093,W006,2025-03-14,898,2025-03-26,2025-03-29
PO002441,S002,P0025,W002,2025-05-09,840,2025-05-22,2025-05-22
PO002442,S003,P0021,W008,2025-03-28,339,2025-04-09,2025-04-09
PO002443,S025,P0012,W006,2025-11-26,267,2025-12-08,2025-12-08
PO002444,S005,P0054,W002,2025-06-02,750,2025-06-16,2025-06-17
PO002445,S002,P0001,W006,2025-07-01,23,2025-07-14,2025-07-14
PO002446,S019,P0001,W006,2025-05-05,532,2025-05-11,2025-05-11
PO002447,S024,P0045,W007,2025-03-08,857,2025-03-19,2025-03-21
PO002448,S020,P0046,W007,2025-01-06,525,2025-01-17,2025-01-17
PO002449,S002,P0048,W002,2025-05-05,50,2025-05-18,2025-05-18
PO002450,S002,P0007,W001,2025-11-10,852,2025-11-23,2025-11-23
PO002451,S022,P0010,W004,2025-11-22,648,2025-11-26,2025-11-26
PO002452,S024,P0015,W005,2025-02-22,984,2025-03-05,2025-03-05
PO002453,S023,P0040,W005,2025-03-07,294,2025-03-19,2025-03-19
PO002454,S020,P0011,W002,2025-11-10,728,2025-11-21,2025-11-21
PO002455,S018,P0056,W001,2025-03-23,905,2025-03-27,2025-03-27
PO002456,S025,P0046,W007,2025-03-28,344,2025-04-09,2025-04-09
PO002457,S020,P0045,W007,2025-01-02,196,2025-01-13,2025-01-20
PO002458,S025,P0087,W004,2025-07-23,306,2025-08-04,2025-08-04
PO002459,S021,P0013,W003,2025-05-30,975,2025-06-13,2025-06-14
PO002460,S014,P0027,W007,2025-10-20,767,2025-10-29,2025-10-30
PO002461,S015,P0081,W002,2025-04-13,986,2025-04-20,2025-04-20
PO002462,S012,P0050,W003,2025-01-24,98,2025-01-31,2025-01-31
PO002463,S011,P0061,W005,2025-07-31,262,2025-08-05,2025-08-05
PO002464,S011,P0013,W005,2025-03-06,842,2025-03-11,2025-03-12
PO002465,S007,P0012,W007,2025-07-28,520,2025-08-11,2025-08-11
PO002466,S012,P0029,W004,2025-09-08,224,2025-09-15,2025-09-15
PO002467,S016,P0085,W008,2025-04-27,479,2025-05-08,2025-05-08
PO002468,S005,P0084,W004,2025-04-26,402,2025-05-10,2025-05-10
PO002469,S002,P0020,W003,2025-08-25,742,2025-09-07,2025-09-07
PO002470,S022,P0031,W008,2025-04-15,352,2025-04-19,2025-04-24
PO002471,S016,P0008,W007,2025-09-16,622,2025-09-27,2025-09-27
PO002472,S023,P0024,W005,2025-02-15,185,2025-02-27,2025-02-27
PO002473,S015,P0075,W004,2025-11-07,180,2025-11-14,2025-11-15
PO002474,S011,P0039,W004,2025-11-27,25,2025-12-02,2025-12-04
PO002475,S006,P0033,W008,2025-08-04,672,2025-08-09,2025-08-09
PO002476,S013,P0042,W005,2025-10-28,224,2025-11-02,2025-11-02
PO002477,S019,P0015,W007,2025-11-29,992,2025-12-05,2025-12-05
PO002478,S010,P0068,W005,2025-01-24,551,2025-02-04,2025-02-04
PO002479,S024,P0065,W001,2025-02-04,119,2025-02-15,2025-02-15
PO002480,S019,P0032,W006,2025-01-24,696,2025-01-30,2025-01-30
PO002481,S005,P0011,W004,2025-01-28,64,2025-02-11,2025-02-11
PO002482,S025,P0094,W003,2025-01-16,476,2025-01-28,2025-02-02
PO002483,S021,P0037,W007,2025-02-28,868,2025-03-14,2025-03-14
PO002484,S007,P0019,W002,2025-08-31,246,2025-09-14,2025-09-14
PO002485,S011,P0051,W002,2025-07-26,334,2025-07-31,2025-08-07
PO002486,S014,P0100,W005,2025-09-28,71,2025-10-07,2025-10-08
PO002487,S023,P0034,W006,2025-09-06,165,2025-09-18,2025-09-18
PO002488,S021,P0071,W007,2025-09-24,300,2025-10-08,2025-10-08
PO002489,S016,P0060,W007,2025-07-12,142,2025-07-23,2025-07-30
PO002490,S018,P0084,W003,2025-12-01,738,2025-12-05,2025-12-05
PO002491,S021,P0053,W001,2025-08-06,490,2025-08-20,2025-08-21
PO002492,S023,P0012,W008,2025-04-25,916,2025-05-07,2025-05-10
PO002493,S023,P0062,W004,2025-03-09,316,2025-03-21,2025-03-21
PO002494,S004,P0096,W001,2025-10-26,633,2025-11-09,2025-11-10
PO002495,S001,P0066,W007,2025-11-21,531,2025-12-04,2025-12-11
PO002496,S022,P0086,W003,2025-03-16,805,2025-03-20,2025-03-20
PO002497,S015,P0048,W001,2025-04-13,660,2025-04-20,2025-04-20
PO002498,S014,P0040,W005,2025-10-24,521,2025-11-02,2025-11-05
PO002499,S019,P0024,W002,2025-06-27,698,2025-07-03,2025-07-03
PO002500,S005,P0050,W005,2025-08-03,221,2025-08-17,2025-08-18
PO002501,S004,P0095,W004,2025-11-11,434,2025-11-25,2025-11-25
PO002502,S013,P0068,W005,2025-02-08,633,2025-02-13,2025-02-13
PO002503,S018,P0088,W003,2025-09-16,602,2025-09-20,2025-09-20
PO002504,S012,P0043,W007,2025-07-23,441,2025-07-30,2025-07-30
PO002505,S023,P0017,W003,2025-01-07,539,2025-01-19,2025-01-19
PO002506,S021,P0083,W004,2025-02-18,693,2025-03-04,2025-03-04
PO002507,S015,P0055,W004,2025-01-26,92,2025-02-02,2025-02-02
PO002508,S023,P0034,W002,2025-06-10,364,2025-06-22,2025-06-22
PO002509,S009,P0097,W001,2025-12-23,46,2025-12-29,2026-01-01
PO002510,S004,P0070,W002,2025-06-25,188,2025-07-09,2025-07-11
PO002511,S005,P0060,W005,2025-03-20,794,2025-04-03,2025-04-03
PO002512,S009,P0051,W001,2025-01-02,819,2025-01-08,2025-01-08
PO002513,S013,P0100,W004,2025-05-12,604,2025-05-17,2025-05-17
PO002514,S010,P0077,W003,2025-10-03,228,2025-10-14,2025-10-14
PO002515,S016,P0073,W005,2025-04-27,630,2025-05-08,2025-05-08
PO002516,S013,P0035,W008,2025-06-13,899,2025-06-18,2025-06-20
PO002517,S004,P0034,W002,2025-10-15,931,2025-10-29,2025-10-29
PO002518,S021,P0016,W007,2025-01-28,917,2025-02-11,2025-02-12
PO002519,S013,P0082,W006,2025-11-29,958,2025-12-04,2025-12-05
PO002520,S021,P0018,W006,2025-01-01,562,2025-01-15,2025-01-15
PO002521,S008,P0038,W004,2025-07-07,867,2025-07-16,2025-07-16
PO002522,S013,P0043,W007,2025-02-25,962,2025-03-02,2025-03-02
PO002523,S015,P0032,W001,2025-02-04,564,2025-02-11,2025-02-11
PO002524,S020,P0007,W006,2025-04-22,744,2025-05-03,2025-05-03
PO002525,S020,P0087,W001,2025-10-13,676,2025-10-24,2025-10-24
PO002526,S013,P0087,W003,2025-11-06,630,2025-11-11,2025-11-11
PO002527,S023,P0046,W004,2025-02-05,841,2025-02-17,2025-02-17
PO002528,S005,P0061,W008,2025-08-05,329,2025-08-19,2025-08-19
PO002529,S022,P0018,W004,2025-03-21,966,2025-03-25,2025-03-25
PO002530,S022,P0071,W005,2025-11-10,199,2025-11-14,2025-11-14
PO002531,S006,P0040,W005,2025-03-24,666,2025-03-29,2025-03-29
PO002532,S005,P0088,W007,2025-03-06,457,2025-03-20,2025-03-20
PO002533,S013,P0078,W001,2025-11-21,496,2025-11-26,2025-11-27
PO002534,S005,P0050,W008,2025-05-08,414,2025-05-22,2025-05-24
PO002535,S025,P0005,W006,2025-11-03,721,2025-11-15,2025-11-15
PO002536,S013,P0054,W006,2025-01-22,561,2025-01-27,2025-01-27
PO002537,S024,P0086,W002,2025-08-04,613,2025-08-15,2025-08-18
PO002538,S020,P0058,W008,2025-04-17,76,2025-04-28,2025-04-28
PO002539,S023,P0022,W001,2025-04-19,193,2025-05-01,2025-05-01
PO002540,S008,P0074,W006,2025-12-23,739,2026-01-01,2026-01-02
PO002541,S009,P0090,W005,2025-06-30,345,2025-07-06,2025-07-06
PO002542,S021,P0079,W005,2025-12-22,341,2026-01-05,2026-01-05
PO002543,S019,P0038,W008,2025-06-13,202,2025-06-19,2025-06-26
PO002544,S020,P0049,W005,2025-03-09,254,2025-03-20,2025-03-20
PO002545,S015,P0001,W001,2025-10-19,638,2025-10-26,2025-10-31
PO002546,S022,P0078,W004,2025-06-29,205,2025-07-03,2025-07-03
PO002547,S010,P0036,W007,2025-06-30,285,2025-07-11,2025-07-11
PO002548,S011,P0095,W002,2025-06-18,663,2025-06-23,2025-06-23
PO002549,S005,P0028,W002,2025-01-22,861,2025-02-05,2025-02-07
PO002550,S009,P0098,W005,2025-03-07,348,2025-03-13,2025-03-13
PO002551,S011,P0035,W003,2025-01-21,849,2025-01-26,2025-01-26
PO002552,S019,P0060,W008,2025-04-10,384,2025-04-16,2025-04-18
PO002553,S002,P0062,W001,2025-10-27,702,2025-11-09,2025-11-09
PO002554,S006,P0087,W008,2025-04-13,829,2025-04-18,2025-04-18
PO002555,S023,P0046,W006,2025-02-16,43,2025-02-28,2025-02-28
PO002556,S021,P0083,W008,2025-02-08,280,2025-02-22,2025-02-23
PO002557,S001,P0082,W006,2025-10-12,374,2025-10-25,2025-10-28
PO002558,S003,P0079,W008,2025-11-06,215,2025-11-18,2025-11-18
PO002559,S003,P0061,W008,2025-03-31,630,2025-04-12,2025-04-12
PO002560,S014,P0065,W007,2025-03-26,509,2025-04-04,2025-04-04
PO002561,S020,P0089,W004,2025-09-30,907,2025-10-11,2025-10-11
PO002562,S022,P0026,W005,2025-12-02,352,2025-12-06,2025-12-06
PO002563,S005,P0035,W003,2025-07-07,632,2025-07-21,2025-07-22
PO002564,S017,P0057,W005,2025-06-08,883,2025-06-17,2025-06-24
PO002565,S015,P0079,W008,2025-08-31,960,2025-09-07,2025-09-09
PO002566,S006,P0063,W008,2025-03-14,974,2025-03-19,2025-03-19
PO002567,S014,P0004,W003,2025-02-18,651,2025-02-27,2025-02-27
PO002568,S014,P0079,W002,2025-04-11,340,2025-04-20,2025-04-20
PO002569,S025,P0042,W003,2025-01-02,466,2025-01-14,2025-01-14
PO002570,S017,P0045,W002,2025-09-01,396,2025-09-10,2025-09-10
PO002571,S008,P0039,W002,2025-06-25,222,2025-07-04,2025-07-04
PO002572,S008,P0065,W008,2025-08-26,109,2025-09-04,2025-09-05
PO002573,S019,P0022,W001,2025-02-28,726,2025-03-06,2025-03-06
PO002574,S009,P0011,W007,2025-12-19,196,2025-12-25,2025-12-30
PO002575,S011,P0037,W003,2025-04-09,646,2025-04-14,2025-04-14
PO002576,S013,P0090,W004,2025-12-25,864,2025-12-30,2025-12-30
PO002577,S013,P0051,W004,2025-01-02,51,2025-01-07,2025-01-07
PO002578,S024,P0091,W003,2025-08-31,899,2025-09-11,2025-09-11
PO002579,S019,P0058,W007,2025-10-24,965,2025-10-30,2025-11-06
PO002580,S021,P0077,W001,2025-07-30,746,2025-08-13,2025-08-13
PO002581,S019,P0007,W004,2025-05-03,973,2025-05-09,2025-05-14
PO002582,S005,P0008,W005,2025-08-17,839,2025-08-31,2025-08-31
PO002583,S016,P0051,W004,2025-03-23,810,2025-04-03,2025-04-03
PO002584,S009,P0023,W008,2025-05-24,262,2025-05-30,2025-05-30
PO002585,S020,P0090,W001,2025-05-20,817,2025-05-31,2025-06-03
PO002586,S022,P0091,W002,2025-01-29,89,2025-02-02,2025-02-02
PO002587,S003,P0009,W002,2025-09-27,90,2025-10-09,2025-10-16
PO002588,S019,P0046,W002,2025-09-04,642,2025-09-10,2025-09-10
PO002589,S005,P0038,W008,2025-01-12,177,2025-01-26,2025-01-26
PO002590,S008,P0013,W001,2025-12-21,568,2025-12-30,2025-12-30
PO002591,S014,P0007,W002,2025-12-03,835,2025-12-12,2025-12-12
PO002592,S024,P0011,W007,2025-04-16,947,2025-04-27,2025-04-27
PO002593,S003,P0074,W002,2025-02-01,345,2025-02-13,2025-02-15
PO002594,S024,P0097,W001,2025-03-15,54,2025-03-26,2025-03-26
PO002595,S013,P0050,W008,2025-06-20,499,2025-06-25,2025-06-25
PO002596,S011,P0067,W005,2025-12-03,479,2025-12-08,2025-12-08
PO002597,S008,P0041,W004,2025-03-10,855,2025-03-19,2025-03-19
PO002598,S019,P0029,W001,2025-10-28,435,2025-11-03,2025-11-03
PO002599,S010,P0037,W001,2025-12-28,590,2026-01-08,2026-01-08
PO002600,S018,P0056,W003,2025-05-17,905,2025-05-21,2025-05-23
PO002601,S018,P0080,W002,2025-04-10,438,2025-04-14,2025-04-14
PO002602,S025,P0016,W006,2025-05-26,530,2025-06-07,2025-06-09
PO002603,S007,P0044,W005,2025-01-09,387,2025-01-23,2025-01-23
PO002604,S016,P0050,W006,2025-03-03,931,2025-03-14,2025-03-14
PO002605,S006,P0071,W003,2025-07-04,906,2025-07-09,2025-07-09
PO002606,S016,P0079,W005,2025-01-29,902,2025-02-09,2025-02-11
PO002607,S016,P0006,W002,2025-04-24,226,2025-05-05,2025-05-07
PO002608,S023,P0018,W006,2025-05-23,380,2025-06-04,2025-06-04
PO002609,S024,P0019,W008,2025-04-30,455,2025-05-11,2025-05-11
PO002610,S001,P0051,W002,2025-06-19,597,2025-07-02,2025-07-03
PO002611,S024,P0066,W002,2025-06-06,793,2025-06-17,2025-06-20
PO002612,S019,P0003,W004,2025-12-01,289,2025-12-07,2025-12-09
PO002613,S003,P0089,W005,2025-12-15,252,2025-12-27,2025-12-27
PO002614,S006,P0100,W005,2025-09-17,688,2025-09-22,2025-09-22
PO002615,S004,P0054,W003,2025-03-23,125,2025-04-06,2025-04-08
PO002616,S004,P0049,W008,2025-08-30,685,2025-09-13,2025-09-13
PO002617,S004,P0028,W001,2025-06-21,37,2025-07-05,2025-07-05
PO002618,S010,P0038,W002,2025-08-19,514,2025-08-30,2025-08-30
PO002619,S009,P0028,W002,2025-07-27,279,2025-08-02,2025-08-02
PO002620,S008,P0032,W006,2025-03-16,504,2025-03-25,2025-04-01
PO002621,S019,P0041,W003,2025-09-27,332,2025-10-03,2025-10-08
PO002622,S017,P0036,W005,2025-04-24,650,2025-05-03,2025-05-03
PO002623,S017,P0036,W004,2025-03-03,840,2025-03-12,2025-03-12
PO002624,S001,P0087,W005,2025-12-28,121,2026-01-10,2026-01-11
PO002625,S020,P0066,W004,2025-11-16,556,2025-11-27,2025-11-27
PO002626,S014,P0010,W004,2025-04-12,962,2025-04-21,2025-04-21
PO002627,S022,P0070,W005,2025-12-28,199,2026-01-01,2026-01-01
PO002628,S020,P0072,W006,2025-07-29,529,2025-08-09,2025-08-09
PO002629,S011,P0079,W002,2025-09-12,496,2025-09-17,2025-09-17
PO002630,S003,P0093,W004,2025-01-20,693,2025-02-01,2025-02-01
PO002631,S024,P0063,W006,2025-02-27,419,2025-03-10,2025-03-10
PO002632,S008,P0092,W003,2025-04-22,369,2025-05-01,2025-05-04
PO002633,S022,P0022,W003,2025-11-09,234,2025-11-13,2025-11-18
PO002634,S025,P0098,W004,2025-07-15,402,2025-07-27,2025-07-28
PO002635,S010,P0020,W002,2025-12-19,143,2025-12-30,2025-12-30
PO002636,S017,P0033,W004,2025-04-02,311,2025-04-11,2025-04-11
PO002637,S008,P0015,W003,2025-02-21,687,2025-03-02,2025-03-03
PO002638,S022,P0007,W007,2025-10-20,724,2025-10-24,2025-10-29
PO002639,S001,P0088,W003,2025-01-08,347,2025-01-21,2025-01-21
PO002640,S020,P0090,W005,2025-10-27,584,2025-11-07,2025-11-07
PO002641,S021,P0050,W007,2025-04-08,701,2025-04-22,2025-04-22
PO002642,S007,P0010,W002,2025-08-24,866,2025-09-07,2025-09-07
PO002643,S024,P0079,W005,2025-03-10,117,2025-03-21,2025-03-21
PO002644,S009,P0037,W007,2025-02-14,678,2025-02-20,2025-02-25
PO002645,S012,P0059,W006,2025-05-17,319,2025-05-24,2025-05-24
PO002646,S022,P0088,W007,2025-08-22,49,2025-08-26,2025-08-26
PO002647,S009,P0075,W006,2025-02-01,93,2025-02-07,2025-02-12
PO002648,S020,P0063,W006,2025-10-16,191,2025-10-27,2025-10-27
PO002649,S024,P0021,W007,2025-05-06,904,2025-05-17,2025-05-20
PO002650,S003,P0079,W007,2025-03-08,942,2025-03-20,2025-03-20
PO002651,S004,P0079,W001,2025-01-30,103,2025-02-13,2025-02-18
PO002652,S010,P0037,W007,2025-04-24,604,2025-05-05,2025-05-05
PO002653,S004,P0045,W006,2025-07-23,763,2025-08-06,2025-08-13
PO002654,S022,P0014,W004,2025-01-29,309,2025-02-02,2025-02-02
PO002655,S009,P0043,W005,2025-05-11,658,2025-05-17,2025-05-17
PO002656,S022,P0085,W006,2025-07-04,104,2025-07-08,2025-07-08
PO002657,S001,P0084,W002,2025-09-10,273,2025-09-23,2025-09-23
PO002658,S005,P0033,W008,2025-10-13,683,2025-10-27,2025-10-27
PO002659,S009,P0003,W007,2025-03-03,843,2025-03-09,2025-03-16
PO002660,S005,P0087,W006,2025-01-03,538,2025-01-17,2025-01-17
PO002661,S006,P0044,W004,2025-03-09,471,2025-03-14,2025-03-15
PO002662,S019,P0087,W008,2025-01-25,326,2025-01-31,2025-01-31
PO002663,S008,P0091,W007,2025-06-28,667,2025-07-07,2025-07-09
PO002664,S010,P0035,W004,2025-05-21,203,2025-06-01,2025-06-01
PO002665,S011,P0025,W008,2025-08-19,992,2025-08-24,2025-08-31
PO002666,S013,P0096,W008,2025-10-27,333,2025-11-01,2025-11-01
PO002667,S020,P0086,W004,2025-06-12,360,2025-06-23,2025-06-23
PO002668,S004,P0008,W004,2025-11-07,246,2025-11-21,2025-11-21
PO002669,S011,P0062,W004,2025-05-10,856,2025-05-15,2025-05-16
PO002670,S012,P0018,W002,2025-09-03,775,2025-09-10,2025-09-11
PO002671,S005,P0092,W001,2025-10-24,283,2025-11-07,2025-11-09
PO002672,S010,P0028,W003,2025-06-21,469,2025-07-02,2025-07-02
PO002673,S025,P0075,W001,2025-03-05,270,2025-03-17,2025-03-17
PO002674,S024,P0012,W003,2025-01-31,427,2025-02-11,2025-02-16
PO002675,S007,P0064,W005,2025-02-16,189,2025-03-02,2025-03-02
PO002676,S021,P0002,W007,2025-05-10,585,2025-05-24,2025-05-24
PO002677,S009,P0059,W004,2025-12-18,931,2025-12-24,2025-12-25
PO002678,S009,P0037,W005,2025-11-29,151,2025-12-05,2025-12-05
PO002679,S010,P0004,W005,2025-04-20,846,2025-05-01,2025-05-02
PO002680,S010,P0041,W007,2025-03-10,625,2025-03-21,2025-03-21
PO002681,S002,P0045,W003,2025-02-27,65,2025-03-12,2025-03-19
PO002682,S004,P0034,W002,2025-04-16,369,2025-04-30,2025-05-03
PO002683,S008,P0087,W004,2025-10-27,118,2025-11-05,2025-11-06
PO002684,S014,P0013,W008,2025-11-26,765,2025-12-05,2025-12-05
PO002685,S017,P0007,W006,2025-09-13,800,2025-09-22,2025-09-22
PO002686,S013,P0032,W007,2025-11-08,56,2025-11-13,2025-11-16
PO002687,S021,P0023,W008,2025-06-20,457,2025-07-04,2025-07-04
PO002688,S024,P0049,W007,2025-06-11,964,2025-06-22,2025-06-24
PO002689,S018,P0072,W008,2025-10-13,94,2025-10-17,2025-10-17
PO002690,S018,P0047,W005,2025-03-12,77,2025-03-16,2025-03-16
PO002691,S013,P0037,W001,2025-09-12,38,2025-09-17,2025-09-17
PO002692,S008,P0098,W008,2025-02-24,421,2025-03-05,2025-03-05
PO002693,S012,P0048,W004,2025-11-19,207,2025-11-26,2025-11-28
PO002694,S025,P0029,W008,2025-01-03,932,2025-01-15,2025-01-16
PO002695,S023,P0037,W002,2025-01-26,158,2025-02-07,2025-02-07
PO002696,S024,P0023,W004,2025-11-09,162,2025-11-20,2025-11-20
PO002697,S021,P0038,W006,2025-05-06,987,2025-05-20,2025-05-23
PO002698,S001,P0093,W006,2025-02-22,127,2025-03-07,2025-03-08
PO002699,S020,P0044,W005,2025-07-17,240,2025-07-28,2025-07-28
PO002700,S018,P0005,W008,2025-10-26,164,2025-10-30,2025-10-30
PO002701,S003,P0052,W001,2025-07-07,877,2025-07-19,2025-07-22
PO002702,S012,P0040,W005,2025-07-05,529,2025-07-12,2025-07-12
PO002703,S019,P0011,W002,2025-11-01,395,2025-11-07,2025-11-10
PO002704,S025,P0078,W003,2025-10-25,24,2025-11-06,2025-11-08
PO002705,S013,P0002,W006,2025-07-23,976,2025-07-28,2025-07-30
PO002706,S010,P0035,W001,2025-01-11,407,2025-01-22,2025-01-29
PO002707,S015,P0045,W006,2025-12-25,587,2026-01-01,2026-01-02
PO002708,S020,P0049,W002,2025-12-20,786,2025-12-31,2025-12-31
PO002709,S002,P0035,W002,2025-05-26,990,2025-06-08,2025-06-08
PO002710,S019,P0092,W008,2025-03-26,753,2025-04-01,2025-04-01
PO002711,S003,P0072,W006,2025-04-10,891,2025-04-22,2025-04-22
PO002712,S014,P0032,W005,2025-04-14,579,2025-04-23,2025-04-23
PO002713,S007,P0068,W006,2025-02-15,835,2025-03-01,2025-03-01
PO002714,S008,P0071,W008,2025-02-13,182,2025-02-22,2025-02-22
PO002715,S011,P0039,W005,2025-10-05,767,2025-10-10,2025-10-10
PO002716,S022,P0048,W006,2025-06-30,779,2025-07-04,2025-07-07
PO002717,S020,P0091,W005,2025-07-06,384,2025-07-17,2025-07-18
PO002718,S006,P0037,W008,2025-04-24,436,2025-04-29,2025-05-04
PO002719,S011,P0060,W003,2025-09-12,528,2025-09-17,2025-09-17
PO002720,S017,P0081,W004,2025-01-30,631,2025-02-08,2025-02-08
PO002721,S010,P0074,W004,2025-09-21,40,2025-10-02,2025-10-02
PO002722,S024,P0004,W005,2025-04-08,633,2025-04-19,2025-04-19
PO002723,S017,P0023,W005,2025-11-09,536,2025-11-18,2025-11-18
PO002724,S021,P0014,W007,2025-11-25,979,2025-12-09,2025-12-09
PO002725,S002,P0005,W007,2025-04-25,216,2025-05-08,2025-05-08
PO002726,S006,P0066,W003,2025-10-03,680,2025-10-08,2025-10-09
PO002727,S025,P0024,W008,2025-10-08,364,2025-10-20,2025-10-22
PO002728,S005,P0018,W004,2025-10-02,349,2025-10-16,2025-10-16
PO002729,S004,P0027,W003,2025-09-18,397,2025-10-02,2025-10-02
PO002730,S002,P0024,W007,2025-11-27,230,2025-12-10,2025-12-10
PO002731,S012,P0029,W007,2025-07-26,179,2025-08-02,2025-08-02
PO002732,S003,P0011,W002,2025-11-24,677,2025-12-06,2025-12-11
PO002733,S006,P0018,W006,2025-07-30,589,2025-08-04,2025-08-07
PO002734,S024,P0004,W007,2025-08-03,373,2025-08-14,2025-08-14
PO002735,S014,P0033,W004,2025-02-09,259,2025-02-18,2025-02-18
PO002736,S008,P0078,W005,2025-01-26,98,2025-02-04,2025-02-04
PO002737,S021,P0042,W008,2025-01-27,171,2025-02-10,2025-02-10
PO002738,S021,P0032,W001,2025-07-09,536,2025-07-23,2025-07-28
PO002739,S014,P0051,W007,2025-03-24,402,2025-04-02,2025-04-04
PO002740,S003,P0004,W002,2025-06-19,712,2025-07-01,2025-07-01
PO002741,S016,P0020,W006,2025-06-16,371,2025-06-27,2025-06-27
PO002742,S015,P0085,W001,2025-07-07,220,2025-07-14,2025-07-16
PO002743,S007,P0067,W003,2025-06-18,970,2025-07-02,2025-07-02
PO002744,S015,P0089,W006,2025-10-16,152,2025-10-23,2025-10-23
PO002745,S013,P0068,W003,2025-08-17,984,2025-08-22,2025-08-22
PO002746,S006,P0062,W003,2025-04-07,653,2025-04-12,2025-04-12
PO002747,S015,P0058,W005,2025-01-16,188,2025-01-23,2025-01-24
PO002748,S017,P0047,W003,2025-10-06,885,2025-10-15,2025-10-15
PO002749,S004,P0075,W007,2025-05-15,410,2025-05-29,2025-05-29
PO002750,S022,P0080,W001,2025-01-26,877,2025-01-30,2025-01-30
PO002751,S022,P0059,W002,2025-12-18,404,2025-12-22,2025-12-22
PO002752,S014,P0100,W008,2025-01-12,839,2025-01-21,2025-01-22
PO002753,S015,P0006,W007,2025-03-13,117,2025-03-20,2025-03-20
PO002754,S012,P0095,W005,2025-05-13,813,2025-05-20,2025-05-21
PO002755,S019,P0040,W002,2025-04-16,396,2025-04-22,2025-04-22
PO002756,S022,P0077,W003,2025-08-08,978,2025-08-12,2025-08-12
PO002757,S010,P0023,W004,2025-06-26,799,2025-07-07,2025-07-08
PO002758,S006,P0052,W006,2025-10-09,857,2025-10-14,2025-10-15
PO002759,S025,P0004,W005,2025-05-13,359,2025-05-25,2025-05-25
PO002760,S009,P0037,W003,2025-01-22,550,2025-01-28,2025-01-28
PO002761,S002,P0042,W005,2025-09-26,995,2025-10-09,2025-10-09
PO002762,S004,P0044,W004,2025-06-10,151,2025-06-24,2025-06-27
PO002763,S009,P0097,W008,2025-04-17,627,2025-04-23,2025-04-23
PO002764,S015,P0042,W001,2025-10-06,229,2025-10-13,2025-10-13
PO002765,S013,P0029,W007,2025-12-19,24,2025-12-24,2025-12-24
PO002766,S020,P0019,W001,2025-08-23,396,2025-09-03,2025-09-03
PO002767,S008,P0084,W006,2025-01-18,659,2025-01-27,2025-01-29
PO002768,S019,P0032,W001,2025-08-30,73,2025-09-05,2025-09-05
PO002769,S019,P0044,W008,2025-04-27,517,2025-05-03,2025-05-03
PO002770,S025,P0055,W007,2025-10-13,217,2025-10-25,2025-10-25
PO002771,S016,P0080,W007,2025-10-09,460,2025-10-20,2025-10-20
PO002772,S011,P0005,W008,2025-05-24,737,2025-05-29,2025-05-29
PO002773,S010,P0046,W004,2025-07-24,199,2025-08-04,2025-08-04
PO002774,S008,P0076,W002,2025-02-08,260,2025-02-17,2025-02-17
PO002775,S001,P0045,W008,2025-06-03,805,2025-06-16,2025-06-18
PO002776,S010,P0021,W004,2025-06-25,339,2025-07-06,2025-07-07
PO002777,S018,P0078,W004,2025-08-29,520,2025-09-02,2025-09-02
PO002778,S003,P0022,W003,2025-05-14,669,2025-05-26,2025-05-26
PO002779,S011,P0030,W008,2025-02-15,42,2025-02-20,2025-02-20
PO002780,S018,P0023,W001,2025-02-19,651,2025-02-23,2025-02-23
PO002781,S003,P0005,W005,2025-06-15,646,2025-06-27,2025-06-30
PO002782,S008,P0063,W007,2025-04-16,613,2025-04-25,2025-05-02
PO002783,S014,P0093,W006,2025-08-04,727,2025-08-13,2025-08-13
PO002784,S006,P0059,W002,2025-05-26,199,2025-05-31,2025-05-31
PO002785,S015,P0094,W007,2025-03-13,883,2025-03-20,2025-03-21
PO002786,S014,P0082,W005,2025-11-26,194,2025-12-05,2025-12-05
PO002787,S007,P0052,W003,2025-09-30,217,2025-10-14,2025-10-14
PO002788,S010,P0065,W008,2025-09-04,557,2025-09-15,2025-09-15
PO002789,S015,P0039,W003,2025-07-05,473,2025-07-12,2025-07-12
PO002790,S010,P0081,W002,2025-03-11,118,2025-03-22,2025-03-22
PO002791,S022,P0003,W005,2025-05-30,764,2025-06-03,2025-06-03
PO002792,S017,P0042,W002,2025-09-03,446,2025-09-12,2025-09-12
PO002793,S019,P0071,W002,2025-09-19,472,2025-09-25,2025-09-27
PO002794,S017,P0027,W001,2025-01-26,210,2025-02-04,2025-02-06
PO002795,S012,P0028,W008,2025-05-20,993,2025-05-27,2025-06-03
PO002796,S015,P0054,W005,2025-04-09,597,2025-04-16,2025-04-16
PO002797,S012,P0095,W001,2025-10-05,777,2025-10-12,2025-10-12
PO002798,S025,P0015,W007,2025-02-20,518,2025-03-04,2025-03-04
PO002799,S009,P0053,W001,2025-05-31,635,2025-06-06,2025-06-08
PO002800,S005,P0072,W007,2025-04-14,210,2025-04-28,2025-04-28
PO002801,S004,P0070,W006,2025-03-30,160,2025-04-13,2025-04-13
PO002802,S012,P0092,W001,2025-05-21,710,2025-05-28,2025-05-28
PO002803,S016,P0004,W004,2025-08-01,792,2025-08-12,2025-08-19
PO002804,S009,P0094,W003,2025-08-21,194,2025-08-27,2025-08-30
PO002805,S025,P0017,W003,2025-07-02,439,2025-07-14,2025-07-14
PO002806,S003,P0034,W004,2025-09-08,695,2025-09-20,2025-09-23
PO002807,S021,P0006,W007,2025-01-09,453,2025-01-23,2025-01-23
PO002808,S003,P0036,W007,2025-03-20,459,2025-04-01,2025-04-01
PO002809,S018,P0099,W008,2025-02-21,550,2025-02-25,2025-02-26
PO002810,S017,P0039,W002,2025-09-26,551,2025-10-05,2025-10-05
PO002811,S010,P0080,W005,2025-08-14,937,2025-08-25,2025-08-25
PO002812,S002,P0066,W005,2025-02-20,818,2025-03-05,2025-03-08
PO002813,S024,P0008,W005,2025-07-05,380,2025-07-16,2025-07-16
PO002814,S011,P0015,W001,2025-02-03,770,2025-02-08,2025-02-15
PO002815,S024,P0063,W005,2025-10-18,465,2025-10-29,2025-10-29
PO002816,S003,P0091,W005,2025-08-18,575,2025-08-30,2025-08-30
PO002817,S023,P0080,W007,2025-05-11,727,2025-05-23,2025-05-23
PO002818,S023,P0065,W005,2025-04-30,726,2025-05-12,2025-05-15
PO002819,S002,P0059,W003,2025-11-22,376,2025-12-05,2025-12-05
PO002820,S009,P0010,W004,2025-09-04,876,2025-09-10,2025-09-10
PO002821,S019,P0007,W006,2025-07-11,580,2025-07-17,2025-07-17
PO002822,S002,P0074,W007,2025-11-19,78,2025-12-02,2025-12-04
PO002823,S019,P0076,W002,2025-07-29,663,2025-08-04,2025-08-04
PO002824,S002,P0081,W004,2025-04-13,904,2025-04-26,2025-04-26
PO002825,S015,P0012,W005,2025-11-25,186,2025-12-02,2025-12-02
PO002826,S024,P0079,W002,2025-05-13,666,2025-05-24,2025-05-24
PO002827,S021,P0046,W002,2025-11-19,986,2025-12-03,2025-12-03
PO002828,S003,P0032,W004,2025-05-19,964,2025-05-31,2025-05-31
PO002829,S005,P0032,W004,2025-05-01,620,2025-05-15,2025-05-18
PO002830,S011,P0090,W004,2025-04-04,802,2025-04-09,2025-04-09
PO002831,S024,P0078,W007,2025-05-09,282,2025-05-20,2025-05-20
PO002832,S007,P0090,W007,2025-04-01,450,2025-04-15,2025-04-15
PO002833,S006,P0061,W006,2025-04-02,647,2025-04-07,2025-04-12
PO002834,S014,P0069,W004,2025-03-04,215,2025-03-13,2025-03-13
PO002835,S001,P0061,W006,2025-01-29,373,2025-02-11,2025-02-13
PO002836,S017,P0046,W001,2025-07-29,905,2025-08-07,2025-08-10
PO002837,S017,P0068,W008,2025-01-12,960,2025-01-21,2025-01-21
PO002838,S014,P0092,W003,2025-11-29,639,2025-12-08,2025-12-08
PO002839,S010,P0055,W008,2025-10-24,893,2025-11-04,2025-11-05
PO002840,S008,P0001,W006,2025-05-10,934,2025-05-19,2025-05-20
PO002841,S008,P0077,W003,2025-10-20,66,2025-10-29,2025-10-31
PO002842,S014,P0067,W005,2025-06-22,772,2025-07-01,2025-07-04
PO002843,S007,P0049,W001,2025-07-27,328,2025-08-10,2025-08-10
PO002844,S006,P0025,W002,2025-01-24,249,2025-01-29,2025-01-30
PO002845,S004,P0016,W004,2025-04-09,430,2025-04-23,2025-04-23
PO002846,S001,P0085,W005,2025-12-22,920,2026-01-04,2026-01-04
PO002847,S015,P0013,W002,2025-05-19,776,2025-05-26,2025-05-26
PO002848,S025,P0052,W007,2025-11-10,335,2025-11-22,2025-11-22
PO002849,S015,P0036,W003,2025-06-23,781,2025-06-30,2025-06-30
PO002850,S001,P0072,W002,2025-01-29,96,2025-02-11,2025-02-11
PO002851,S020,P0044,W008,2025-05-23,81,2025-06-03,2025-06-03
PO002852,S003,P0083,W004,2025-11-12,590,2025-11-24,2025-11-27
PO002853,S023,P0047,W004,2025-12-17,257,2025-12-29,2025-12-29
PO002854,S005,P0080,W008,2025-02-11,720,2025-02-25,2025-02-26
PO002855,S005,P0076,W006,2025-10-26,587,2025-11-09,2025-11-09
PO002856,S004,P0020,W006,2025-07-27,97,2025-08-10,2025-08-10
PO002857,S017,P0018,W007,2025-11-26,753,2025-12-05,2025-12-05
PO002858,S021,P0054,W003,2025-07-11,578,2025-07-25,2025-07-25
PO002859,S020,P0012,W004,2025-06-09,963,2025-06-20,2025-06-20
PO002860,S014,P0025,W001,2025-03-05,669,2025-03-14,2025-03-17
PO002861,S008,P0060,W005,2025-08-31,435,2025-09-09,2025-09-09
PO002862,S002,P0075,W003,2025-09-15,980,2025-09-28,2025-09-28
PO002863,S008,P0086,W003,2025-06-01,43,2025-06-10,2025-06-10
PO002864,S001,P0034,W002,2025-08-03,48,2025-08-16,2025-08-16
PO002865,S004,P0013,W003,2025-11-18,510,2025-12-02,2025-12-02
PO002866,S019,P0038,W007,2025-06-15,154,2025-06-21,2025-06-22
PO002867,S005,P0012,W008,2025-01-31,370,2025-02-14,2025-02-14
PO002868,S005,P0036,W005,2025-08-20,932,2025-09-03,2025-09-03
PO002869,S021,P0028,W001,2025-10-09,369,2025-10-23,2025-10-23
PO002870,S020,P0091,W002,2025-01-29,300,2025-02-09,2025-02-09
PO002871,S024,P0039,W005,2025-07-14,495,2025-07-25,2025-07-25
PO002872,S019,P0077,W008,2025-11-30,311,2025-12-06,2025-12-06
PO002873,S012,P0043,W008,2025-09-13,208,2025-09-20,2025-09-22
PO002874,S020,P0091,W006,2025-10-08,602,2025-10-19,2025-10-19
PO002875,S001,P0031,W003,2025-10-31,438,2025-11-13,2025-11-14
PO002876,S007,P0002,W007,2025-11-17,907,2025-12-01,2025-12-01
PO002877,S017,P0082,W004,2025-11-19,487,2025-11-28,2025-11-30
PO002878,S002,P0090,W006,2025-12-12,225,2025-12-25,2025-12-30
PO002879,S011,P0042,W004,2025-10-21,261,2025-10-26,2025-10-26
PO002880,S007,P0031,W005,2025-03-28,325,2025-04-11,2025-04-11
PO002881,S017,P0061,W001,2025-05-29,203,2025-06-07,2025-06-07
PO002882,S003,P0056,W004,2025-09-06,497,2025-09-18,2025-09-18
PO002883,S022,P0086,W007,2025-11-17,523,2025-11-21,2025-11-21
PO002884,S006,P0100,W005,2025-10-10,147,2025-10-15,2025-10-16
PO002885,S022,P0083,W002,2025-12-28,468,2026-01-01,2026-01-01
PO002886,S011,P0014,W003,2025-07-17,249,2025-07-22,2025-07-22
PO002887,S018,P0014,W001,2025-02-13,60,2025-02-17,2025-02-18
PO002888,S018,P0029,W008,2025-12-22,812,2025-12-26,2025-12-27
PO002889,S022,P0081,W007,2025-01-28,693,2025-02-01,2025-02-01
PO002890,S010,P0050,W007,2025-01-17,411,2025-01-28,2025-01-29
PO002891,S005,P0050,W001,2025-05-07,843,2025-05-21,2025-05-26
PO002892,S023,P0063,W002,2025-06-17,359,2025-06-29,2025-06-29
PO002893,S023,P0073,W001,2025-09-01,689,2025-09-13,2025-09-13
PO002894,S021,P0065,W005,2025-03-17,855,2025-03-31,2025-04-01
PO002895,S024,P0068,W001,2025-08-19,40,2025-08-30,2025-08-31
PO002896,S022,P0071,W001,2025-07-23,366,2025-07-27,2025-07-27
PO002897,S015,P0011,W001,2025-09-05,29,2025-09-12,2025-09-12
PO002898,S021,P0014,W008,2025-10-29,106,2025-11-12,2025-11-14
PO002899,S020,P0083,W005,2025-08-02,564,2025-08-13,2025-08-18
PO002900,S023,P0003,W006,2025-08-03,990,2025-08-15,2025-08-17
PO002901,S004,P0008,W003,2025-06-07,892,2025-06-21,2025-06-28
PO002902,S021,P0093,W004,2025-03-10,358,2025-03-24,2025-03-24
PO002903,S021,P0043,W006,2025-03-26,734,2025-04-09,2025-04-14
PO002904,S001,P0009,W001,2025-09-24,23,2025-10-07,2025-10-08
PO002905,S015,P0019,W002,2025-03-10,42,2025-03-17,2025-03-22
PO002906,S017,P0012,W007,2025-04-09,216,2025-04-18,2025-04-18
PO002907,S019,P0027,W002,2025-12-13,840,2025-12-19,2025-12-21
PO002908,S014,P0058,W005,2025-08-04,900,2025-08-13,2025-08-13
PO002909,S019,P0025,W003,2025-06-10,517,2025-06-16,2025-06-16
PO002910,S018,P0045,W001,2025-04-04,920,2025-04-08,2025-04-08
PO002911,S002,P0048,W005,2025-06-23,805,2025-07-06,2025-07-06
PO002912,S006,P0050,W004,2025-06-14,292,2025-06-19,2025-06-19
PO002913,S013,P0081,W003,2025-04-25,973,2025-04-30,2025-05-07
PO002914,S017,P0044,W003,2025-08-08,470,2025-08-17,2025-08-18
PO002915,S006,P0059,W005,2025-01-31,126,2025-02-05,2025-02-10
PO002916,S021,P0033,W006,2025-01-11,900,2025-01-25,2025-02-01
PO002917,S022,P0078,W007,2025-12-09,397,2025-12-13,2025-12-13
PO002918,S005,P0028,W002,2025-05-10,219,2025-05-24,2025-05-24
PO002919,S007,P0018,W006,2025-04-15,971,2025-04-29,2025-04-29
PO002920,S001,P0055,W003,2025-01-27,955,2025-02-09,2025-02-09
PO002921,S013,P0033,W002,2025-08-15,874,2025-08-20,2025-08-20
PO002922,S019,P0015,W003,2025-01-02,746,2025-01-08,2025-01-08
PO002923,S022,P0061,W008,2025-12-25,21,2025-12-29,2025-12-29
PO002924,S001,P0011,W007,2025-04-11,140,2025-04-24,2025-04-24
PO002925,S013,P0036,W003,2025-01-21,634,2025-01-26,2025-01-26
PO002926,S011,P0015,W003,2025-02-27,168,2025-03-04,2025-03-04
PO002927,S007,P0053,W004,2025-06-29,967,2025-07-13,2025-07-16
PO002928,S020,P0062,W002,2025-12-07,171,2025-12-18,2025-12-18
PO002929,S003,P0048,W004,2025-12-15,584,2025-12-27,2025-12-27
PO002930,S025,P0094,W002,2025-01-20,697,2025-02-01,2025-02-01
PO002931,S001,P0015,W007,2025-09-12,935,2025-09-25,2025-09-27
PO002932,S008,P0063,W007,2025-11-13,325,2025-11-22,2025-11-22
PO002933,S017,P0087,W008,2025-02-07,698,2025-02-16,2025-02-16
PO002934,S013,P0043,W004,2025-05-28,847,2025-06-02,2025-06-02
PO002935,S014,P0050,W004,2025-01-25,901,2025-02-03,2025-02-08
PO002936,S005,P0060,W004,2025-05-01,494,2025-05-15,2025-05-20
PO002937,S024,P0059,W007,2025-01-26,383,2025-02-06,2025-02-06
PO002938,S022,P0015,W007,2025-06-18,826,2025-06-22,2025-06-23
PO002939,S023,P0029,W005,2025-11-19,90,2025-12-01,2025-12-01
PO002940,S024,P0075,W004,2025-08-13,659,2025-08-24,2025-08-24
PO002941,S006,P0082,W008,2025-01-01,52,2025-01-06,2025-01-06
PO002942,S022,P0040,W006,2025-11-03,176,2025-11-07,2025-11-07
PO002943,S006,P0031,W006,2025-09-18,349,2025-09-23,2025-09-25
PO002944,S021,P0073,W003,2025-01-13,797,2025-01-27,2025-02-01
PO002945,S008,P0086,W001,2025-02-17,735,2025-02-26,2025-02-26
PO002946,S013,P0011,W004,2025-11-09,726,2025-11-14,2025-11-14
PO002947,S018,P0081,W001,2025-10-18,406,2025-10-22,2025-10-22
PO002948,S023,P0097,W001,2025-11-28,992,2025-12-10,2025-12-10
PO002949,S004,P0062,W003,2025-04-04,640,2025-04-18,2025-04-23
PO002950,S017,P0075,W001,2025-09-18,178,2025-09-27,2025-09-30
PO002951,S005,P0008,W008,2025-10-05,814,2025-10-19,2025-10-19
PO002952,S003,P0051,W007,2025-12-25,985,2026-01-06,2026-01-06
PO002953,S004,P0057,W001,2025-07-24,558,2025-08-07,2025-08-09
PO002954,S023,P0004,W007,2025-07-04,246,2025-07-16,2025-07-16
PO002955,S005,P0036,W007,2025-06-24,271,2025-07-08,2025-07-15
PO002956,S014,P0019,W006,2025-11-05,386,2025-11-14,2025-11-14
PO002957,S015,P0024,W007,2025-03-10,796,2025-03-17,2025-03-17
PO002958,S020,P0041,W001,2025-04-14,281,2025-04-25,2025-04-25
PO002959,S017,P0049,W002,2025-09-03,665,2025-09-12,2025-09-12
PO002960,S006,P0082,W008,2025-06-10,557,2025-06-15,2025-06-15
PO002961,S010,P0097,W004,2025-07-19,62,2025-07-30,2025-07-31
PO002962,S022,P0046,W008,2025-08-04,550,2025-08-08,2025-08-10
PO002963,S023,P0036,W008,2025-07-31,35,2025-08-12,2025-08-12
PO002964,S016,P0010,W004,2025-01-16,124,2025-01-27,2025-01-27
PO002965,S017,P0078,W001,2025-11-28,810,2025-12-07,2025-12-10
PO002966,S014,P0007,W003,2025-07-24,222,2025-08-02,2025-08-04
PO002967,S020,P0012,W002,2025-12-31,739,2026-01-11,2026-01-11
PO002968,S012,P0086,W003,2025-02-08,944,2025-02-15,2025-02-17
PO002969,S009,P0091,W003,2025-03-30,697,2025-04-05,2025-04-12
PO002970,S015,P0048,W001,2025-09-13,78,2025-09-20,2025-09-20
PO002971,S012,P0037,W005,2025-09-11,67,2025-09-18,2025-09-18
PO002972,S014,P0075,W001,2025-08-04,679,2025-08-13,2025-08-13
PO002973,S022,P0036,W006,2025-10-30,296,2025-11-03,2025-11-03
PO002974,S018,P0060,W005,2025-06-21,431,2025-06-25,2025-06-26
PO002975,S020,P0077,W007,2025-05-17,197,2025-05-28,2025-05-28
PO002976,S006,P0096,W002,2025-06-27,820,2025-07-02,2025-07-07
PO002977,S004,P0008,W005,2025-03-18,133,2025-04-01,2025-04-01
PO002978,S023,P0007,W001,2025-07-07,315,2025-07-19,2025-07-19
PO002979,S012,P0043,W001,2025-01-15,749,2025-01-22,2025-01-23
PO002980,S013,P0058,W003,2025-10-19,457,2025-10-24,2025-10-24
PO002981,S019,P0081,W001,2025-11-15,285,2025-11-21,2025-11-21
PO002982,S022,P0086,W007,2025-11-21,181,2025-11-25,2025-11-25
PO002983,S013,P0046,W006,2025-08-02,860,2025-08-07,2025-08-07
PO002984,S012,P0034,W001,2025-07-27,523,2025-08-03,2025-08-10
PO002985,S020,P0084,W004,2025-06-18,55,2025-06-29,2025-06-29
PO002986,S003,P0072,W004,2025-11-26,606,2025-12-08,2025-12-10
PO002987,S003,P0022,W003,2025-10-07,477,2025-10-19,2025-10-19
PO002988,S014,P0091,W005,2025-11-01,666,2025-11-10,2025-11-11
PO002989,S018,P0098,W005,2025-05-26,390,2025-05-30,2025-05-30
PO002990,S019,P0021,W004,2025-09-20,505,2025-09-26,2025-09-26
PO002991,S010,P0015,W006,2025-01-04,291,2025-01-15,2025-01-22
PO002992,S017,P0005,W002,2025-03-31,198,2025-04-09,2025-04-09
PO002993,S015,P0017,W007,2025-03-01,499,2025-03-08,2025-03-09
PO002994,S019,P0072,W008,2025-11-07,976,2025-11-13,2025-11-13
PO002995,S009,P0019,W007,2025-01-16,178,2025-01-22,2025-01-22
PO002996,S004,P0005,W007,2025-08-15,774,2025-08-29,2025-09-01
PO002997,S015,P0023,W006,2025-01-29,947,2025-02-05,2025-02-07
PO002998,S019,P0083,W004,2025-05-31,832,2025-06-06,2025-06-06
PO002999,S016,P0014,W007,2025-09-02,223,2025-09-13,2025-09-18
PO003000,S008,P0010,W006,2025-09-27,814,2025-10-06,2025-10-06
PO003001,S017,P0031,W002,2025-03-20,297,2025-03-29,2025-03-29
PO003002,S021,P0013,W005,2025-10-16,162,2025-10-30,2025-10-30
PO003003,S001,P0022,W004,2025-06-02,539,2025-06-15,2025-06-15
PO003004,S007,P0037,W008,2025-10-04,531,2025-10-18,2025-10-18
PO003005,S021,P0039,W001,2025-10-06,983,2025-10-20,2025-10-20
PO003006,S018,P0010,W007,2025-02-26,135,2025-03-02,2025-03-09
PO003007,S012,P0031,W002,2025-07-05,411,2025-07-12,2025-07-12
PO003008,S016,P0043,W002,2025-04-03,362,2025-04-14,2025-04-14
PO003009,S001,P0099,W002,2025-10-03,392,2025-10-16,2025-10-16
PO003010,S015,P0077,W005,2025-06-07,803,2025-06-14,2025-06-14
PO003011,S007,P0094,W006,2025-10-02,707,2025-10-16,2025-10-16
PO003012,S017,P0098,W003,2025-06-30,949,2025-07-09,2025-07-09
PO003013,S003,P0036,W007,2025-12-25,745,2026-01-06,2026-01-06
PO003014,S011,P0035,W001,2025-03-18,388,2025-03-23,2025-03-23
PO003015,S006,P0068,W007,2025-05-31,234,2025-06-05,2025-06-07
PO003016,S006,P0055,W004,2025-08-26,530,2025-08-31,2025-09-07
PO003017,S015,P0068,W008,2025-10-16,588,2025-10-23,2025-10-23
PO003018,S007,P0047,W006,2025-08-19,920,2025-09-02,2025-09-02
PO003019,S011,P0006,W002,2025-01-18,760,2025-01-23,2025-01-23
PO003020,S017,P0028,W008,2025-03-14,831,2025-03-23,2025-03-25
PO003021,S023,P0030,W007,2025-07-08,346,2025-07-20,2025-07-21
PO003022,S018,P0027,W005,2025-01-17,56,2025-01-21,2025-01-21
PO003023,S022,P0069,W002,2025-01-19,399,2025-01-23,2025-01-23
PO003024,S024,P0039,W006,2025-08-07,815,2025-08-18,2025-08-20
PO003025,S021,P0035,W004,2025-11-22,531,2025-12-06,2025-12-06
PO003026,S019,P0044,W008,2025-04-30,343,2025-05-06,2025-05-06
PO003027,S008,P0015,W001,2025-04-11,388,2025-04-20,2025-04-20
PO003028,S024,P0083,W002,2025-02-03,243,2025-02-14,2025-02-14
PO003029,S020,P0094,W007,2025-03-25,953,2025-04-05,2025-04-07
PO003030,S008,P0032,W007,2025-07-15,833,2025-07-24,2025-07-27
PO003031,S021,P0029,W008,2025-11-26,732,2025-12-10,2025-12-11
PO003032,S011,P0063,W005,2025-07-21,119,2025-07-26,2025-07-26
PO003033,S021,P0006,W008,2025-12-10,813,2025-12-24,2025-12-25
PO003034,S003,P0090,W005,2025-12-07,94,2025-12-19,2025-12-19
PO003035,S023,P0027,W003,2025-01-11,743,2025-01-23,2025-01-23
PO003036,S014,P0099,W005,2025-12-13,456,2025-12-22,2025-12-25
PO003037,S009,P0028,W003,2025-08-06,722,2025-08-12,2025-08-12
PO003038,S025,P0005,W001,2025-09-10,387,2025-09-22,2025-09-22
PO003039,S001,P0041,W004,2025-08-10,82,2025-08-23,2025-08-30
PO003040,S001,P0056,W003,2025-03-21,643,2025-04-03,2025-04-10
PO003041,S012,P0054,W002,2025-01-07,953,2025-01-14,2025-01-14
PO003042,S011,P0080,W006,2025-09-29,674,2025-10-04,2025-10-04
PO003043,S021,P0018,W007,2025-08-15,118,2025-08-29,2025-08-29
PO003044,S001,P0077,W002,2025-01-16,796,2025-01-29,2025-02-03
PO003045,S020,P0043,W007,2025-01-12,244,2025-01-23,2025-01-23
PO003046,S012,P0089,W004,2025-10-18,94,2025-10-25,2025-11-01
PO003047,S017,P0074,W008,2025-08-29,809,2025-09-07,2025-09-07
PO003048,S015,P0029,W005,2025-01-21,729,2025-01-28,2025-01-28
PO003049,S002,P0010,W006,2025-06-27,203,2025-07-10,2025-07-10
PO003050,S018,P0006,W002,2025-08-16,312,2025-08-20,2025-08-20
PO003051,S016,P0080,W006,2025-09-30,76,2025-10-11,2025-10-16
PO003052,S004,P0089,W003,2025-10-15,268,2025-10-29,2025-10-29
PO003053,S008,P0004,W004,2025-10-24,975,2025-11-02,2025-11-02
PO003054,S002,P0034,W002,2025-05-14,645,2025-05-27,2025-05-27
PO003055,S014,P0083,W005,2025-10-10,488,2025-10-19,2025-10-20
PO003056,S025,P0033,W006,2025-06-02,159,2025-06-14,2025-06-14
PO003057,S015,P0004,W005,2025-03-07,922,2025-03-14,2025-03-17
PO003058,S009,P0044,W006,2025-05-17,981,2025-05-23,2025-05-23
PO003059,S002,P0098,W002,2025-04-02,378,2025-04-15,2025-04-15
PO003060,S017,P0076,W004,2025-11-13,572,2025-11-22,2025-11-22
PO003061,S010,P0031,W001,2025-09-16,427,2025-09-27,2025-09-27
PO003062,S009,P0080,W002,2025-04-13,493,2025-04-19,2025-04-19
PO003063,S002,P0066,W005,2025-02-24,684,2025-03-09,2025-03-16
PO003064,S024,P0058,W001,2025-09-14,465,2025-09-25,2025-09-25
PO003065,S019,P0060,W008,2025-04-11,999,2025-04-17,2025-04-17
PO003066,S017,P0002,W004,2025-07-17,251,2025-07-26,2025-07-26
PO003067,S011,P0036,W005,2025-10-28,636,2025-11-02,2025-11-02
PO003068,S017,P0070,W004,2025-08-14,637,2025-08-23,2025-08-24
PO003069,S010,P0060,W006,2025-08-25,319,2025-09-05,2025-09-07
PO003070,S018,P0023,W002,2025-01-26,661,2025-01-30,2025-01-30
PO003071,S023,P0047,W004,2025-05-01,445,2025-05-13,2025-05-14
PO003072,S006,P0046,W005,2025-07-01,180,2025-07-06,2025-07-06
PO003073,S016,P0080,W002,2025-07-18,420,2025-07-29,2025-07-29
PO003074,S018,P0044,W007,2025-10-29,397,2025-11-02,2025-11-02
PO003075,S020,P0019,W005,2025-09-12,978,2025-09-23,2025-09-25
PO003076,S018,P0049,W005,2025-05-02,937,2025-05-06,2025-05-06
PO003077,S001,P0088,W007,2025-01-31,276,2025-02-13,2025-02-13
PO003078,S003,P0058,W007,2025-11-11,760,2025-11-23,2025-11-23
PO003079,S015,P0091,W001,2025-10-12,881,2025-10-19,2025-10-19
PO003080,S020,P0007,W003,2025-04-16,513,2025-04-27,2025-04-27
PO003081,S010,P0094,W004,2025-08-12,985,2025-08-23,2025-08-23
PO003082,S021,P0041,W004,2025-09-30,508,2025-10-14,2025-10-17
PO003083,S005,P0078,W001,2025-08-20,201,2025-09-03,2025-09-03
PO003084,S015,P0015,W008,2025-09-13,545,2025-09-20,2025-09-20
PO003085,S023,P0076,W006,2025-01-24,119,2025-02-05,2025-02-07
PO003086,S014,P0053,W008,2025-04-19,756,2025-04-28,2025-04-29
PO003087,S015,P0093,W004,2025-07-10,377,2025-07-17,2025-07-17
PO003088,S010,P0023,W007,2025-12-13,250,2025-12-24,2025-12-24
PO003089,S024,P0077,W008,2025-01-25,584,2025-02-05,2025-02-06
PO003090,S009,P0073,W001,2025-07-06,25,2025-07-12,2025-07-12
PO003091,S012,P0088,W004,2025-10-15,109,2025-10-22,2025-10-22
PO003092,S007,P0094,W004,2025-04-26,83,2025-05-10,2025-05-10
PO003093,S005,P0065,W005,2025-12-04,107,2025-12-18,2025-12-25
PO003094,S025,P0060,W001,2025-02-06,52,2025-02-18,2025-02-18
PO003095,S024,P0010,W007,2025-10-09,91,2025-10-20,2025-10-20
PO003096,S010,P0058,W006,2025-05-17,575,2025-05-28,2025-05-28
PO003097,S025,P0047,W004,2025-08-15,272,2025-08-27,2025-08-30
PO003098,S008,P0015,W006,2025-11-16,126,2025-11-25,2025-11-25
PO003099,S022,P0009,W003,2025-11-24,821,2025-11-28,2025-11-30
PO003100,S020,P0013,W001,2025-07-01,949,2025-07-12,2025-07-13
PO003101,S025,P0023,W001,2025-12-28,939,2026-01-09,2026-01-09
PO003102,S016,P0033,W001,2025-03-27,533,2025-04-07,2025-04-10
PO003103,S012,P0009,W007,2025-02-22,155,2025-03-01,2025-03-01
PO003104,S009,P0003,W008,2025-12-14,648,2025-12-20,2025-12-25
PO003105,S010,P0094,W007,2025-12-21,428,2026-01-01,2026-01-03
PO003106,S016,P0073,W005,2025-08-23,140,2025-09-03,2025-09-08
PO003107,S010,P0025,W008,2025-09-24,497,2025-10-05,2025-10-07
PO003108,S009,P0088,W001,2025-10-14,819,2025-10-20,2025-10-23
PO003109,S003,P0096,W005,2025-04-10,843,2025-04-22,2025-04-22
PO003110,S019,P0071,W007,2025-03-28,113,2025-04-03,2025-04-03
PO003111,S011,P0036,W003,2025-01-15,524,2025-01-20,2025-01-20
PO003112,S006,P0089,W002,2025-04-11,26,2025-04-16,2025-04-16
PO003113,S006,P0020,W005,2025-06-14,963,2025-06-19,2025-06-20
PO003114,S015,P0081,W004,2025-01-29,619,2025-02-05,2025-02-05
PO003115,S015,P0054,W001,2025-04-24,713,2025-05-01,2025-05-01
PO003116,S013,P0100,W008,2025-04-17,210,2025-04-22,2025-04-24
PO003117,S022,P0090,W002,2025-12-30,476,2026-01-03,2026-01-08
PO003118,S005,P0019,W005,2025-05-10,739,2025-05-24,2025-05-26
PO003119,S014,P0060,W008,2025-03-25,405,2025-04-03,2025-04-05
PO003120,S021,P0037,W008,2025-09-28,822,2025-10-12,2025-10-12
PO003121,S002,P0003,W006,2025-09-01,885,2025-09-14,2025-09-17
PO003122,S023,P0092,W007,2025-08-02,297,2025-08-14,2025-08-14
PO003123,S012,P0086,W006,2025-11-02,998,2025-11-09,2025-11-16
PO003124,S020,P0019,W004,2025-06-15,467,2025-06-26,2025-06-26
PO003125,S014,P0053,W002,2025-10-06,846,2025-10-15,2025-10-17
PO003126,S019,P0046,W003,2025-02-28,964,2025-03-06,2025-03-06
PO003127,S024,P0080,W005,2025-03-31,71,2025-04-11,2025-04-11
PO003128,S020,P0056,W006,2025-11-27,424,2025-12-08,2025-12-09
PO003129,S015,P0070,W006,2025-07-13,415,2025-07-20,2025-07-23
PO003130,S020,P0031,W005,2025-05-03,798,2025-05-14,2025-05-17
PO003131,S024,P0053,W006,2025-05-16,775,2025-05-27,2025-05-27
PO003132,S017,P0034,W003,2025-05-19,713,2025-05-28,2025-05-28
PO003133,S025,P0031,W008,2025-08-17,230,2025-08-29,2025-08-29
PO003134,S014,P0060,W006,2025-10-01,909,2025-10-10,2025-10-10
PO003135,S023,P0011,W005,2025-02-19,729,2025-03-03,2025-03-03
PO003136,S018,P0100,W001,2025-04-28,289,2025-05-02,2025-05-03
PO003137,S022,P0006,W006,2025-07-21,564,2025-07-25,2025-07-25
PO003138,S024,P0027,W005,2025-07-10,633,2025-07-21,2025-07-23
PO003139,S005,P0007,W008,2025-12-30,864,2026-01-13,2026-01-13
PO003140,S022,P0049,W008,2025-11-19,301,2025-11-23,2025-11-23
PO003141,S012,P0096,W001,2025-06-30,417,2025-07-07,2025-07-07
PO003142,S010,P0072,W006,2025-03-19,768,2025-03-30,2025-04-01
PO003143,S008,P0060,W006,2025-03-16,235,2025-03-25,2025-03-27
PO003144,S006,P0033,W005,2025-10-22,451,2025-10-27,2025-10-27
PO003145,S025,P0047,W004,2025-10-08,340,2025-10-20,2025-10-20
PO003146,S015,P0044,W004,2025-01-21,833,2025-01-28,2025-01-28
PO003147,S012,P0079,W002,2025-06-20,658,2025-06-27,2025-06-29
PO003148,S025,P0027,W004,2025-01-15,512,2025-01-27,2025-01-28
PO003149,S025,P0094,W003,2025-07-30,970,2025-08-11,2025-08-11
PO003150,S006,P0022,W008,2025-02-17,625,2025-02-22,2025-02-22
PO003151,S012,P0047,W002,2025-03-27,605,2025-04-03,2025-04-03
PO003152,S015,P0093,W008,2025-05-29,147,2025-06-05,2025-06-05
PO003153,S012,P0048,W004,2025-07-07,93,2025-07-14,2025-07-14
PO003154,S009,P0030,W001,2025-11-02,495,2025-11-08,2025-11-08
PO003155,S019,P0002,W007,2025-05-31,471,2025-06-06,2025-06-06
PO003156,S021,P0015,W005,2025-05-21,481,2025-06-04,2025-06-04
PO003157,S002,P0047,W008,2025-03-10,927,2025-03-23,2025-03-23
PO003158,S013,P0027,W004,2025-09-17,457,2025-09-22,2025-09-22
PO003159,S013,P0071,W001,2025-11-30,275,2025-12-05,2025-12-05
PO003160,S008,P0027,W007,2025-01-09,467,2025-01-18,2025-01-19
PO003161,S013,P0085,W002,2025-05-01,121,2025-05-06,2025-05-06
PO003162,S004,P0013,W005,2025-04-11,578,2025-04-25,2025-04-25
PO003163,S006,P0055,W008,2025-05-29,696,2025-06-03,2025-06-05
PO003164,S006,P0017,W004,2025-05-26,989,2025-05-31,2025-06-05
PO003165,S021,P0075,W002,2025-12-19,787,2026-01-02,2026-01-02
PO003166,S012,P0059,W008,2025-08-31,956,2025-09-07,2025-09-07
PO003167,S012,P0010,W004,2025-08-29,302,2025-09-05,2025-09-08
PO003168,S017,P0033,W002,2025-12-03,957,2025-12-12,2025-12-17
PO003169,S007,P0078,W008,2025-02-12,779,2025-02-26,2025-02-26
PO003170,S015,P0037,W004,2025-04-05,223,2025-04-12,2025-04-12
PO003171,S024,P0008,W007,2025-08-14,105,2025-08-25,2025-08-27
PO003172,S017,P0033,W001,2025-01-06,343,2025-01-15,2025-01-15
PO003173,S010,P0007,W003,2025-08-02,944,2025-08-13,2025-08-18
PO003174,S023,P0034,W007,2025-07-25,183,2025-08-06,2025-08-06
PO003175,S020,P0071,W008,2025-03-08,896,2025-03-19,2025-03-22
PO003176,S006,P0007,W001,2025-04-10,76,2025-04-15,2025-04-15
PO003177,S009,P0041,W005,2025-01-12,225,2025-01-18,2025-01-18
PO003178,S015,P0100,W004,2025-08-25,927,2025-09-01,2025-09-08
PO003179,S016,P0055,W003,2025-11-18,448,2025-11-29,2025-11-29
PO003180,S021,P0007,W007,2025-09-15,167,2025-09-29,2025-09-29
PO003181,S008,P0084,W003,2025-12-03,320,2025-12-12,2025-12-15
PO003182,S016,P0018,W005,2025-05-15,810,2025-05-26,2025-05-26
PO003183,S005,P0043,W008,2025-08-10,977,2025-08-24,2025-08-24
PO003184,S018,P0078,W005,2025-06-05,309,2025-06-09,2025-06-09
PO003185,S020,P0040,W003,2025-05-22,40,2025-06-02,2025-06-02
PO003186,S014,P0053,W005,2025-06-07,966,2025-06-16,2025-06-17
PO003187,S002,P0014,W005,2025-11-22,156,2025-12-05,2025-12-08
PO003188,S023,P0021,W008,2025-12-10,989,2025-12-22,2025-12-22
PO003189,S023,P0057,W004,2025-09-19,388,2025-10-01,2025-10-01
PO003190,S003,P0091,W001,2025-10-10,541,2025-10-22,2025-10-22
PO003191,S014,P0046,W006,2025-12-04,839,2025-12-13,2025-12-16
PO003192,S007,P0026,W008,2025-12-10,576,2025-12-24,2025-12-25
PO003193,S015,P0091,W002,2025-08-17,455,2025-08-24,2025-08-29
PO003194,S017,P0024,W008,2025-10-07,780,2025-10-16,2025-10-23
PO003195,S001,P0005,W003,2025-12-24,49,2026-01-06,2026-01-06
PO003196,S009,P0042,W002,2025-10-17,467,2025-10-23,2025-10-23
PO003197,S022,P0092,W003,2025-06-17,244,2025-06-21,2025-06-21
PO003198,S014,P0043,W003,2025-02-16,405,2025-02-25,2025-02-25
PO003199,S016,P0032,W001,2025-07-22,708,2025-08-02,2025-08-02
PO003200,S021,P0088,W007,2025-08-02,627,2025-08-16,2025-08-19
PO003201,S013,P0006,W007,2025-09-03,448,2025-09-08,2025-09-08
PO003202,S006,P0074,W003,2025-01-24,548,2025-01-29,2025-01-29
PO003203,S022,P0067,W003,2025-11-17,47,2025-11-21,2025-11-21
PO003204,S001,P0007,W001,2025-10-01,145,2025-10-14,2025-10-16
PO003205,S021,P0029,W005,2025-02-13,832,2025-02-27,2025-02-27
PO003206,S025,P0034,W007,2025-11-28,804,2025-12-10,2025-12-10
PO003207,S004,P0007,W006,2025-11-09,518,2025-11-23,2025-11-23
PO003208,S003,P0081,W008,2025-12-29,206,2026-01-10,2026-01-13
PO003209,S017,P0077,W002,2025-06-05,673,2025-06-14,2025-06-14
PO003210,S002,P0058,W003,2025-07-18,391,2025-07-31,2025-08-05
PO003211,S019,P0085,W001,2025-06-11,157,2025-06-17,2025-06-17
PO003212,S020,P0031,W003,2025-08-22,993,2025-09-02,2025-09-09
PO003213,S023,P0073,W007,2025-06-12,356,2025-06-24,2025-06-27
PO003214,S022,P0045,W001,2025-04-26,760,2025-04-30,2025-04-30
PO003215,S008,P0047,W002,2025-04-03,233,2025-04-12,2025-04-12
PO003216,S025,P0077,W004,2025-02-11,805,2025-02-23,2025-02-23
PO003217,S015,P0081,W007,2025-10-11,310,2025-10-18,2025-10-20
PO003218,S006,P0072,W005,2025-07-29,963,2025-08-03,2025-08-03
PO003219,S023,P0073,W008,2025-07-25,589,2025-08-06,2025-08-06
PO003220,S020,P0073,W008,2025-08-08,390,2025-08-19,2025-08-19
PO003221,S002,P0040,W004,2025-10-07,549,2025-10-20,2025-10-21
PO003222,S025,P0030,W001,2025-05-16,711,2025-05-28,2025-05-28
PO003223,S025,P0062,W003,2025-04-16,689,2025-04-28,2025-04-28
PO003224,S015,P0071,W005,2025-04-28,787,2025-05-05,2025-05-05
PO003225,S020,P0017,W007,2025-08-25,568,2025-09-05,2025-09-05
PO003226,S012,P0005,W002,2025-11-05,315,2025-11-12,2025-11-12
PO003227,S003,P0081,W008,2025-04-10,793,2025-04-22,2025-04-24
PO003228,S010,P0001,W007,2025-09-18,610,2025-09-29,2025-09-29
PO003229,S014,P0080,W006,2025-11-01,438,2025-11-10,2025-11-10
PO003230,S022,P0081,W005,2025-12-20,685,2025-12-24,2025-12-24
PO003231,S014,P0094,W008,2025-10-13,380,2025-10-22,2025-10-29
PO003232,S003,P0031,W003,2025-11-24,878,2025-12-06,2025-12-06
PO003233,S001,P0035,W008,2025-04-13,177,2025-04-26,2025-05-03
PO003234,S020,P0072,W008,2025-03-04,94,2025-03-15,2025-03-15
PO003235,S001,P0030,W004,2025-06-24,391,2025-07-07,2025-07-07
PO003236,S002,P0085,W001,2025-10-09,939,2025-10-22,2025-10-23
PO003237,S019,P0015,W004,2025-10-20,909,2025-10-26,2025-10-26
PO003238,S024,P0098,W007,2025-08-14,586,2025-08-25,2025-08-27
PO003239,S010,P0056,W005,2025-01-07,737,2025-01-18,2025-01-21
PO003240,S004,P0060,W006,2025-05-07,746,2025-05-21,2025-05-21
PO003241,S004,P0027,W003,2025-04-02,540,2025-04-16,2025-04-17
PO003242,S013,P0002,W001,2025-07-09,125,2025-07-14,2025-07-14
PO003243,S009,P0074,W003,2025-12-25,849,2025-12-31,2026-01-03
PO003244,S007,P0064,W003,2025-02-22,386,2025-03-08,2025-03-08
PO003245,S016,P0005,W006,2025-08-30,421,2025-09-10,2025-09-10
PO003246,S018,P0091,W005,2025-05-12,776,2025-05-16,2025-05-16
PO003247,S003,P0068,W004,2025-12-30,838,2026-01-11,2026-01-16
PO003248,S020,P0013,W003,2025-04-22,122,2025-05-03,2025-05-03
PO003249,S020,P0081,W007,2025-01-07,806,2025-01-18,2025-01-18
PO003250,S010,P0085,W007,2025-08-18,344,2025-08-29,2025-08-29
PO003251,S024,P0023,W003,2025-06-05,392,2025-06-16,2025-06-18
PO003252,S022,P0097,W003,2025-07-16,357,2025-07-20,2025-07-20
PO003253,S016,P0050,W001,2025-11-19,910,2025-11-30,2025-11-30
PO003254,S003,P0079,W003,2025-12-30,52,2026-01-11,2026-01-11
PO003255,S011,P0078,W007,2025-08-11,127,2025-08-16,2025-08-16
PO003256,S025,P0073,W003,2025-09-07,441,2025-09-19,2025-09-19
PO003257,S010,P0037,W008,2025-03-24,288,2025-04-04,2025-04-04
PO003258,S016,P0030,W008,2025-08-28,964,2025-09-08,2025-09-08
PO003259,S008,P0093,W005,2025-12-26,92,2026-01-04,2026-01-04
PO003260,S009,P0023,W007,2025-11-19,877,2025-11-25,2025-11-25
PO003261,S015,P0034,W003,2025-09-20,200,2025-09-27,2025-09-27
PO003262,S021,P0064,W006,2025-07-08,916,2025-07-22,2025-07-24
PO003263,S003,P0055,W008,2025-10-17,799,2025-10-29,2025-10-29
PO003264,S004,P0071,W006,2025-12-28,171,2026-01-11,2026-01-11
PO003265,S013,P0009,W007,2025-02-27,531,2025-03-04,2025-03-04
PO003266,S012,P0004,W003,2025-01-09,916,2025-01-16,2025-01-16
PO003267,S021,P0066,W006,2025-10-31,87,2025-11-14,2025-11-17
PO003268,S009,P0091,W005,2025-04-25,922,2025-05-01,2025-05-01
PO003269,S025,P0033,W001,2025-07-29,391,2025-08-10,2025-08-10
PO003270,S014,P0032,W006,2025-02-10,367,2025-02-19,2025-02-22
PO003271,S019,P0044,W007,2025-10-31,728,2025-11-06,2025-11-07
PO003272,S007,P0037,W006,2025-06-22,826,2025-07-06,2025-07-08
PO003273,S016,P0091,W004,2025-08-22,51,2025-09-02,2025-09-03
PO003274,S022,P0092,W005,2025-10-08,964,2025-10-12,2025-10-12
PO003275,S020,P0067,W006,2025-03-19,946,2025-03-30,2025-04-04
PO003276,S005,P0060,W001,2025-04-18,639,2025-05-02,2025-05-07
PO003277,S010,P0059,W004,2025-10-08,98,2025-10-19,2025-10-19
PO003278,S018,P0036,W007,2025-02-08,278,2025-02-12,2025-02-14
PO003279,S011,P0049,W007,2025-04-29,516,2025-05-04,2025-05-04
PO003280,S007,P0051,W003,2025-12-01,897,2025-12-15,2025-12-16
PO003281,S014,P0008,W005,2025-12-02,194,2025-12-11,2025-12-11
PO003282,S020,P0050,W008,2025-01-27,386,2025-02-07,2025-02-07
PO003283,S018,P0041,W006,2025-04-14,34,2025-04-18,2025-04-18
PO003284,S011,P0038,W003,2025-03-15,70,2025-03-20,2025-03-20
PO003285,S022,P0086,W005,2025-07-10,126,2025-07-14,2025-07-14
PO003286,S012,P0078,W007,2025-11-20,741,2025-11-27,2025-11-27
PO003287,S018,P0079,W004,2025-05-27,488,2025-05-31,2025-06-01
PO003288,S002,P0055,W006,2025-09-12,221,2025-09-25,2025-09-28
PO003289,S023,P0068,W007,2025-10-11,808,2025-10-23,2025-10-23
PO003290,S001,P0018,W008,2025-08-01,237,2025-08-14,2025-08-17
PO003291,S023,P0065,W001,2025-05-03,60,2025-05-15,2025-05-15
PO003292,S010,P0064,W008,2025-07-25,907,2025-08-05,2025-08-08
PO003293,S021,P0012,W005,2025-08-28,790,2025-09-11,2025-09-11
PO003294,S001,P0041,W007,2025-12-05,404,2025-12-18,2025-12-21
PO003295,S006,P0042,W007,2025-10-13,936,2025-10-18,2025-10-19
PO003296,S007,P0060,W008,2025-01-22,734,2025-02-05,2025-02-05
PO003297,S017,P0050,W001,2025-09-16,355,2025-09-25,2025-09-25
PO003298,S009,P0081,W008,2025-12-23,630,2025-12-29,2026-01-05
PO003299,S007,P0083,W008,2025-04-15,680,2025-04-29,2025-05-01
PO003300,S017,P0036,W003,2025-09-15,124,2025-09-24,2025-09-24
PO003301,S003,P0048,W007,2025-07-23,222,2025-08-04,2025-08-04
PO003302,S016,P0071,W003,2025-11-06,529,2025-11-17,2025-11-19
PO003303,S005,P0073,W004,2025-09-19,114,2025-10-03,2025-10-10
PO003304,S020,P0008,W004,2025-04-17,196,2025-04-28,2025-04-28
PO003305,S018,P0025,W002,2025-09-08,84,2025-09-12,2025-09-17
PO003306,S001,P0007,W002,2025-08-09,572,2025-08-22,2025-08-22
PO003307,S004,P0008,W004,2025-08-10,243,2025-08-24,2025-08-29
PO003308,S023,P0088,W006,2025-09-15,598,2025-09-27,2025-09-28
PO003309,S011,P0081,W008,2025-07-20,399,2025-07-25,2025-07-25
PO003310,S020,P0076,W003,2025-09-15,274,2025-09-26,2025-09-26
PO003311,S009,P0031,W001,2025-12-15,317,2025-12-21,2025-12-21
PO003312,S008,P0012,W007,2025-08-13,600,2025-08-22,2025-08-22
PO003313,S008,P0057,W008,2025-07-21,972,2025-07-30,2025-08-04
PO003314,S005,P0066,W007,2025-08-14,190,2025-08-28,2025-08-30
PO003315,S012,P0012,W004,2025-08-24,632,2025-08-31,2025-08-31
PO003316,S001,P0027,W008,2025-07-02,671,2025-07-15,2025-07-20
PO003317,S015,P0046,W006,2025-07-19,737,2025-07-26,2025-07-26
PO003318,S025,P0007,W008,2025-12-23,851,2026-01-04,2026-01-07
PO003319,S018,P0061,W001,2025-09-03,383,2025-09-07,2025-09-10
PO003320,S006,P0058,W002,2025-12-19,838,2025-12-24,2025-12-29
PO003321,S010,P0058,W001,2025-04-21,92,2025-05-02,2025-05-02
PO003322,S014,P0013,W004,2025-01-06,79,2025-01-15,2025-01-15
PO003323,S021,P0053,W003,2025-08-24,474,2025-09-07,2025-09-07
PO003324,S008,P0100,W008,2025-05-07,355,2025-05-16,2025-05-16
PO003325,S003,P0065,W004,2025-04-14,687,2025-04-26,2025-04-26
PO003326,S022,P0049,W007,2025-08-25,143,2025-08-29,2025-09-01
PO003327,S022,P0035,W007,2025-06-04,474,2025-06-08,2025-06-08
PO003328,S019,P0094,W005,2025-09-14,33,2025-09-20,2025-09-20
PO003329,S012,P0095,W006,2025-08-23,435,2025-08-30,2025-08-30
PO003330,S012,P0017,W006,2025-10-16,795,2025-10-23,2025-10-23
PO003331,S015,P0072,W006,2025-02-09,46,2025-02-16,2025-02-17
PO003332,S007,P0067,W005,2025-10-15,776,2025-10-29,2025-10-29
PO003333,S004,P0010,W005,2025-07-16,69,2025-07-30,2025-07-30
PO003334,S021,P0034,W003,2025-09-30,206,2025-10-14,2025-10-14
PO003335,S009,P0086,W006,2025-09-21,76,2025-09-27,2025-09-27
PO003336,S022,P0004,W004,2025-02-26,790,2025-03-02,2025-03-02
PO003337,S016,P0096,W005,2025-10-25,686,2025-11-05,2025-11-08
PO003338,S013,P0029,W004,2025-04-08,53,2025-04-13,2025-04-16
PO003339,S004,P0046,W002,2025-05-17,557,2025-05-31,2025-05-31
PO003340,S024,P0075,W006,2025-03-28,781,2025-04-08,2025-04-08
PO003341,S009,P0046,W005,2025-08-30,955,2025-09-05,2025-09-10
PO003342,S021,P0077,W005,2025-07-18,390,2025-08-01,2025-08-01
PO003343,S018,P0059,W003,2025-11-06,105,2025-11-10,2025-11-10
PO003344,S015,P0061,W004,2025-03-25,179,2025-04-01,2025-04-01
PO003345,S015,P0068,W003,2025-08-30,444,2025-09-06,2025-09-08
PO003346,S006,P0066,W003,2025-10-08,917,2025-10-13,2025-10-18
PO003347,S011,P0034,W004,2025-11-19,898,2025-11-24,2025-11-24
PO003348,S008,P0086,W002,2025-09-09,731,2025-09-18,2025-09-18
PO003349,S021,P0005,W004,2025-07-09,125,2025-07-23,2025-07-24
PO003350,S017,P0009,W002,2025-06-01,410,2025-06-10,2025-06-17
PO003351,S024,P0020,W003,2025-10-29,531,2025-11-09,2025-11-12
PO003352,S025,P0021,W002,2025-10-05,294,2025-10-17,2025-10-18
PO003353,S017,P0017,W006,2025-05-19,308,2025-05-28,2025-05-31
PO003354,S024,P0012,W002,2025-06-25,277,2025-07-06,2025-07-06
PO003355,S018,P0092,W008,2025-01-08,982,2025-01-12,2025-01-12
PO003356,S004,P0082,W002,2025-10-22,239,2025-11-05,2025-11-05
PO003357,S015,P0067,W008,2025-08-23,993,2025-08-30,2025-08-30
PO003358,S002,P0005,W005,2025-06-12,546,2025-06-25,2025-06-25
PO003359,S002,P0060,W005,2025-02-18,552,2025-03-03,2025-03-06
PO003360,S010,P0053,W007,2025-10-29,865,2025-11-09,2025-11-09
PO003361,S003,P0052,W003,2025-02-07,78,2025-02-19,2025-02-20
PO003362,S008,P0078,W004,2025-05-16,379,2025-05-25,2025-05-25
PO003363,S020,P0048,W002,2025-11-06,613,2025-11-17,2025-11-18
PO003364,S007,P0090,W006,2025-08-07,649,2025-08-21,2025-08-21
PO003365,S012,P0019,W005,2025-12-14,132,2025-12-21,2025-12-22
PO003366,S019,P0017,W004,2025-10-23,826,2025-10-29,2025-10-29
PO003367,S015,P0054,W006,2025-02-03,295,2025-02-10,2025-02-10
PO003368,S014,P0068,W002,2025-12-18,276,2025-12-27,2025-12-27
PO003369,S016,P0035,W004,2025-03-20,348,2025-03-31,2025-03-31
PO003370,S014,P0088,W007,2025-08-24,796,2025-09-02,2025-09-02
PO003371,S003,P0041,W008,2025-09-30,254,2025-10-12,2025-10-12
PO003372,S018,P0013,W008,2025-06-10,70,2025-06-14,2025-06-14
PO003373,S022,P0033,W006,2025-06-24,697,2025-06-28,2025-06-29
PO003374,S006,P0015,W001,2025-11-04,762,2025-11-09,2025-11-10
PO003375,S017,P0063,W006,2025-08-09,240,2025-08-18,2025-08-23
PO003376,S023,P0015,W006,2025-01-09,802,2025-01-21,2025-01-21
PO003377,S014,P0031,W002,2025-10-16,615,2025-10-25,2025-10-25
PO003378,S014,P0028,W008,2025-04-23,249,2025-05-02,2025-05-04
PO003379,S020,P0010,W004,2025-07-24,828,2025-08-04,2025-08-04
PO003380,S013,P0057,W002,2025-07-05,241,2025-07-10,2025-07-10
PO003381,S003,P0071,W002,2025-12-07,962,2025-12-19,2025-12-20
PO003382,S013,P0033,W001,2025-07-16,685,2025-07-21,2025-07-21
PO003383,S024,P0007,W007,2025-09-23,73,2025-10-04,2025-10-04
PO003384,S002,P0005,W006,2025-09-19,650,2025-10-02,2025-10-04
PO003385,S009,P0090,W004,2025-09-05,729,2025-09-11,2025-09-13
PO003386,S013,P0080,W007,2025-04-25,954,2025-04-30,2025-05-02
PO003387,S008,P0057,W003,2025-05-01,292,2025-05-10,2025-05-10
PO003388,S016,P0072,W005,2025-05-21,217,2025-06-01,2025-06-04
PO003389,S024,P0086,W007,2025-03-06,147,2025-03-17,2025-03-18
PO003390,S003,P0098,W002,2025-10-03,623,2025-10-15,2025-10-18
PO003391,S013,P0040,W002,2025-11-09,28,2025-11-14,2025-11-15
PO003392,S004,P0028,W008,2025-08-27,246,2025-09-10,2025-09-10
PO003393,S018,P0036,W002,2025-10-29,577,2025-11-02,2025-11-02
PO003394,S002,P0056,W002,2025-01-10,153,2025-01-23,2025-01-24
PO003395,S020,P0047,W005,2025-08-21,983,2025-09-01,2025-09-02
PO003396,S022,P0071,W003,2025-07-14,35,2025-07-18,2025-07-18
PO003397,S021,P0040,W001,2025-01-12,234,2025-01-26,2025-01-27
PO003398,S015,P0059,W003,2025-06-26,131,2025-07-03,2025-07-03
PO003399,S017,P0043,W005,2025-06-26,874,2025-07-05,2025-07-05
PO003400,S010,P0092,W004,2025-08-05,176,2025-08-16,2025-08-16
PO003401,S001,P0066,W001,2025-01-11,444,2025-01-24,2025-01-24
PO003402,S006,P0009,W001,2025-04-28,471,2025-05-03,2025-05-03
PO003403,S003,P0006,W004,2025-06-13,337,2025-06-25,2025-06-27
PO003404,S019,P0065,W006,2025-02-08,379,2025-02-14,2025-02-14
PO003405,S007,P0003,W002,2025-02-22,395,2025-03-08,2025-03-08
PO003406,S013,P0074,W008,2025-08-06,955,2025-08-11,2025-08-18
PO003407,S013,P0037,W008,2025-07-25,977,2025-07-30,2025-07-30
PO003408,S017,P0087,W005,2025-11-08,939,2025-11-17,2025-11-18
PO003409,S001,P0033,W004,2025-12-26,921,2026-01-08,2026-01-13
PO003410,S014,P0009,W008,2025-02-25,315,2025-03-06,2025-03-06
PO003411,S003,P0053,W003,2025-04-28,217,2025-05-10,2025-05-12
PO003412,S014,P0077,W003,2025-09-10,589,2025-09-19,2025-09-26
PO003413,S024,P0092,W006,2025-10-13,417,2025-10-24,2025-10-27
PO003414,S001,P0051,W004,2025-09-25,609,2025-10-08,2025-10-08
PO003415,S016,P0071,W005,2025-10-18,261,2025-10-29,2025-10-29
PO003416,S010,P0026,W006,2025-11-29,448,2025-12-10,2025-12-10
PO003417,S013,P0016,W006,2025-06-29,898,2025-07-04,2025-07-07
PO003418,S004,P0040,W006,2025-12-24,630,2026-01-07,2026-01-10
PO003419,S009,P0090,W008,2025-08-23,25,2025-08-29,2025-09-01
PO003420,S014,P0051,W008,2025-12-09,810,2025-12-18,2025-12-18
PO003421,S004,P0039,W001,2025-07-15,337,2025-07-29,2025-07-29
PO003422,S010,P0055,W001,2025-11-04,231,2025-11-15,2025-11-15
PO003423,S008,P0096,W002,2025-03-21,292,2025-03-30,2025-03-30
PO003424,S023,P0036,W008,2025-05-15,103,2025-05-27,2025-05-29
PO003425,S003,P0065,W005,2025-01-22,643,2025-02-03,2025-02-03
PO003426,S023,P0085,W003,2025-11-27,729,2025-12-09,2025-12-09
PO003427,S007,P0077,W003,2025-08-13,379,2025-08-27,2025-08-30
PO003428,S010,P0090,W002,2025-02-27,400,2025-03-10,2025-03-10
PO003429,S003,P0045,W003,2025-04-03,559,2025-04-15,2025-04-20
PO003430,S002,P0009,W006,2025-07-11,160,2025-07-24,2025-07-24
PO003431,S015,P0037,W008,2025-04-13,944,2025-04-20,2025-04-25
PO003432,S009,P0087,W002,2025-01-07,529,2025-01-13,2025-01-13
PO003433,S015,P0001,W002,2025-05-08,192,2025-05-15,2025-05-15
PO003434,S017,P0066,W004,2025-02-24,39,2025-03-05,2025-03-06
PO003435,S007,P0063,W001,2025-08-19,973,2025-09-02,2025-09-05
PO003436,S020,P0043,W005,2025-12-28,996,2026-01-08,2026-01-08
PO003437,S018,P0028,W005,2025-03-03,648,2025-03-07,2025-03-08
PO003438,S015,P0100,W001,2025-08-28,522,2025-09-04,2025-09-11
PO003439,S018,P0031,W006,2025-03-31,585,2025-04-04,2025-04-04
PO003440,S024,P0069,W005,2025-08-20,246,2025-08-31,2025-09-02
PO003441,S023,P0089,W003,2025-08-21,128,2025-09-02,2025-09-02
PO003442,S012,P0008,W003,2025-12-20,762,2025-12-27,2025-12-27
PO003443,S023,P0034,W005,2025-11-29,339,2025-12-11,2025-12-11
PO003444,S021,P0049,W007,2025-10-19,327,2025-11-02,2025-11-02
PO003445,S008,P0096,W007,2025-12-11,760,2025-12-20,2025-12-20
PO003446,S002,P0058,W008,2025-06-01,830,2025-06-14,2025-06-14
PO003447,S002,P0075,W004,2025-05-25,106,2025-06-07,2025-06-07
PO003448,S005,P0047,W005,2025-05-10,805,2025-05-24,2025-05-24
PO003449,S001,P0025,W002,2025-05-21,247,2025-06-03,2025-06-03
PO003450,S022,P0003,W006,2025-04-03,871,2025-04-07,2025-04-07
PO003451,S004,P0045,W008,2025-04-24,329,2025-05-08,2025-05-08
PO003452,S006,P0052,W008,2025-10-11,847,2025-10-16,2025-10-21
PO003453,S023,P0096,W002,2025-05-23,398,2025-06-04,2025-06-04
PO003454,S013,P0099,W001,2025-08-11,602,2025-08-16,2025-08-16
PO003455,S019,P0096,W006,2025-08-20,759,2025-08-26,2025-08-26
PO003456,S011,P0034,W006,2025-02-02,404,2025-02-07,2025-02-08
PO003457,S013,P0069,W003,2025-10-03,132,2025-10-08,2025-10-08
PO003458,S008,P0092,W006,2025-06-19,312,2025-06-28,2025-06-28
PO003459,S007,P0092,W004,2025-05-20,324,2025-06-03,2025-06-05
PO003460,S013,P0008,W005,2025-12-23,310,2025-12-28,2025-12-28
PO003461,S001,P0027,W002,2025-07-20,124,2025-08-02,2025-08-02
PO003462,S006,P0080,W003,2025-01-23,982,2025-01-28,2025-02-02
PO003463,S007,P0063,W008,2025-08-12,310,2025-08-26,2025-08-26
PO003464,S016,P0082,W008,2025-09-27,496,2025-10-08,2025-10-08
PO003465,S015,P0025,W007,2025-12-13,540,2025-12-20,2025-12-20
PO003466,S020,P0058,W008,2025-06-02,696,2025-06-13,2025-06-13
PO003467,S002,P0048,W003,2025-11-29,79,2025-12-12,2025-12-12
PO003468,S025,P0001,W004,2025-03-26,331,2025-04-07,2025-04-07
PO003469,S023,P0008,W004,2025-04-19,125,2025-05-01,2025-05-01
PO003470,S016,P0021,W004,2025-01-31,642,2025-02-11,2025-02-11
PO003471,S017,P0098,W004,2025-08-17,108,2025-08-26,2025-08-31
PO003472,S024,P0088,W007,2025-08-28,287,2025-09-08,2025-09-10
PO003473,S015,P0090,W002,2025-12-29,761,2026-01-05,2026-01-05
PO003474,S003,P0078,W004,2025-11-06,858,2025-11-18,2025-11-18
PO003475,S004,P0029,W003,2025-05-21,602,2025-06-04,2025-06-04
PO003476,S012,P0030,W003,2025-06-05,138,2025-06-12,2025-06-12
PO003477,S005,P0003,W007,2025-10-26,919,2025-11-09,2025-11-16
PO003478,S017,P0007,W006,2025-12-11,464,2025-12-20,2025-12-27
PO003479,S006,P0100,W005,2025-04-09,448,2025-04-14,2025-04-14
PO003480,S010,P0011,W003,2025-02-16,370,2025-02-27,2025-02-27
PO003481,S022,P0032,W003,2025-11-23,965,2025-11-27,2025-12-02
PO003482,S018,P0059,W007,2025-03-08,325,2025-03-12,2025-03-14
PO003483,S010,P0012,W002,2025-03-03,634,2025-03-14,2025-03-14
PO003484,S006,P0079,W008,2025-04-19,221,2025-04-24,2025-04-24
PO003485,S024,P0038,W006,2025-06-16,963,2025-06-27,2025-06-27
PO003486,S006,P0024,W003,2025-02-06,42,2025-02-11,2025-02-16
PO003487,S020,P0065,W001,2025-04-29,109,2025-05-10,2025-05-10
PO003488,S015,P0018,W003,2025-03-27,490,2025-04-03,2025-04-05
PO003489,S004,P0046,W008,2025-02-21,112,2025-03-07,2025-03-07
PO003490,S025,P0056,W005,2025-04-01,795,2025-04-13,2025-04-18
PO003491,S016,P0063,W005,2025-10-16,998,2025-10-27,2025-10-27
PO003492,S022,P0007,W006,2025-12-03,304,2025-12-07,2025-12-07
PO003493,S024,P0066,W006,2025-10-25,702,2025-11-05,2025-11-05
PO003494,S008,P0040,W004,2025-07-23,328,2025-08-01,2025-08-01
PO003495,S007,P0054,W002,2025-08-26,921,2025-09-09,2025-09-09
PO003496,S019,P0031,W008,2025-06-04,752,2025-06-10,2025-06-10
PO003497,S017,P0097,W005,2025-08-28,555,2025-09-06,2025-09-06
PO003498,S021,P0052,W001,2025-05-16,395,2025-05-30,2025-05-30
PO003499,S013,P0094,W001,2025-12-28,733,2026-01-02,2026-01-02
PO003500,S015,P0031,W004,2025-03-05,518,2025-03-12,2025-03-12
PO003501,S002,P0034,W002,2025-05-03,655,2025-05-16,2025-05-16
PO003502,S010,P0007,W002,2025-09-11,161,2025-09-22,2025-09-22
PO003503,S013,P0089,W006,2025-04-24,71,2025-04-29,2025-04-29
PO003504,S018,P0016,W003,2025-01-20,89,2025-01-24,2025-01-24
PO003505,S023,P0022,W001,2025-01-16,279,2025-01-28,2025-01-28
PO003506,S011,P0100,W001,2025-05-25,717,2025-05-30,2025-05-30
PO003507,S013,P0053,W007,2025-07-27,903,2025-08-01,2025-08-01
PO003508,S019,P0091,W001,2025-01-19,738,2025-01-25,2025-01-26
PO003509,S024,P0017,W001,2025-06-15,312,2025-06-26,2025-06-26
PO003510,S025,P0004,W007,2025-02-07,835,2025-02-19,2025-02-19
PO003511,S024,P0061,W005,2025-06-30,397,2025-07-11,2025-07-13
PO003512,S022,P0099,W002,2025-12-15,58,2025-12-19,2025-12-19
PO003513,S005,P0086,W003,2025-04-15,367,2025-04-29,2025-04-29
PO003514,S003,P0052,W005,2025-04-10,597,2025-04-22,2025-04-22
PO003515,S019,P0035,W002,2025-03-31,544,2025-04-06,2025-04-07
PO003516,S023,P0044,W004,2025-10-27,725,2025-11-08,2025-11-09
PO003517,S013,P0015,W001,2025-11-28,847,2025-12-03,2025-12-05
PO003518,S005,P0061,W003,2025-03-20,525,2025-04-03,2025-04-06
PO003519,S012,P0044,W002,2025-03-14,401,2025-03-21,2025-03-23
PO003520,S014,P0021,W008,2025-06-25,444,2025-07-04,2025-07-07
PO003521,S006,P0077,W004,2025-04-06,819,2025-04-11,2025-04-11
PO003522,S022,P0047,W001,2025-12-11,455,2025-12-15,2025-12-15
PO003523,S009,P0075,W004,2025-04-13,664,2025-04-19,2025-04-24
PO003524,S017,P0049,W007,2025-08-12,726,2025-08-21,2025-08-26
PO003525,S008,P0053,W004,2025-01-06,341,2025-01-15,2025-01-15
PO003526,S013,P0027,W005,2025-05-02,609,2025-05-07,2025-05-07
PO003527,S005,P0031,W004,2025-08-24,269,2025-09-07,2025-09-10
PO003528,S022,P0044,W005,2025-04-26,763,2025-04-30,2025-04-30
PO003529,S022,P0032,W008,2025-06-12,199,2025-06-16,2025-06-16
PO003530,S017,P0030,W006,2025-08-14,913,2025-08-23,2025-08-23
PO003531,S003,P0018,W005,2025-08-18,708,2025-08-30,2025-08-30
PO003532,S006,P0063,W007,2025-07-01,48,2025-07-06,2025-07-06
PO003533,S014,P0016,W007,2025-09-06,515,2025-09-15,2025-09-17
PO003534,S015,P0035,W004,2025-11-14,697,2025-11-21,2025-11-21
PO003535,S014,P0062,W002,2025-07-29,345,2025-08-07,2025-08-12
PO003536,S011,P0009,W004,2025-05-24,757,2025-05-29,2025-06-03
PO003537,S011,P0062,W004,2025-12-11,667,2025-12-16,2025-12-18
PO003538,S009,P0039,W002,2025-04-06,206,2025-04-12,2025-04-19
PO003539,S006,P0051,W001,2025-12-12,74,2025-12-17,2025-12-17
PO003540,S015,P0010,W003,2025-09-01,897,2025-09-08,2025-09-08
PO003541,S012,P0052,W006,2025-03-27,533,2025-04-03,2025-04-06
PO003542,S006,P0012,W008,2025-07-03,429,2025-07-08,2025-07-08
PO003543,S001,P0072,W001,2025-05-01,850,2025-05-14,2025-05-14
PO003544,S025,P0062,W004,2025-11-28,36,2025-12-10,2025-12-10
PO003545,S016,P0003,W001,2025-04-02,590,2025-04-13,2025-04-14
PO003546,S020,P0083,W003,2025-03-11,107,2025-03-22,2025-03-24
PO003547,S015,P0011,W007,2025-05-13,242,2025-05-20,2025-05-21
PO003548,S002,P0008,W001,2025-10-06,803,2025-10-19,2025-10-20
PO003549,S017,P0090,W003,2025-05-17,77,2025-05-26,2025-05-27
PO003550,S003,P0023,W008,2025-11-10,723,2025-11-22,2025-11-22
PO003551,S003,P0010,W001,2025-07-06,581,2025-07-18,2025-07-18
PO003552,S005,P0018,W008,2025-08-09,744,2025-08-23,2025-08-25
PO003553,S017,P0076,W005,2025-02-15,249,2025-02-24,2025-02-24
PO003554,S023,P0039,W004,2025-10-05,173,2025-10-17,2025-10-24
PO003555,S017,P0026,W003,2025-07-11,292,2025-07-20,2025-07-22
PO003556,S020,P0011,W006,2025-01-08,901,2025-01-19,2025-01-20
PO003557,S006,P0010,W004,2025-10-03,65,2025-10-08,2025-10-15
PO003558,S001,P0003,W005,2025-06-28,893,2025-07-11,2025-07-11
PO003559,S007,P0062,W007,2025-11-30,914,2025-12-14,2025-12-14
PO003560,S015,P0071,W001,2025-02-08,471,2025-02-15,2025-02-15
PO003561,S007,P0061,W004,2025-10-20,325,2025-11-03,2025-11-03
PO003562,S019,P0004,W001,2025-06-27,446,2025-07-03,2025-07-03
PO003563,S020,P0061,W001,2025-06-11,137,2025-06-22,2025-06-22
PO003564,S022,P0008,W004,2025-11-27,707,2025-12-01,2025-12-03
PO003565,S011,P0013,W003,2025-04-14,599,2025-04-19,2025-04-19
PO003566,S023,P0012,W003,2025-06-10,270,2025-06-22,2025-06-22
PO003567,S014,P0035,W004,2025-10-14,422,2025-10-23,2025-10-23
PO003568,S013,P0054,W003,2025-05-03,761,2025-05-08,2025-05-08
PO003569,S020,P0051,W002,2025-02-23,940,2025-03-06,2025-03-06
PO003570,S025,P0043,W001,2025-02-03,219,2025-02-15,2025-02-15
PO003571,S009,P0100,W004,2025-08-30,165,2025-09-05,2025-09-07
PO003572,S009,P0066,W006,2025-04-23,70,2025-04-29,2025-04-29
PO003573,S016,P0015,W005,2025-11-14,933,2025-11-25,2025-11-25
PO003574,S012,P0049,W008,2025-01-23,387,2025-01-30,2025-01-30
PO003575,S010,P0034,W007,2025-02-15,717,2025-02-26,2025-02-26
PO003576,S006,P0039,W004,2025-11-08,339,2025-11-13,2025-11-15
PO003577,S018,P0026,W004,2025-05-15,218,2025-05-19,2025-05-26
PO003578,S002,P0069,W001,2025-04-28,460,2025-05-11,2025-05-12
PO003579,S020,P0048,W005,2025-07-08,164,2025-07-19,2025-07-19
PO003580,S009,P0089,W001,2025-05-11,78,2025-05-17,2025-05-17
PO003581,S019,P0051,W006,2025-07-31,726,2025-08-06,2025-08-06
PO003582,S006,P0098,W007,2025-04-23,162,2025-04-28,2025-04-28
PO003583,S002,P0004,W008,2025-02-13,242,2025-02-26,2025-02-26
PO003584,S015,P0098,W008,2025-05-08,119,2025-05-15,2025-05-16
PO003585,S017,P0027,W003,2025-12-30,45,2026-01-08,2026-01-08
PO003586,S016,P0042,W004,2025-06-07,451,2025-06-18,2025-06-18
PO003587,S021,P0056,W001,2025-09-30,545,2025-10-14,2025-10-14
PO003588,S008,P0093,W008,2025-11-11,141,2025-11-20,2025-11-22
PO003589,S010,P0069,W007,2025-12-21,484,2026-01-01,2026-01-01
PO003590,S010,P0018,W006,2025-12-06,284,2025-12-17,2025-12-17
PO003591,S018,P0061,W006,2025-02-14,26,2025-02-18,2025-02-18
PO003592,S010,P0004,W007,2025-04-18,750,2025-04-29,2025-04-29
PO003593,S009,P0001,W008,2025-08-07,239,2025-08-13,2025-08-13
PO003594,S024,P0050,W008,2025-11-14,714,2025-11-25,2025-11-25
PO003595,S019,P0084,W002,2025-11-11,415,2025-11-17,2025-11-17
PO003596,S001,P0070,W004,2025-06-26,932,2025-07-09,2025-07-09
PO003597,S004,P0020,W006,2025-08-16,476,2025-08-30,2025-08-30
PO003598,S024,P0020,W007,2025-07-10,127,2025-07-21,2025-07-23
PO003599,S003,P0046,W003,2025-06-09,511,2025-06-21,2025-06-21
PO003600,S010,P0027,W008,2025-09-24,923,2025-10-05,2025-10-05
PO003601,S012,P0026,W001,2025-12-24,878,2025-12-31,2025-12-31
PO003602,S018,P0032,W001,2025-11-22,655,2025-11-26,2025-11-27
PO003603,S023,P0010,W002,2025-07-09,701,2025-07-21,2025-07-21
PO003604,S020,P0082,W003,2025-06-24,479,2025-07-05,2025-07-05
PO003605,S006,P0012,W006,2025-10-17,952,2025-10-22,2025-10-24
PO003606,S021,P0074,W007,2025-12-23,935,2026-01-06,2026-01-06
PO003607,S002,P0088,W002,2025-05-25,788,2025-06-07,2025-06-07
PO003608,S010,P0024,W006,2025-08-20,28,2025-08-31,2025-08-31
PO003609,S002,P0051,W006,2025-12-26,386,2026-01-08,2026-01-08
PO003610,S009,P0038,W004,2025-07-23,811,2025-07-29,2025-08-05
PO003611,S010,P0046,W005,2025-08-01,144,2025-08-12,2025-08-12
PO003612,S002,P0089,W007,2025-02-09,181,2025-02-22,2025-02-22
PO003613,S008,P0008,W006,2025-10-02,55,2025-10-11,2025-10-18
PO003614,S024,P0055,W001,2025-11-19,23,2025-11-30,2025-12-01
PO003615,S017,P0078,W006,2025-03-23,432,2025-04-01,2025-04-01
PO003616,S017,P0031,W002,2025-06-30,106,2025-07-09,2025-07-10
PO003617,S004,P0088,W007,2025-11-16,502,2025-11-30,2025-12-01
PO003618,S018,P0016,W008,2025-03-24,931,2025-03-28,2025-03-30
PO003619,S012,P0020,W006,2025-10-30,795,2025-11-06,2025-11-06
PO003620,S017,P0038,W007,2025-09-19,622,2025-09-28,2025-09-28
PO003621,S009,P0015,W008,2025-09-29,826,2025-10-05,2025-10-05
PO003622,S019,P0078,W008,2025-07-19,77,2025-07-25,2025-07-25
PO003623,S014,P0076,W001,2025-08-28,159,2025-09-06,2025-09-06
PO003624,S014,P0034,W001,2025-06-29,191,2025-07-08,2025-07-08
PO003625,S017,P0072,W002,2025-06-20,279,2025-06-29,2025-06-29
PO003626,S002,P0019,W001,2025-10-22,514,2025-11-04,2025-11-04
PO003627,S008,P0069,W003,2025-06-26,44,2025-07-05,2025-07-05
PO003628,S005,P0091,W003,2025-08-25,217,2025-09-08,2025-09-08
PO003629,S007,P0063,W005,2025-05-18,598,2025-06-01,2025-06-04
PO003630,S022,P0077,W007,2025-11-23,442,2025-11-27,2025-11-29
PO003631,S016,P0032,W003,2025-11-07,137,2025-11-18,2025-11-25
PO003632,S016,P0095,W002,2025-05-09,811,2025-05-20,2025-05-20
PO003633,S017,P0037,W006,2025-02-18,25,2025-02-27,2025-02-28
PO003634,S022,P0066,W003,2025-06-13,116,2025-06-17,2025-06-20
PO003635,S007,P0007,W005,2025-10-04,91,2025-10-18,2025-10-21
PO003636,S020,P0048,W007,2025-10-20,948,2025-10-31,2025-11-01
PO003637,S008,P0011,W004,2025-04-26,451,2025-05-05,2025-05-05
PO003638,S008,P0075,W004,2025-01-24,982,2025-02-02,2025-02-02
PO003639,S023,P0087,W008,2025-11-07,399,2025-11-19,2025-11-22
PO003640,S011,P0031,W002,2025-01-25,789,2025-01-30,2025-02-01
PO003641,S015,P0044,W005,2025-05-07,569,2025-05-14,2025-05-17
PO003642,S018,P0045,W003,2025-08-22,827,2025-08-26,2025-08-26
PO003643,S006,P0072,W005,2025-07-28,75,2025-08-02,2025-08-02
PO003644,S022,P0056,W001,2025-04-03,634,2025-04-07,2025-04-07
PO003645,S012,P0032,W005,2025-04-04,122,2025-04-11,2025-04-14
PO003646,S015,P0021,W008,2025-11-23,235,2025-11-30,2025-12-03
PO003647,S023,P0031,W003,2025-08-13,40,2025-08-25,2025-08-25
PO003648,S006,P0001,W002,2025-10-07,646,2025-10-12,2025-10-13
PO003649,S018,P0077,W001,2025-01-11,229,2025-01-15,2025-01-15
PO003650,S024,P0011,W005,2025-11-25,310,2025-12-06,2025-12-06
PO003651,S020,P0093,W004,2025-01-12,734,2025-01-23,2025-01-23
PO003652,S009,P0068,W008,2025-02-04,990,2025-02-10,2025-02-12
PO003653,S008,P0036,W003,2025-08-16,854,2025-08-25,2025-08-28
PO003654,S014,P0079,W002,2025-08-08,207,2025-08-17,2025-08-17
PO003655,S019,P0059,W006,2025-05-21,170,2025-05-27,2025-05-27
PO003656,S019,P0067,W008,2025-01-23,980,2025-01-29,2025-01-29
PO003657,S008,P0056,W003,2025-03-24,210,2025-04-02,2025-04-02
PO003658,S002,P0051,W005,2025-08-17,426,2025-08-30,2025-09-06
PO003659,S025,P0029,W007,2025-12-10,233,2025-12-22,2025-12-25
PO003660,S004,P0085,W002,2025-03-21,910,2025-04-04,2025-04-04
PO003661,S006,P0002,W004,2025-12-19,573,2025-12-24,2025-12-24
PO003662,S003,P0006,W001,2025-10-17,497,2025-10-29,2025-10-29
PO003663,S003,P0031,W005,2025-11-27,979,2025-12-09,2025-12-09
PO003664,S019,P0054,W002,2025-06-08,213,2025-06-14,2025-06-15
PO003665,S011,P0088,W001,2025-05-08,269,2025-05-13,2025-05-13
PO003666,S010,P0040,W007,2025-07-09,612,2025-07-20,2025-07-23
PO003667,S012,P0017,W002,2025-01-31,60,2025-02-07,2025-02-07
PO003668,S014,P0005,W006,2025-12-25,389,2026-01-03,2026-01-10
PO003669,S018,P0002,W005,2025-01-15,39,2025-01-19,2025-01-19
PO003670,S024,P0058,W002,2025-11-09,28,2025-11-20,2025-11-23
PO003671,S009,P0012,W004,2025-03-16,844,2025-03-22,2025-03-24
PO003672,S015,P0005,W007,2025-02-03,655,2025-02-10,2025-02-10
PO003673,S024,P0060,W002,2025-12-25,222,2026-01-05,2026-01-05
PO003674,S003,P0041,W008,2025-07-15,932,2025-07-27,2025-07-30
PO003675,S023,P0020,W005,2025-11-27,609,2025-12-09,2025-12-09
PO003676,S011,P0072,W002,2025-01-29,741,2025-02-03,2025-02-03
PO003677,S010,P0001,W008,2025-07-13,37,2025-07-24,2025-07-29
PO003678,S018,P0056,W001,2025-01-16,767,2025-01-20,2025-01-20
PO003679,S004,P0070,W008,2025-03-18,338,2025-04-01,2025-04-01
PO003680,S013,P0056,W001,2025-10-20,731,2025-10-25,2025-10-26
PO003681,S006,P0054,W007,2025-03-22,880,2025-03-27,2025-03-27
PO003682,S021,P0011,W006,2025-05-04,987,2025-05-18,2025-05-18
PO003683,S013,P0003,W003,2025-01-19,301,2025-01-24,2025-01-24
PO003684,S025,P0095,W007,2025-04-12,495,2025-04-24,2025-04-25
PO003685,S020,P0028,W006,2025-03-18,987,2025-03-29,2025-03-29
PO003686,S005,P0005,W007,2025-08-17,271,2025-08-31,2025-09-01
PO003687,S020,P0090,W003,2025-10-24,359,2025-11-04,2025-11-04
PO003688,S014,P0016,W004,2025-07-22,770,2025-07-31,2025-08-03
PO003689,S013,P0031,W001,2025-03-02,987,2025-03-07,2025-03-07
PO003690,S014,P0028,W003,2025-01-26,481,2025-02-04,2025-02-11
PO003691,S008,P0007,W002,2025-03-12,800,2025-03-21,2025-03-21
PO003692,S016,P0009,W004,2025-04-13,650,2025-04-24,2025-04-24
PO003693,S013,P0039,W005,2025-11-22,420,2025-11-27,2025-11-27
PO003694,S024,P0099,W003,2025-12-29,390,2026-01-09,2026-01-09
PO003695,S015,P0043,W007,2025-06-06,301,2025-06-13,2025-06-13
PO003696,S019,P0027,W006,2025-12-29,409,2026-01-04,2026-01-05
PO003697,S001,P0076,W003,2025-12-25,356,2026-01-07,2026-01-10
PO003698,S022,P0089,W006,2025-07-13,919,2025-07-17,2025-07-17
PO003699,S002,P0093,W007,2025-10-02,364,2025-10-15,2025-10-15
PO003700,S018,P0095,W007,2025-11-20,538,2025-11-24,2025-11-27
PO003701,S019,P0098,W006,2025-07-05,292,2025-07-11,2025-07-11
PO003702,S008,P0033,W001,2025-11-22,272,2025-12-01,2025-12-01
PO003703,S003,P0091,W004,2025-04-23,873,2025-05-05,2025-05-05
PO003704,S023,P0056,W006,2025-11-09,659,2025-11-21,2025-11-21
PO003705,S014,P0002,W001,2025-06-14,393,2025-06-23,2025-06-23
PO003706,S009,P0014,W001,2025-03-02,623,2025-03-08,2025-03-09
PO003707,S008,P0013,W006,2025-04-02,837,2025-04-11,2025-04-11
PO003708,S017,P0024,W004,2025-10-13,915,2025-10-22,2025-10-24
PO003709,S023,P0069,W002,2025-06-02,25,2025-06-14,2025-06-14
PO003710,S023,P0034,W007,2025-08-13,433,2025-08-25,2025-08-25
PO003711,S024,P0087,W003,2025-05-07,605,2025-05-18,2025-05-18
PO003712,S016,P0019,W001,2025-07-12,517,2025-07-23,2025-07-28
PO003713,S010,P0030,W003,2025-04-25,75,2025-05-06,2025-05-06
PO003714,S021,P0049,W004,2025-09-19,826,2025-10-03,2025-10-03
PO003715,S010,P0043,W002,2025-01-18,417,2025-01-29,2025-01-29
PO003716,S025,P0016,W008,2025-01-10,841,2025-01-22,2025-01-22
PO003717,S025,P0052,W005,2025-04-02,257,2025-04-14,2025-04-14
PO003718,S024,P0098,W007,2025-05-19,509,2025-05-30,2025-05-30
PO003719,S006,P0049,W007,2025-11-29,41,2025-12-04,2025-12-04
PO003720,S022,P0011,W002,2025-12-23,460,2025-12-27,2026-01-03
PO003721,S017,P0078,W008,2025-12-06,60,2025-12-15,2025-12-15
PO003722,S016,P0047,W004,2025-02-21,877,2025-03-04,2025-03-06
PO003723,S015,P0079,W002,2025-07-14,797,2025-07-21,2025-07-21
PO003724,S022,P0035,W007,2025-07-25,277,2025-07-29,2025-07-29
PO003725,S014,P0071,W005,2025-10-14,470,2025-10-23,2025-10-30
PO003726,S004,P0029,W001,2025-04-03,67,2025-04-17,2025-04-19
PO003727,S004,P0054,W002,2025-11-05,829,2025-11-19,2025-11-19
PO003728,S002,P0086,W006,2025-05-25,522,2025-06-07,2025-06-08
PO003729,S011,P0023,W006,2025-03-27,158,2025-04-01,2025-04-08
PO003730,S004,P0024,W004,2025-06-02,221,2025-06-16,2025-06-16
PO003731,S021,P0099,W007,2025-01-02,671,2025-01-16,2025-01-16
PO003732,S021,P0010,W007,2025-12-08,528,2025-12-22,2025-12-22
PO003733,S016,P0061,W002,2025-09-17,673,2025-09-28,2025-09-29
PO003734,S021,P0008,W005,2025-06-13,305,2025-06-27,2025-06-28
PO003735,S004,P0048,W004,2025-01-06,252,2025-01-20,2025-01-21
PO003736,S001,P0076,W002,2025-05-29,335,2025-06-11,2025-06-11
PO003737,S024,P0093,W004,2025-07-24,480,2025-08-04,2025-08-09
PO003738,S019,P0029,W006,2025-04-28,689,2025-05-04,2025-05-04
PO003739,S002,P0087,W008,2025-03-30,569,2025-04-12,2025-04-12
PO003740,S009,P0026,W005,2025-06-03,606,2025-06-09,2025-06-09
PO003741,S023,P0037,W001,2025-06-16,340,2025-06-28,2025-07-05
PO003742,S025,P0096,W005,2025-06-10,194,2025-06-22,2025-06-22
PO003743,S013,P0052,W001,2025-09-27,58,2025-10-02,2025-10-02
PO003744,S018,P0038,W007,2025-02-25,452,2025-03-01,2025-03-06
PO003745,S016,P0006,W003,2025-08-16,504,2025-08-27,2025-09-01
PO003746,S016,P0008,W008,2025-12-03,604,2025-12-14,2025-12-14
PO003747,S025,P0017,W006,2025-05-29,77,2025-06-10,2025-06-15
PO003748,S010,P0076,W007,2025-02-15,515,2025-02-26,2025-02-27
PO003749,S009,P0062,W006,2025-05-24,894,2025-05-30,2025-05-30
PO003750,S011,P0086,W008,2025-08-26,620,2025-08-31,2025-08-31
PO003751,S025,P0078,W006,2025-09-29,804,2025-10-11,2025-10-11
PO003752,S004,P0034,W005,2025-04-30,153,2025-05-14,2025-05-14
PO003753,S010,P0019,W001,2025-12-06,674,2025-12-17,2025-12-18
PO003754,S003,P0070,W003,2025-08-08,528,2025-08-20,2025-08-20
PO003755,S006,P0082,W008,2025-01-08,982,2025-01-13,2025-01-16
PO003756,S003,P0100,W003,2025-12-10,626,2025-12-22,2025-12-25
PO003757,S009,P0037,W003,2025-10-02,175,2025-10-08,2025-10-08
PO003758,S003,P0038,W007,2025-12-19,220,2025-12-31,2026-01-05
PO003759,S018,P0015,W004,2025-03-07,959,2025-03-11,2025-03-13
PO003760,S008,P0040,W005,2025-03-20,518,2025-03-29,2025-03-29
PO003761,S022,P0009,W005,2025-03-27,421,2025-03-31,2025-04-02
PO003762,S008,P0053,W007,2025-05-04,515,2025-05-13,2025-05-18
PO003763,S015,P0070,W006,2025-07-21,507,2025-07-28,2025-07-28
PO003764,S013,P0066,W005,2025-05-30,179,2025-06-04,2025-06-11
PO003765,S007,P0080,W005,2025-02-15,230,2025-03-01,2025-03-01
PO003766,S019,P0052,W004,2025-04-23,472,2025-04-29,2025-04-29
PO003767,S008,P0001,W005,2025-04-01,703,2025-04-10,2025-04-12
PO003768,S010,P0030,W001,2025-05-21,89,2025-06-01,2025-06-03
PO003769,S017,P0097,W007,2025-10-16,850,2025-10-25,2025-10-26
PO003770,S001,P0001,W003,2025-08-06,991,2025-08-19,2025-08-19
PO003771,S013,P0039,W004,2025-03-18,333,2025-03-23,2025-03-24
PO003772,S013,P0016,W004,2025-11-30,450,2025-12-05,2025-12-06
PO003773,S024,P0017,W006,2025-06-01,401,2025-06-12,2025-06-12
PO003774,S016,P0082,W005,2025-11-19,676,2025-11-30,2025-11-30
PO003775,S009,P0022,W003,2025-08-27,186,2025-09-02,2025-09-05
PO003776,S010,P0086,W007,2025-04-25,974,2025-05-06,2025-05-06
PO003777,S006,P0099,W001,2025-11-15,410,2025-11-20,2025-11-20
PO003778,S005,P0031,W008,2025-04-04,338,2025-04-18,2025-04-18
PO003779,S002,P0040,W007,2025-02-17,136,2025-03-02,2025-03-03
PO003780,S011,P0027,W008,2025-07-10,716,2025-07-15,2025-07-15
PO003781,S009,P0036,W003,2025-01-12,531,2025-01-18,2025-01-18
PO003782,S006,P0004,W007,2025-06-05,222,2025-06-10,2025-06-10
PO003783,S008,P0069,W002,2025-06-21,181,2025-06-30,2025-06-30
PO003784,S009,P0025,W003,2025-10-23,840,2025-10-29,2025-10-29
PO003785,S009,P0095,W001,2025-06-26,981,2025-07-02,2025-07-02
PO003786,S008,P0078,W001,2025-12-07,481,2025-12-16,2025-12-16
PO003787,S012,P0030,W001,2025-02-26,869,2025-03-05,2025-03-05
PO003788,S008,P0047,W004,2025-12-09,963,2025-12-18,2025-12-23
PO003789,S003,P0012,W007,2025-12-06,719,2025-12-18,2025-12-18
PO003790,S013,P0027,W004,2025-07-22,574,2025-07-27,2025-07-30
PO003791,S019,P0045,W002,2025-07-04,220,2025-07-10,2025-07-11
PO003792,S002,P0088,W003,2025-05-01,250,2025-05-14,2025-05-14
PO003793,S017,P0063,W005,2025-08-14,535,2025-08-23,2025-08-23
PO003794,S016,P0055,W006,2025-07-21,771,2025-08-01,2025-08-08
PO003795,S004,P0030,W002,2025-11-26,225,2025-12-10,2025-12-10
PO003796,S018,P0082,W007,2025-12-29,350,2026-01-02,2026-01-02
PO003797,S014,P0014,W005,2025-12-22,625,2025-12-31,2025-12-31
PO003798,S002,P0056,W008,2025-08-04,763,2025-08-17,2025-08-17
PO003799,S013,P0019,W007,2025-02-12,894,2025-02-17,2025-02-19
PO003800,S021,P0086,W005,2025-01-23,366,2025-02-06,2025-02-11
PO003801,S020,P0026,W002,2025-06-04,368,2025-06-15,2025-06-15
PO003802,S017,P0071,W003,2025-07-05,967,2025-07-14,2025-07-14
PO003803,S015,P0092,W006,2025-09-06,179,2025-09-13,2025-09-13
PO003804,S025,P0038,W005,2025-08-25,644,2025-09-06,2025-09-13
PO003805,S020,P0069,W004,2025-10-20,271,2025-10-31,2025-10-31
PO003806,S005,P0036,W004,2025-05-14,241,2025-05-28,2025-05-31
PO003807,S007,P0018,W002,2025-11-17,877,2025-12-01,2025-12-01
PO003808,S018,P0057,W006,2025-01-22,625,2025-01-26,2025-01-27
PO003809,S024,P0078,W006,2025-12-27,966,2026-01-07,2026-01-07
PO003810,S011,P0023,W007,2025-03-29,413,2025-04-03,2025-04-08
PO003811,S018,P0014,W005,2025-06-02,415,2025-06-06,2025-06-06
PO003812,S005,P0096,W002,2025-05-05,997,2025-05-19,2025-05-21
PO003813,S013,P0069,W006,2025-03-20,186,2025-03-25,2025-03-25
PO003814,S018,P0022,W006,2025-12-12,995,2025-12-16,2025-12-17
PO003815,S002,P0028,W004,2025-02-20,471,2025-03-05,2025-03-05
PO003816,S020,P0043,W002,2025-08-04,157,2025-08-15,2025-08-15
PO003817,S004,P0076,W005,2025-06-25,879,2025-07-09,2025-07-09
PO003818,S013,P0018,W008,2025-12-24,892,2025-12-29,2025-12-29
PO003819,S024,P0100,W005,2025-09-10,229,2025-09-21,2025-09-21
PO003820,S016,P0095,W004,2025-09-03,787,2025-09-14,2025-09-14
PO003821,S006,P0077,W008,2025-08-15,604,2025-08-20,2025-08-20
PO003822,S008,P0084,W007,2025-04-16,233,2025-04-25,2025-04-25
PO003823,S016,P0036,W008,2025-07-12,797,2025-07-23,2025-07-23
PO003824,S013,P0007,W008,2025-11-12,379,2025-11-17,2025-11-17
PO003825,S023,P0023,W001,2025-10-29,682,2025-11-10,2025-11-10
PO003826,S004,P0034,W001,2025-02-05,254,2025-02-19,2025-02-19
PO003827,S002,P0096,W006,2025-07-23,992,2025-08-05,2025-08-08
PO003828,S009,P0021,W003,2025-09-24,747,2025-09-30,2025-09-30
PO003829,S018,P0070,W004,2025-09-25,416,2025-09-29,2025-09-30
PO003830,S017,P0080,W003,2025-06-19,323,2025-06-28,2025-06-28
PO003831,S008,P0099,W006,2025-02-08,128,2025-02-17,2025-02-24
PO003832,S015,P0047,W007,2025-05-19,876,2025-05-26,2025-05-26
PO003833,S009,P0053,W004,2025-10-19,831,2025-10-25,2025-10-28
PO003834,S017,P0084,W005,2025-02-21,880,2025-03-02,2025-03-02
PO003835,S023,P0041,W007,2025-10-14,995,2025-10-26,2025-10-26
PO003836,S002,P0075,W004,2025-10-16,851,2025-10-29,2025-10-29
PO003837,S006,P0032,W002,2025-05-21,827,2025-05-26,2025-05-26
PO003838,S005,P0014,W008,2025-05-26,409,2025-06-09,2025-06-09
PO003839,S017,P0088,W003,2025-11-10,139,2025-11-19,2025-11-19
PO003840,S002,P0095,W004,2025-07-03,859,2025-07-16,2025-07-21
PO003841,S018,P0017,W008,2025-06-01,629,2025-06-05,2025-06-05
PO003842,S010,P0025,W003,2025-07-20,229,2025-07-31,2025-07-31
PO003843,S010,P0064,W007,2025-05-08,446,2025-05-19,2025-05-21
PO003844,S006,P0073,W006,2025-10-14,563,2025-10-19,2025-10-21
PO003845,S012,P0086,W004,2025-11-07,964,2025-11-14,2025-11-14
PO003846,S017,P0048,W001,2025-09-10,349,2025-09-19,2025-09-20
PO003847,S013,P0035,W003,2025-09-23,245,2025-09-28,2025-09-28
PO003848,S020,P0037,W008,2025-07-07,746,2025-07-18,2025-07-18
PO003849,S016,P0055,W005,2025-08-18,654,2025-08-29,2025-08-29
PO003850,S010,P0017,W005,2025-09-28,166,2025-10-09,2025-10-09
PO003851,S021,P0028,W008,2025-09-16,359,2025-09-30,2025-09-30
PO003852,S002,P0001,W008,2025-10-26,583,2025-11-08,2025-11-08
PO003853,S002,P0053,W004,2025-07-17,199,2025-07-30,2025-07-30
PO003854,S023,P0073,W005,2025-11-19,309,2025-12-01,2025-12-01
PO003855,S007,P0055,W008,2025-02-25,206,2025-03-11,2025-03-12
PO003856,S006,P0061,W007,2025-11-15,505,2025-11-20,2025-11-20
PO003857,S001,P0013,W005,2025-07-22,356,2025-08-04,2025-08-05
PO003858,S012,P0047,W003,2025-09-28,127,2025-10-05,2025-10-08
PO003859,S013,P0064,W007,2025-04-19,145,2025-04-24,2025-04-27
PO003860,S012,P0032,W004,2025-04-26,792,2025-05-03,2025-05-06
PO003861,S019,P0028,W003,2025-04-02,725,2025-04-08,2025-04-08
PO003862,S009,P0053,W004,2025-05-18,828,2025-05-24,2025-05-24
PO003863,S010,P0031,W005,2025-10-30,53,2025-11-10,2025-11-10
PO003864,S017,P0008,W007,2025-02-26,457,2025-03-07,2025-03-07
PO003865,S018,P0072,W004,2025-02-19,295,2025-02-23,2025-02-23
PO003866,S008,P0098,W006,2025-03-12,513,2025-03-21,2025-03-21
PO003867,S007,P0087,W004,2025-03-23,201,2025-04-06,2025-04-13
PO003868,S009,P0074,W002,2025-04-15,258,2025-04-21,2025-04-21
PO003869,S010,P0025,W004,2025-03-29,853,2025-04-09,2025-04-09
PO003870,S012,P0033,W002,2025-01-02,367,2025-01-09,2025-01-09
PO003871,S015,P0068,W003,2025-12-26,165,2026-01-02,2026-01-03
PO003872,S015,P0007,W002,2025-03-25,63,2025-04-01,2025-04-01
PO003873,S004,P0097,W007,2025-02-12,890,2025-02-26,2025-02-26
PO003874,S004,P0066,W003,2025-06-03,835,2025-06-17,2025-06-24
PO003875,S023,P0046,W004,2025-11-23,518,2025-12-05,2025-12-07
PO003876,S001,P0096,W003,2025-04-04,822,2025-04-17,2025-04-18
PO003877,S012,P0005,W005,2025-10-25,994,2025-11-01,2025-11-06
PO003878,S025,P0017,W006,2025-05-13,898,2025-05-25,2025-05-25
PO003879,S002,P0076,W004,2025-03-06,314,2025-03-19,2025-03-20
PO003880,S015,P0052,W007,2025-10-17,790,2025-10-24,2025-10-24
PO003881,S017,P0012,W002,2025-09-14,550,2025-09-23,2025-09-24
PO003882,S007,P0062,W006,2025-08-01,746,2025-08-15,2025-08-15
PO003883,S006,P0035,W001,2025-05-28,230,2025-06-02,2025-06-02
PO003884,S012,P0062,W006,2025-03-02,912,2025-03-09,2025-03-09
PO003885,S019,P0021,W008,2025-05-29,421,2025-06-04,2025-06-04
PO003886,S001,P0085,W004,2025-03-29,250,2025-04-11,2025-04-11
PO003887,S021,P0066,W007,2025-11-20,358,2025-12-04,2025-12-04
PO003888,S014,P0053,W007,2025-10-05,24,2025-10-14,2025-10-14
PO003889,S004,P0021,W008,2025-03-23,330,2025-04-06,2025-04-06
PO003890,S005,P0015,W006,2025-05-09,800,2025-05-23,2025-05-23
PO003891,S001,P0075,W006,2025-10-13,181,2025-10-26,2025-10-26
PO003892,S001,P0074,W005,2025-12-19,235,2026-01-01,2026-01-02
PO003893,S021,P0082,W003,2025-10-07,805,2025-10-21,2025-10-21
PO003894,S006,P0023,W006,2025-09-27,855,2025-10-02,2025-10-02
PO003895,S005,P0031,W002,2025-10-19,631,2025-11-02,2025-11-04
PO003896,S002,P0054,W007,2025-07-22,987,2025-08-04,2025-08-04
PO003897,S025,P0055,W008,2025-01-24,190,2025-02-05,2025-02-05
PO003898,S021,P0026,W002,2025-12-17,980,2025-12-31,2025-12-31
PO003899,S005,P0053,W005,2025-11-07,271,2025-11-21,2025-11-26
PO003900,S009,P0066,W006,2025-07-27,700,2025-08-02,2025-08-02
PO003901,S019,P0039,W006,2025-10-07,57,2025-10-13,2025-10-13
PO003902,S021,P0007,W005,2025-07-24,247,2025-08-07,2025-08-10
PO003903,S015,P0088,W004,2025-06-01,953,2025-06-08,2025-06-08
PO003904,S013,P0039,W001,2025-01-26,928,2025-01-31,2025-01-31
PO003905,S012,P0032,W001,2025-07-13,656,2025-07-20,2025-07-20
PO003906,S005,P0026,W003,2025-12-02,297,2025-12-16,2025-12-23
PO003907,S002,P0087,W002,2025-08-26,304,2025-09-08,2025-09-10
PO003908,S004,P0078,W004,2025-11-17,529,2025-12-01,2025-12-01
PO003909,S018,P0029,W002,2025-03-16,668,2025-03-20,2025-03-20
PO003910,S021,P0025,W004,2025-06-12,385,2025-06-26,2025-06-26
PO003911,S010,P0056,W005,2025-10-26,639,2025-11-06,2025-11-06
PO003912,S013,P0031,W003,2025-01-29,87,2025-02-03,2025-02-03
PO003913,S012,P0066,W005,2025-06-14,123,2025-06-21,2025-06-21
PO003914,S002,P0002,W002,2025-12-03,420,2025-12-16,2025-12-16
PO003915,S015,P0087,W007,2025-07-05,265,2025-07-12,2025-07-15
PO003916,S014,P0047,W003,2025-02-23,696,2025-03-04,2025-03-04
PO003917,S025,P0075,W006,2025-10-22,211,2025-11-03,2025-11-03
PO003918,S010,P0029,W008,2025-02-11,726,2025-02-22,2025-02-24
PO003919,S022,P0099,W007,2025-10-12,663,2025-10-16,2025-10-16
PO003920,S008,P0049,W008,2025-05-18,315,2025-05-27,2025-05-30
PO003921,S025,P0073,W004,2025-07-06,163,2025-07-18,2025-07-18
PO003922,S015,P0032,W004,2025-07-23,926,2025-07-30,2025-07-31
PO003923,S013,P0030,W003,2025-02-11,750,2025-02-16,2025-02-21
PO003924,S008,P0015,W005,2025-12-16,45,2025-12-25,2025-12-25
PO003925,S021,P0062,W003,2025-10-15,270,2025-10-29,2025-10-29
PO003926,S021,P0078,W005,2025-01-26,626,2025-02-09,2025-02-09
PO003927,S022,P0017,W003,2025-02-25,885,2025-03-01,2025-03-01
PO003928,S014,P0022,W005,2025-09-10,731,2025-09-19,2025-09-19
PO003929,S001,P0030,W001,2025-05-02,634,2025-05-15,2025-05-15
PO003930,S013,P0081,W003,2025-04-16,212,2025-04-21,2025-04-23
PO003931,S008,P0016,W008,2025-05-10,400,2025-05-19,2025-05-21
PO003932,S018,P0052,W008,2025-12-03,21,2025-12-07,2025-12-12
PO003933,S022,P0008,W005,2025-06-07,778,2025-06-11,2025-06-11
PO003934,S009,P0064,W006,2025-08-19,622,2025-08-25,2025-08-25
PO003935,S013,P0039,W002,2025-11-04,64,2025-11-09,2025-11-12
PO003936,S003,P0031,W007,2025-04-01,958,2025-04-13,2025-04-13
PO003937,S018,P0012,W007,2025-01-22,22,2025-01-26,2025-01-27
PO003938,S010,P0033,W007,2025-10-17,949,2025-10-28,2025-10-28
PO003939,S005,P0058,W002,2025-04-20,867,2025-05-04,2025-05-04
PO003940,S025,P0012,W008,2025-02-18,468,2025-03-02,2025-03-02
PO003941,S006,P0025,W003,2025-05-09,595,2025-05-14,2025-05-14
PO003942,S008,P0038,W003,2025-03-14,154,2025-03-23,2025-03-23
PO003943,S024,P0048,W004,2025-12-06,310,2025-12-17,2025-12-17
PO003944,S007,P0082,W005,2025-02-22,297,2025-03-08,2025-03-10
PO003945,S021,P0083,W003,2025-12-22,195,2026-01-05,2026-01-05
PO003946,S018,P0055,W002,2025-06-17,947,2025-06-21,2025-06-21
PO003947,S014,P0003,W002,2025-02-14,301,2025-02-23,2025-02-23
PO003948,S015,P0099,W007,2025-04-15,139,2025-04-22,2025-04-22
PO003949,S010,P0069,W002,2025-05-30,793,2025-06-10,2025-06-10
PO003950,S021,P0035,W008,2025-05-26,193,2025-06-09,2025-06-09
PO003951,S012,P0051,W005,2025-07-23,458,2025-07-30,2025-07-30
PO003952,S007,P0027,W001,2025-12-28,478,2026-01-11,2026-01-11
PO003953,S007,P0037,W003,2025-10-26,649,2025-11-09,2025-11-09
PO003954,S011,P0085,W007,2025-06-16,970,2025-06-21,2025-06-23
PO003955,S013,P0016,W001,2025-07-20,360,2025-07-25,2025-07-25
PO003956,S015,P0092,W005,2025-05-14,716,2025-05-21,2025-05-21
PO003957,S018,P0025,W007,2025-07-30,774,2025-08-03,2025-08-08
PO003958,S007,P0033,W006,2025-02-17,745,2025-03-03,2025-03-03
PO003959,S006,P0062,W003,2025-05-06,140,2025-05-11,2025-05-11
PO003960,S023,P0017,W004,2025-08-27,594,2025-09-08,2025-09-08
PO003961,S011,P0043,W003,2025-01-07,916,2025-01-12,2025-01-12
PO003962,S008,P0030,W003,2025-09-29,680,2025-10-08,2025-10-08
PO003963,S020,P0041,W003,2025-02-06,512,2025-02-17,2025-02-17
PO003964,S001,P0004,W007,2025-07-30,295,2025-08-12,2025-08-12
PO003965,S008,P0066,W007,2025-06-14,988,2025-06-23,2025-06-28
PO003966,S008,P0060,W003,2025-05-05,48,2025-05-14,2025-05-14
PO003967,S019,P0009,W006,2025-12-03,830,2025-12-09,2025-12-09
PO003968,S003,P0031,W003,2025-07-11,756,2025-07-23,2025-07-23
PO003969,S005,P0089,W005,2025-08-06,704,2025-08-20,2025-08-20
PO003970,S003,P0100,W003,2025-08-02,263,2025-08-14,2025-08-14
PO003971,S015,P0069,W006,2025-03-03,340,2025-03-10,2025-03-15
PO003972,S014,P0024,W008,2025-11-24,662,2025-12-03,2025-12-03
PO003973,S021,P0024,W005,2025-06-10,371,2025-06-24,2025-07-01
PO003974,S015,P0093,W003,2025-03-07,551,2025-03-14,2025-03-14
PO003975,S024,P0045,W003,2025-10-13,100,2025-10-24,2025-10-24
PO003976,S017,P0095,W005,2025-08-27,312,2025-09-05,2025-09-05
PO003977,S018,P0037,W003,2025-01-20,313,2025-01-24,2025-01-24
PO003978,S002,P0058,W006,2025-07-07,516,2025-07-20,2025-07-20
PO003979,S012,P0083,W007,2025-03-23,477,2025-03-30,2025-03-31
PO003980,S016,P0023,W008,2025-12-29,766,2026-01-09,2026-01-09
PO003981,S004,P0035,W002,2025-07-21,832,2025-08-04,2025-08-04
PO003982,S025,P0063,W003,2025-05-12,752,2025-05-24,2025-05-25
PO003983,S002,P0006,W004,2025-02-06,701,2025-02-19,2025-02-19
PO003984,S014,P0006,W005,2025-05-12,577,2025-05-21,2025-05-21
PO003985,S011,P0030,W006,2025-03-18,79,2025-03-23,2025-03-23
PO003986,S013,P0001,W003,2025-03-30,627,2025-04-04,2025-04-04
PO003987,S025,P0063,W003,2025-09-10,800,2025-09-22,2025-09-24
PO003988,S007,P0008,W005,2025-12-10,562,2025-12-24,2025-12-24
PO003989,S010,P0028,W001,2025-07-13,399,2025-07-24,2025-07-29
PO003990,S024,P0089,W006,2025-06-25,343,2025-07-06,2025-07-09
PO003991,S001,P0033,W006,2025-02-02,647,2025-02-15,2025-02-15
PO003992,S021,P0053,W002,2025-02-27,81,2025-03-13,2025-03-13
PO003993,S025,P0038,W007,2025-07-20,964,2025-08-01,2025-08-03
PO003994,S004,P0052,W007,2025-01-28,165,2025-02-11,2025-02-14
PO003995,S018,P0078,W002,2025-02-04,862,2025-02-08,2025-02-08
PO003996,S006,P0011,W003,2025-05-05,381,2025-05-10,2025-05-15
PO003997,S002,P0002,W005,2025-11-17,72,2025-11-30,2025-12-05
PO003998,S003,P0053,W004,2025-02-11,421,2025-02-23,2025-02-23
PO003999,S014,P0094,W003,2025-03-26,582,2025-04-04,2025-04-06
PO004000,S008,P0094,W002,2025-07-07,700,2025-07-16,2025-07-16
PO004001,S016,P0068,W003,2025-04-21,888,2025-05-02,2025-05-02
PO004002,S019,P0077,W005,2025-09-28,888,2025-10-04,2025-10-04
PO004003,S018,P0007,W006,2025-11-21,726,2025-11-25,2025-11-25
PO004004,S006,P0067,W008,2025-04-15,468,2025-04-20,2025-04-21
PO004005,S014,P0009,W006,2025-11-16,102,2025-11-25,2025-11-25
PO004006,S003,P0078,W006,2025-02-10,398,2025-02-22,2025-02-22
PO004007,S016,P0063,W006,2025-08-03,665,2025-08-14,2025-08-17
PO004008,S001,P0011,W007,2025-03-12,477,2025-03-25,2025-03-25
PO004009,S012,P0037,W004,2025-02-25,952,2025-03-04,2025-03-04
PO004010,S014,P0014,W001,2025-08-24,799,2025-09-02,2025-09-02
PO004011,S019,P0019,W007,2025-10-08,100,2025-10-14,2025-10-14
PO004012,S022,P0008,W004,2025-04-15,750,2025-04-19,2025-04-22
PO004013,S019,P0007,W008,2025-06-11,533,2025-06-17,2025-06-17
PO004014,S009,P0059,W003,2025-07-10,328,2025-07-16,2025-07-16
PO004015,S007,P0063,W002,2025-01-09,940,2025-01-23,2025-01-23
PO004016,S014,P0007,W008,2025-03-01,782,2025-03-10,2025-03-10
PO004017,S005,P0055,W005,2025-11-01,513,2025-11-15,2025-11-15
PO004018,S018,P0003,W003,2025-08-13,255,2025-08-17,2025-08-17
PO004019,S009,P0067,W008,2025-11-03,687,2025-11-09,2025-11-09
PO004020,S021,P0018,W001,2025-07-07,960,2025-07-21,2025-07-21
PO004021,S007,P0045,W005,2025-03-11,56,2025-03-25,2025-03-25
PO004022,S009,P0097,W005,2025-10-20,760,2025-10-26,2025-10-26
PO004023,S004,P0092,W005,2025-10-14,676,2025-10-28,2025-10-28
PO004024,S025,P0036,W003,2025-06-18,344,2025-06-30,2025-07-02
PO004025,S017,P0016,W001,2025-03-03,75,2025-03-12,2025-03-12
PO004026,S012,P0079,W003,2025-12-15,140,2025-12-22,2025-12-22
PO004027,S006,P0029,W005,2025-01-14,333,2025-01-19,2025-01-22
PO004028,S018,P0059,W005,2025-06-13,230,2025-06-17,2025-06-22
PO004029,S008,P0018,W007,2025-09-02,791,2025-09-11,2025-09-11
PO004030,S021,P0049,W002,2025-12-01,122,2025-12-15,2025-12-15
PO004031,S015,P0046,W004,2025-01-08,458,2025-01-15,2025-01-15
PO004032,S003,P0083,W008,2025-06-03,836,2025-06-15,2025-06-20
PO004033,S002,P0029,W003,2025-02-05,766,2025-02-18,2025-02-18
PO004034,S024,P0070,W001,2025-02-17,57,2025-02-28,2025-03-05
PO004035,S023,P0050,W007,2025-03-26,832,2025-04-07,2025-04-07
PO004036,S009,P0055,W005,2025-01-28,639,2025-02-03,2025-02-03
PO004037,S008,P0027,W003,2025-07-15,433,2025-07-24,2025-07-26
PO004038,S004,P0007,W004,2025-07-27,243,2025-08-10,2025-08-12
PO004039,S002,P0091,W003,2025-07-23,312,2025-08-05,2025-08-06
PO004040,S014,P0083,W008,2025-11-03,715,2025-11-12,2025-11-15
PO004041,S002,P0081,W008,2025-04-14,174,2025-04-27,2025-04-28
PO004042,S002,P0041,W004,2025-08-18,51,2025-08-31,2025-08-31
PO004043,S022,P0011,W003,2025-04-11,253,2025-04-15,2025-04-15
PO004044,S007,P0005,W002,2025-01-29,926,2025-02-12,2025-02-12
PO004045,S012,P0066,W003,2025-05-07,508,2025-05-14,2025-05-14
PO004046,S006,P0056,W007,2025-12-04,781,2025-12-09,2025-12-09
PO004047,S018,P0012,W006,2025-01-10,589,2025-01-14,2025-01-14
PO004048,S004,P0042,W002,2025-04-16,352,2025-04-30,2025-04-30
PO004049,S019,P0075,W004,2025-06-16,694,2025-06-22,2025-06-22
PO004050,S013,P0010,W005,2025-09-14,36,2025-09-19,2025-09-24
PO004051,S020,P0028,W005,2025-10-22,433,2025-11-02,2025-11-02
PO004052,S021,P0007,W008,2025-10-04,785,2025-10-18,2025-10-18
PO004053,S023,P0014,W003,2025-03-06,677,2025-03-18,2025-03-18
PO004054,S025,P0077,W001,2025-09-28,760,2025-10-10,2025-10-10
PO004055,S002,P0069,W003,2025-07-07,259,2025-07-20,2025-07-20
PO004056,S008,P0061,W002,2025-11-13,305,2025-11-22,2025-11-22
PO004057,S019,P0051,W002,2025-05-18,365,2025-05-24,2025-05-24
PO004058,S009,P0042,W004,2025-12-09,394,2025-12-15,2025-12-17
PO004059,S004,P0008,W003,2025-04-15,35,2025-04-29,2025-05-01
PO004060,S016,P0050,W004,2025-02-03,606,2025-02-14,2025-02-14
PO004061,S019,P0001,W001,2025-04-20,969,2025-04-26,2025-04-27
PO004062,S010,P0069,W005,2025-02-02,279,2025-02-13,2025-02-13
PO004063,S006,P0011,W005,2025-12-20,914,2025-12-25,2025-12-26
PO004064,S016,P0048,W003,2025-08-19,380,2025-08-30,2025-08-30
PO004065,S010,P0010,W004,2025-11-13,418,2025-11-24,2025-11-24
PO004066,S013,P0015,W004,2025-09-23,479,2025-09-28,2025-09-29
PO004067,S009,P0047,W001,2025-07-01,942,2025-07-07,2025-07-07
PO004068,S007,P0093,W004,2025-12-06,535,2025-12-20,2025-12-20
PO004069,S004,P0025,W006,2025-03-06,950,2025-03-20,2025-03-20
PO004070,S019,P0006,W006,2025-11-29,782,2025-12-05,2025-12-07
PO004071,S004,P0011,W002,2025-01-01,104,2025-01-15,2025-01-15
PO004072,S019,P0017,W006,2025-05-13,82,2025-05-19,2025-05-19
PO004073,S019,P0015,W008,2025-03-21,119,2025-03-27,2025-03-30
PO004074,S012,P0016,W006,2025-09-28,853,2025-10-05,2025-10-08
PO004075,S013,P0056,W002,2025-08-29,774,2025-09-03,2025-09-03
PO004076,S025,P0066,W006,2025-01-28,314,2025-02-09,2025-02-09
PO004077,S004,P0036,W006,2025-08-11,943,2025-08-25,2025-08-25
PO004078,S025,P0083,W002,2025-01-23,181,2025-02-04,2025-02-04
PO004079,S010,P0038,W003,2025-04-19,948,2025-04-30,2025-05-01
PO004080,S021,P0085,W007,2025-04-17,197,2025-05-01,2025-05-03
PO004081,S007,P0075,W002,2025-05-25,463,2025-06-08,2025-06-08
PO004082,S005,P0003,W002,2025-12-20,347,2026-01-03,2026-01-03
PO004083,S017,P0098,W008,2025-05-19,347,2025-05-28,2025-05-28
PO004084,S018,P0018,W006,2025-10-11,783,2025-10-15,2025-10-15
PO004085,S011,P0079,W005,2025-10-25,61,2025-10-30,2025-10-30
PO004086,S015,P0089,W007,2025-04-09,261,2025-04-16,2025-04-16
PO004087,S021,P0054,W006,2025-11-13,361,2025-11-27,2025-11-27
PO004088,S022,P0079,W003,2025-05-03,110,2025-05-07,2025-05-07
PO004089,S007,P0094,W002,2025-11-16,47,2025-11-30,2025-11-30
PO004090,S018,P0017,W001,2025-10-14,478,2025-10-18,2025-10-18
PO004091,S025,P0082,W002,2025-03-22,686,2025-04-03,2025-04-03
PO004092,S006,P0095,W007,2025-01-10,650,2025-01-15,2025-01-15
PO004093,S018,P0082,W003,2025-01-08,404,2025-01-12,2025-01-12
PO004094,S016,P0099,W007,2025-07-24,506,2025-08-04,2025-08-06
PO004095,S002,P0013,W004,2025-11-11,239,2025-11-24,2025-11-25
PO004096,S019,P0063,W007,2025-07-16,878,2025-07-22,2025-07-24
PO004097,S001,P0014,W006,2025-07-17,283,2025-07-30,2025-07-30
PO004098,S025,P0059,W005,2025-01-30,140,2025-02-11,2025-02-11
PO004099,S011,P0036,W005,2025-01-20,65,2025-01-25,2025-01-25
PO004100,S020,P0018,W006,2025-02-17,299,2025-02-28,2025-03-03
PO004101,S005,P0005,W008,2025-05-10,134,2025-05-24,2025-05-27
PO004102,S016,P0014,W006,2025-10-20,187,2025-10-31,2025-11-03
PO004103,S023,P0025,W003,2025-05-12,454,2025-05-24,2025-05-24
PO004104,S001,P0044,W008,2025-12-22,265,2026-01-04,2026-01-06
PO004105,S019,P0039,W002,2025-02-23,503,2025-03-01,2025-03-04
PO004106,S014,P0012,W008,2025-10-08,394,2025-10-17,2025-10-17
PO004107,S003,P0061,W001,2025-09-22,299,2025-10-04,2025-10-04
PO004108,S002,P0062,W002,2025-08-03,765,2025-08-16,2025-08-16
PO004109,S024,P0053,W002,2025-10-17,41,2025-10-28,2025-10-28
PO004110,S005,P0053,W001,2025-02-12,733,2025-02-26,2025-02-26
PO004111,S017,P0028,W008,2025-03-15,87,2025-03-24,2025-03-27
PO004112,S018,P0035,W005,2025-12-16,667,2025-12-20,2025-12-23
PO004113,S001,P0065,W008,2025-10-05,762,2025-10-18,2025-10-23
PO004114,S015,P0003,W002,2025-11-22,77,2025-11-29,2025-11-29
PO004115,S022,P0043,W004,2025-08-30,546,2025-09-03,2025-09-03
PO004116,S009,P0050,W004,2025-05-10,283,2025-05-16,2025-05-17
PO004117,S023,P0071,W003,2025-12-16,701,2025-12-28,2025-12-28
PO004118,S005,P0009,W003,2025-07-13,442,2025-07-27,2025-07-27
PO004119,S013,P0036,W007,2025-02-01,518,2025-02-06,2025-02-07
PO004120,S019,P0023,W001,2025-04-16,310,2025-04-22,2025-04-22
PO004121,S024,P0088,W001,2025-07-23,188,2025-08-03,2025-08-03
PO004122,S010,P0074,W003,2025-01-01,579,2025-01-12,2025-01-12
PO004123,S020,P0050,W006,2025-09-02,481,2025-09-13,2025-09-18
PO004124,S025,P0055,W002,2025-03-13,627,2025-03-25,2025-03-25
PO004125,S021,P0012,W006,2025-11-02,858,2025-11-16,2025-11-16
PO004126,S014,P0083,W005,2025-01-15,575,2025-01-24,2025-01-29
PO004127,S022,P0032,W004,2025-02-22,372,2025-02-26,2025-02-26
PO004128,S021,P0024,W001,2025-01-08,259,2025-01-22,2025-01-22
PO004129,S012,P0086,W003,2025-11-26,822,2025-12-03,2025-12-03
PO004130,S011,P0067,W004,2025-02-15,302,2025-02-20,2025-02-20
PO004131,S023,P0027,W006,2025-11-21,468,2025-12-03,2025-12-03
PO004132,S007,P0061,W001,2025-04-24,601,2025-05-08,2025-05-11
PO004133,S017,P0019,W001,2025-05-27,784,2025-06-05,2025-06-05
PO004134,S018,P0073,W007,2025-06-15,85,2025-06-19,2025-06-20
PO004135,S007,P0051,W002,2025-05-19,346,2025-06-02,2025-06-02
PO004136,S024,P0064,W001,2025-04-27,475,2025-05-08,2025-05-08
PO004137,S020,P0077,W005,2025-10-26,978,2025-11-06,2025-11-06
PO004138,S006,P0002,W008,2025-10-03,496,2025-10-08,2025-10-08
PO004139,S011,P0036,W001,2025-10-04,867,2025-10-09,2025-10-09
PO004140,S012,P0093,W008,2025-12-04,304,2025-12-11,2025-12-11
PO004141,S016,P0011,W005,2025-11-09,50,2025-11-20,2025-11-20
PO004142,S019,P0098,W006,2025-06-27,467,2025-07-03,2025-07-04
PO004143,S023,P0068,W007,2025-11-26,233,2025-12-08,2025-12-08
PO004144,S019,P0068,W002,2025-12-20,712,2025-12-26,2025-12-26
PO004145,S011,P0064,W007,2025-06-03,733,2025-06-08,2025-06-09
PO004146,S016,P0001,W005,2025-07-20,599,2025-07-31,2025-07-31
PO004147,S023,P0089,W006,2025-04-25,44,2025-05-07,2025-05-10
PO004148,S012,P0026,W004,2025-06-08,779,2025-06-15,2025-06-15
PO004149,S008,P0011,W007,2025-02-11,392,2025-02-20,2025-02-25
PO004150,S003,P0087,W007,2025-09-04,416,2025-09-16,2025-09-16
PO004151,S002,P0002,W001,2025-03-09,356,2025-03-22,2025-03-27
PO004152,S006,P0083,W007,2025-11-22,955,2025-11-27,2025-11-27
PO004153,S016,P0093,W003,2025-11-30,987,2025-12-11,2025-12-12
PO004154,S020,P0040,W003,2025-07-15,874,2025-07-26,2025-07-31
PO004155,S024,P0004,W005,2025-03-31,922,2025-04-11,2025-04-11
PO004156,S015,P0080,W002,2025-04-21,691,2025-04-28,2025-05-01
PO004157,S014,P0037,W005,2025-12-25,299,2026-01-03,2026-01-03
PO004158,S002,P0061,W008,2025-05-25,788,2025-06-07,2025-06-07
PO004159,S020,P0091,W007,2025-10-02,642,2025-10-13,2025-10-13
PO004160,S018,P0005,W007,2025-06-28,578,2025-07-02,2025-07-02
PO004161,S014,P0015,W006,2025-08-29,710,2025-09-07,2025-09-07
PO004162,S018,P0087,W007,2025-11-22,567,2025-11-26,2025-12-03
PO004163,S002,P0067,W006,2025-11-15,942,2025-11-28,2025-11-30
PO004164,S001,P0082,W007,2025-11-27,217,2025-12-10,2025-12-11
PO004165,S020,P0026,W007,2025-06-02,573,2025-06-13,2025-06-13
PO004166,S002,P0006,W005,2025-04-14,498,2025-04-27,2025-04-27
PO004167,S009,P0044,W005,2025-03-16,863,2025-03-22,2025-03-22
PO004168,S009,P0058,W004,2025-05-08,621,2025-05-14,2025-05-14
PO004169,S016,P0081,W006,2025-07-18,876,2025-07-29,2025-07-29
PO004170,S011,P0046,W004,2025-06-03,599,2025-06-08,2025-06-09
PO004171,S023,P0042,W005,2025-02-25,89,2025-03-09,2025-03-11
PO004172,S006,P0048,W002,2025-10-05,524,2025-10-10,2025-10-10
PO004173,S012,P0027,W001,2025-12-11,129,2025-12-18,2025-12-18
PO004174,S003,P0020,W006,2025-01-19,401,2025-01-31,2025-01-31
PO004175,S012,P0070,W003,2025-06-08,416,2025-06-15,2025-06-15
PO004176,S023,P0035,W004,2025-01-26,428,2025-02-07,2025-02-07
PO004177,S001,P0076,W008,2025-06-18,370,2025-07-01,2025-07-01
PO004178,S009,P0048,W006,2025-01-23,553,2025-01-29,2025-01-29
PO004179,S020,P0067,W008,2025-02-16,520,2025-02-27,2025-03-04
PO004180,S022,P0068,W001,2025-01-13,808,2025-01-17,2025-01-17
PO004181,S006,P0052,W004,2025-08-05,930,2025-08-10,2025-08-12
PO004182,S011,P0068,W006,2025-11-18,726,2025-11-23,2025-11-23
PO004183,S003,P0004,W004,2025-07-13,440,2025-07-25,2025-07-25
PO004184,S004,P0039,W004,2025-05-24,576,2025-06-07,2025-06-09
PO004185,S010,P0021,W005,2025-03-14,941,2025-03-25,2025-03-25
PO004186,S019,P0066,W007,2025-06-05,130,2025-06-11,2025-06-11
PO004187,S006,P0016,W005,2025-03-18,228,2025-03-23,2025-03-23
PO004188,S001,P0007,W004,2025-06-18,761,2025-07-01,2025-07-03
PO004189,S008,P0083,W004,2025-10-14,458,2025-10-23,2025-10-23
PO004190,S008,P0097,W007,2025-03-26,197,2025-04-04,2025-04-04
PO004191,S025,P0009,W003,2025-07-01,950,2025-07-13,2025-07-13
PO004192,S006,P0017,W001,2025-11-11,781,2025-11-16,2025-11-16
PO004193,S017,P0091,W007,2025-10-24,444,2025-11-02,2025-11-04
PO004194,S019,P0097,W001,2025-04-22,347,2025-04-28,2025-04-30
PO004195,S001,P0012,W002,2025-08-18,903,2025-08-31,2025-08-31
PO004196,S015,P0057,W008,2025-04-06,30,2025-04-13,2025-04-13
PO004197,S013,P0045,W007,2025-06-17,271,2025-06-22,2025-06-27
PO004198,S021,P0011,W002,2025-06-05,875,2025-06-19,2025-06-19
PO004199,S003,P0013,W002,2025-04-15,254,2025-04-27,2025-04-29
PO004200,S002,P0031,W005,2025-07-12,667,2025-07-25,2025-07-25
PO004201,S003,P0077,W005,2025-11-26,273,2025-12-08,2025-12-08
PO004202,S009,P0026,W003,2025-05-12,585,2025-05-18,2025-05-21
PO004203,S016,P0063,W005,2025-12-21,497,2026-01-01,2026-01-01
PO004204,S024,P0031,W002,2025-05-18,148,2025-05-29,2025-05-30
PO004205,S013,P0022,W006,2025-11-27,757,2025-12-02,2025-12-03
PO004206,S019,P0006,W004,2025-09-27,551,2025-10-03,2025-10-03
PO004207,S018,P0020,W002,2025-02-07,119,2025-02-11,2025-02-13
PO004208,S021,P0085,W003,2025-02-14,309,2025-02-28,2025-02-28
PO004209,S012,P0010,W004,2025-06-12,588,2025-06-19,2025-06-20
PO004210,S012,P0083,W005,2025-11-27,245,2025-12-04,2025-12-11
PO004211,S001,P0035,W004,2025-09-10,672,2025-09-23,2025-09-28
PO004212,S020,P0026,W006,2025-06-18,144,2025-06-29,2025-07-01
PO004213,S008,P0071,W003,2025-10-12,457,2025-10-21,2025-10-21
PO004214,S017,P0037,W005,2025-10-01,840,2025-10-10,2025-10-11
PO004215,S021,P0008,W001,2025-01-20,583,2025-02-03,2025-02-04
PO004216,S020,P0005,W002,2025-08-27,665,2025-09-07,2025-09-07
PO004217,S022,P0044,W007,2025-09-27,823,2025-10-01,2025-10-01
PO004218,S007,P0100,W006,2025-11-06,684,2025-11-20,2025-11-20
PO004219,S009,P0092,W006,2025-01-31,366,2025-02-06,2025-02-06
PO004220,S017,P0067,W007,2025-11-10,717,2025-11-19,2025-11-24
PO004221,S010,P0072,W002,2025-04-14,770,2025-04-25,2025-04-25
PO004222,S004,P0079,W003,2025-06-19,202,2025-07-03,2025-07-03
PO004223,S022,P0091,W003,2025-07-05,370,2025-07-09,2025-07-09
PO004224,S007,P0049,W006,2025-05-08,534,2025-05-22,2025-05-25
PO004225,S007,P0036,W002,2025-07-29,815,2025-08-12,2025-08-17
PO004226,S008,P0080,W004,2025-10-08,397,2025-10-17,2025-10-17
PO004227,S024,P0026,W001,2025-09-10,727,2025-09-21,2025-09-23
PO004228,S024,P0045,W001,2025-01-19,484,2025-01-30,2025-01-30
PO004229,S008,P0061,W003,2025-07-19,697,2025-07-28,2025-07-28
PO004230,S016,P0044,W008,2025-08-08,821,2025-08-19,2025-08-21
PO004231,S012,P0004,W003,2025-05-16,359,2025-05-23,2025-05-23
PO004232,S015,P0076,W004,2025-08-11,160,2025-08-18,2025-08-18
PO004233,S008,P0081,W003,2025-01-03,130,2025-01-12,2025-01-12
PO004234,S022,P0058,W001,2025-08-24,280,2025-08-28,2025-08-28
PO004235,S009,P0026,W008,2025-12-08,915,2025-12-14,2025-12-14
PO004236,S003,P0095,W002,2025-08-16,207,2025-08-28,2025-08-28
PO004237,S022,P0079,W006,2025-05-22,875,2025-05-26,2025-05-26
PO004238,S021,P0098,W001,2025-01-09,390,2025-01-23,2025-01-23
PO004239,S016,P0029,W004,2025-07-09,377,2025-07-20,2025-07-20
PO004240,S015,P0009,W002,2025-12-16,292,2025-12-23,2025-12-23
PO004241,S024,P0078,W002,2025-06-14,716,2025-06-25,2025-06-30
PO004242,S004,P0036,W006,2025-05-19,818,2025-06-02,2025-06-02
PO004243,S020,P0004,W001,2025-10-03,623,2025-10-14,2025-10-21
PO004244,S016,P0059,W007,2025-10-18,468,2025-10-29,2025-10-29
PO004245,S010,P0037,W002,2025-02-22,725,2025-03-05,2025-03-06
PO004246,S011,P0088,W002,2025-06-24,436,2025-06-29,2025-06-29
PO004247,S005,P0081,W003,2025-04-20,891,2025-05-04,2025-05-05
PO004248,S011,P0013,W002,2025-07-22,880,2025-07-27,2025-07-27
PO004249,S013,P0020,W004,2025-05-16,407,2025-05-21,2025-05-21
PO004250,S015,P0017,W002,2025-01-04,357,2025-01-11,2025-01-11
PO004251,S006,P0051,W003,2025-06-04,330,2025-06-09,2025-06-09
PO004252,S016,P0091,W005,2025-06-21,939,2025-07-02,2025-07-03
PO004253,S015,P0055,W005,2025-12-24,947,2025-12-31,2026-01-05
PO004254,S011,P0033,W004,2025-02-16,348,2025-02-21,2025-02-21
PO004255,S020,P0021,W006,2025-04-04,66,2025-04-15,2025-04-20
PO004256,S002,P0081,W006,2025-02-17,675,2025-03-02,2025-03-02
PO004257,S002,P0022,W007,2025-08-28,168,2025-09-10,2025-09-11
PO004258,S012,P0025,W007,2025-12-13,369,2025-12-20,2025-12-25
PO004259,S016,P0067,W004,2025-08-01,342,2025-08-12,2025-08-12
PO004260,S019,P0091,W008,2025-12-06,884,2025-12-12,2025-12-12
PO004261,S002,P0091,W002,2025-11-20,946,2025-12-03,2025-12-03
PO004262,S017,P0012,W002,2025-05-19,139,2025-05-28,2025-05-28
PO004263,S014,P0015,W008,2025-07-24,417,2025-08-02,2025-08-04
PO004264,S024,P0084,W005,2025-03-14,665,2025-03-25,2025-03-26
PO004265,S016,P0086,W005,2025-01-04,216,2025-01-15,2025-01-22
PO004266,S005,P0002,W001,2025-03-17,432,2025-03-31,2025-03-31
PO004267,S010,P0004,W005,2025-11-25,458,2025-12-06,2025-12-06
PO004268,S017,P0045,W008,2025-03-18,56,2025-03-27,2025-03-27
PO004269,S013,P0013,W007,2025-10-31,206,2025-11-05,2025-11-10
PO004270,S016,P0055,W005,2025-09-13,439,2025-09-24,2025-09-24
PO004271,S009,P0032,W004,2025-04-12,744,2025-04-18,2025-04-25
PO004272,S024,P0022,W001,2025-04-16,479,2025-04-27,2025-04-27
PO004273,S004,P0089,W006,2025-11-29,129,2025-12-13,2025-12-13
PO004274,S024,P0091,W001,2025-02-08,206,2025-02-19,2025-02-19
PO004275,S016,P0055,W008,2025-11-10,490,2025-11-21,2025-11-24
PO004276,S023,P0017,W002,2025-10-02,97,2025-10-14,2025-10-14
PO004277,S011,P0070,W002,2025-03-29,979,2025-04-03,2025-04-04
PO004278,S007,P0051,W001,2025-07-30,958,2025-08-13,2025-08-13
PO004279,S017,P0080,W001,2025-03-18,393,2025-03-27,2025-03-27
PO004280,S022,P0008,W002,2025-03-18,829,2025-03-22,2025-03-22
PO004281,S013,P0061,W007,2025-01-28,349,2025-02-02,2025-02-04
PO004282,S004,P0097,W008,2025-09-02,144,2025-09-16,2025-09-16
PO004283,S014,P0010,W004,2025-03-07,335,2025-03-16,2025-03-19
PO004284,S010,P0098,W004,2025-09-23,977,2025-10-04,2025-10-04
PO004285,S010,P0019,W004,2025-07-24,339,2025-08-04,2025-08-04
PO004286,S010,P0014,W004,2025-02-27,494,2025-03-10,2025-03-10
PO004287,S012,P0067,W002,2025-07-20,508,2025-07-27,2025-07-27
PO004288,S002,P0055,W008,2025-08-13,845,2025-08-26,2025-08-27
PO004289,S023,P0061,W007,2025-05-22,533,2025-06-03,2025-06-05
PO004290,S009,P0056,W003,2025-03-25,353,2025-03-31,2025-03-31
PO004291,S005,P0063,W005,2025-05-23,90,2025-06-06,2025-06-11
PO004292,S008,P0087,W005,2025-12-18,484,2025-12-27,2025-12-27
PO004293,S021,P0011,W005,2025-02-02,395,2025-02-16,2025-02-19
PO004294,S014,P0047,W005,2025-06-01,743,2025-06-10,2025-06-10
PO004295,S007,P0006,W002,2025-06-07,27,2025-06-21,2025-06-21
PO004296,S007,P0034,W003,2025-05-21,715,2025-06-04,2025-06-04
PO004297,S009,P0065,W002,2025-09-08,999,2025-09-14,2025-09-14
PO004298,S003,P0099,W003,2025-10-30,183,2025-11-11,2025-11-18
PO004299,S014,P0089,W002,2025-04-22,984,2025-05-01,2025-05-01
PO004300,S017,P0064,W007,2025-05-24,800,2025-06-02,2025-06-02
PO004301,S018,P0093,W001,2025-07-28,314,2025-08-01,2025-08-01
PO004302,S012,P0087,W003,2025-08-12,377,2025-08-19,2025-08-19
PO004303,S022,P0082,W005,2025-02-12,100,2025-02-16,2025-02-16
PO004304,S014,P0078,W003,2025-09-21,793,2025-09-30,2025-09-30
PO004305,S013,P0081,W006,2025-09-01,294,2025-09-06,2025-09-06
PO004306,S014,P0066,W004,2025-01-03,940,2025-01-12,2025-01-12
PO004307,S009,P0031,W003,2025-05-05,918,2025-05-11,2025-05-11
PO004308,S019,P0083,W006,2025-09-25,636,2025-10-01,2025-10-01
PO004309,S002,P0096,W004,2025-03-25,840,2025-04-07,2025-04-08
PO004310,S011,P0062,W006,2025-01-16,559,2025-01-21,2025-01-23
PO004311,S017,P0054,W004,2025-11-30,941,2025-12-09,2025-12-11
PO004312,S002,P0092,W001,2025-02-28,66,2025-03-13,2025-03-20
PO004313,S019,P0008,W003,2025-06-26,411,2025-07-02,2025-07-05
PO004314,S007,P0042,W006,2025-03-04,844,2025-03-18,2025-03-18
PO004315,S018,P0041,W007,2025-02-18,586,2025-02-22,2025-02-22
PO004316,S013,P0059,W001,2025-11-03,98,2025-11-08,2025-11-13
PO004317,S005,P0040,W005,2025-09-03,532,2025-09-17,2025-09-17
PO004318,S018,P0022,W003,2025-10-16,699,2025-10-20,2025-10-20
PO004319,S023,P0024,W002,2025-10-13,42,2025-10-25,2025-10-25
PO004320,S024,P0038,W002,2025-11-28,247,2025-12-09,2025-12-16
PO004321,S024,P0002,W002,2025-01-15,457,2025-01-26,2025-01-29
PO004322,S016,P0041,W007,2025-12-04,317,2025-12-15,2025-12-15
PO004323,S015,P0019,W006,2025-09-12,995,2025-09-19,2025-09-24
PO004324,S008,P0002,W006,2025-04-02,965,2025-04-11,2025-04-18
PO004325,S015,P0092,W004,2025-10-06,279,2025-10-13,2025-10-13
PO004326,S025,P0096,W002,2025-07-25,795,2025-08-06,2025-08-09
PO004327,S001,P0062,W005,2025-04-04,695,2025-04-17,2025-04-20
PO004328,S017,P0083,W006,2025-08-13,29,2025-08-22,2025-08-22
PO004329,S015,P0016,W007,2025-10-28,647,2025-11-04,2025-11-05
PO004330,S014,P0094,W003,2025-11-14,177,2025-11-23,2025-11-23
PO004331,S014,P0022,W006,2025-07-18,887,2025-07-27,2025-07-28
PO004332,S010,P0014,W003,2025-09-28,803,2025-10-09,2025-10-14
PO004333,S002,P0056,W007,2025-08-22,177,2025-09-04,2025-09-04
PO004334,S006,P0065,W006,2025-02-15,339,2025-02-20,2025-02-20
PO004335,S017,P0045,W008,2025-03-05,895,2025-03-14,2025-03-19
PO004336,S005,P0054,W004,2025-08-18,221,2025-09-01,2025-09-08
PO004337,S005,P0066,W004,2025-09-06,140,2025-09-20,2025-09-20
PO004338,S015,P0086,W004,2025-09-03,158,2025-09-10,2025-09-15
PO004339,S015,P0046,W005,2025-03-16,693,2025-03-23,2025-03-23
PO004340,S020,P0033,W006,2025-06-06,739,2025-06-17,2025-06-17
PO004341,S011,P0079,W003,2025-08-11,586,2025-08-16,2025-08-18
PO004342,S005,P0050,W007,2025-07-09,358,2025-07-23,2025-07-25
PO004343,S001,P0022,W006,2025-02-21,279,2025-03-06,2025-03-07
PO004344,S011,P0040,W007,2025-03-29,452,2025-04-03,2025-04-03
PO004345,S011,P0039,W001,2025-11-09,63,2025-11-14,2025-11-14
PO004346,S006,P0041,W004,2025-12-05,178,2025-12-10,2025-12-15
PO004347,S023,P0075,W002,2025-03-07,835,2025-03-19,2025-03-19
PO004348,S008,P0068,W007,2025-05-30,374,2025-06-08,2025-06-08
PO004349,S002,P0007,W001,2025-01-20,117,2025-02-02,2025-02-05
PO004350,S015,P0085,W007,2025-02-02,557,2025-02-09,2025-02-09
PO004351,S023,P0071,W001,2025-11-24,890,2025-12-06,2025-12-06
PO004352,S022,P0004,W007,2025-10-08,729,2025-10-12,2025-10-12
PO004353,S009,P0076,W004,2025-02-15,628,2025-02-21,2025-02-24
PO004354,S015,P0091,W002,2025-03-14,258,2025-03-21,2025-03-28
PO004355,S008,P0059,W008,2025-12-20,494,2025-12-29,2025-12-29
PO004356,S016,P0081,W004,2025-11-09,543,2025-11-20,2025-11-20
PO004357,S014,P0084,W007,2025-12-09,576,2025-12-18,2025-12-18
PO004358,S015,P0095,W004,2025-05-13,411,2025-05-20,2025-05-23
PO004359,S020,P0026,W002,2025-02-24,28,2025-03-07,2025-03-07
PO004360,S013,P0031,W001,2025-03-02,532,2025-03-07,2025-03-08
PO004361,S009,P0099,W001,2025-12-11,408,2025-12-17,2025-12-17
PO004362,S001,P0073,W007,2025-01-08,858,2025-01-21,2025-01-21
PO004363,S006,P0069,W006,2025-09-29,229,2025-10-04,2025-10-07
PO004364,S008,P0052,W002,2025-09-03,73,2025-09-12,2025-09-12
PO004365,S020,P0072,W001,2025-06-25,635,2025-07-06,2025-07-09
PO004366,S018,P0021,W005,2025-04-26,171,2025-04-30,2025-04-30
PO004367,S018,P0016,W004,2025-11-13,429,2025-11-17,2025-11-17
PO004368,S017,P0051,W007,2025-09-28,29,2025-10-07,2025-10-07
PO004369,S021,P0016,W005,2025-07-12,976,2025-07-26,2025-07-26
PO004370,S016,P0018,W005,2025-05-30,571,2025-06-10,2025-06-10
PO004371,S013,P0047,W006,2025-05-11,575,2025-05-16,2025-05-18
PO004372,S022,P0056,W006,2025-04-12,899,2025-04-16,2025-04-16
PO004373,S004,P0028,W006,2025-11-06,287,2025-11-20,2025-11-23
PO004374,S004,P0082,W005,2025-09-27,809,2025-10-11,2025-10-11
PO004375,S021,P0078,W003,2025-10-19,686,2025-11-02,2025-11-02
PO004376,S014,P0056,W008,2025-07-29,470,2025-08-07,2025-08-07
PO004377,S005,P0037,W003,2025-12-27,613,2026-01-10,2026-01-13
PO004378,S016,P0016,W005,2025-12-04,216,2025-12-15,2025-12-15
PO004379,S014,P0085,W004,2025-03-08,417,2025-03-17,2025-03-17
PO004380,S014,P0065,W007,2025-01-10,940,2025-01-19,2025-01-19
PO004381,S014,P0060,W005,2025-02-18,71,2025-02-27,2025-02-27
PO004382,S025,P0061,W007,2025-04-21,754,2025-05-03,2025-05-03
PO004383,S024,P0011,W005,2025-11-17,488,2025-11-28,2025-11-28
PO004384,S025,P0075,W006,2025-08-07,387,2025-08-19,2025-08-19
PO004385,S014,P0066,W007,2025-02-26,393,2025-03-07,2025-03-07
PO004386,S019,P0032,W006,2025-10-10,78,2025-10-16,2025-10-18
PO004387,S003,P0019,W006,2025-04-23,313,2025-05-05,2025-05-07
PO004388,S017,P0056,W008,2025-05-13,807,2025-05-22,2025-05-23
PO004389,S014,P0005,W008,2025-03-12,865,2025-03-21,2025-03-21
PO004390,S010,P0003,W003,2025-03-24,807,2025-04-04,2025-04-04
PO004391,S013,P0028,W005,2025-02-26,971,2025-03-03,2025-03-06
PO004392,S022,P0090,W004,2025-12-15,888,2025-12-19,2025-12-19
PO004393,S004,P0087,W004,2025-09-28,129,2025-10-12,2025-10-12
PO004394,S011,P0094,W006,2025-04-21,561,2025-04-26,2025-05-01
PO004395,S015,P0072,W006,2025-12-23,126,2025-12-30,2026-01-06
PO004396,S015,P0100,W005,2025-03-17,316,2025-03-24,2025-03-27
PO004397,S024,P0029,W008,2025-06-07,871,2025-06-18,2025-06-25
PO004398,S002,P0077,W004,2025-01-20,858,2025-02-02,2025-02-05
PO004399,S011,P0059,W005,2025-05-11,850,2025-05-16,2025-05-17
PO004400,S002,P0025,W008,2025-11-25,984,2025-12-08,2025-12-08
PO004401,S023,P0022,W007,2025-05-02,114,2025-05-14,2025-05-19
PO004402,S005,P0097,W003,2025-02-10,816,2025-02-24,2025-02-27
PO004403,S013,P0071,W005,2025-06-16,738,2025-06-21,2025-06-21
PO004404,S001,P0023,W006,2025-05-10,864,2025-05-23,2025-05-23
PO004405,S007,P0070,W001,2025-01-23,703,2025-02-06,2025-02-06
PO004406,S007,P0079,W003,2025-10-06,491,2025-10-20,2025-10-25
PO004407,S010,P0079,W004,2025-09-08,98,2025-09-19,2025-09-19
PO004408,S006,P0040,W004,2025-01-09,269,2025-01-14,2025-01-14
PO004409,S020,P0098,W006,2025-01-13,749,2025-01-24,2025-01-24
PO004410,S012,P0014,W006,2025-11-03,358,2025-11-10,2025-11-17
PO004411,S013,P0029,W003,2025-11-16,76,2025-11-21,2025-11-21
PO004412,S024,P0016,W006,2025-02-21,939,2025-03-04,2025-03-04
PO004413,S011,P0093,W001,2025-07-28,166,2025-08-02,2025-08-02
PO004414,S018,P0087,W003,2025-02-07,765,2025-02-11,2025-02-11
PO004415,S002,P0010,W008,2025-04-10,36,2025-04-23,2025-04-23
PO004416,S016,P0047,W008,2025-07-12,387,2025-07-23,2025-07-23
PO004417,S002,P0004,W008,2025-07-10,728,2025-07-23,2025-07-23
PO004418,S019,P0012,W006,2025-02-20,208,2025-02-26,2025-02-26
PO004419,S006,P0042,W007,2025-05-21,663,2025-05-26,2025-05-26
PO004420,S001,P0098,W002,2025-06-17,267,2025-06-30,2025-06-30
PO004421,S011,P0004,W001,2025-11-07,169,2025-11-12,2025-11-17
PO004422,S018,P0084,W003,2025-04-19,733,2025-04-23,2025-04-23
PO004423,S010,P0092,W002,2025-07-26,232,2025-08-06,2025-08-06
PO004424,S018,P0092,W008,2025-10-27,236,2025-10-31,2025-10-31
PO004425,S001,P0006,W008,2025-04-20,25,2025-05-03,2025-05-03
PO004426,S019,P0014,W005,2025-07-15,689,2025-07-21,2025-07-21
PO004427,S016,P0035,W001,2025-06-01,880,2025-06-12,2025-06-12
PO004428,S007,P0047,W005,2025-08-31,606,2025-09-14,2025-09-15
PO004429,S015,P0058,W008,2025-05-08,414,2025-05-15,2025-05-15
PO004430,S001,P0065,W002,2025-04-15,782,2025-04-28,2025-04-28
PO004431,S023,P0019,W004,2025-01-10,323,2025-01-22,2025-01-27
PO004432,S021,P0057,W008,2025-12-22,577,2026-01-05,2026-01-05
PO004433,S009,P0065,W004,2025-05-28,430,2025-06-03,2025-06-05
PO004434,S002,P0013,W006,2025-12-31,422,2026-01-13,2026-01-13
PO004435,S017,P0008,W004,2025-12-30,873,2026-01-08,2026-01-08
PO004436,S025,P0018,W005,2025-05-20,879,2025-06-01,2025-06-01
PO004437,S024,P0035,W001,2025-07-09,846,2025-07-20,2025-07-20
PO004438,S010,P0087,W005,2025-04-04,399,2025-04-15,2025-04-20
PO004439,S006,P0026,W005,2025-08-17,471,2025-08-22,2025-08-22
PO004440,S005,P0038,W008,2025-03-04,248,2025-03-18,2025-03-18
PO004441,S008,P0084,W008,2025-12-06,713,2025-12-15,2025-12-15
PO004442,S008,P0066,W004,2025-01-25,524,2025-02-03,2025-02-03
PO004443,S005,P0026,W005,2025-09-25,614,2025-10-09,2025-10-10
PO004444,S012,P0057,W002,2025-10-08,164,2025-10-15,2025-10-15
PO004445,S007,P0100,W003,2025-01-11,69,2025-01-25,2025-01-26
PO004446,S013,P0025,W003,2025-11-16,443,2025-11-21,2025-11-23
PO004447,S013,P0030,W003,2025-07-20,119,2025-07-25,2025-07-25
PO004448,S017,P0082,W006,2025-05-06,362,2025-05-15,2025-05-15
PO004449,S004,P0007,W008,2025-11-02,901,2025-11-16,2025-11-16
PO004450,S018,P0027,W007,2025-07-09,751,2025-07-13,2025-07-13
PO004451,S010,P0011,W007,2025-03-30,670,2025-04-10,2025-04-10
PO004452,S003,P0008,W004,2025-12-21,909,2026-01-02,2026-01-09
PO004453,S012,P0011,W007,2025-04-26,545,2025-05-03,2025-05-03
PO004454,S001,P0088,W004,2025-12-18,32,2025-12-31,2025-12-31
PO004455,S011,P0030,W003,2025-06-26,875,2025-07-01,2025-07-01
PO004456,S018,P0094,W008,2025-01-14,781,2025-01-18,2025-01-18
PO004457,S013,P0015,W001,2025-09-14,867,2025-09-19,2025-09-19
PO004458,S017,P0056,W006,2025-07-28,943,2025-08-06,2025-08-06
PO004459,S008,P0035,W003,2025-10-08,191,2025-10-17,2025-10-17
PO004460,S020,P0039,W008,2025-11-24,508,2025-12-05,2025-12-05
PO004461,S019,P0024,W005,2025-11-21,850,2025-11-27,2025-11-28
PO004462,S017,P0008,W008,2025-04-15,378,2025-04-24,2025-04-29
PO004463,S002,P0043,W007,2025-05-27,125,2025-06-09,2025-06-09
PO004464,S003,P0042,W003,2025-10-06,208,2025-10-18,2025-10-21
PO004465,S003,P0084,W007,2025-01-09,548,2025-01-21,2025-01-21
PO004466,S006,P0041,W003,2025-04-28,69,2025-05-03,2025-05-05
PO004467,S010,P0047,W007,2025-04-04,268,2025-04-15,2025-04-15
PO004468,S024,P0026,W001,2025-05-24,429,2025-06-04,2025-06-07
PO004469,S022,P0052,W004,2025-10-16,410,2025-10-20,2025-10-23
PO004470,S018,P0088,W008,2025-01-14,398,2025-01-18,2025-01-20
PO004471,S018,P0022,W007,2025-09-14,246,2025-09-18,2025-09-20
PO004472,S014,P0005,W004,2025-12-12,610,2025-12-21,2025-12-21
PO004473,S016,P0015,W005,2025-07-05,803,2025-07-16,2025-07-16
PO004474,S007,P0036,W003,2025-12-11,232,2025-12-25,2025-12-25
PO004475,S001,P0063,W002,2025-07-26,548,2025-08-08,2025-08-08
PO004476,S017,P0093,W005,2025-12-12,365,2025-12-21,2025-12-21
PO004477,S023,P0079,W007,2025-06-21,438,2025-07-03,2025-07-03
PO004478,S025,P0091,W004,2025-09-27,782,2025-10-09,2025-10-10
PO004479,S005,P0049,W001,2025-08-09,871,2025-08-23,2025-08-23
PO004480,S001,P0055,W007,2025-06-01,103,2025-06-14,2025-06-14
PO004481,S021,P0072,W004,2025-04-21,938,2025-05-05,2025-05-06
PO004482,S017,P0060,W004,2025-07-02,216,2025-07-11,2025-07-11
PO004483,S010,P0057,W007,2025-12-05,796,2025-12-16,2025-12-16
PO004484,S012,P0029,W001,2025-03-13,549,2025-03-20,2025-03-27
PO004485,S025,P0019,W003,2025-10-10,240,2025-10-22,2025-10-25
PO004486,S020,P0095,W003,2025-03-15,862,2025-03-26,2025-03-26
PO004487,S025,P0073,W007,2025-12-21,766,2026-01-02,2026-01-02
PO004488,S002,P0010,W007,2025-08-03,195,2025-08-16,2025-08-16
PO004489,S023,P0010,W007,2025-11-24,603,2025-12-06,2025-12-06
PO004490,S016,P0097,W004,2025-01-23,622,2025-02-03,2025-02-03
PO004491,S015,P0089,W007,2025-03-09,341,2025-03-16,2025-03-21
PO004492,S013,P0057,W005,2025-12-28,554,2026-01-02,2026-01-07
PO004493,S018,P0054,W002,2025-04-03,744,2025-04-07,2025-04-09
PO004494,S020,P0056,W007,2025-11-17,413,2025-11-28,2025-11-28
PO004495,S022,P0068,W005,2025-11-20,825,2025-11-24,2025-11-24
PO004496,S014,P0069,W006,2025-03-04,659,2025-03-13,2025-03-13
PO004497,S018,P0087,W005,2025-08-12,590,2025-08-16,2025-08-16
PO004498,S002,P0055,W004,2025-08-13,343,2025-08-26,2025-08-26
PO004499,S002,P0069,W004,2025-12-12,104,2025-12-25,2025-12-26
PO004500,S003,P0072,W002,2025-12-03,760,2025-12-15,2025-12-16
PO004501,S005,P0081,W002,2025-04-13,906,2025-04-27,2025-04-29
PO004502,S025,P0001,W002,2025-08-03,446,2025-08-15,2025-08-15
PO004503,S016,P0012,W004,2025-07-11,287,2025-07-22,2025-07-24
PO004504,S022,P0035,W004,2025-06-09,131,2025-06-13,2025-06-13
PO004505,S015,P0078,W005,2025-07-26,647,2025-08-02,2025-08-03
PO004506,S012,P0082,W004,2025-09-26,968,2025-10-03,2025-10-03
PO004507,S009,P0074,W006,2025-07-13,769,2025-07-19,2025-07-19
PO004508,S014,P0079,W003,2025-06-01,417,2025-06-10,2025-06-10
PO004509,S021,P0033,W003,2025-08-25,71,2025-09-08,2025-09-08
PO004510,S016,P0083,W002,2025-03-29,103,2025-04-09,2025-04-16
PO004511,S011,P0098,W004,2025-01-11,642,2025-01-16,2025-01-16
PO004512,S006,P0025,W006,2025-07-06,731,2025-07-11,2025-07-16
PO004513,S010,P0016,W008,2025-08-02,750,2025-08-13,2025-08-13
PO004514,S008,P0008,W003,2025-01-15,760,2025-01-24,2025-01-24
PO004515,S016,P0035,W005,2025-09-23,848,2025-10-04,2025-10-04
PO004516,S003,P0085,W008,2025-10-24,444,2025-11-05,2025-11-05
PO004517,S002,P0083,W001,2025-03-14,40,2025-03-27,2025-03-27
PO004518,S016,P0046,W007,2025-02-21,707,2025-03-04,2025-03-04
PO004519,S019,P0011,W005,2025-05-08,75,2025-05-14,2025-05-16
PO004520,S009,P0061,W001,2025-01-28,310,2025-02-03,2025-02-03
PO004521,S016,P0044,W006,2025-03-06,831,2025-03-17,2025-03-17
PO004522,S022,P0011,W005,2025-01-17,826,2025-01-21,2025-01-21
PO004523,S004,P0011,W003,2025-12-17,674,2025-12-31,2026-01-01
PO004524,S010,P0022,W004,2025-05-18,927,2025-05-29,2025-05-30
PO004525,S019,P0085,W001,2025-11-15,392,2025-11-21,2025-11-21
PO004526,S013,P0091,W004,2025-08-17,757,2025-08-22,2025-08-22
PO004527,S018,P0082,W006,2025-09-11,27,2025-09-15,2025-09-15
PO004528,S015,P0062,W007,2025-07-29,143,2025-08-05,2025-08-10
PO004529,S004,P0048,W007,2025-10-21,777,2025-11-04,2025-11-04
PO004530,S009,P0094,W004,2025-08-19,120,2025-08-25,2025-08-27
PO004531,S004,P0063,W003,2025-08-29,854,2025-09-12,2025-09-12
PO004532,S016,P0051,W006,2025-03-11,881,2025-03-22,2025-03-22
PO004533,S021,P0045,W008,2025-04-14,112,2025-04-28,2025-05-05
PO004534,S015,P0033,W007,2025-07-23,404,2025-07-30,2025-07-30
PO004535,S024,P0085,W002,2025-02-22,785,2025-03-05,2025-03-08
PO004536,S002,P0060,W002,2025-11-26,99,2025-12-09,2025-12-09
PO004537,S014,P0002,W001,2025-02-23,317,2025-03-04,2025-03-04
PO004538,S003,P0013,W003,2025-10-03,50,2025-10-15,2025-10-16
PO004539,S022,P0066,W004,2025-12-01,397,2025-12-05,2025-12-10
PO004540,S023,P0057,W005,2025-01-31,349,2025-02-12,2025-02-15
PO004541,S004,P0043,W008,2025-05-15,945,2025-05-29,2025-05-29
PO004542,S001,P0045,W005,2025-02-27,318,2025-03-12,2025-03-12
PO004543,S023,P0031,W006,2025-04-15,301,2025-04-27,2025-04-27
PO004544,S009,P0010,W001,2025-09-23,31,2025-09-29,2025-09-29
PO004545,S017,P0023,W001,2025-01-10,658,2025-01-19,2025-01-19
PO004546,S014,P0086,W001,2025-09-10,891,2025-09-19,2025-09-19
PO004547,S017,P0029,W003,2025-10-22,718,2025-10-31,2025-11-02
PO004548,S001,P0097,W005,2025-06-05,88,2025-06-18,2025-06-19
PO004549,S010,P0031,W006,2025-06-07,860,2025-06-18,2025-06-21
PO004550,S023,P0078,W008,2025-02-06,542,2025-02-18,2025-02-23
PO004551,S016,P0074,W003,2025-04-29,834,2025-05-10,2025-05-10
PO004552,S025,P0018,W006,2025-03-08,42,2025-03-20,2025-03-23
PO004553,S019,P0011,W003,2025-08-30,356,2025-09-05,2025-09-06
PO004554,S024,P0047,W008,2025-10-26,446,2025-11-06,2025-11-11
PO004555,S025,P0003,W008,2025-08-01,864,2025-08-13,2025-08-13
PO004556,S003,P0002,W004,2025-11-04,228,2025-11-16,2025-11-16
PO004557,S012,P0054,W003,2025-04-11,234,2025-04-18,2025-04-19
PO004558,S003,P0072,W003,2025-02-25,654,2025-03-09,2025-03-14
PO004559,S015,P0031,W008,2025-11-28,442,2025-12-05,2025-12-07
PO004560,S017,P0008,W004,2025-11-20,92,2025-11-29,2025-11-30
PO004561,S018,P0043,W002,2025-08-27,741,2025-08-31,2025-08-31
PO004562,S007,P0048,W004,2025-08-19,842,2025-09-02,2025-09-03
PO004563,S019,P0002,W001,2025-12-28,805,2026-01-03,2026-01-05
PO004564,S007,P0022,W007,2025-04-02,625,2025-04-16,2025-04-18
PO004565,S005,P0005,W002,2025-10-06,957,2025-10-20,2025-10-21
PO004566,S008,P0007,W007,2025-04-19,767,2025-04-28,2025-04-28
PO004567,S021,P0020,W008,2025-11-13,685,2025-11-27,2025-11-28
PO004568,S016,P0092,W005,2025-06-17,293,2025-06-28,2025-06-28
PO004569,S016,P0077,W008,2025-10-27,744,2025-11-07,2025-11-14
PO004570,S019,P0002,W007,2025-08-06,659,2025-08-12,2025-08-12
PO004571,S025,P0032,W006,2025-08-10,252,2025-08-22,2025-08-22
PO004572,S015,P0090,W003,2025-06-10,60,2025-06-17,2025-06-24
PO004573,S007,P0003,W002,2025-01-16,957,2025-01-30,2025-01-30
PO004574,S005,P0041,W005,2025-10-05,308,2025-10-19,2025-10-19
PO004575,S023,P0042,W004,2025-02-26,574,2025-03-10,2025-03-11
PO004576,S011,P0077,W004,2025-03-03,289,2025-03-08,2025-03-08
PO004577,S010,P0085,W001,2025-12-29,458,2026-01-09,2026-01-09
PO004578,S025,P0045,W007,2025-11-23,333,2025-12-05,2025-12-08
PO004579,S021,P0087,W001,2025-08-30,529,2025-09-13,2025-09-13
PO004580,S023,P0071,W008,2025-03-31,413,2025-04-12,2025-04-12
PO004581,S009,P0017,W002,2025-03-13,47,2025-03-19,2025-03-19
PO004582,S001,P0092,W008,2025-11-22,289,2025-12-05,2025-12-05
PO004583,S020,P0047,W007,2025-01-30,486,2025-02-10,2025-02-10
PO004584,S001,P0094,W006,2025-12-25,941,2026-01-07,2026-01-07
PO004585,S008,P0069,W003,2025-10-15,93,2025-10-24,2025-10-27
PO004586,S003,P0024,W004,2025-03-27,676,2025-04-08,2025-04-08
PO004587,S002,P0071,W008,2025-08-22,693,2025-09-04,2025-09-04
PO004588,S004,P0034,W002,2025-08-23,265,2025-09-06,2025-09-06
PO004589,S019,P0050,W007,2025-11-09,801,2025-11-15,2025-11-15
PO004590,S011,P0042,W002,2025-12-31,429,2026-01-05,2026-01-05
PO004591,S005,P0033,W006,2025-09-22,517,2025-10-06,2025-10-06
PO004592,S024,P0027,W007,2025-10-14,437,2025-10-25,2025-10-30
PO004593,S010,P0078,W002,2025-11-23,230,2025-12-04,2025-12-04
PO004594,S024,P0059,W001,2025-09-26,811,2025-10-07,2025-10-07
PO004595,S023,P0019,W006,2025-07-05,242,2025-07-17,2025-07-19
PO004596,S008,P0076,W004,2025-05-11,379,2025-05-20,2025-05-20
PO004597,S013,P0003,W007,2025-10-18,601,2025-10-23,2025-10-23
PO004598,S005,P0071,W008,2025-10-04,39,2025-10-18,2025-10-18
PO004599,S012,P0099,W001,2025-11-16,442,2025-11-23,2025-11-28
PO004600,S013,P0025,W001,2025-12-17,140,2025-12-22,2025-12-27
PO004601,S022,P0015,W006,2025-06-29,192,2025-07-03,2025-07-03
PO004602,S008,P0083,W008,2025-10-17,53,2025-10-26,2025-10-26
PO004603,S015,P0060,W006,2025-06-12,937,2025-06-19,2025-06-19
PO004604,S013,P0083,W002,2025-09-28,90,2025-10-03,2025-10-04
PO004605,S001,P0023,W008,2025-04-06,564,2025-04-19,2025-04-19
PO004606,S022,P0011,W005,2025-09-19,793,2025-09-23,2025-09-23
PO004607,S006,P0059,W005,2025-12-31,803,2026-01-05,2026-01-07
PO004608,S011,P0085,W005,2025-12-19,987,2025-12-24,2025-12-24
PO004609,S013,P0034,W007,2025-10-15,640,2025-10-20,2025-10-20
PO004610,S021,P0007,W007,2025-03-24,554,2025-04-07,2025-04-10
PO004611,S020,P0044,W002,2025-08-13,677,2025-08-24,2025-08-26
PO004612,S001,P0091,W003,2025-08-11,33,2025-08-24,2025-08-25
PO004613,S011,P0064,W007,2025-04-28,325,2025-05-03,2025-05-08
PO004614,S011,P0023,W004,2025-07-11,848,2025-07-16,2025-07-16
PO004615,S008,P0058,W002,2025-03-20,567,2025-03-29,2025-03-29
PO004616,S022,P0020,W002,2025-03-19,290,2025-03-23,2025-03-23
PO004617,S003,P0027,W008,2025-05-27,792,2025-06-08,2025-06-08
PO004618,S019,P0060,W001,2025-04-17,72,2025-04-23,2025-04-23
PO004619,S012,P0008,W008,2025-09-28,513,2025-10-05,2025-10-05
PO004620,S006,P0067,W005,2025-09-01,579,2025-09-06,2025-09-06
PO004621,S023,P0002,W006,2025-03-14,482,2025-03-26,2025-03-26
PO004622,S008,P0022,W002,2025-12-23,542,2026-01-01,2026-01-01
PO004623,S005,P0070,W003,2025-12-20,789,2026-01-03,2026-01-03
PO004624,S010,P0036,W007,2025-01-26,874,2025-02-06,2025-02-07
PO004625,S022,P0024,W004,2025-07-29,811,2025-08-02,2025-08-02
PO004626,S016,P0012,W003,2025-04-02,741,2025-04-13,2025-04-13
PO004627,S012,P0081,W002,2025-05-05,343,2025-05-12,2025-05-19
PO004628,S017,P0022,W002,2025-03-14,866,2025-03-23,2025-03-24
PO004629,S006,P0083,W001,2025-05-03,543,2025-05-08,2025-05-08
PO004630,S009,P0073,W003,2025-11-05,462,2025-11-11,2025-11-11
PO004631,S010,P0076,W001,2025-07-03,270,2025-07-14,2025-07-14
PO004632,S020,P0096,W006,2025-07-06,854,2025-07-17,2025-07-17
PO004633,S014,P0095,W003,2025-07-17,179,2025-07-26,2025-07-26
PO004634,S014,P0081,W005,2025-03-19,55,2025-03-28,2025-03-28
PO004635,S017,P0023,W006,2025-12-14,680,2025-12-23,2025-12-23
PO004636,S025,P0074,W005,2025-07-05,899,2025-07-17,2025-07-17
PO004637,S016,P0063,W003,2025-12-10,217,2025-12-21,2025-12-21
PO004638,S004,P0030,W001,2025-09-10,469,2025-09-24,2025-09-24
PO004639,S002,P0019,W005,2025-01-13,397,2025-01-26,2025-01-31
PO004640,S016,P0026,W002,2025-10-26,265,2025-11-06,2025-11-06
PO004641,S001,P0090,W007,2025-03-17,412,2025-03-30,2025-03-30
PO004642,S003,P0011,W004,2025-02-20,223,2025-03-04,2025-03-04
PO004643,S023,P0020,W008,2025-10-02,63,2025-10-14,2025-10-14
PO004644,S011,P0056,W001,2025-05-29,334,2025-06-03,2025-06-03
PO004645,S016,P0045,W006,2025-08-07,427,2025-08-18,2025-08-18
PO004646,S018,P0068,W007,2025-05-02,914,2025-05-06,2025-05-06
PO004647,S015,P0047,W006,2025-07-30,850,2025-08-06,2025-08-08
PO004648,S009,P0076,W003,2025-10-07,225,2025-10-13,2025-10-13
PO004649,S012,P0089,W006,2025-01-26,260,2025-02-02,2025-02-02
PO004650,S018,P0058,W008,2025-06-22,60,2025-06-26,2025-07-01
PO004651,S005,P0010,W004,2025-06-05,607,2025-06-19,2025-06-19
PO004652,S024,P0022,W004,2025-08-26,733,2025-09-06,2025-09-06
PO004653,S008,P0071,W002,2025-03-23,382,2025-04-01,2025-04-01
PO004654,S003,P0024,W006,2025-12-22,917,2026-01-03,2026-01-03
PO004655,S002,P0066,W001,2025-09-30,114,2025-10-13,2025-10-13
PO004656,S025,P0096,W004,2025-03-09,559,2025-03-21,2025-03-21
PO004657,S019,P0085,W001,2025-02-13,163,2025-02-19,2025-02-19
PO004658,S008,P0061,W002,2025-03-02,78,2025-03-11,2025-03-11
PO004659,S002,P0007,W003,2025-05-03,660,2025-05-16,2025-05-16
PO004660,S019,P0072,W004,2025-12-15,873,2025-12-21,2025-12-23
PO004661,S001,P0038,W008,2025-07-15,528,2025-07-28,2025-07-30
PO004662,S022,P0021,W008,2025-11-26,532,2025-11-30,2025-11-30
PO004663,S013,P0008,W004,2025-11-19,818,2025-11-24,2025-12-01
PO004664,S023,P0089,W004,2025-04-21,41,2025-05-03,2025-05-04
PO004665,S020,P0028,W006,2025-09-15,757,2025-09-26,2025-09-27
PO004666,S017,P0092,W008,2025-03-30,223,2025-04-08,2025-04-08
PO004667,S003,P0054,W008,2025-07-17,718,2025-07-29,2025-08-01
PO004668,S009,P0031,W001,2025-10-09,906,2025-10-15,2025-10-20
PO004669,S005,P0100,W007,2025-07-19,490,2025-08-02,2025-08-02
PO004670,S006,P0089,W004,2025-04-09,303,2025-04-14,2025-04-15
PO004671,S004,P0041,W001,2025-01-27,391,2025-02-10,2025-02-11
PO004672,S017,P0037,W006,2025-03-30,517,2025-04-08,2025-04-08
PO004673,S021,P0038,W005,2025-05-26,351,2025-06-09,2025-06-09
PO004674,S021,P0051,W008,2025-07-01,46,2025-07-15,2025-07-15
PO004675,S021,P0076,W005,2025-09-14,874,2025-09-28,2025-09-28
PO004676,S016,P0037,W001,2025-07-08,148,2025-07-19,2025-07-19
PO004677,S016,P0031,W006,2025-08-28,399,2025-09-08,2025-09-08
PO004678,S022,P0062,W005,2025-12-25,526,2025-12-29,2025-12-29
PO004679,S011,P0018,W002,2025-07-15,894,2025-07-20,2025-07-25
PO004680,S002,P0090,W002,2025-10-24,917,2025-11-06,2025-11-06
PO004681,S017,P0006,W005,2025-06-14,114,2025-06-23,2025-06-23
PO004682,S015,P0009,W008,2025-11-03,597,2025-11-10,2025-11-10
PO004683,S018,P0011,W003,2025-09-28,196,2025-10-02,2025-10-05
PO004684,S010,P0095,W001,2025-01-08,492,2025-01-19,2025-01-19
PO004685,S006,P0002,W005,2025-02-07,505,2025-02-12,2025-02-13
PO004686,S021,P0029,W001,2025-04-24,294,2025-05-08,2025-05-08
PO004687,S016,P0051,W007,2025-12-05,687,2025-12-16,2025-12-16
PO004688,S005,P0069,W007,2025-02-25,985,2025-03-11,2025-03-11
PO004689,S012,P0023,W006,2025-12-25,442,2026-01-01,2026-01-01
PO004690,S006,P0100,W007,2025-05-18,550,2025-05-23,2025-05-25
PO004691,S014,P0007,W007,2025-04-12,914,2025-04-21,2025-04-21
PO004692,S023,P0056,W005,2025-11-30,903,2025-12-12,2025-12-12
PO004693,S016,P0077,W002,2025-06-26,339,2025-07-07,2025-07-09
PO004694,S025,P0062,W008,2025-06-18,77,2025-06-30,2025-06-30
PO004695,S007,P0074,W006,2025-12-05,292,2025-12-19,2025-12-19
PO004696,S002,P0100,W007,2025-10-13,217,2025-10-26,2025-10-31
PO004697,S006,P0080,W003,2025-09-18,98,2025-09-23,2025-09-23
PO004698,S009,P0015,W001,2025-08-11,60,2025-08-17,2025-08-20
PO004699,S007,P0053,W008,2025-07-18,757,2025-08-01,2025-08-03
PO004700,S002,P0043,W008,2025-07-30,792,2025-08-12,2025-08-12
PO004701,S019,P0083,W008,2025-10-14,264,2025-10-20,2025-10-20
PO004702,S008,P0085,W003,2025-06-29,42,2025-07-08,2025-07-08
PO004703,S011,P0035,W007,2025-09-07,728,2025-09-12,2025-09-12
PO004704,S025,P0079,W002,2025-08-19,255,2025-08-31,2025-09-01
PO004705,S004,P0014,W007,2025-01-23,145,2025-02-06,2025-02-06
PO004706,S016,P0093,W008,2025-02-17,797,2025-02-28,2025-02-28
PO004707,S025,P0069,W004,2025-04-19,855,2025-05-01,2025-05-01
PO004708,S018,P0049,W004,2025-10-23,159,2025-10-27,2025-10-27
PO004709,S013,P0018,W001,2025-01-06,898,2025-01-11,2025-01-12
PO004710,S005,P0051,W006,2025-02-07,413,2025-02-21,2025-02-23
PO004711,S002,P0001,W002,2025-06-18,847,2025-07-01,2025-07-02
PO004712,S011,P0027,W007,2025-12-22,146,2025-12-27,2025-12-30
PO004713,S001,P0064,W001,2025-10-10,817,2025-10-23,2025-10-23
PO004714,S013,P0060,W006,2025-07-22,133,2025-07-27,2025-07-27
PO004715,S005,P0091,W001,2025-11-21,939,2025-12-05,2025-12-05
PO004716,S018,P0089,W001,2025-11-09,856,2025-11-13,2025-11-20
PO004717,S014,P0041,W003,2025-09-30,544,2025-10-09,2025-10-09
PO004718,S013,P0021,W005,2025-09-01,247,2025-09-06,2025-09-11
PO004719,S007,P0014,W002,2025-11-23,540,2025-12-07,2025-12-09
PO004720,S008,P0020,W003,2025-02-16,165,2025-02-25,2025-02-26
PO004721,S018,P0092,W006,2025-09-06,182,2025-09-10,2025-09-10
PO004722,S007,P0085,W005,2025-03-20,754,2025-04-03,2025-04-03
PO004723,S020,P0087,W001,2025-04-20,747,2025-05-01,2025-05-01
PO004724,S017,P0011,W004,2025-01-13,919,2025-01-22,2025-01-22
PO004725,S016,P0066,W007,2025-12-31,188,2026-01-11,2026-01-16
PO004726,S011,P0084,W003,2025-03-31,557,2025-04-05,2025-04-07
PO004727,S019,P0024,W008,2025-12-08,144,2025-12-14,2025-12-16
PO004728,S001,P0089,W002,2025-12-14,319,2025-12-27,2025-12-27
PO004729,S021,P0037,W002,2025-10-07,269,2025-10-21,2025-10-21
PO004730,S008,P0086,W005,2025-08-09,957,2025-08-18,2025-08-19
PO004731,S001,P0024,W003,2025-03-14,541,2025-03-27,2025-03-27
PO004732,S009,P0015,W001,2025-08-22,124,2025-08-28,2025-08-31
PO004733,S019,P0012,W008,2025-09-17,637,2025-09-23,2025-09-25
PO004734,S021,P0095,W005,2025-04-23,988,2025-05-07,2025-05-07
PO004735,S009,P0064,W006,2025-02-15,532,2025-02-21,2025-02-21
PO004736,S021,P0031,W002,2025-10-01,713,2025-10-15,2025-10-16
PO004737,S025,P0053,W008,2025-02-12,931,2025-02-24,2025-02-24
PO004738,S010,P0094,W006,2025-07-27,525,2025-08-07,2025-08-07
PO004739,S024,P0084,W008,2025-12-15,321,2025-12-26,2025-12-26
PO004740,S023,P0072,W003,2025-04-13,672,2025-04-25,2025-04-25
PO004741,S011,P0044,W004,2025-05-04,249,2025-05-09,2025-05-11
PO004742,S001,P0030,W008,2025-01-10,83,2025-01-23,2025-01-23
PO004743,S020,P0035,W008,2025-11-25,609,2025-12-06,2025-12-08
PO004744,S025,P0021,W006,2025-07-06,251,2025-07-18,2025-07-18
PO004745,S008,P0063,W007,2025-01-31,618,2025-02-09,2025-02-14
PO004746,S020,P0092,W001,2025-06-05,202,2025-06-16,2025-06-23
PO004747,S012,P0017,W007,2025-03-01,338,2025-03-08,2025-03-09
PO004748,S001,P0012,W002,2025-09-06,677,2025-09-19,2025-09-19
PO004749,S010,P0018,W007,2025-09-27,848,2025-10-08,2025-10-08
PO004750,S004,P0092,W003,2025-08-05,111,2025-08-19,2025-08-19
PO004751,S015,P0060,W008,2025-01-02,654,2025-01-09,2025-01-09
PO004752,S019,P0067,W004,2025-01-24,807,2025-01-30,2025-01-30
PO004753,S006,P0015,W002,2025-07-25,980,2025-07-30,2025-08-01
PO004754,S005,P0016,W004,2025-11-16,83,2025-11-30,2025-11-30
PO004755,S005,P0022,W002,2025-07-18,863,2025-08-01,2025-08-01
PO004756,S018,P0095,W005,2025-12-22,238,2025-12-26,2025-12-26
PO004757,S003,P0063,W007,2025-04-24,723,2025-05-06,2025-05-11
PO004758,S022,P0031,W005,2025-10-07,638,2025-10-11,2025-10-11
PO004759,S002,P0001,W005,2025-06-04,928,2025-06-17,2025-06-17
PO004760,S004,P0075,W003,2025-06-14,266,2025-06-28,2025-07-03
PO004761,S018,P0006,W008,2025-08-10,983,2025-08-14,2025-08-14
PO004762,S009,P0087,W005,2025-04-01,492,2025-04-07,2025-04-08
PO004763,S019,P0009,W003,2025-06-16,985,2025-06-22,2025-06-22
PO004764,S010,P0052,W001,2025-07-26,76,2025-08-06,2025-08-06
PO004765,S022,P0080,W005,2025-10-09,64,2025-10-13,2025-10-13
PO004766,S015,P0062,W003,2025-03-06,907,2025-03-13,2025-03-16
PO004767,S001,P0058,W008,2025-01-04,105,2025-01-17,2025-01-17
PO004768,S011,P0019,W002,2025-06-06,57,2025-06-11,2025-06-11
PO004769,S014,P0013,W003,2025-09-06,201,2025-09-15,2025-09-15
PO004770,S010,P0032,W006,2025-09-14,183,2025-09-25,2025-09-25
PO004771,S019,P0100,W003,2025-08-23,776,2025-08-29,2025-08-29
PO004772,S024,P0009,W007,2025-11-02,854,2025-11-13,2025-11-18
PO004773,S021,P0049,W006,2025-03-15,908,2025-03-29,2025-04-03
PO004774,S016,P0037,W002,2025-07-06,145,2025-07-17,2025-07-17
PO004775,S008,P0031,W008,2025-03-03,226,2025-03-12,2025-03-12
PO004776,S002,P0031,W007,2025-12-03,286,2025-12-16,2025-12-16
PO004777,S023,P0059,W003,2025-06-13,373,2025-06-25,2025-06-30
PO004778,S025,P0055,W007,2025-02-25,430,2025-03-09,2025-03-09
PO004779,S007,P0019,W008,2025-04-21,618,2025-05-05,2025-05-05
PO004780,S019,P0063,W002,2025-08-06,676,2025-08-12,2025-08-14
PO004781,S007,P0002,W007,2025-08-28,141,2025-09-11,2025-09-11
PO004782,S015,P0045,W006,2025-01-21,527,2025-01-28,2025-01-28
PO004783,S008,P0096,W004,2025-05-21,629,2025-05-30,2025-05-30
PO004784,S014,P0043,W005,2025-09-22,488,2025-10-01,2025-10-01
PO004785,S001,P0098,W006,2025-05-19,820,2025-06-01,2025-06-02
PO004786,S013,P0001,W008,2025-03-11,152,2025-03-16,2025-03-16
PO004787,S003,P0085,W001,2025-04-28,398,2025-05-10,2025-05-10
PO004788,S021,P0061,W003,2025-07-17,868,2025-07-31,2025-07-31
PO004789,S006,P0003,W007,2025-07-24,337,2025-07-29,2025-07-30
PO004790,S019,P0091,W002,2025-08-02,596,2025-08-08,2025-08-11
PO004791,S015,P0044,W005,2025-02-25,730,2025-03-04,2025-03-04
PO004792,S004,P0007,W008,2025-10-14,144,2025-10-28,2025-10-28
PO004793,S021,P0033,W007,2025-10-20,470,2025-11-03,2025-11-03
PO004794,S003,P0009,W003,2025-06-24,877,2025-07-06,2025-07-06
PO004795,S004,P0030,W005,2025-12-13,739,2025-12-27,2025-12-27
PO004796,S005,P0018,W004,2025-05-08,227,2025-05-22,2025-05-22
PO004797,S018,P0056,W003,2025-11-21,319,2025-11-25,2025-12-02
PO004798,S025,P0090,W007,2025-10-19,508,2025-10-31,2025-10-31
PO004799,S010,P0084,W002,2025-10-15,652,2025-10-26,2025-10-26
PO004800,S008,P0031,W004,2025-08-14,161,2025-08-23,2025-08-25
PO004801,S012,P0072,W003,2025-03-05,493,2025-03-12,2025-03-12
PO004802,S022,P0063,W005,2025-02-17,878,2025-02-21,2025-02-21
PO004803,S003,P0087,W007,2025-07-21,588,2025-08-02,2025-08-02
PO004804,S018,P0050,W004,2025-12-03,323,2025-12-07,2025-12-07
PO004805,S023,P0089,W002,2025-03-01,676,2025-03-13,2025-03-18
PO004806,S008,P0001,W003,2025-09-14,575,2025-09-23,2025-09-23
PO004807,S001,P0082,W005,2025-03-06,663,2025-03-19,2025-03-19
PO004808,S014,P0019,W007,2025-08-27,612,2025-09-05,2025-09-10
PO004809,S022,P0064,W005,2025-10-16,884,2025-10-20,2025-10-20
PO004810,S023,P0053,W008,2025-02-07,49,2025-02-19,2025-02-19
PO004811,S013,P0006,W006,2025-01-25,396,2025-01-30,2025-01-30
PO004812,S025,P0017,W004,2025-02-28,360,2025-03-12,2025-03-19
PO004813,S012,P0046,W007,2025-12-23,228,2025-12-30,2025-12-30
PO004814,S003,P0072,W003,2025-10-24,990,2025-11-05,2025-11-05
PO004815,S018,P0073,W006,2025-06-07,262,2025-06-11,2025-06-11
PO004816,S021,P0055,W005,2025-02-26,714,2025-03-12,2025-03-19
PO004817,S013,P0091,W004,2025-02-17,177,2025-02-22,2025-02-24
PO004818,S015,P0100,W001,2025-11-24,165,2025-12-01,2025-12-01
PO004819,S010,P0006,W007,2025-02-25,359,2025-03-08,2025-03-10
PO004820,S001,P0070,W005,2025-03-06,885,2025-03-19,2025-03-22
PO004821,S006,P0068,W004,2025-09-25,764,2025-09-30,2025-10-01
PO004822,S009,P0086,W001,2025-03-10,111,2025-03-16,2025-03-17
PO004823,S010,P0040,W007,2025-08-04,348,2025-08-15,2025-08-15
PO004824,S015,P0091,W004,2025-03-30,191,2025-04-06,2025-04-06
PO004825,S009,P0066,W005,2025-10-08,721,2025-10-14,2025-10-15
PO004826,S023,P0009,W001,2025-09-14,50,2025-09-26,2025-09-26
PO004827,S014,P0011,W008,2025-06-09,640,2025-06-18,2025-06-18
PO004828,S011,P0020,W007,2025-08-22,291,2025-08-27,2025-08-27
PO004829,S007,P0043,W004,2025-05-11,114,2025-05-25,2025-05-28
PO004830,S024,P0058,W003,2025-02-18,96,2025-03-01,2025-03-02
PO004831,S002,P0078,W001,2025-05-27,170,2025-06-09,2025-06-09
PO004832,S014,P0026,W004,2025-11-12,161,2025-11-21,2025-11-23
PO004833,S006,P0038,W003,2025-01-02,250,2025-01-07,2025-01-08
PO004834,S005,P0094,W008,2025-11-25,789,2025-12-09,2025-12-14
PO004835,S005,P0036,W001,2025-05-25,927,2025-06-08,2025-06-08
PO004836,S019,P0099,W004,2025-03-02,973,2025-03-08,2025-03-08
PO004837,S019,P0055,W005,2025-09-30,147,2025-10-06,2025-10-07
PO004838,S006,P0006,W001,2025-02-18,879,2025-02-23,2025-02-23
PO004839,S010,P0003,W001,2025-11-28,755,2025-12-09,2025-12-09
PO004840,S023,P0065,W007,2025-05-11,715,2025-05-23,2025-05-23
PO004841,S014,P0064,W003,2025-02-12,516,2025-02-21,2025-02-23
PO004842,S017,P0058,W006,2025-02-26,299,2025-03-07,2025-03-07
PO004843,S003,P0058,W007,2025-02-19,824,2025-03-03,2025-03-03
PO004844,S001,P0018,W006,2025-06-27,560,2025-07-10,2025-07-10
PO004845,S010,P0023,W004,2025-10-20,829,2025-10-31,2025-10-31
PO004846,S003,P0096,W005,2025-02-15,549,2025-02-27,2025-03-04
PO004847,S005,P0029,W003,2025-06-19,150,2025-07-03,2025-07-03
PO004848,S025,P0023,W001,2025-09-28,480,2025-10-10,2025-10-10
PO004849,S019,P0036,W006,2025-12-02,288,2025-12-08,2025-12-08
PO004850,S010,P0070,W003,2025-05-19,637,2025-05-30,2025-05-30
PO004851,S025,P0081,W003,2025-09-04,688,2025-09-16,2025-09-21
PO004852,S016,P0082,W007,2025-05-28,981,2025-06-08,2025-06-15
PO004853,S001,P0095,W003,2025-08-18,590,2025-08-31,2025-08-31
PO004854,S006,P0006,W001,2025-10-07,623,2025-10-12,2025-10-12
PO004855,S009,P0034,W007,2025-05-05,963,2025-05-11,2025-05-11
PO004856,S005,P0044,W002,2025-07-11,279,2025-07-25,2025-07-25
PO004857,S014,P0044,W003,2025-03-21,70,2025-03-30,2025-03-30
PO004858,S010,P0027,W002,2025-04-04,152,2025-04-15,2025-04-15
PO004859,S002,P0100,W006,2025-08-14,698,2025-08-27,2025-08-29
PO004860,S005,P0052,W005,2025-03-06,828,2025-03-20,2025-03-21
PO004861,S001,P0042,W007,2025-03-29,24,2025-04-11,2025-04-11
PO004862,S025,P0025,W006,2025-03-29,667,2025-04-10,2025-04-12
PO004863,S010,P0074,W007,2025-07-20,757,2025-07-31,2025-08-03
PO004864,S025,P0039,W005,2025-08-02,521,2025-08-14,2025-08-14
PO004865,S022,P0039,W005,2025-07-23,203,2025-07-27,2025-08-01
PO004866,S009,P0012,W007,2025-03-30,428,2025-04-05,2025-04-07
PO004867,S003,P0011,W006,2025-03-02,110,2025-03-14,2025-03-14
PO004868,S015,P0003,W004,2025-09-28,455,2025-10-05,2025-10-10
PO004869,S004,P0022,W008,2025-04-04,839,2025-04-18,2025-04-18
PO004870,S013,P0004,W001,2025-11-03,922,2025-11-08,2025-11-08
PO004871,S006,P0008,W002,2025-01-27,208,2025-02-01,2025-02-01
PO004872,S020,P0014,W004,2025-08-02,499,2025-08-13,2025-08-16
PO004873,S017,P0084,W002,2025-03-15,834,2025-03-24,2025-03-24
PO004874,S023,P0088,W007,2025-03-02,402,2025-03-14,2025-03-14
PO004875,S005,P0014,W001,2025-07-05,869,2025-07-19,2025-07-19
PO004876,S015,P0092,W007,2025-01-31,341,2025-02-07,2025-02-07
PO004877,S008,P0016,W003,2025-08-07,462,2025-08-16,2025-08-17
PO004878,S025,P0032,W007,2025-01-12,509,2025-01-24,2025-01-24
PO004879,S005,P0064,W006,2025-10-29,152,2025-11-12,2025-11-12
PO004880,S024,P0076,W004,2025-02-01,703,2025-02-12,2025-02-15
PO004881,S013,P0016,W007,2025-06-09,445,2025-06-14,2025-06-15
PO004882,S001,P0052,W001,2025-08-25,269,2025-09-07,2025-09-10
PO004883,S001,P0019,W006,2025-08-15,80,2025-08-28,2025-08-28
PO004884,S007,P0069,W004,2025-06-30,978,2025-07-14,2025-07-14
PO004885,S022,P0012,W007,2025-11-13,581,2025-11-17,2025-11-18
PO004886,S005,P0093,W005,2025-02-15,441,2025-03-01,2025-03-01
PO004887,S014,P0005,W007,2025-12-07,495,2025-12-16,2025-12-18
PO004888,S015,P0042,W008,2025-03-21,242,2025-03-28,2025-03-28
PO004889,S021,P0017,W004,2025-05-15,457,2025-05-29,2025-05-29
PO004890,S025,P0072,W003,2025-09-17,703,2025-09-29,2025-09-29
PO004891,S017,P0094,W003,2025-11-04,939,2025-11-13,2025-11-13
PO004892,S024,P0010,W002,2025-09-04,403,2025-09-15,2025-09-15
PO004893,S018,P0084,W008,2025-06-08,338,2025-06-12,2025-06-12
PO004894,S007,P0016,W004,2025-07-22,244,2025-08-05,2025-08-06
PO004895,S022,P0016,W007,2025-04-22,442,2025-04-26,2025-04-26
PO004896,S018,P0042,W005,2025-10-19,927,2025-10-23,2025-10-23
PO004897,S019,P0003,W007,2025-11-06,210,2025-11-12,2025-11-12
PO004898,S020,P0023,W003,2025-04-29,890,2025-05-10,2025-05-10
PO004899,S007,P0086,W008,2025-01-17,796,2025-01-31,2025-01-31
PO004900,S008,P0028,W002,2025-11-27,775,2025-12-06,2025-12-09
PO004901,S013,P0045,W007,2025-08-15,98,2025-08-20,2025-08-20
PO004902,S018,P0100,W005,2025-12-27,874,2025-12-31,2025-12-31
PO004903,S024,P0068,W005,2025-04-27,384,2025-05-08,2025-05-08
PO004904,S011,P0024,W007,2025-02-12,41,2025-02-17,2025-02-18
PO004905,S009,P0019,W005,2025-04-25,567,2025-05-01,2025-05-01
PO004906,S023,P0075,W001,2025-10-10,349,2025-10-22,2025-10-22
PO004907,S001,P0040,W003,2025-02-06,175,2025-02-19,2025-02-19
PO004908,S022,P0046,W001,2025-10-29,75,2025-11-02,2025-11-02
PO004909,S008,P0040,W001,2025-04-23,886,2025-05-02,2025-05-02
PO004910,S021,P0062,W003,2025-02-04,267,2025-02-18,2025-02-18
PO004911,S012,P0018,W004,2025-05-12,944,2025-05-19,2025-05-19
PO004912,S002,P0012,W006,2025-12-02,280,2025-12-15,2025-12-15
PO004913,S015,P0014,W002,2025-12-02,791,2025-12-09,2025-12-09
PO004914,S021,P0082,W008,2025-08-16,454,2025-08-30,2025-08-30
PO004915,S024,P0061,W007,2025-05-27,546,2025-06-07,2025-06-07
PO004916,S018,P0012,W008,2025-05-02,497,2025-05-06,2025-05-06
PO004917,S017,P0027,W006,2025-03-22,719,2025-03-31,2025-03-31
PO004918,S015,P0006,W006,2025-06-22,557,2025-06-29,2025-07-02
PO004919,S020,P0088,W006,2025-06-03,554,2025-06-14,2025-06-14
PO004920,S020,P0033,W006,2025-05-30,400,2025-06-10,2025-06-10
PO004921,S009,P0080,W003,2025-02-27,122,2025-03-05,2025-03-06
PO004922,S003,P0050,W006,2025-03-04,48,2025-03-16,2025-03-16
PO004923,S020,P0012,W002,2025-06-05,873,2025-06-16,2025-06-16
PO004924,S019,P0095,W007,2025-12-22,502,2025-12-28,2025-12-28
PO004925,S018,P0057,W004,2025-11-18,76,2025-11-22,2025-11-22
PO004926,S020,P0053,W003,2025-06-17,81,2025-06-28,2025-06-28
PO004927,S008,P0013,W006,2025-06-15,974,2025-06-24,2025-06-24
PO004928,S001,P0072,W005,2025-03-26,67,2025-04-08,2025-04-08
PO004929,S024,P0003,W007,2025-05-17,386,2025-05-28,2025-06-02
PO004930,S024,P0064,W003,2025-07-08,997,2025-07-19,2025-07-22
PO004931,S015,P0084,W004,2025-01-02,566,2025-01-09,2025-01-16
PO004932,S019,P0058,W006,2025-04-16,577,2025-04-22,2025-04-22
PO004933,S010,P0004,W001,2025-12-30,564,2026-01-10,2026-01-13
PO004934,S012,P0045,W003,2025-03-13,346,2025-03-20,2025-03-22
PO004935,S006,P0066,W007,2025-05-06,757,2025-05-11,2025-05-16
PO004936,S013,P0036,W007,2025-06-19,285,2025-06-24,2025-06-24
PO004937,S004,P0023,W005,2025-07-24,747,2025-08-07,2025-08-09
PO004938,S013,P0019,W007,2025-11-09,748,2025-11-14,2025-11-14
PO004939,S017,P0040,W003,2025-12-03,195,2025-12-12,2025-12-12
PO004940,S001,P0072,W001,2025-07-14,63,2025-07-27,2025-07-27
PO004941,S005,P0016,W003,2025-06-07,238,2025-06-21,2025-06-26
PO004942,S024,P0058,W005,2025-05-21,145,2025-06-01,2025-06-01
PO004943,S017,P0018,W004,2025-10-02,901,2025-10-11,2025-10-11
PO004944,S018,P0036,W005,2025-01-07,985,2025-01-11,2025-01-16
PO004945,S007,P0024,W004,2025-02-23,398,2025-03-09,2025-03-09
PO004946,S016,P0001,W005,2025-04-14,338,2025-04-25,2025-04-28
PO004947,S008,P0001,W002,2025-12-08,324,2025-12-17,2025-12-19
PO004948,S012,P0064,W003,2025-12-04,219,2025-12-11,2025-12-11
PO004949,S014,P0062,W008,2025-03-02,104,2025-03-11,2025-03-11
PO004950,S019,P0036,W007,2025-03-28,60,2025-04-03,2025-04-03
PO004951,S011,P0075,W003,2025-09-15,742,2025-09-20,2025-09-27
PO004952,S012,P0018,W001,2025-06-27,885,2025-07-04,2025-07-07
PO004953,S013,P0016,W002,2025-08-30,570,2025-09-04,2025-09-04
PO004954,S008,P0017,W001,2025-07-22,382,2025-07-31,2025-07-31
PO004955,S001,P0024,W003,2025-01-31,938,2025-02-13,2025-02-13
PO004956,S009,P0098,W001,2025-10-16,288,2025-10-22,2025-10-23
PO004957,S002,P0068,W004,2025-03-21,381,2025-04-03,2025-04-03
PO004958,S014,P0099,W002,2025-01-11,386,2025-01-20,2025-01-20
PO004959,S013,P0079,W007,2025-09-11,200,2025-09-16,2025-09-17
PO004960,S016,P0002,W005,2025-10-14,250,2025-10-25,2025-10-25
PO004961,S002,P0095,W004,2025-06-25,89,2025-07-08,2025-07-08
PO004962,S004,P0073,W006,2025-05-06,844,2025-05-20,2025-05-22
PO004963,S012,P0010,W005,2025-02-16,607,2025-02-23,2025-02-23
PO004964,S016,P0053,W001,2025-07-25,982,2025-08-05,2025-08-05
PO004965,S010,P0089,W003,2025-04-17,963,2025-04-28,2025-04-29
PO004966,S003,P0051,W004,2025-10-02,807,2025-10-14,2025-10-14
PO004967,S004,P0069,W002,2025-12-03,508,2025-12-17,2025-12-17
PO004968,S006,P0014,W005,2025-05-03,253,2025-05-08,2025-05-11
PO004969,S023,P0066,W006,2025-05-14,849,2025-05-26,2025-05-26
PO004970,S005,P0082,W004,2025-04-17,448,2025-05-01,2025-05-02
PO004971,S018,P0093,W007,2025-11-01,850,2025-11-05,2025-11-05
PO004972,S003,P0053,W007,2025-11-25,667,2025-12-07,2025-12-07
PO004973,S010,P0084,W003,2025-02-19,685,2025-03-02,2025-03-02
PO004974,S011,P0064,W002,2025-12-03,313,2025-12-08,2025-12-08
PO004975,S019,P0072,W002,2025-04-05,367,2025-04-11,2025-04-12
PO004976,S014,P0049,W005,2025-09-25,118,2025-10-04,2025-10-04
PO004977,S021,P0090,W004,2025-01-23,895,2025-02-06,2025-02-06
PO004978,S011,P0062,W004,2025-02-23,380,2025-02-28,2025-03-02
PO004979,S021,P0037,W008,2025-09-11,956,2025-09-25,2025-09-25
PO004980,S004,P0049,W002,2025-08-23,894,2025-09-06,2025-09-07
PO004981,S024,P0068,W007,2025-02-28,377,2025-03-11,2025-03-11
PO004982,S022,P0033,W008,2025-06-13,149,2025-06-17,2025-06-17
PO004983,S006,P0022,W001,2025-09-16,538,2025-09-21,2025-09-21
PO004984,S017,P0070,W002,2025-11-10,402,2025-11-19,2025-11-19
PO004985,S022,P0033,W003,2025-08-04,636,2025-08-08,2025-08-08
PO004986,S019,P0028,W004,2025-07-02,940,2025-07-08,2025-07-08
PO004987,S013,P0088,W007,2025-02-26,838,2025-03-03,2025-03-03
PO004988,S022,P0004,W005,2025-05-25,581,2025-05-29,2025-05-30
PO004989,S010,P0066,W008,2025-03-31,755,2025-04-11,2025-04-11
PO004990,S011,P0077,W004,2025-11-07,83,2025-11-12,2025-11-14
PO004991,S006,P0049,W007,2025-02-14,415,2025-02-19,2025-02-19
PO004992,S002,P0011,W002,2025-09-14,200,2025-09-27,2025-09-27
PO004993,S001,P0035,W003,2025-01-21,606,2025-02-03,2025-02-03
PO004994,S011,P0039,W001,2025-01-21,797,2025-01-26,2025-01-26
PO004995,S016,P0010,W007,2025-02-21,208,2025-03-04,2025-03-09
PO004996,S003,P0074,W007,2025-12-04,202,2025-12-16,2025-12-19
PO004997,S005,P0072,W004,2025-06-20,886,2025-07-04,2025-07-04
PO004998,S015,P0069,W002,2025-03-08,511,2025-03-15,2025-03-15
PO004999,S015,P0023,W006,2025-04-23,599,2025-04-30,2025-05-07
PO005000,S004,P0034,W002,2025-10-27,189,2025-11-10,2025-11-11
PO005001,S023,P0032,W002,2025-06-09,341,2025-06-21,2025-06-21
PO005002,S004,P0016,W003,2025-09-23,191,2025-10-07,2025-10-07
PO005003,S008,P0068,W008,2025-11-16,303,2025-11-25,2025-11-25
PO005004,S007,P0054,W008,2025-08-20,638,2025-09-03,2025-09-04
PO005005,S025,P0028,W002,2025-11-21,385,2025-12-03,2025-12-05
PO005006,S017,P0060,W007,2025-03-09,130,2025-03-18,2025-03-18
PO005007,S015,P0078,W002,2025-01-28,97,2025-02-04,2025-02-04
PO005008,S005,P0076,W002,2025-04-26,717,2025-05-10,2025-05-15
PO005009,S013,P0060,W008,2025-02-20,272,2025-02-25,2025-02-28
PO005010,S004,P0085,W004,2025-06-30,255,2025-07-14,2025-07-14
PO005011,S022,P0080,W002,2025-09-17,112,2025-09-21,2025-09-21
PO005012,S017,P0044,W003,2025-03-20,661,2025-03-29,2025-03-29
PO005013,S022,P0002,W006,2025-09-30,714,2025-10-04,2025-10-04
PO005014,S017,P0023,W004,2025-04-18,53,2025-04-27,2025-04-27
PO005015,S014,P0093,W008,2025-03-15,500,2025-03-24,2025-03-24
PO005016,S014,P0046,W007,2025-06-24,423,2025-07-03,2025-07-08
PO005017,S017,P0073,W006,2025-07-03,834,2025-07-12,2025-07-15
PO005018,S008,P0054,W002,2025-01-23,241,2025-02-01,2025-02-01
PO005019,S002,P0071,W001,2025-10-01,905,2025-10-14,2025-10-17
PO005020,S013,P0093,W006,2025-05-09,915,2025-05-14,2025-05-15
PO005021,S022,P0081,W003,2025-10-18,509,2025-10-22,2025-10-22
PO005022,S016,P0009,W008,2025-11-16,813,2025-11-27,2025-11-30
PO005023,S016,P0070,W001,2025-07-05,359,2025-07-16,2025-07-16
PO005024,S006,P0044,W003,2025-02-28,532,2025-03-05,2025-03-08
PO005025,S022,P0084,W007,2025-01-01,980,2025-01-05,2025-01-05
PO005026,S024,P0074,W001,2025-05-11,628,2025-05-22,2025-05-22
PO005027,S004,P0073,W002,2025-03-08,618,2025-03-22,2025-03-22
PO005028,S003,P0012,W001,2025-10-20,862,2025-11-01,2025-11-01
PO005029,S006,P0097,W007,2025-10-12,271,2025-10-17,2025-10-17
PO005030,S004,P0032,W006,2025-03-30,383,2025-04-13,2025-04-18
PO005031,S018,P0034,W008,2025-04-10,546,2025-04-14,2025-04-14
PO005032,S006,P0083,W001,2025-07-08,161,2025-07-13,2025-07-13
PO005033,S005,P0033,W003,2025-12-12,330,2025-12-26,2025-12-26
PO005034,S009,P0064,W002,2025-08-29,404,2025-09-04,2025-09-07
PO005035,S011,P0048,W003,2025-09-27,820,2025-10-02,2025-10-02
PO005036,S006,P0016,W002,2025-08-07,601,2025-08-12,2025-08-12
PO005037,S016,P0050,W006,2025-06-25,331,2025-07-06,2025-07-08
PO005038,S019,P0023,W005,2025-12-07,298,2025-12-13,2025-12-18
PO005039,S011,P0026,W004,2025-08-21,585,2025-08-26,2025-08-27
PO005040,S021,P0054,W006,2025-05-31,365,2025-06-14,2025-06-14
PO005041,S015,P0044,W007,2025-10-04,406,2025-10-11,2025-10-11
PO005042,S024,P0037,W006,2025-08-17,321,2025-08-28,2025-08-30
PO005043,S009,P0009,W004,2025-06-20,783,2025-06-26,2025-07-01
PO005044,S024,P0094,W003,2025-08-11,526,2025-08-22,2025-08-29
PO005045,S019,P0013,W006,2025-08-01,266,2025-08-07,2025-08-07
PO005046,S025,P0060,W002,2025-10-09,665,2025-10-21,2025-10-23
PO005047,S019,P0080,W001,2025-02-10,507,2025-02-16,2025-02-16
PO005048,S024,P0002,W008,2025-05-02,775,2025-05-13,2025-05-13
PO005049,S009,P0095,W006,2025-08-15,940,2025-08-21,2025-08-21
PO005050,S023,P0060,W004,2025-10-21,258,2025-11-02,2025-11-09
PO005051,S004,P0057,W006,2025-03-29,548,2025-04-12,2025-04-12
PO005052,S010,P0043,W003,2025-09-24,943,2025-10-05,2025-10-05
PO005053,S009,P0019,W008,2025-01-29,947,2025-02-04,2025-02-09
PO005054,S019,P0011,W003,2025-09-04,368,2025-09-10,2025-09-10
PO005055,S015,P0078,W008,2025-11-12,810,2025-11-19,2025-11-19
PO005056,S019,P0047,W003,2025-09-01,764,2025-09-07,2025-09-08
PO005057,S002,P0089,W002,2025-03-02,931,2025-03-15,2025-03-16
PO005058,S010,P0063,W007,2025-05-27,371,2025-06-07,2025-06-07
PO005059,S019,P0007,W007,2025-06-23,173,2025-06-29,2025-07-04
PO005060,S017,P0079,W006,2025-10-05,529,2025-10-14,2025-10-14
PO005061,S020,P0094,W008,2025-11-30,948,2025-12-11,2025-12-16
PO005062,S024,P0031,W003,2025-05-22,205,2025-06-02,2025-06-04
PO005063,S021,P0088,W005,2025-02-13,963,2025-02-27,2025-02-27
PO005064,S002,P0055,W001,2025-05-24,614,2025-06-06,2025-06-08
PO005065,S019,P0025,W007,2025-12-19,586,2025-12-25,2025-12-25
PO005066,S017,P0072,W003,2025-11-29,444,2025-12-08,2025-12-08
PO005067,S018,P0030,W007,2025-02-24,81,2025-02-28,2025-03-05
PO005068,S017,P0036,W008,2025-11-03,420,2025-11-12,2025-11-12
PO005069,S002,P0050,W002,2025-12-24,889,2026-01-06,2026-01-06
PO005070,S019,P0014,W001,2025-06-10,78,2025-06-16,2025-06-16
PO005071,S001,P0029,W001,2025-10-12,161,2025-10-25,2025-10-25
PO005072,S011,P0027,W004,2025-11-21,485,2025-11-26,2025-11-29
PO005073,S025,P0050,W003,2025-07-17,168,2025-07-29,2025-08-03
PO005074,S010,P0036,W003,2025-06-08,466,2025-06-19,2025-06-19
PO005075,S005,P0034,W006,2025-03-21,193,2025-04-04,2025-04-04
PO005076,S016,P0021,W002,2025-01-31,330,2025-02-11,2025-02-11
PO005077,S024,P0038,W005,2025-04-22,81,2025-05-03,2025-05-03
PO005078,S005,P0075,W006,2025-02-15,186,2025-03-01,2025-03-01
PO005079,S024,P0097,W005,2025-12-19,701,2025-12-30,2025-12-30
PO005080,S023,P0079,W004,2025-07-24,835,2025-08-05,2025-08-05
PO005081,S012,P0076,W007,2025-02-21,122,2025-02-28,2025-02-28
PO005082,S004,P0088,W007,2025-05-18,47,2025-06-01,2025-06-06
PO005083,S023,P0050,W005,2025-03-15,615,2025-03-27,2025-03-28
PO005084,S006,P0037,W007,2025-02-10,527,2025-02-15,2025-02-16
PO005085,S019,P0075,W008,2025-03-18,153,2025-03-24,2025-03-24
PO005086,S009,P0019,W002,2025-07-06,78,2025-07-12,2025-07-15
PO005087,S012,P0001,W008,2025-02-21,109,2025-02-28,2025-03-05
PO005088,S015,P0081,W007,2025-03-28,89,2025-04-04,2025-04-09
PO005089,S016,P0040,W004,2025-04-19,954,2025-04-30,2025-04-30
PO005090,S013,P0055,W003,2025-08-13,204,2025-08-18,2025-08-18
PO005091,S025,P0080,W005,2025-09-05,457,2025-09-17,2025-09-17
PO005092,S021,P0026,W002,2025-03-10,591,2025-03-24,2025-03-24
PO005093,S024,P0043,W002,2025-04-30,493,2025-05-11,2025-05-18
PO005094,S007,P0059,W003,2025-03-08,676,2025-03-22,2025-03-22
PO005095,S025,P0051,W007,2025-03-02,187,2025-03-14,2025-03-14
PO005096,S023,P0015,W002,2025-11-23,597,2025-12-05,2025-12-05
PO005097,S020,P0008,W004,2025-07-10,902,2025-07-21,2025-07-21
PO005098,S004,P0094,W004,2025-07-08,143,2025-07-22,2025-07-27
PO005099,S011,P0014,W008,2025-05-31,232,2025-06-05,2025-06-05
PO005100,S008,P0097,W006,2025-10-13,201,2025-10-22,2025-10-22
PO005101,S006,P0007,W001,2025-04-06,90,2025-04-11,2025-04-11
PO005102,S025,P0018,W003,2025-11-08,575,2025-11-20,2025-11-20
PO005103,S010,P0012,W007,2025-11-05,871,2025-11-16,2025-11-18
PO005104,S007,P0002,W002,2025-09-20,214,2025-10-04,2025-10-06
PO005105,S007,P0050,W005,2025-04-07,588,2025-04-21,2025-04-21
PO005106,S004,P0093,W006,2025-04-23,311,2025-05-07,2025-05-12
PO005107,S003,P0021,W008,2025-05-05,76,2025-05-17,2025-05-17
PO005108,S024,P0007,W004,2025-05-12,908,2025-05-23,2025-05-24
PO005109,S007,P0091,W003,2025-05-01,702,2025-05-15,2025-05-20
PO005110,S004,P0012,W007,2025-07-16,319,2025-07-30,2025-07-31
PO005111,S013,P0084,W003,2025-10-21,337,2025-10-26,2025-10-26
PO005112,S020,P0057,W007,2025-05-02,390,2025-05-13,2025-05-13
PO005113,S017,P0078,W004,2025-10-09,102,2025-10-18,2025-10-19
PO005114,S007,P0074,W008,2025-09-17,848,2025-10-01,2025-10-08
PO005115,S017,P0023,W001,2025-02-08,113,2025-02-17,2025-02-17
PO005116,S004,P0030,W003,2025-02-23,286,2025-03-09,2025-03-09
PO005117,S011,P0058,W002,2025-06-10,864,2025-06-15,2025-06-15
PO005118,S003,P0095,W005,2025-10-16,395,2025-10-28,2025-10-29
PO005119,S011,P0052,W005,2025-07-19,180,2025-07-24,2025-07-24
PO005120,S003,P0056,W004,2025-10-03,633,2025-10-15,2025-10-18
PO005121,S012,P0010,W003,2025-01-16,521,2025-01-23,2025-01-26
PO005122,S001,P0019,W005,2025-06-22,396,2025-07-05,2025-07-05
PO005123,S004,P0019,W003,2025-09-05,131,2025-09-19,2025-09-19
PO005124,S014,P0087,W004,2025-08-06,597,2025-08-15,2025-08-16
PO005125,S001,P0059,W001,2025-03-28,641,2025-04-10,2025-04-10
PO005126,S014,P0044,W005,2025-03-23,651,2025-04-01,2025-04-01
PO005127,S013,P0059,W002,2025-03-03,298,2025-03-08,2025-03-08
PO005128,S013,P0096,W008,2025-10-14,773,2025-10-19,2025-10-19
PO005129,S024,P0084,W006,2025-02-11,452,2025-02-22,2025-02-22
PO005130,S015,P0004,W004,2025-01-12,679,2025-01-19,2025-01-22
PO005131,S017,P0097,W006,2025-11-17,261,2025-11-26,2025-11-28
PO005132,S012,P0065,W008,2025-08-22,241,2025-08-29,2025-09-05
PO005133,S022,P0013,W008,2025-11-25,802,2025-11-29,2025-11-29
PO005134,S023,P0067,W001,2025-05-11,981,2025-05-23,2025-05-23
PO005135,S014,P0012,W002,2025-04-25,305,2025-05-04,2025-05-04
PO005136,S012,P0093,W006,2025-08-06,23,2025-08-13,2025-08-13
PO005137,S018,P0055,W002,2025-05-17,339,2025-05-21,2025-05-21
PO005138,S004,P0061,W005,2025-04-16,340,2025-04-30,2025-04-30
PO005139,S014,P0095,W003,2025-06-28,27,2025-07-07,2025-07-07
PO005140,S019,P0041,W004,2025-01-16,71,2025-01-22,2025-01-22
PO005141,S013,P0036,W002,2025-08-30,161,2025-09-04,2025-09-04
PO005142,S025,P0002,W008,2025-11-30,845,2025-12-12,2025-12-12
PO005143,S023,P0022,W005,2025-08-14,798,2025-08-26,2025-08-26
PO005144,S018,P0022,W008,2025-08-30,846,2025-09-03,2025-09-06
PO005145,S011,P0041,W001,2025-05-21,299,2025-05-26,2025-05-26
PO005146,S006,P0095,W007,2025-07-18,107,2025-07-23,2025-07-23
PO005147,S009,P0014,W002,2025-04-22,179,2025-04-28,2025-04-28
PO005148,S012,P0093,W001,2025-05-07,833,2025-05-14,2025-05-14
PO005149,S019,P0035,W004,2025-01-21,47,2025-01-27,2025-01-30
PO005150,S014,P0050,W005,2025-05-27,547,2025-06-05,2025-06-05
PO005151,S015,P0009,W001,2025-03-30,829,2025-04-06,2025-04-07
PO005152,S011,P0096,W003,2025-10-30,890,2025-11-04,2025-11-04
PO005153,S006,P0059,W006,2025-07-22,291,2025-07-27,2025-07-27
PO005154,S014,P0056,W001,2025-03-26,119,2025-04-04,2025-04-09
PO005155,S003,P0091,W001,2025-06-16,927,2025-06-28,2025-07-01
PO005156,S019,P0010,W008,2025-03-13,223,2025-03-19,2025-03-19
PO005157,S020,P0025,W005,2025-10-25,209,2025-11-05,2025-11-08
PO005158,S025,P0045,W005,2025-01-09,565,2025-01-21,2025-01-21
PO005159,S011,P0097,W002,2025-10-08,313,2025-10-13,2025-10-13
PO005160,S024,P0011,W006,2025-09-15,914,2025-09-26,2025-09-27
PO005161,S017,P0009,W008,2025-10-02,999,2025-10-11,2025-10-16
PO005162,S017,P0007,W001,2025-08-26,962,2025-09-04,2025-09-04
PO005163,S023,P0071,W001,2025-01-20,994,2025-02-01,2025-02-03
PO005164,S003,P0034,W005,2025-08-21,809,2025-09-02,2025-09-02
PO005165,S014,P0083,W007,2025-08-09,867,2025-08-18,2025-08-18
PO005166,S007,P0020,W003,2025-11-22,363,2025-12-06,2025-12-09
PO005167,S025,P0089,W008,2025-01-17,790,2025-01-29,2025-01-29
PO005168,S019,P0005,W007,2025-03-30,788,2025-04-05,2025-04-05
PO005169,S003,P0093,W008,2025-07-15,72,2025-07-27,2025-07-27
PO005170,S002,P0055,W005,2025-12-16,723,2025-12-29,2025-12-31
PO005171,S017,P0091,W003,2025-03-25,703,2025-04-03,2025-04-03
PO005172,S009,P0089,W006,2025-03-28,66,2025-04-03,2025-04-03
PO005173,S022,P0015,W007,2025-11-03,441,2025-11-07,2025-11-07
PO005174,S006,P0048,W005,2025-12-04,722,2025-12-09,2025-12-14
PO005175,S024,P0004,W006,2025-06-03,902,2025-06-14,2025-06-15
PO005176,S021,P0078,W004,2025-08-16,484,2025-08-30,2025-08-31
PO005177,S009,P0081,W001,2025-09-21,572,2025-09-27,2025-09-29
PO005178,S005,P0021,W006,2025-08-11,936,2025-08-25,2025-08-25
PO005179,S002,P0080,W003,2025-05-01,448,2025-05-14,2025-05-14
PO005180,S022,P0090,W004,2025-06-22,416,2025-06-26,2025-06-26
PO005181,S015,P0009,W003,2025-01-04,213,2025-01-11,2025-01-11
PO005182,S009,P0066,W002,2025-12-08,85,2025-12-14,2025-12-14
PO005183,S019,P0079,W002,2025-05-08,574,2025-05-14,2025-05-16
PO005184,S010,P0035,W001,2025-04-20,721,2025-05-01,2025-05-01
PO005185,S004,P0088,W004,2025-12-21,620,2026-01-04,2026-01-04
PO005186,S010,P0051,W004,2025-02-06,495,2025-02-17,2025-02-17
PO005187,S008,P0078,W002,2025-03-12,707,2025-03-21,2025-03-21
PO005188,S022,P0037,W001,2025-10-16,900,2025-10-20,2025-10-20
PO005189,S013,P0006,W006,2025-01-31,45,2025-02-05,2025-02-07
PO005190,S007,P0082,W002,2025-09-25,118,2025-10-09,2025-10-09
PO005191,S007,P0086,W004,2025-01-11,495,2025-01-25,2025-01-25
PO005192,S004,P0082,W003,2025-12-10,592,2025-12-24,2025-12-25
PO005193,S015,P0051,W007,2025-11-24,912,2025-12-01,2025-12-01
PO005194,S012,P0066,W004,2025-02-01,781,2025-02-08,2025-02-09
PO005195,S016,P0096,W001,2025-02-26,906,2025-03-09,2025-03-09
PO005196,S006,P0017,W004,2025-06-15,849,2025-06-20,2025-06-22
PO005197,S009,P0065,W005,2025-07-07,756,2025-07-13,2025-07-13
PO005198,S003,P0009,W004,2025-12-08,101,2025-12-20,2025-12-20
PO005199,S008,P0013,W005,2025-01-19,417,2025-01-28,2025-01-28
PO005200,S007,P0100,W002,2025-04-26,713,2025-05-10,2025-05-10
PO005201,S004,P0058,W006,2025-07-03,956,2025-07-17,2025-07-19
PO005202,S013,P0030,W005,2025-09-27,719,2025-10-02,2025-10-02
PO005203,S019,P0031,W004,2025-02-02,412,2025-02-08,2025-02-08
PO005204,S007,P0023,W006,2025-01-10,63,2025-01-24,2025-01-24
PO005205,S010,P0063,W008,2025-03-21,843,2025-04-01,2025-04-01
PO005206,S025,P0028,W007,2025-07-11,497,2025-07-23,2025-07-23
PO005207,S012,P0059,W006,2025-11-16,790,2025-11-23,2025-11-23
PO005208,S003,P0010,W004,2025-07-09,629,2025-07-21,2025-07-21
PO005209,S025,P0089,W004,2025-03-09,884,2025-03-21,2025-03-21
PO005210,S024,P0100,W007,2025-12-14,110,2025-12-25,2025-12-30
PO005211,S012,P0090,W008,2025-05-05,846,2025-05-12,2025-05-12
PO005212,S019,P0026,W001,2025-12-02,348,2025-12-08,2025-12-08
PO005213,S015,P0077,W002,2025-02-28,672,2025-03-07,2025-03-07
PO005214,S008,P0017,W005,2025-04-07,433,2025-04-16,2025-04-19
PO005215,S012,P0040,W003,2025-10-02,840,2025-10-09,2025-10-09
PO005216,S020,P0068,W005,2025-05-29,783,2025-06-09,2025-06-09
PO005217,S006,P0023,W004,2025-10-05,739,2025-10-10,2025-10-10
PO005218,S010,P0035,W003,2025-09-22,710,2025-10-03,2025-10-03
PO005219,S002,P0075,W003,2025-01-09,829,2025-01-22,2025-01-22
PO005220,S024,P0076,W005,2025-10-10,941,2025-10-21,2025-10-22
PO005221,S013,P0009,W007,2025-09-30,718,2025-10-05,2025-10-05
PO005222,S025,P0079,W005,2025-10-28,856,2025-11-09,2025-11-09
PO005223,S007,P0045,W005,2025-01-08,129,2025-01-22,2025-01-25
PO005224,S008,P0037,W005,2025-07-27,238,2025-08-05,2025-08-05
PO005225,S023,P0069,W007,2025-05-05,482,2025-05-17,2025-05-17
PO005226,S016,P0019,W007,2025-05-03,879,2025-05-14,2025-05-14
PO005227,S011,P0075,W002,2025-02-02,534,2025-02-07,2025-02-14
PO005228,S004,P0073,W001,2025-01-01,572,2025-01-15,2025-01-15
PO005229,S017,P0099,W001,2025-07-23,656,2025-08-01,2025-08-01
PO005230,S016,P0027,W005,2025-01-06,276,2025-01-17,2025-01-17
PO005231,S019,P0013,W001,2025-10-24,212,2025-10-30,2025-10-30
PO005232,S023,P0057,W005,2025-01-05,646,2025-01-17,2025-01-17
PO005233,S011,P0060,W005,2025-03-21,89,2025-03-26,2025-03-29
PO005234,S007,P0012,W005,2025-10-01,478,2025-10-15,2025-10-15
PO005235,S013,P0009,W006,2025-06-26,401,2025-07-01,2025-07-02
PO005236,S019,P0092,W002,2025-12-04,837,2025-12-10,2025-12-10
PO005237,S017,P0077,W004,2025-11-17,513,2025-11-26,2025-12-01
PO005238,S025,P0084,W001,2025-12-05,867,2025-12-17,2025-12-24
PO005239,S022,P0077,W001,2025-05-16,116,2025-05-20,2025-05-20
PO005240,S013,P0027,W002,2025-01-25,747,2025-01-30,2025-01-30
PO005241,S012,P0090,W002,2025-11-21,846,2025-11-28,2025-11-29
PO005242,S007,P0063,W005,2025-07-02,243,2025-07-16,2025-07-16
PO005243,S001,P0093,W005,2025-06-17,861,2025-06-30,2025-06-30
PO005244,S001,P0029,W006,2025-12-04,850,2025-12-17,2025-12-24
PO005245,S020,P0022,W006,2025-06-27,300,2025-07-08,2025-07-08
PO005246,S023,P0073,W008,2025-04-05,925,2025-04-17,2025-04-17
PO005247,S014,P0088,W004,2025-02-02,352,2025-02-11,2025-02-14
PO005248,S015,P0019,W001,2025-04-21,911,2025-04-28,2025-04-28
PO005249,S011,P0038,W002,2025-05-26,660,2025-05-31,2025-05-31
PO005250,S024,P0095,W004,2025-08-19,630,2025-08-30,2025-08-30
PO005251,S009,P0039,W001,2025-09-29,801,2025-10-05,2025-10-05
PO005252,S017,P0015,W004,2025-12-02,424,2025-12-11,2025-12-16
PO005253,S004,P0054,W008,2025-02-07,515,2025-02-21,2025-02-26
PO005254,S020,P0032,W004,2025-05-15,778,2025-05-26,2025-05-26
PO005255,S019,P0046,W007,2025-11-30,205,2025-12-06,2025-12-09
PO005256,S007,P0061,W005,2025-08-23,775,2025-09-06,2025-09-06
PO005257,S001,P0093,W004,2025-11-15,57,2025-11-28,2025-11-29
PO005258,S009,P0052,W005,2025-12-11,788,2025-12-17,2025-12-17
PO005259,S013,P0034,W001,2025-06-09,871,2025-06-14,2025-06-14
PO005260,S024,P0073,W006,2025-02-07,779,2025-02-18,2025-02-18
PO005261,S002,P0035,W001,2025-05-30,664,2025-06-12,2025-06-12
PO005262,S002,P0070,W008,2025-11-04,507,2025-11-17,2025-11-17
PO005263,S024,P0037,W005,2025-01-29,575,2025-02-09,2025-02-09
PO005264,S015,P0078,W006,2025-05-24,724,2025-05-31,2025-06-07
PO005265,S017,P0061,W007,2025-03-17,525,2025-03-26,2025-04-02
PO005266,S013,P0049,W003,2025-05-25,508,2025-05-30,2025-06-01
PO005267,S007,P0009,W006,2025-08-17,76,2025-08-31,2025-08-31
PO005268,S009,P0019,W004,2025-03-05,531,2025-03-11,2025-03-11
PO005269,S012,P0087,W008,2025-12-13,267,2025-12-20,2025-12-20
PO005270,S003,P0028,W008,2025-12-11,123,2025-12-23,2025-12-23
PO005271,S023,P0080,W001,2025-09-26,576,2025-10-08,2025-10-08
PO005272,S022,P0026,W007,2025-11-24,79,2025-11-28,2025-11-28
PO005273,S015,P0038,W004,2025-07-03,597,2025-07-10,2025-07-10
PO005274,S007,P0040,W007,2025-09-18,754,2025-10-02,2025-10-04
PO005275,S023,P0025,W006,2025-09-25,578,2025-10-07,2025-10-08
PO005276,S001,P0099,W003,2025-06-18,257,2025-07-01,2025-07-01
PO005277,S014,P0069,W004,2025-09-16,390,2025-09-25,2025-09-25
PO005278,S019,P0071,W003,2025-08-15,45,2025-08-21,2025-08-21
PO005279,S016,P0023,W002,2025-02-02,412,2025-02-13,2025-02-13
PO005280,S010,P0089,W003,2025-08-02,838,2025-08-13,2025-08-13
PO005281,S001,P0065,W001,2025-02-19,625,2025-03-04,2025-03-06
PO005282,S005,P0022,W006,2025-07-29,129,2025-08-12,2025-08-12
PO005283,S003,P0064,W005,2025-01-29,411,2025-02-10,2025-02-10
PO005284,S017,P0068,W005,2025-02-08,792,2025-02-17,2025-02-17
PO005285,S018,P0058,W008,2025-12-13,273,2025-12-17,2025-12-17
PO005286,S021,P0028,W004,2025-04-10,826,2025-04-24,2025-04-24
PO005287,S019,P0078,W006,2025-06-22,855,2025-06-28,2025-06-28
PO005288,S022,P0097,W008,2025-01-17,571,2025-01-21,2025-01-21
PO005289,S025,P0068,W007,2025-02-25,823,2025-03-09,2025-03-10
PO005290,S022,P0075,W002,2025-08-14,936,2025-08-18,2025-08-18
PO005291,S018,P0096,W008,2025-02-15,785,2025-02-19,2025-02-19
PO005292,S016,P0004,W004,2025-03-08,116,2025-03-19,2025-03-20
PO005293,S002,P0001,W003,2025-07-16,557,2025-07-29,2025-07-29
PO005294,S015,P0026,W005,2025-05-22,123,2025-05-29,2025-05-29
PO005295,S013,P0033,W003,2025-11-19,634,2025-11-24,2025-11-24
PO005296,S013,P0081,W005,2025-01-23,606,2025-01-28,2025-01-29
PO005297,S016,P0027,W008,2025-04-04,616,2025-04-15,2025-04-15
PO005298,S008,P0042,W005,2025-08-30,515,2025-09-08,2025-09-08
PO005299,S011,P0069,W005,2025-08-25,233,2025-08-30,2025-08-30
PO005300,S008,P0071,W008,2025-02-23,132,2025-03-04,2025-03-05
PO005301,S022,P0064,W006,2025-05-18,331,2025-05-22,2025-05-22
PO005302,S010,P0025,W007,2025-11-29,588,2025-12-10,2025-12-10
PO005303,S023,P0072,W008,2025-09-29,974,2025-10-11,2025-10-12
PO005304,S001,P0098,W007,2025-02-10,915,2025-02-23,2025-02-23
PO005305,S012,P0004,W007,2025-04-08,120,2025-04-15,2025-04-15
PO005306,S009,P0012,W001,2025-07-02,781,2025-07-08,2025-07-09
PO005307,S005,P0058,W008,2025-05-08,666,2025-05-22,2025-05-22
PO005308,S009,P0095,W006,2025-08-17,957,2025-08-23,2025-08-25
PO005309,S016,P0011,W003,2025-11-13,672,2025-11-24,2025-11-24
PO005310,S018,P0059,W007,2025-03-27,103,2025-03-31,2025-03-31
PO005311,S008,P0036,W006,2025-09-13,738,2025-09-22,2025-09-22
PO005312,S023,P0022,W007,2025-07-28,761,2025-08-09,2025-08-09
PO005313,S011,P0065,W004,2025-08-03,949,2025-08-08,2025-08-08
PO005314,S020,P0050,W002,2025-04-10,887,2025-04-21,2025-04-22
PO005315,S019,P0004,W004,2025-02-18,968,2025-02-24,2025-02-24
PO005316,S004,P0100,W006,2025-07-20,321,2025-08-03,2025-08-04
PO005317,S020,P0072,W003,2025-09-15,972,2025-09-26,2025-09-26
PO005318,S010,P0089,W002,2025-06-27,592,2025-07-08,2025-07-09
PO005319,S024,P0092,W004,2025-09-02,236,2025-09-13,2025-09-13
PO005320,S013,P0052,W002,2025-05-03,587,2025-05-08,2025-05-08
PO005321,S020,P0100,W003,2025-12-08,560,2025-12-19,2025-12-19
PO005322,S014,P0100,W005,2025-06-20,642,2025-06-29,2025-06-29
PO005323,S021,P0043,W003,2025-11-29,111,2025-12-13,2025-12-13
PO005324,S002,P0046,W007,2025-05-16,673,2025-05-29,2025-05-29
PO005325,S004,P0004,W001,2025-02-28,471,2025-03-14,2025-03-21
PO005326,S007,P0013,W002,2025-07-12,633,2025-07-26,2025-07-29
PO005327,S019,P0038,W003,2025-09-25,90,2025-10-01,2025-10-03
PO005328,S017,P0045,W005,2025-09-17,544,2025-09-26,2025-09-26
PO005329,S016,P0025,W008,2025-04-05,420,2025-04-16,2025-04-18
PO005330,S013,P0067,W005,2025-05-05,688,2025-05-10,2025-05-10
PO005331,S024,P0055,W003,2025-02-10,100,2025-02-21,2025-02-21
PO005332,S024,P0096,W004,2025-09-11,119,2025-09-22,2025-09-22
PO005333,S022,P0039,W003,2025-01-07,614,2025-01-11,2025-01-11
PO005334,S023,P0065,W005,2025-08-04,237,2025-08-16,2025-08-16
PO005335,S018,P0075,W008,2025-03-10,903,2025-03-14,2025-03-14
PO005336,S021,P0002,W003,2025-03-10,768,2025-03-24,2025-03-24
PO005337,S012,P0069,W001,2025-03-22,144,2025-03-29,2025-03-30
PO005338,S023,P0086,W004,2025-01-30,220,2025-02-11,2025-02-16
PO005339,S025,P0062,W003,2025-03-14,21,2025-03-26,2025-03-26
PO005340,S001,P0046,W005,2025-09-19,593,2025-10-02,2025-10-02
PO005341,S015,P0077,W003,2025-03-30,39,2025-04-06,2025-04-07
PO005342,S003,P0087,W007,2025-07-27,741,2025-08-08,2025-08-08
PO005343,S006,P0031,W003,2025-08-01,971,2025-08-06,2025-08-11
PO005344,S014,P0099,W002,2025-11-18,877,2025-11-27,2025-11-30
PO005345,S023,P0035,W003,2025-09-23,199,2025-10-05,2025-10-05
PO005346,S006,P0045,W008,2025-10-20,428,2025-10-25,2025-10-25
PO005347,S001,P0077,W001,2025-07-26,81,2025-08-08,2025-08-15
PO005348,S020,P0054,W005,2025-11-29,292,2025-12-10,2025-12-15
PO005349,S006,P0071,W006,2025-03-18,826,2025-03-23,2025-03-23
PO005350,S008,P0069,W002,2025-10-15,772,2025-10-24,2025-10-24
PO005351,S015,P0029,W006,2025-02-16,782,2025-02-23,2025-02-23
PO005352,S014,P0072,W003,2025-04-20,29,2025-04-29,2025-04-29
PO005353,S016,P0008,W007,2025-07-19,718,2025-07-30,2025-08-04
PO005354,S020,P0054,W004,2025-07-29,940,2025-08-09,2025-08-11
PO005355,S023,P0007,W001,2025-06-03,641,2025-06-15,2025-06-15
PO005356,S016,P0083,W001,2025-01-10,559,2025-01-21,2025-01-21
PO005357,S019,P0023,W007,2025-12-19,479,2025-12-25,2025-12-26
PO005358,S024,P0100,W001,2025-06-06,80,2025-06-17,2025-06-17
PO005359,S001,P0032,W007,2025-09-18,77,2025-10-01,2025-10-01
PO005360,S004,P0062,W002,2025-03-18,319,2025-04-01,2025-04-01
PO005361,S024,P0045,W007,2025-09-14,516,2025-09-25,2025-09-25
PO005362,S010,P0068,W008,2025-05-11,358,2025-05-22,2025-05-24
PO005363,S020,P0030,W007,2025-03-08,271,2025-03-19,2025-03-22
PO005364,S018,P0039,W003,2025-08-16,426,2025-08-20,2025-08-20
PO005365,S002,P0005,W001,2025-06-12,993,2025-06-25,2025-06-25
PO005366,S004,P0067,W003,2025-01-15,275,2025-01-29,2025-01-29
PO005367,S015,P0022,W004,2025-08-20,400,2025-08-27,2025-08-27
PO005368,S004,P0028,W007,2025-07-14,164,2025-07-28,2025-07-29
PO005369,S016,P0022,W003,2025-12-15,610,2025-12-26,2025-12-26
PO005370,S015,P0086,W006,2025-01-30,360,2025-02-06,2025-02-11
PO005371,S018,P0098,W003,2025-12-25,825,2025-12-29,2025-12-30
PO005372,S007,P0029,W003,2025-12-04,817,2025-12-18,2025-12-18
PO005373,S015,P0043,W007,2025-11-27,422,2025-12-04,2025-12-04
PO005374,S022,P0042,W008,2025-11-12,307,2025-11-16,2025-11-16
PO005375,S011,P0060,W005,2025-10-23,233,2025-10-28,2025-10-28
PO005376,S019,P0077,W006,2025-11-26,551,2025-12-02,2025-12-02
PO005377,S008,P0071,W002,2025-08-08,889,2025-08-17,2025-08-17
PO005378,S024,P0074,W007,2025-05-27,761,2025-06-07,2025-06-14
PO005379,S001,P0092,W003,2025-09-16,595,2025-09-29,2025-09-29
PO005380,S003,P0068,W001,2025-10-19,567,2025-10-31,2025-11-01
PO005381,S005,P0059,W007,2025-10-26,980,2025-11-09,2025-11-09
PO005382,S018,P0096,W008,2025-05-23,230,2025-05-27,2025-05-27
PO005383,S012,P0086,W005,2025-08-23,190,2025-08-30,2025-08-30
PO005384,S012,P0084,W003,2025-04-25,557,2025-05-02,2025-05-02
PO005385,S021,P0084,W005,2025-12-31,282,2026-01-14,2026-01-14
PO005386,S019,P0006,W002,2025-03-31,821,2025-04-06,2025-04-06
PO005387,S009,P0073,W007,2025-07-27,695,2025-08-02,2025-08-02
PO005388,S011,P0028,W005,2025-06-13,409,2025-06-18,2025-06-18
PO005389,S017,P0077,W001,2025-03-25,440,2025-04-03,2025-04-06
PO005390,S016,P0031,W003,2025-03-18,81,2025-03-29,2025-04-01
PO005391,S004,P0039,W001,2025-06-10,105,2025-06-24,2025-06-25
PO005392,S010,P0050,W007,2025-01-05,604,2025-01-16,2025-01-16
PO005393,S022,P0078,W007,2025-03-19,510,2025-03-23,2025-03-30
PO005394,S015,P0086,W008,2025-04-01,915,2025-04-08,2025-04-13
PO005395,S025,P0037,W004,2025-03-28,79,2025-04-09,2025-04-10
PO005396,S019,P0088,W005,2025-09-27,496,2025-10-03,2025-10-03
PO005397,S003,P0072,W005,2025-04-14,339,2025-04-26,2025-04-26
PO005398,S021,P0015,W005,2025-12-05,709,2025-12-19,2025-12-21
PO005399,S023,P0051,W006,2025-06-24,71,2025-07-06,2025-07-09
PO005400,S005,P0070,W007,2025-02-23,676,2025-03-09,2025-03-10
PO005401,S011,P0023,W007,2025-07-30,847,2025-08-04,2025-08-04
PO005402,S024,P0025,W002,2025-04-05,96,2025-04-16,2025-04-16
PO005403,S005,P0095,W006,2025-08-11,138,2025-08-25,2025-08-25
PO005404,S007,P0046,W001,2025-01-09,740,2025-01-23,2025-01-24
PO005405,S006,P0093,W007,2025-02-22,201,2025-02-27,2025-02-27
PO005406,S013,P0023,W004,2025-03-18,525,2025-03-23,2025-03-23
PO005407,S002,P0010,W008,2025-07-25,669,2025-08-07,2025-08-09
PO005408,S019,P0073,W002,2025-11-12,656,2025-11-18,2025-11-18
PO005409,S011,P0077,W002,2025-10-29,172,2025-11-03,2025-11-03
PO005410,S020,P0032,W003,2025-11-06,37,2025-11-17,2025-11-19
PO005411,S005,P0051,W007,2025-11-26,83,2025-12-10,2025-12-10
PO005412,S009,P0041,W004,2025-04-22,516,2025-04-28,2025-04-28
PO005413,S006,P0065,W007,2025-12-17,767,2025-12-22,2025-12-23
PO005414,S017,P0065,W005,2025-06-14,98,2025-06-23,2025-06-25
PO005415,S019,P0040,W006,2025-10-06,78,2025-10-12,2025-10-15
PO005416,S023,P0018,W008,2025-01-27,430,2025-02-08,2025-02-08
PO005417,S008,P0036,W008,2025-03-11,782,2025-03-20,2025-03-20
PO005418,S007,P0031,W005,2025-08-06,845,2025-08-20,2025-08-23
PO005419,S005,P0054,W007,2025-12-31,80,2026-01-14,2026-01-14
PO005420,S015,P0063,W003,2025-07-08,486,2025-07-15,2025-07-15
PO005421,S010,P0001,W006,2025-11-29,649,2025-12-10,2025-12-10
PO005422,S024,P0052,W005,2025-11-02,98,2025-11-13,2025-11-13
PO005423,S016,P0100,W008,2025-05-04,768,2025-05-15,2025-05-15
PO005424,S009,P0057,W001,2025-01-19,858,2025-01-25,2025-01-25
PO005425,S007,P0009,W008,2025-09-14,702,2025-09-28,2025-09-28
PO005426,S011,P0086,W005,2025-10-23,507,2025-10-28,2025-11-04
PO005427,S009,P0092,W007,2025-01-22,263,2025-01-28,2025-01-28
PO005428,S017,P0090,W008,2025-02-09,227,2025-02-18,2025-02-18
PO005429,S009,P0074,W006,2025-02-07,875,2025-02-13,2025-02-13
PO005430,S003,P0056,W001,2025-02-17,106,2025-03-01,2025-03-01
PO005431,S022,P0047,W003,2025-07-02,670,2025-07-06,2025-07-11
PO005432,S008,P0003,W008,2025-03-16,619,2025-03-25,2025-03-27
PO005433,S019,P0002,W003,2025-07-28,664,2025-08-03,2025-08-06
PO005434,S020,P0054,W001,2025-07-02,973,2025-07-13,2025-07-16
PO005435,S016,P0037,W006,2025-04-17,58,2025-04-28,2025-05-03
PO005436,S007,P0056,W006,2025-07-07,195,2025-07-21,2025-07-21
PO005437,S007,P0031,W005,2025-09-21,497,2025-10-05,2025-10-05
PO005438,S020,P0097,W008,2025-03-27,611,2025-04-07,2025-04-07
PO005439,S025,P0096,W003,2025-11-20,39,2025-12-02,2025-12-02
PO005440,S013,P0012,W003,2025-11-27,240,2025-12-02,2025-12-03
PO005441,S003,P0058,W008,2025-05-17,868,2025-05-29,2025-05-29
PO005442,S012,P0067,W001,2025-12-12,294,2025-12-19,2025-12-19
PO005443,S024,P0026,W003,2025-12-02,719,2025-12-13,2025-12-13
PO005444,S008,P0078,W007,2025-04-05,173,2025-04-14,2025-04-14
PO005445,S013,P0012,W005,2025-11-22,482,2025-11-27,2025-11-27
PO005446,S020,P0090,W003,2025-09-02,428,2025-09-13,2025-09-15
PO005447,S016,P0016,W008,2025-03-31,674,2025-04-11,2025-04-11
PO005448,S007,P0053,W008,2025-02-28,270,2025-03-14,2025-03-21
PO005449,S004,P0072,W001,2025-01-28,231,2025-02-11,2025-02-14
PO005450,S012,P0049,W005,2025-03-13,497,2025-03-20,2025-03-20
PO005451,S017,P0049,W004,2025-09-27,680,2025-10-06,2025-10-06
PO005452,S001,P0092,W001,2025-01-24,706,2025-02-06,2025-02-07
PO005453,S017,P0007,W008,2025-04-22,438,2025-05-01,2025-05-02
PO005454,S002,P0015,W004,2025-10-27,191,2025-11-09,2025-11-09
PO005455,S006,P0036,W008,2025-02-25,526,2025-03-02,2025-03-02
PO005456,S012,P0072,W003,2025-08-11,665,2025-08-18,2025-08-18
PO005457,S011,P0074,W005,2025-04-30,647,2025-05-05,2025-05-05
PO005458,S021,P0015,W003,2025-06-28,888,2025-07-12,2025-07-17
PO005459,S011,P0062,W005,2025-10-15,222,2025-10-20,2025-10-20
PO005460,S018,P0018,W002,2025-10-08,938,2025-10-12,2025-10-12
PO005461,S008,P0046,W003,2025-07-08,511,2025-07-17,2025-07-17
PO005462,S025,P0061,W003,2025-03-07,314,2025-03-19,2025-03-20
PO005463,S007,P0043,W003,2025-10-25,476,2025-11-08,2025-11-09
PO005464,S014,P0044,W006,2025-09-06,165,2025-09-15,2025-09-15
PO005465,S016,P0099,W001,2025-03-17,257,2025-03-28,2025-03-28
PO005466,S012,P0066,W006,2025-05-17,759,2025-05-24,2025-05-24
PO005467,S009,P0055,W005,2025-06-13,786,2025-06-19,2025-06-19
PO005468,S020,P0086,W005,2025-08-21,443,2025-09-01,2025-09-06
PO005469,S023,P0079,W005,2025-09-12,311,2025-09-24,2025-09-24
PO005470,S021,P0039,W001,2025-10-21,175,2025-11-04,2025-11-04
PO005471,S016,P0100,W005,2025-06-19,979,2025-06-30,2025-06-30
PO005472,S021,P0005,W006,2025-11-13,870,2025-11-27,2025-11-27
PO005473,S019,P0057,W007,2025-06-23,369,2025-06-29,2025-06-29
PO005474,S016,P0015,W006,2025-12-11,461,2025-12-22,2025-12-22
PO005475,S009,P0091,W007,2025-01-18,953,2025-01-24,2025-01-24
PO005476,S013,P0016,W003,2025-03-11,262,2025-03-16,2025-03-19
PO005477,S005,P0057,W004,2025-12-04,226,2025-12-18,2025-12-18
PO005478,S022,P0100,W007,2025-04-26,447,2025-04-30,2025-04-30
PO005479,S019,P0082,W002,2025-03-21,785,2025-03-27,2025-03-27
PO005480,S010,P0099,W008,2025-01-15,991,2025-01-26,2025-01-26
PO005481,S007,P0025,W005,2025-06-25,277,2025-07-09,2025-07-09
PO005482,S009,P0022,W001,2025-09-26,604,2025-10-02,2025-10-02
PO005483,S025,P0031,W007,2025-04-29,54,2025-05-11,2025-05-11
PO005484,S014,P0034,W001,2025-10-26,148,2025-11-04,2025-11-04
PO005485,S015,P0087,W005,2025-07-07,449,2025-07-14,2025-07-14
PO005486,S013,P0016,W004,2025-02-26,719,2025-03-03,2025-03-03
PO005487,S010,P0070,W006,2025-07-18,338,2025-07-29,2025-08-01
PO005488,S014,P0059,W005,2025-01-17,114,2025-01-26,2025-01-26
PO005489,S021,P0015,W001,2025-10-15,239,2025-10-29,2025-10-29
PO005490,S023,P0082,W002,2025-02-24,320,2025-03-08,2025-03-08
PO005491,S012,P0013,W004,2025-09-26,656,2025-10-03,2025-10-03
PO005492,S019,P0024,W008,2025-10-30,204,2025-11-05,2025-11-06
PO005493,S006,P0013,W005,2025-03-28,56,2025-04-02,2025-04-02
PO005494,S012,P0065,W007,2025-11-14,794,2025-11-21,2025-11-21
PO005495,S024,P0036,W002,2025-01-29,641,2025-02-09,2025-02-09
PO005496,S013,P0049,W008,2025-01-22,419,2025-01-27,2025-01-27
PO005497,S008,P0082,W005,2025-11-17,709,2025-11-26,2025-11-26
PO005498,S016,P0048,W004,2025-10-12,161,2025-10-23,2025-10-23
PO005499,S002,P0097,W001,2025-02-17,153,2025-03-02,2025-03-02
PO005500,S022,P0043,W006,2025-01-05,464,2025-01-09,2025-01-09
PO005501,S007,P0006,W007,2025-09-07,680,2025-09-21,2025-09-28
PO005502,S012,P0081,W006,2025-06-12,925,2025-06-19,2025-06-19
PO005503,S007,P0068,W004,2025-07-21,307,2025-08-04,2025-08-04
PO005504,S019,P0014,W008,2025-04-11,921,2025-04-17,2025-04-18
PO005505,S014,P0030,W008,2025-03-12,277,2025-03-21,2025-03-23
PO005506,S009,P0084,W003,2025-06-12,58,2025-06-18,2025-06-18
PO005507,S018,P0008,W006,2025-06-22,324,2025-06-26,2025-06-28
PO005508,S011,P0054,W005,2025-05-21,302,2025-05-26,2025-05-26
PO005509,S016,P0066,W002,2025-05-18,843,2025-05-29,2025-05-29
PO005510,S019,P0004,W002,2025-03-07,545,2025-03-13,2025-03-15
PO005511,S011,P0074,W007,2025-07-17,426,2025-07-22,2025-07-25
PO005512,S018,P0084,W006,2025-11-24,378,2025-11-28,2025-11-28
PO005513,S011,P0060,W004,2025-08-16,905,2025-08-21,2025-08-21
PO005514,S025,P0053,W007,2025-10-08,397,2025-10-20,2025-10-21
PO005515,S004,P0099,W004,2025-06-21,488,2025-07-05,2025-07-05
PO005516,S018,P0074,W004,2025-11-12,892,2025-11-16,2025-11-21
PO005517,S019,P0092,W002,2025-02-09,966,2025-02-15,2025-02-15
PO005518,S013,P0015,W001,2025-01-07,300,2025-01-12,2025-01-12
PO005519,S004,P0100,W002,2025-06-23,584,2025-07-07,2025-07-07
PO005520,S010,P0001,W001,2025-05-31,30,2025-06-11,2025-06-11
PO005521,S022,P0022,W007,2025-07-30,694,2025-08-03,2025-08-03
PO005522,S005,P0091,W007,2025-10-29,714,2025-11-12,2025-11-12
PO005523,S003,P0093,W007,2025-03-27,205,2025-04-08,2025-04-08
PO005524,S016,P0015,W004,2025-09-10,983,2025-09-21,2025-09-24
PO005525,S008,P0074,W008,2025-01-21,568,2025-01-30,2025-01-30
PO005526,S024,P0084,W003,2025-09-14,992,2025-09-25,2025-09-25
PO005527,S007,P0022,W002,2025-02-02,28,2025-02-16,2025-02-16
PO005528,S019,P0050,W008,2025-09-17,47,2025-09-23,2025-09-23
PO005529,S014,P0048,W004,2025-08-22,842,2025-08-31,2025-08-31
PO005530,S015,P0073,W002,2025-01-03,705,2025-01-10,2025-01-17
PO005531,S017,P0051,W004,2025-12-13,483,2025-12-22,2025-12-24
PO005532,S021,P0096,W002,2025-11-04,658,2025-11-18,2025-11-20
PO005533,S001,P0017,W005,2025-08-15,530,2025-08-28,2025-08-28
PO005534,S006,P0083,W002,2025-10-11,521,2025-10-16,2025-10-18
PO005535,S023,P0091,W005,2025-03-11,601,2025-03-23,2025-03-23
PO005536,S015,P0051,W008,2025-11-09,814,2025-11-16,2025-11-16
PO005537,S012,P0037,W001,2025-12-30,797,2026-01-06,2026-01-06
PO005538,S021,P0098,W002,2025-09-11,682,2025-09-25,2025-09-25
PO005539,S020,P0049,W001,2025-05-24,680,2025-06-04,2025-06-04
PO005540,S002,P0059,W003,2025-01-24,237,2025-02-06,2025-02-06
PO005541,S005,P0010,W006,2025-08-22,448,2025-09-05,2025-09-05
PO005542,S009,P0030,W006,2025-11-29,657,2025-12-05,2025-12-05
PO005543,S020,P0085,W005,2025-06-24,22,2025-07-05,2025-07-06
PO005544,S014,P0021,W008,2025-11-28,206,2025-12-07,2025-12-12
PO005545,S018,P0034,W008,2025-11-21,62,2025-11-25,2025-11-27
PO005546,S022,P0073,W002,2025-12-23,630,2025-12-27,2025-12-27
PO005547,S008,P0098,W006,2025-06-08,794,2025-06-17,2025-06-17
PO005548,S002,P0050,W001,2025-12-14,430,2025-12-27,2025-12-27
PO005549,S009,P0076,W006,2025-12-14,209,2025-12-20,2025-12-20
PO005550,S007,P0047,W006,2025-10-13,61,2025-10-27,2025-11-03
PO005551,S018,P0085,W004,2025-01-18,116,2025-01-22,2025-01-22
PO005552,S016,P0084,W006,2025-02-13,791,2025-02-24,2025-02-27
PO005553,S021,P0006,W001,2025-06-04,749,2025-06-18,2025-06-19
PO005554,S005,P0050,W006,2025-12-21,977,2026-01-04,2026-01-04
PO005555,S023,P0100,W002,2025-08-19,667,2025-08-31,2025-09-05
PO005556,S015,P0063,W006,2025-11-12,871,2025-11-19,2025-11-19
PO005557,S005,P0012,W003,2025-08-13,676,2025-08-27,2025-08-27
PO005558,S011,P0041,W006,2025-08-05,536,2025-08-10,2025-08-13
PO005559,S022,P0031,W005,2025-02-25,978,2025-03-01,2025-03-01
PO005560,S014,P0002,W008,2025-01-31,900,2025-02-09,2025-02-09
PO005561,S025,P0016,W004,2025-12-23,924,2026-01-04,2026-01-04
PO005562,S019,P0001,W007,2025-02-28,155,2025-03-06,2025-03-08
PO005563,S003,P0004,W001,2025-12-19,529,2025-12-31,2025-12-31
PO005564,S024,P0047,W008,2025-08-23,538,2025-09-03,2025-09-08
PO005565,S010,P0065,W008,2025-04-17,56,2025-04-28,2025-04-28
PO005566,S006,P0052,W006,2025-07-10,842,2025-07-15,2025-07-15
PO005567,S003,P0047,W006,2025-01-18,598,2025-01-30,2025-01-30
PO005568,S002,P0099,W002,2025-08-14,923,2025-08-27,2025-08-27
PO005569,S013,P0077,W007,2025-06-16,856,2025-06-21,2025-06-21
PO005570,S018,P0050,W002,2025-03-12,536,2025-03-16,2025-03-19
PO005571,S002,P0045,W005,2025-12-28,804,2026-01-10,2026-01-11
PO005572,S015,P0042,W007,2025-02-23,898,2025-03-02,2025-03-04
PO005573,S005,P0095,W008,2025-09-02,77,2025-09-16,2025-09-16
PO005574,S015,P0084,W004,2025-12-16,978,2025-12-23,2025-12-23
PO005575,S021,P0056,W001,2025-03-17,174,2025-03-31,2025-03-31
PO005576,S017,P0071,W001,2025-02-04,891,2025-02-13,2025-02-13
PO005577,S002,P0057,W008,2025-09-24,132,2025-10-07,2025-10-08
PO005578,S018,P0033,W001,2025-11-13,479,2025-11-17,2025-11-17
PO005579,S015,P0028,W005,2025-10-27,623,2025-11-03,2025-11-05
PO005580,S020,P0044,W005,2025-05-01,855,2025-05-12,2025-05-12
PO005581,S023,P0056,W006,2025-11-20,775,2025-12-02,2025-12-02
PO005582,S003,P0044,W004,2025-01-25,815,2025-02-06,2025-02-09
PO005583,S005,P0084,W001,2025-06-09,620,2025-06-23,2025-06-28
PO005584,S011,P0096,W001,2025-03-25,461,2025-03-30,2025-04-04
PO005585,S009,P0073,W006,2025-04-24,709,2025-04-30,2025-05-02
PO005586,S005,P0034,W004,2025-08-11,247,2025-08-25,2025-08-26
PO005587,S025,P0014,W007,2025-06-15,893,2025-06-27,2025-07-02
PO005588,S001,P0068,W004,2025-07-10,598,2025-07-23,2025-07-24
PO005589,S025,P0029,W004,2025-06-24,141,2025-07-06,2025-07-11
PO005590,S014,P0079,W008,2025-01-01,690,2025-01-10,2025-01-10
PO005591,S005,P0017,W002,2025-08-17,376,2025-08-31,2025-09-05
PO005592,S008,P0083,W004,2025-03-27,287,2025-04-05,2025-04-05
PO005593,S021,P0009,W003,2025-03-03,714,2025-03-17,2025-03-17
PO005594,S014,P0027,W005,2025-11-16,504,2025-11-25,2025-11-25
PO005595,S016,P0049,W004,2025-07-25,888,2025-08-05,2025-08-08
PO005596,S006,P0079,W002,2025-04-15,23,2025-04-20,2025-04-20
PO005597,S008,P0037,W008,2025-11-14,497,2025-11-23,2025-11-30
PO005598,S002,P0028,W008,2025-10-18,140,2025-10-31,2025-10-31
PO005599,S019,P0050,W007,2025-09-07,761,2025-09-13,2025-09-13
PO005600,S009,P0055,W003,2025-01-13,829,2025-01-19,2025-01-19
PO005601,S005,P0004,W002,2025-06-12,505,2025-06-26,2025-06-26
PO005602,S005,P0085,W002,2025-02-12,238,2025-02-26,2025-02-26
PO005603,S025,P0098,W006,2025-04-21,713,2025-05-03,2025-05-04
PO005604,S019,P0019,W002,2025-07-24,297,2025-07-30,2025-07-30
PO005605,S004,P0037,W002,2025-09-13,276,2025-09-27,2025-09-27
PO005606,S016,P0004,W001,2025-11-03,323,2025-11-14,2025-11-14
PO005607,S016,P0037,W005,2025-05-24,62,2025-06-04,2025-06-07
PO005608,S016,P0051,W006,2025-05-26,889,2025-06-06,2025-06-06
PO005609,S007,P0032,W006,2025-10-28,935,2025-11-11,2025-11-11
PO005610,S018,P0045,W001,2025-06-13,549,2025-06-17,2025-06-17
PO005611,S024,P0012,W003,2025-06-18,729,2025-06-29,2025-07-02
PO005612,S021,P0041,W001,2025-10-25,708,2025-11-08,2025-11-08
PO005613,S001,P0056,W006,2025-08-21,607,2025-09-03,2025-09-03
PO005614,S003,P0080,W003,2025-09-28,932,2025-10-10,2025-10-11
PO005615,S025,P0014,W006,2025-03-01,712,2025-03-13,2025-03-20
PO005616,S021,P0054,W004,2025-10-23,169,2025-11-06,2025-11-06
PO005617,S008,P0063,W003,2025-08-23,613,2025-09-01,2025-09-01
PO005618,S001,P0065,W006,2025-06-14,29,2025-06-27,2025-06-27
PO005619,S007,P0058,W001,2025-07-13,811,2025-07-27,2025-08-03
PO005620,S007,P0096,W006,2025-08-22,231,2025-09-05,2025-09-05
PO005621,S008,P0021,W001,2025-07-02,671,2025-07-11,2025-07-11
PO005622,S019,P0004,W003,2025-11-29,279,2025-12-05,2025-12-05
PO005623,S017,P0073,W001,2025-08-20,957,2025-08-29,2025-09-05
PO005624,S011,P0046,W003,2025-12-27,401,2026-01-01,2026-01-02
PO005625,S015,P0086,W002,2025-04-17,408,2025-04-24,2025-04-25
PO005626,S009,P0012,W005,2025-08-11,941,2025-08-17,2025-08-17
PO005627,S017,P0030,W007,2025-03-21,759,2025-03-30,2025-03-30
PO005628,S011,P0094,W003,2025-08-22,974,2025-08-27,2025-08-27
PO005629,S006,P0096,W007,2025-07-03,977,2025-07-08,2025-07-08
PO005630,S009,P0060,W008,2025-07-04,355,2025-07-10,2025-07-13
PO005631,S018,P0100,W007,2025-05-14,24,2025-05-18,2025-05-18
PO005632,S020,P0071,W002,2025-08-08,941,2025-08-19,2025-08-19
PO005633,S002,P0081,W002,2025-10-15,102,2025-10-28,2025-11-02
PO005634,S004,P0065,W002,2025-12-30,25,2026-01-13,2026-01-13
PO005635,S018,P0014,W007,2025-07-21,171,2025-07-25,2025-07-26
PO005636,S001,P0044,W002,2025-05-26,754,2025-06-08,2025-06-09
PO005637,S011,P0026,W003,2025-11-20,200,2025-11-25,2025-11-30
PO005638,S003,P0091,W007,2025-05-07,794,2025-05-19,2025-05-22
PO005639,S008,P0016,W007,2025-05-15,797,2025-05-24,2025-05-25
PO005640,S005,P0007,W008,2025-04-24,186,2025-05-08,2025-05-08
PO005641,S020,P0032,W001,2025-09-21,489,2025-10-02,2025-10-02
PO005642,S021,P0089,W002,2025-03-05,97,2025-03-19,2025-03-24
PO005643,S022,P0095,W004,2025-05-15,431,2025-05-19,2025-05-19
PO005644,S022,P0016,W002,2025-02-10,573,2025-02-14,2025-02-16
PO005645,S005,P0078,W008,2025-10-23,593,2025-11-06,2025-11-06
PO005646,S011,P0089,W001,2025-01-03,400,2025-01-08,2025-01-08
PO005647,S012,P0062,W001,2025-07-13,967,2025-07-20,2025-07-20
PO005648,S022,P0030,W005,2025-04-20,809,2025-04-24,2025-04-24
PO005649,S009,P0071,W005,2025-08-09,332,2025-08-15,2025-08-22
PO005650,S021,P0012,W007,2025-01-04,883,2025-01-18,2025-01-21
PO005651,S013,P0067,W002,2025-09-01,414,2025-09-06,2025-09-06
PO005652,S022,P0091,W002,2025-06-15,929,2025-06-19,2025-06-20
PO005653,S020,P0046,W006,2025-01-26,562,2025-02-06,2025-02-06
PO005654,S003,P0083,W007,2025-01-17,23,2025-01-29,2025-01-31
PO005655,S013,P0043,W006,2025-08-04,128,2025-08-09,2025-08-12
PO005656,S022,P0055,W005,2025-04-02,937,2025-04-06,2025-04-06
PO005657,S011,P0045,W002,2025-01-31,905,2025-02-05,2025-02-05
PO005658,S011,P0060,W006,2025-07-24,112,2025-07-29,2025-07-29
PO005659,S021,P0071,W004,2025-07-26,118,2025-08-09,2025-08-16
PO005660,S020,P0080,W003,2025-04-17,211,2025-04-28,2025-04-29
PO005661,S021,P0032,W005,2025-05-26,352,2025-06-09,2025-06-12
PO005662,S007,P0008,W005,2025-04-11,231,2025-04-25,2025-04-28
PO005663,S017,P0077,W001,2025-11-14,614,2025-11-23,2025-11-23
PO005664,S016,P0062,W002,2025-08-29,226,2025-09-09,2025-09-12
PO005665,S014,P0075,W005,2025-09-04,646,2025-09-13,2025-09-13
PO005666,S001,P0020,W005,2025-06-12,783,2025-06-25,2025-06-25
PO005667,S011,P0018,W008,2025-06-22,999,2025-06-27,2025-06-29
PO005668,S013,P0006,W006,2025-02-04,592,2025-02-09,2025-02-09
PO005669,S001,P0084,W004,2025-10-11,375,2025-10-24,2025-10-24
PO005670,S002,P0096,W007,2025-12-25,921,2026-01-07,2026-01-07
PO005671,S009,P0029,W002,2025-12-24,272,2025-12-30,2025-12-30
PO005672,S013,P0004,W008,2025-01-21,610,2025-01-26,2025-01-31
PO005673,S005,P0071,W003,2025-11-04,215,2025-11-18,2025-11-23
PO005674,S009,P0043,W004,2025-06-12,281,2025-06-18,2025-06-18
PO005675,S013,P0084,W003,2025-04-07,341,2025-04-12,2025-04-12
PO005676,S005,P0034,W001,2025-11-03,439,2025-11-17,2025-11-18
PO005677,S015,P0100,W005,2025-12-05,517,2025-12-12,2025-12-12
PO005678,S007,P0071,W006,2025-02-24,930,2025-03-10,2025-03-10
PO005679,S014,P0033,W004,2025-11-29,351,2025-12-08,2025-12-09
PO005680,S016,P0015,W008,2025-05-07,315,2025-05-18,2025-05-19
PO005681,S006,P0096,W003,2025-07-12,255,2025-07-17,2025-07-17
PO005682,S002,P0086,W002,2025-08-31,700,2025-09-13,2025-09-16
PO005683,S016,P0040,W001,2025-12-15,26,2025-12-26,2025-12-26
PO005684,S019,P0093,W008,2025-03-29,553,2025-04-04,2025-04-04
PO005685,S005,P0089,W007,2025-12-02,91,2025-12-16,2025-12-17
PO005686,S004,P0005,W001,2025-08-03,519,2025-08-17,2025-08-17
PO005687,S014,P0078,W005,2025-04-02,637,2025-04-11,2025-04-11
PO005688,S006,P0050,W005,2025-10-30,158,2025-11-04,2025-11-07
PO005689,S008,P0099,W003,2025-08-23,405,2025-09-01,2025-09-06
PO005690,S024,P0066,W003,2025-07-03,561,2025-07-14,2025-07-14
PO005691,S003,P0089,W001,2025-02-07,343,2025-02-19,2025-02-24
PO005692,S004,P0054,W003,2025-05-19,968,2025-06-02,2025-06-02
PO005693,S001,P0080,W005,2025-07-14,620,2025-07-27,2025-07-27
PO005694,S002,P0046,W001,2025-01-15,936,2025-01-28,2025-01-28
PO005695,S013,P0080,W001,2025-09-14,684,2025-09-19,2025-09-19
PO005696,S009,P0011,W007,2025-05-15,92,2025-05-21,2025-05-21
PO005697,S012,P0049,W002,2025-01-01,859,2025-01-08,2025-01-13
PO005698,S010,P0099,W002,2025-02-18,408,2025-03-01,2025-03-01
PO005699,S010,P0023,W003,2025-04-06,257,2025-04-17,2025-04-17
PO005700,S018,P0055,W008,2025-07-20,341,2025-07-24,2025-07-25
PO005701,S012,P0005,W003,2025-01-26,360,2025-02-02,2025-02-02
PO005702,S022,P0064,W008,2025-12-09,782,2025-12-13,2025-12-14
PO005703,S016,P0035,W005,2025-08-23,324,2025-09-03,2025-09-03
PO005704,S023,P0093,W008,2025-12-15,27,2025-12-27,2025-12-27
PO005705,S006,P0069,W005,2025-09-01,226,2025-09-06,2025-09-07
PO005706,S024,P0054,W002,2025-12-24,430,2026-01-04,2026-01-04
PO005707,S025,P0003,W001,2025-11-23,277,2025-12-05,2025-12-05
PO005708,S024,P0006,W004,2025-12-17,815,2025-12-28,2025-12-28
PO005709,S021,P0087,W006,2025-02-20,670,2025-03-06,2025-03-06
PO005710,S024,P0056,W006,2025-03-22,65,2025-04-02,2025-04-03
PO005711,S010,P0002,W007,2025-02-05,145,2025-02-16,2025-02-16
PO005712,S015,P0082,W004,2025-03-08,40,2025-03-15,2025-03-15
PO005713,S009,P0094,W008,2025-05-09,189,2025-05-15,2025-05-15
PO005714,S024,P0038,W007,2025-06-04,563,2025-06-15,2025-06-15
PO005715,S002,P0056,W003,2025-09-02,435,2025-09-15,2025-09-20
PO005716,S018,P0005,W006,2025-04-21,474,2025-04-25,2025-04-30
PO005717,S012,P0046,W007,2025-06-17,681,2025-06-24,2025-06-24
PO005718,S003,P0011,W006,2025-05-22,225,2025-06-03,2025-06-03
PO005719,S007,P0065,W004,2025-12-22,352,2026-01-05,2026-01-05
PO005720,S009,P0010,W007,2025-07-16,40,2025-07-22,2025-07-22
PO005721,S008,P0041,W004,2025-04-19,937,2025-04-28,2025-04-28
PO005722,S025,P0044,W002,2025-03-20,821,2025-04-01,2025-04-01
PO005723,S006,P0090,W001,2025-06-10,669,2025-06-15,2025-06-16
PO005724,S001,P0033,W005,2025-01-19,84,2025-02-01,2025-02-01
PO005725,S014,P0091,W008,2025-05-07,596,2025-05-16,2025-05-21
PO005726,S016,P0056,W002,2025-07-24,107,2025-08-04,2025-08-04
PO005727,S016,P0012,W006,2025-01-29,854,2025-02-09,2025-02-10
PO005728,S004,P0002,W005,2025-07-26,498,2025-08-09,2025-08-14
PO005729,S006,P0001,W002,2025-10-07,62,2025-10-12,2025-10-12
PO005730,S015,P0065,W002,2025-05-31,902,2025-06-07,2025-06-12
PO005731,S022,P0033,W004,2025-08-28,956,2025-09-01,2025-09-01
PO005732,S008,P0086,W005,2025-09-23,160,2025-10-02,2025-10-09
PO005733,S001,P0076,W002,2025-07-01,393,2025-07-14,2025-07-21
PO005734,S013,P0036,W004,2025-04-15,535,2025-04-20,2025-04-20
PO005735,S018,P0021,W003,2025-08-24,519,2025-08-28,2025-08-31
PO005736,S018,P0084,W005,2025-06-22,298,2025-06-26,2025-06-26
PO005737,S013,P0036,W008,2025-06-07,345,2025-06-12,2025-06-12
PO005738,S022,P0026,W007,2025-06-21,437,2025-06-25,2025-06-25
PO005739,S014,P0047,W002,2025-11-07,572,2025-11-16,2025-11-16
PO005740,S011,P0095,W006,2025-06-06,933,2025-06-11,2025-06-11
PO005741,S007,P0001,W003,2025-09-15,907,2025-09-29,2025-09-29
PO005742,S018,P0038,W004,2025-06-13,621,2025-06-17,2025-06-19
PO005743,S021,P0014,W002,2025-05-27,787,2025-06-10,2025-06-10
PO005744,S022,P0090,W006,2025-06-03,948,2025-06-07,2025-06-14
PO005745,S004,P0046,W004,2025-02-07,940,2025-02-21,2025-02-21
PO005746,S017,P0042,W004,2025-05-11,327,2025-05-20,2025-05-20
PO005747,S019,P0007,W007,2025-12-24,676,2025-12-30,2025-12-31
PO005748,S014,P0055,W006,2025-09-12,326,2025-09-21,2025-09-24
PO005749,S010,P0056,W004,2025-07-27,918,2025-08-07,2025-08-09
PO005750,S025,P0076,W005,2025-04-05,842,2025-04-17,2025-04-17
PO005751,S006,P0063,W007,2025-12-14,489,2025-12-19,2025-12-19
PO005752,S018,P0024,W003,2025-11-23,203,2025-11-27,2025-11-27
PO005753,S025,P0083,W007,2025-06-20,650,2025-07-02,2025-07-02
PO005754,S004,P0073,W003,2025-09-07,644,2025-09-21,2025-09-21
PO005755,S011,P0099,W001,2025-07-09,310,2025-07-14,2025-07-14
PO005756,S013,P0004,W007,2025-07-18,268,2025-07-23,2025-07-23
PO005757,S008,P0042,W007,2025-08-09,343,2025-08-18,2025-08-19
PO005758,S010,P0096,W008,2025-01-24,462,2025-02-04,2025-02-05
PO005759,S023,P0070,W002,2025-09-01,623,2025-09-13,2025-09-13
PO005760,S011,P0028,W007,2025-11-20,78,2025-11-25,2025-11-25
PO005761,S003,P0092,W004,2025-05-08,288,2025-05-20,2025-05-20
PO005762,S015,P0040,W008,2025-04-03,337,2025-04-10,2025-04-10
PO005763,S008,P0051,W002,2025-10-27,113,2025-11-05,2025-11-07
PO005764,S020,P0029,W008,2025-05-13,273,2025-05-24,2025-05-25
PO005765,S018,P0042,W008,2025-02-24,706,2025-02-28,2025-03-02
PO005766,S021,P0069,W003,2025-06-07,479,2025-06-21,2025-06-21
PO005767,S001,P0005,W003,2025-01-29,534,2025-02-11,2025-02-16
PO005768,S024,P0041,W004,2025-07-30,552,2025-08-10,2025-08-10
PO005769,S008,P0061,W005,2025-06-03,123,2025-06-12,2025-06-15
PO005770,S003,P0055,W006,2025-10-20,852,2025-11-01,2025-11-01
PO005771,S001,P0028,W004,2025-08-10,421,2025-08-23,2025-08-23
PO005772,S020,P0041,W004,2025-04-25,800,2025-05-06,2025-05-06
PO005773,S025,P0009,W001,2025-06-07,986,2025-06-19,2025-06-19
PO005774,S016,P0029,W006,2025-09-16,352,2025-09-27,2025-09-27
PO005775,S009,P0078,W008,2025-09-08,740,2025-09-14,2025-09-19
PO005776,S017,P0038,W008,2025-05-02,896,2025-05-11,2025-05-11
PO005777,S016,P0062,W007,2025-10-26,627,2025-11-06,2025-11-06
PO005778,S023,P0054,W008,2025-09-20,112,2025-10-02,2025-10-05
PO005779,S006,P0052,W005,2025-02-18,576,2025-02-23,2025-02-23
PO005780,S023,P0034,W008,2025-11-25,593,2025-12-07,2025-12-07
PO005781,S007,P0037,W002,2025-10-24,561,2025-11-07,2025-11-14
PO005782,S024,P0049,W006,2025-12-28,990,2026-01-08,2026-01-08
PO005783,S016,P0042,W005,2025-03-18,801,2025-03-29,2025-03-29
PO005784,S008,P0014,W004,2025-05-07,456,2025-05-16,2025-05-18
PO005785,S010,P0082,W004,2025-07-16,29,2025-07-27,2025-07-27
PO005786,S014,P0033,W004,2025-08-09,475,2025-08-18,2025-08-19
PO005787,S011,P0098,W004,2025-04-01,434,2025-04-06,2025-04-06
PO005788,S002,P0092,W004,2025-01-08,537,2025-01-21,2025-01-21
PO005789,S012,P0100,W006,2025-02-01,998,2025-02-08,2025-02-08
PO005790,S020,P0087,W007,2025-11-16,394,2025-11-27,2025-12-04
PO005791,S020,P0017,W006,2025-09-26,550,2025-10-07,2025-10-10
PO005792,S013,P0075,W007,2025-07-10,543,2025-07-15,2025-07-15
PO005793,S015,P0032,W006,2025-12-15,392,2025-12-22,2025-12-22
PO005794,S012,P0079,W005,2025-06-12,723,2025-06-19,2025-06-19
PO005795,S013,P0068,W004,2025-03-02,634,2025-03-07,2025-03-07
PO005796,S008,P0039,W003,2025-09-21,901,2025-09-30,2025-10-03
PO005797,S016,P0094,W006,2025-10-12,781,2025-10-23,2025-10-30
PO005798,S003,P0010,W003,2025-04-05,775,2025-04-17,2025-04-19
PO005799,S013,P0087,W008,2025-02-10,869,2025-02-15,2025-02-15
PO005800,S012,P0024,W001,2025-05-29,458,2025-06-05,2025-06-05
PO005801,S019,P0100,W008,2025-07-23,214,2025-07-29,2025-07-29
PO005802,S002,P0058,W002,2025-09-24,284,2025-10-07,2025-10-07
PO005803,S001,P0069,W006,2025-01-02,526,2025-01-15,2025-01-15
PO005804,S008,P0064,W003,2025-06-27,665,2025-07-06,2025-07-09
PO005805,S009,P0019,W001,2025-07-13,916,2025-07-19,2025-07-19
PO005806,S025,P0008,W005,2025-12-02,445,2025-12-14,2025-12-14
PO005807,S008,P0071,W002,2025-07-15,880,2025-07-24,2025-07-24
PO005808,S021,P0040,W007,2025-12-09,970,2025-12-23,2025-12-30
PO005809,S017,P0013,W008,2025-09-06,708,2025-09-15,2025-09-17
PO005810,S009,P0027,W004,2025-07-31,886,2025-08-06,2025-08-06
PO005811,S006,P0082,W006,2025-06-02,118,2025-06-07,2025-06-10
PO005812,S015,P0088,W006,2025-06-07,49,2025-06-14,2025-06-14
PO005813,S023,P0002,W004,2025-12-28,310,2026-01-09,2026-01-09
PO005814,S024,P0016,W008,2025-05-19,594,2025-05-30,2025-05-30
PO005815,S013,P0014,W008,2025-08-09,506,2025-08-14,2025-08-14
PO005816,S021,P0017,W007,2025-09-30,425,2025-10-14,2025-10-14
PO005817,S022,P0060,W005,2025-06-03,958,2025-06-07,2025-06-08
PO005818,S012,P0070,W002,2025-09-06,47,2025-09-13,2025-09-13
PO005819,S013,P0099,W006,2025-10-06,165,2025-10-11,2025-10-11
PO005820,S007,P0017,W003,2025-10-31,307,2025-11-14,2025-11-14
PO005821,S023,P0045,W008,2025-10-03,600,2025-10-15,2025-10-18
PO005822,S018,P0038,W007,2025-01-02,969,2025-01-06,2025-01-07
PO005823,S014,P0064,W008,2025-03-29,271,2025-04-07,2025-04-07
PO005824,S011,P0006,W002,2025-10-14,181,2025-10-19,2025-10-19
PO005825,S014,P0060,W001,2025-05-10,946,2025-05-19,2025-05-19
PO005826,S017,P0049,W007,2025-03-19,129,2025-03-28,2025-03-28
PO005827,S024,P0021,W008,2025-09-17,884,2025-09-28,2025-09-28
PO005828,S021,P0099,W006,2025-08-29,663,2025-09-12,2025-09-12
PO005829,S002,P0023,W005,2025-05-21,417,2025-06-03,2025-06-05
PO005830,S019,P0076,W007,2025-08-16,290,2025-08-22,2025-08-22
PO005831,S016,P0057,W003,2025-06-12,207,2025-06-23,2025-06-26
PO005832,S022,P0064,W002,2025-08-24,551,2025-08-28,2025-08-29
PO005833,S010,P0029,W007,2025-05-08,295,2025-05-19,2025-05-19
PO005834,S022,P0027,W002,2025-07-19,708,2025-07-23,2025-07-23
PO005835,S008,P0006,W003,2025-01-31,630,2025-02-09,2025-02-09
PO005836,S021,P0021,W001,2025-05-18,266,2025-06-01,2025-06-02
PO005837,S005,P0071,W001,2025-01-21,343,2025-02-04,2025-02-04
PO005838,S007,P0041,W007,2025-08-22,37,2025-09-05,2025-09-05
PO005839,S013,P0080,W002,2025-07-21,427,2025-07-26,2025-07-26
PO005840,S016,P0005,W004,2025-10-06,430,2025-10-17,2025-10-17
PO005841,S005,P0015,W003,2025-05-11,820,2025-05-25,2025-05-25
PO005842,S016,P0021,W008,2025-05-28,144,2025-06-08,2025-06-08
PO005843,S015,P0058,W006,2025-01-29,339,2025-02-05,2025-02-05
PO005844,S009,P0004,W008,2025-12-27,172,2026-01-02,2026-01-05
PO005845,S022,P0069,W007,2025-11-04,600,2025-11-08,2025-11-08
PO005846,S023,P0007,W001,2025-06-11,677,2025-06-23,2025-06-23
PO005847,S012,P0035,W006,2025-12-23,576,2025-12-30,2025-12-30
PO005848,S008,P0036,W001,2025-12-06,897,2025-12-15,2025-12-15
PO005849,S013,P0015,W001,2025-03-02,39,2025-03-07,2025-03-07
PO005850,S005,P0092,W005,2025-05-05,822,2025-05-19,2025-05-19
PO005851,S014,P0002,W007,2025-03-12,266,2025-03-21,2025-03-23
PO005852,S016,P0057,W006,2025-11-22,409,2025-12-03,2025-12-03
PO005853,S011,P0005,W004,2025-12-30,366,2026-01-04,2026-01-04
PO005854,S020,P0071,W001,2025-08-31,495,2025-09-11,2025-09-11
PO005855,S012,P0086,W004,2025-09-06,222,2025-09-13,2025-09-13
PO005856,S015,P0095,W002,2025-08-09,28,2025-08-16,2025-08-16
PO005857,S024,P0032,W002,2025-01-21,711,2025-02-01,2025-02-01
PO005858,S012,P0072,W008,2025-03-23,687,2025-03-30,2025-03-30
PO005859,S009,P0041,W008,2025-12-10,550,2025-12-16,2025-12-16
PO005860,S001,P0042,W005,2025-01-10,122,2025-01-23,2025-01-23
PO005861,S003,P0075,W008,2025-01-12,265,2025-01-24,2025-01-24
PO005862,S012,P0065,W004,2025-09-20,616,2025-09-27,2025-09-28
PO005863,S020,P0040,W003,2025-05-25,338,2025-06-05,2025-06-08
PO005864,S013,P0083,W005,2025-07-11,370,2025-07-16,2025-07-16
PO005865,S023,P0038,W001,2025-09-07,253,2025-09-19,2025-09-20
PO005866,S006,P0042,W002,2025-04-24,666,2025-04-29,2025-04-29
PO005867,S010,P0037,W008,2025-01-26,56,2025-02-06,2025-02-13
PO005868,S010,P0056,W007,2025-09-28,364,2025-10-09,2025-10-09
PO005869,S016,P0071,W002,2025-02-02,623,2025-02-13,2025-02-13
PO005870,S001,P0055,W003,2025-03-03,311,2025-03-16,2025-03-16
PO005871,S016,P0089,W005,2025-08-17,36,2025-08-28,2025-08-28
PO005872,S004,P0054,W004,2025-10-30,109,2025-11-13,2025-11-13
PO005873,S006,P0022,W007,2025-04-05,367,2025-04-10,2025-04-10
PO005874,S019,P0027,W002,2025-02-04,696,2025-02-10,2025-02-10
PO005875,S002,P0047,W001,2025-07-12,996,2025-07-25,2025-07-30
PO005876,S018,P0038,W003,2025-03-17,463,2025-03-21,2025-03-28
PO005877,S010,P0039,W003,2025-09-06,272,2025-09-17,2025-09-18
PO005878,S004,P0015,W006,2025-03-24,836,2025-04-07,2025-04-07
PO005879,S001,P0066,W003,2025-01-25,612,2025-02-07,2025-02-10
PO005880,S015,P0061,W001,2025-02-26,203,2025-03-05,2025-03-08
PO005881,S010,P0060,W003,2025-02-01,309,2025-02-12,2025-02-17
PO005882,S018,P0008,W008,2025-11-15,780,2025-11-19,2025-11-19
PO005883,S016,P0044,W004,2025-01-12,234,2025-01-23,2025-01-23
PO005884,S013,P0043,W006,2025-11-15,177,2025-11-20,2025-11-20
PO005885,S015,P0006,W008,2025-11-29,942,2025-12-06,2025-12-11
PO005886,S002,P0084,W004,2025-04-02,710,2025-04-15,2025-04-15
PO005887,S020,P0027,W007,2025-01-01,412,2025-01-12,2025-01-12
PO005888,S004,P0045,W005,2025-11-22,39,2025-12-06,2025-12-06
PO005889,S001,P0023,W005,2025-05-16,490,2025-05-29,2025-05-29
PO005890,S007,P0081,W007,2025-07-15,450,2025-07-29,2025-08-03
PO005891,S023,P0013,W008,2025-05-13,678,2025-05-25,2025-05-25
PO005892,S011,P0068,W007,2025-03-27,87,2025-04-01,2025-04-01
PO005893,S010,P0084,W008,2025-10-22,96,2025-11-02,2025-11-09
PO005894,S001,P0064,W008,2025-10-06,121,2025-10-19,2025-10-19
PO005895,S011,P0025,W004,2025-11-20,671,2025-11-25,2025-11-28
PO005896,S024,P0086,W001,2025-06-29,912,2025-07-10,2025-07-10
PO005897,S010,P0052,W006,2025-01-04,604,2025-01-15,2025-01-16
PO005898,S014,P0048,W005,2025-05-06,226,2025-05-15,2025-05-15
PO005899,S014,P0061,W008,2025-06-24,232,2025-07-03,2025-07-03
PO005900,S007,P0017,W003,2025-09-08,98,2025-09-22,2025-09-22
PO005901,S023,P0040,W007,2025-01-21,132,2025-02-02,2025-02-07
PO005902,S011,P0075,W004,2025-04-15,784,2025-04-20,2025-04-20
PO005903,S022,P0089,W002,2025-03-07,152,2025-03-11,2025-03-11
PO005904,S004,P0069,W001,2025-09-20,216,2025-10-04,2025-10-07
PO005905,S024,P0085,W001,2025-02-18,44,2025-03-01,2025-03-01
PO005906,S002,P0026,W004,2025-01-16,491,2025-01-29,2025-01-29
PO005907,S007,P0080,W008,2025-05-25,632,2025-06-08,2025-06-09
PO005908,S019,P0056,W002,2025-12-06,776,2025-12-12,2025-12-12
PO005909,S014,P0040,W001,2025-09-07,562,2025-09-16,2025-09-16
PO005910,S019,P0085,W006,2025-12-09,961,2025-12-15,2025-12-20
PO005911,S007,P0096,W005,2025-12-20,309,2026-01-03,2026-01-03
PO005912,S012,P0068,W006,2025-03-16,275,2025-03-23,2025-03-23
PO005913,S003,P0008,W002,2025-10-17,956,2025-10-29,2025-10-30
PO005914,S015,P0073,W006,2025-10-09,225,2025-10-16,2025-10-16
PO005915,S005,P0045,W003,2025-03-07,494,2025-03-21,2025-03-22
PO005916,S008,P0017,W007,2025-05-05,87,2025-05-14,2025-05-14
PO005917,S014,P0041,W007,2025-11-15,234,2025-11-24,2025-11-27
PO005918,S004,P0077,W005,2025-03-28,653,2025-04-11,2025-04-11
PO005919,S007,P0009,W002,2025-02-10,441,2025-02-24,2025-02-24
PO005920,S007,P0070,W004,2025-07-05,577,2025-07-19,2025-07-22
PO005921,S018,P0091,W008,2025-12-20,600,2025-12-24,2025-12-24
PO005922,S014,P0024,W001,2025-12-01,558,2025-12-10,2025-12-10
PO005923,S008,P0073,W005,2025-09-23,702,2025-10-02,2025-10-04
PO005924,S012,P0011,W004,2025-09-28,776,2025-10-05,2025-10-05
PO005925,S010,P0035,W002,2025-02-11,481,2025-02-22,2025-02-22
PO005926,S014,P0029,W003,2025-04-03,474,2025-04-12,2025-04-12
PO005927,S009,P0008,W001,2025-07-04,320,2025-07-10,2025-07-12
PO005928,S006,P0017,W001,2025-08-03,805,2025-08-08,2025-08-08
PO005929,S005,P0071,W005,2025-01-17,307,2025-01-31,2025-02-05
PO005930,S001,P0012,W004,2025-09-22,780,2025-10-05,2025-10-05
PO005931,S001,P0079,W007,2025-04-24,21,2025-05-07,2025-05-09
PO005932,S025,P0093,W002,2025-10-19,956,2025-10-31,2025-10-31
PO005933,S020,P0050,W002,2025-10-19,39,2025-10-30,2025-10-30
PO005934,S017,P0024,W004,2025-02-17,496,2025-02-26,2025-02-26
PO005935,S011,P0037,W001,2025-11-03,973,2025-11-08,2025-11-08
PO005936,S012,P0078,W008,2025-04-07,510,2025-04-14,2025-04-14
PO005937,S003,P0011,W004,2025-04-05,825,2025-04-17,2025-04-17
PO005938,S006,P0099,W006,2025-11-22,276,2025-11-27,2025-11-30
PO005939,S011,P0081,W007,2025-03-15,472,2025-03-20,2025-03-20
PO005940,S013,P0059,W002,2025-12-02,457,2025-12-07,2025-12-14
PO005941,S011,P0055,W008,2025-03-09,780,2025-03-14,2025-03-14
PO005942,S008,P0027,W004,2025-09-03,417,2025-09-12,2025-09-13
PO005943,S010,P0067,W001,2025-03-18,172,2025-03-29,2025-04-01
PO005944,S002,P0060,W005,2025-07-27,668,2025-08-09,2025-08-14
PO005945,S024,P0002,W008,2025-09-11,241,2025-09-22,2025-09-22
PO005946,S014,P0068,W006,2025-08-09,742,2025-08-18,2025-08-19
PO005947,S016,P0018,W001,2025-09-19,720,2025-09-30,2025-09-30
PO005948,S017,P0020,W003,2025-11-27,455,2025-12-06,2025-12-06
PO005949,S011,P0085,W003,2025-12-10,763,2025-12-15,2025-12-16
PO005950,S002,P0063,W004,2025-09-16,155,2025-09-29,2025-09-29
PO005951,S024,P0078,W007,2025-11-04,547,2025-11-15,2025-11-15
PO005952,S023,P0072,W007,2025-03-15,645,2025-03-27,2025-03-27
PO005953,S005,P0002,W001,2025-05-05,795,2025-05-19,2025-05-19
PO005954,S016,P0090,W001,2025-07-07,298,2025-07-18,2025-07-18
PO005955,S016,P0083,W002,2025-09-11,604,2025-09-22,2025-09-25
PO005956,S002,P0042,W005,2025-11-17,755,2025-11-30,2025-11-30
PO005957,S016,P0028,W006,2025-11-04,504,2025-11-15,2025-11-16
PO005958,S025,P0029,W001,2025-08-23,565,2025-09-04,2025-09-06
PO005959,S005,P0069,W008,2025-09-07,264,2025-09-21,2025-09-21
PO005960,S008,P0028,W006,2025-11-28,769,2025-12-07,2025-12-08
PO005961,S020,P0060,W004,2025-12-11,37,2025-12-22,2025-12-23
PO005962,S014,P0090,W002,2025-03-13,896,2025-03-22,2025-03-22
PO005963,S025,P0005,W007,2025-08-23,575,2025-09-04,2025-09-04
PO005964,S010,P0015,W006,2025-11-20,162,2025-12-01,2025-12-06
PO005965,S023,P0073,W006,2025-06-05,520,2025-06-17,2025-06-24
PO005966,S002,P0032,W006,2025-04-25,546,2025-05-08,2025-05-09
PO005967,S003,P0052,W006,2025-11-09,112,2025-11-21,2025-11-21
PO005968,S018,P0090,W006,2025-08-16,402,2025-08-20,2025-08-20
PO005969,S021,P0037,W007,2025-11-18,908,2025-12-02,2025-12-02
PO005970,S002,P0015,W002,2025-12-12,298,2025-12-25,2025-12-27
PO005971,S021,P0041,W004,2025-09-02,746,2025-09-16,2025-09-17
PO005972,S009,P0004,W006,2025-11-02,468,2025-11-08,2025-11-08
PO005973,S002,P0053,W006,2025-01-14,780,2025-01-27,2025-01-28
PO005974,S025,P0100,W004,2025-01-16,602,2025-01-28,2025-01-28
PO005975,S007,P0084,W001,2025-02-11,640,2025-02-25,2025-02-27
PO005976,S007,P0027,W001,2025-04-20,307,2025-05-04,2025-05-04
PO005977,S014,P0021,W007,2025-10-05,495,2025-10-14,2025-10-15
PO005978,S005,P0060,W002,2025-11-20,901,2025-12-04,2025-12-04
PO005979,S008,P0086,W002,2025-01-19,691,2025-01-28,2025-01-28
PO005980,S023,P0064,W005,2025-03-07,820,2025-03-19,2025-03-19
PO005981,S022,P0071,W002,2025-06-16,190,2025-06-20,2025-06-25
PO005982,S018,P0047,W007,2025-03-14,544,2025-03-18,2025-03-18
PO005983,S006,P0054,W004,2025-11-06,391,2025-11-11,2025-11-11
PO005984,S014,P0031,W006,2025-04-22,751,2025-05-01,2025-05-03
PO005985,S018,P0017,W004,2025-10-01,412,2025-10-05,2025-10-05
PO005986,S017,P0050,W007,2025-03-26,977,2025-04-04,2025-04-04
PO005987,S009,P0007,W005,2025-05-19,204,2025-05-25,2025-05-25
PO005988,S013,P0083,W003,2025-02-08,529,2025-02-13,2025-02-13
PO005989,S016,P0028,W007,2025-04-15,451,2025-04-26,2025-04-26
PO005990,S021,P0010,W007,2025-11-20,958,2025-12-04,2025-12-04
PO005991,S010,P0027,W003,2025-10-08,854,2025-10-19,2025-10-20
PO005992,S010,P0013,W004,2025-05-03,228,2025-05-14,2025-05-14
PO005993,S004,P0066,W003,2025-08-06,819,2025-08-20,2025-08-20
PO005994,S012,P0086,W007,2025-03-02,348,2025-03-09,2025-03-09
PO005995,S008,P0084,W007,2025-04-10,380,2025-04-19,2025-04-19
PO005996,S015,P0060,W003,2025-11-03,463,2025-11-10,2025-11-15
PO005997,S021,P0043,W008,2025-12-20,916,2026-01-03,2026-01-08
PO005998,S023,P0069,W007,2025-07-23,460,2025-08-04,2025-08-04
PO005999,S019,P0063,W005,2025-09-15,388,2025-09-21,2025-09-23
PO006000,S015,P0070,W007,2025-01-05,125,2025-01-12,2025-01-12
PO006001,S008,P0099,W007,2025-07-16,743,2025-07-25,2025-07-27
PO006002,S008,P0065,W006,2025-06-29,344,2025-07-08,2025-07-08
PO006003,S019,P0099,W002,2025-12-08,251,2025-12-14,2025-12-14
PO006004,S009,P0067,W002,2025-05-13,744,2025-05-19,2025-05-22
PO006005,S024,P0054,W003,2025-11-20,856,2025-12-01,2025-12-04
PO006006,S017,P0036,W001,2025-09-10,727,2025-09-19,2025-09-19
PO006007,S008,P0071,W005,2025-09-22,268,2025-10-01,2025-10-04
PO006008,S012,P0093,W006,2025-04-03,336,2025-04-10,2025-04-11
PO006009,S015,P0015,W006,2025-05-30,283,2025-06-06,2025-06-06
PO006010,S004,P0075,W003,2025-05-18,748,2025-06-01,2025-06-01
PO006011,S006,P0018,W001,2025-07-27,522,2025-08-01,2025-08-01
PO006012,S016,P0004,W001,2025-05-05,282,2025-05-16,2025-05-18
PO006013,S025,P0088,W006,2025-08-22,952,2025-09-03,2025-09-10
PO006014,S005,P0011,W005,2025-03-02,701,2025-03-16,2025-03-16
PO006015,S023,P0006,W002,2025-11-03,435,2025-11-15,2025-11-16
PO006016,S013,P0051,W006,2025-09-23,932,2025-09-28,2025-09-29
PO006017,S015,P0058,W008,2025-05-14,687,2025-05-21,2025-05-21
PO006018,S017,P0060,W008,2025-11-14,89,2025-11-23,2025-11-23
PO006019,S025,P0018,W007,2025-04-23,253,2025-05-05,2025-05-05
PO006020,S022,P0079,W006,2025-07-10,451,2025-07-14,2025-07-14
PO006021,S020,P0067,W007,2025-07-06,73,2025-07-17,2025-07-20
PO006022,S022,P0017,W004,2025-11-15,189,2025-11-19,2025-11-19
PO006023,S005,P0097,W001,2025-03-30,55,2025-04-13,2025-04-13
PO006024,S019,P0034,W004,2025-07-06,853,2025-07-12,2025-07-14
PO006025,S007,P0030,W008,2025-11-03,946,2025-11-17,2025-11-17
PO006026,S003,P0019,W004,2025-05-12,980,2025-05-24,2025-05-24
PO006027,S013,P0009,W005,2025-12-26,278,2025-12-31,2025-12-31
PO006028,S014,P0040,W008,2025-05-03,270,2025-05-12,2025-05-12
PO006029,S016,P0044,W006,2025-02-17,32,2025-02-28,2025-03-02
PO006030,S013,P0095,W002,2025-10-15,690,2025-10-20,2025-10-20
PO006031,S002,P0059,W008,2025-06-28,560,2025-07-11,2025-07-14
PO006032,S014,P0091,W007,2025-06-29,76,2025-07-08,2025-07-08
PO006033,S020,P0025,W007,2025-04-09,180,2025-04-20,2025-04-20
PO006034,S007,P0071,W005,2025-11-26,456,2025-12-10,2025-12-10
PO006035,S005,P0053,W001,2025-02-03,797,2025-02-17,2025-02-20
PO006036,S014,P0048,W002,2025-03-11,249,2025-03-20,2025-03-20
PO006037,S009,P0071,W006,2025-06-20,850,2025-06-26,2025-06-26
PO006038,S010,P0084,W008,2025-09-29,860,2025-10-10,2025-10-11
PO006039,S007,P0053,W003,2025-02-28,212,2025-03-14,2025-03-14
PO006040,S014,P0049,W002,2025-06-30,639,2025-07-09,2025-07-09
PO006041,S025,P0043,W007,2025-01-19,376,2025-01-31,2025-01-31
PO006042,S014,P0100,W005,2025-08-14,371,2025-08-23,2025-08-25
PO006043,S025,P0019,W005,2025-04-05,884,2025-04-17,2025-04-24
PO006044,S002,P0066,W004,2025-10-24,277,2025-11-06,2025-11-06
PO006045,S017,P0034,W008,2025-03-22,641,2025-03-31,2025-03-31
PO006046,S020,P0081,W006,2025-06-24,661,2025-07-05,2025-07-05
PO006047,S004,P0088,W003,2025-08-10,654,2025-08-24,2025-08-25
PO006048,S013,P0073,W006,2025-04-13,984,2025-04-18,2025-04-18
PO006049,S018,P0054,W002,2025-02-23,989,2025-02-27,2025-02-27
PO006050,S003,P0001,W003,2025-07-02,647,2025-07-14,2025-07-16
PO006051,S019,P0092,W006,2025-12-17,761,2025-12-23,2025-12-23
PO006052,S005,P0055,W004,2025-11-14,312,2025-11-28,2025-11-28
PO006053,S001,P0015,W003,2025-12-21,405,2026-01-03,2026-01-08
PO006054,S009,P0085,W003,2025-12-15,764,2025-12-21,2025-12-28
PO006055,S024,P0015,W002,2025-11-17,848,2025-11-28,2025-11-28
PO006056,S008,P0023,W003,2025-03-09,253,2025-03-18,2025-03-18
PO006057,S003,P0066,W004,2025-01-28,315,2025-02-09,2025-02-09
PO006058,S002,P0046,W008,2025-10-01,722,2025-10-14,2025-10-14
PO006059,S001,P0100,W001,2025-10-09,556,2025-10-22,2025-10-27
PO006060,S012,P0009,W001,2025-12-26,398,2026-01-02,2026-01-04
PO006061,S022,P0066,W005,2025-11-07,697,2025-11-11,2025-11-13
PO006062,S013,P0066,W001,2025-04-29,824,2025-05-04,2025-05-04
PO006063,S010,P0018,W002,2025-05-14,229,2025-05-25,2025-05-25
PO006064,S017,P0017,W005,2025-05-09,558,2025-05-18,2025-05-18
PO006065,S011,P0072,W001,2025-01-08,871,2025-01-13,2025-01-13
PO006066,S005,P0098,W001,2025-02-20,197,2025-03-06,2025-03-06
PO006067,S025,P0034,W005,2025-12-07,949,2025-12-19,2025-12-19
PO006068,S009,P0069,W002,2025-10-08,575,2025-10-14,2025-10-14
PO006069,S013,P0064,W005,2025-06-24,91,2025-06-29,2025-06-29
PO006070,S020,P0044,W007,2025-07-02,919,2025-07-13,2025-07-13
PO006071,S023,P0029,W008,2025-07-11,527,2025-07-23,2025-07-23
PO006072,S011,P0062,W007,2025-09-06,241,2025-09-11,2025-09-11
PO006073,S023,P0092,W002,2025-08-23,967,2025-09-04,2025-09-04
PO006074,S004,P0016,W002,2025-03-24,842,2025-04-07,2025-04-07
PO006075,S021,P0078,W006,2025-04-03,247,2025-04-17,2025-04-22
PO006076,S011,P0052,W004,2025-11-08,860,2025-11-13,2025-11-13
PO006077,S009,P0002,W001,2025-09-25,252,2025-10-01,2025-10-03
PO006078,S007,P0061,W006,2025-04-30,287,2025-05-14,2025-05-19
PO006079,S016,P0004,W001,2025-03-12,929,2025-03-23,2025-03-23
PO006080,S023,P0052,W006,2025-01-17,273,2025-01-29,2025-01-29
PO006081,S023,P0041,W008,2025-09-10,694,2025-09-22,2025-09-22
PO006082,S025,P0052,W003,2025-05-02,25,2025-05-14,2025-05-14
PO006083,S005,P0031,W007,2025-01-10,66,2025-01-24,2025-01-24
PO006084,S006,P0026,W008,2025-10-14,426,2025-10-19,2025-10-21
PO006085,S019,P0027,W005,2025-11-12,902,2025-11-18,2025-11-18
PO006086,S001,P0051,W006,2025-11-22,599,2025-12-05,2025-12-12
PO006087,S016,P0098,W007,2025-09-30,273,2025-10-11,2025-10-13
PO006088,S018,P0095,W004,2025-11-02,468,2025-11-06,2025-11-06
PO006089,S024,P0048,W001,2025-10-20,78,2025-10-31,2025-10-31
PO006090,S013,P0011,W003,2025-07-29,412,2025-08-03,2025-08-03
PO006091,S001,P0008,W004,2025-08-06,650,2025-08-19,2025-08-19
PO006092,S010,P0012,W002,2025-08-29,717,2025-09-09,2025-09-09
PO006093,S007,P0099,W008,2025-07-19,579,2025-08-02,2025-08-04
PO006094,S005,P0045,W001,2025-08-04,210,2025-08-18,2025-08-18
PO006095,S013,P0034,W007,2025-07-24,284,2025-07-29,2025-07-29
PO006096,S022,P0077,W006,2025-08-04,703,2025-08-08,2025-08-11
PO006097,S016,P0091,W005,2025-03-21,577,2025-04-01,2025-04-01
PO006098,S024,P0072,W004,2025-09-24,162,2025-10-05,2025-10-05
PO006099,S020,P0047,W007,2025-02-04,265,2025-02-15,2025-02-15
PO006100,S022,P0021,W003,2025-10-16,235,2025-10-20,2025-10-20
PO006101,S014,P0041,W005,2025-01-18,456,2025-01-27,2025-01-29
PO006102,S011,P0075,W002,2025-06-14,707,2025-06-19,2025-06-24
PO006103,S019,P0022,W005,2025-01-13,859,2025-01-19,2025-01-19
PO006104,S023,P0021,W007,2025-07-21,495,2025-08-02,2025-08-02
PO006105,S002,P0028,W007,2025-08-17,403,2025-08-30,2025-08-30
PO006106,S008,P0067,W003,2025-12-12,957,2025-12-21,2025-12-22
PO006107,S013,P0071,W002,2025-01-01,897,2025-01-06,2025-01-07
PO006108,S007,P0014,W003,2025-11-15,676,2025-11-29,2025-11-29
PO006109,S012,P0079,W007,2025-08-05,566,2025-08-12,2025-08-12
PO006110,S008,P0073,W001,2025-02-03,434,2025-02-12,2025-02-17
PO006111,S016,P0052,W003,2025-12-25,151,2026-01-05,2026-01-05
PO006112,S018,P0043,W008,2025-09-23,835,2025-09-27,2025-09-27
PO006113,S019,P0071,W005,2025-05-08,417,2025-05-14,2025-05-16
PO006114,S004,P0076,W007,2025-07-31,526,2025-08-14,2025-08-14
PO006115,S025,P0019,W001,2025-09-20,172,2025-10-02,2025-10-02
PO006116,S012,P0027,W001,2025-11-08,833,2025-11-15,2025-11-15
PO006117,S016,P0018,W004,2025-03-21,579,2025-04-01,2025-04-08
PO006118,S021,P0013,W005,2025-06-14,187,2025-06-28,2025-06-28
PO006119,S022,P0001,W005,2025-09-09,709,2025-09-13,2025-09-13
PO006120,S017,P0085,W002,2025-01-12,794,2025-01-21,2025-01-21
PO006121,S004,P0034,W003,2025-10-31,626,2025-11-14,2025-11-16
PO006122,S020,P0013,W006,2025-07-31,847,2025-08-11,2025-08-11
PO006123,S024,P0051,W003,2025-10-09,822,2025-10-20,2025-10-20
PO006124,S024,P0087,W005,2025-04-22,249,2025-05-03,2025-05-03
PO006125,S022,P0001,W003,2025-07-30,722,2025-08-03,2025-08-03
PO006126,S024,P0087,W005,2025-08-27,423,2025-09-07,2025-09-09
PO006127,S009,P0028,W007,2025-09-25,163,2025-10-01,2025-10-01
PO006128,S005,P0032,W001,2025-10-25,937,2025-11-08,2025-11-09
PO006129,S017,P0072,W003,2025-11-13,695,2025-11-22,2025-11-24
PO006130,S017,P0055,W007,2025-02-27,550,2025-03-08,2025-03-13
PO006131,S002,P0026,W003,2025-02-03,917,2025-02-16,2025-02-16
PO006132,S002,P0014,W005,2025-09-20,87,2025-10-03,2025-10-03
PO006133,S021,P0088,W007,2025-12-31,117,2026-01-14,2026-01-14
PO006134,S023,P0093,W005,2025-02-04,26,2025-02-16,2025-02-23
PO006135,S007,P0068,W002,2025-09-28,834,2025-10-12,2025-10-15
PO006136,S004,P0063,W003,2025-08-15,196,2025-08-29,2025-08-29
PO006137,S013,P0082,W004,2025-01-25,225,2025-01-30,2025-02-04
PO006138,S020,P0014,W008,2025-08-22,318,2025-09-02,2025-09-04
PO006139,S011,P0027,W005,2025-02-28,819,2025-03-05,2025-03-10
PO006140,S003,P0041,W004,2025-09-08,932,2025-09-20,2025-09-21
PO006141,S002,P0003,W001,2025-12-01,248,2025-12-14,2025-12-17
PO006142,S016,P0094,W001,2025-03-27,915,2025-04-07,2025-04-10
PO006143,S003,P0059,W008,2025-09-08,650,2025-09-20,2025-09-20
PO006144,S024,P0100,W004,2025-06-29,289,2025-07-10,2025-07-17
PO006145,S015,P0023,W006,2025-07-26,100,2025-08-02,2025-08-02
PO006146,S017,P0018,W001,2025-12-10,691,2025-12-19,2025-12-19
PO006147,S016,P0074,W004,2025-05-29,207,2025-06-09,2025-06-11
PO006148,S020,P0076,W002,2025-03-12,719,2025-03-23,2025-03-24
PO006149,S007,P0041,W002,2025-05-01,839,2025-05-15,2025-05-18
PO006150,S016,P0008,W001,2025-09-10,520,2025-09-21,2025-09-21
PO006151,S005,P0032,W007,2025-04-03,725,2025-04-17,2025-04-17
PO006152,S002,P0081,W004,2025-09-13,506,2025-09-26,2025-09-26
PO006153,S001,P0041,W004,2025-09-11,791,2025-09-24,2025-09-24
PO006154,S022,P0045,W008,2025-12-18,507,2025-12-22,2025-12-23
PO006155,S013,P0078,W008,2025-10-15,497,2025-10-20,2025-10-20
PO006156,S016,P0009,W004,2025-11-05,722,2025-11-16,2025-11-16
PO006157,S005,P0090,W008,2025-02-28,308,2025-03-14,2025-03-14
PO006158,S003,P0048,W006,2025-03-10,125,2025-03-22,2025-03-24
PO006159,S015,P0024,W001,2025-03-27,660,2025-04-03,2025-04-03
PO006160,S016,P0087,W006,2025-10-01,628,2025-10-12,2025-10-13
PO006161,S011,P0095,W004,2025-08-15,595,2025-08-20,2025-08-20
PO006162,S025,P0044,W005,2025-03-22,659,2025-04-03,2025-04-03
PO006163,S019,P0058,W004,2025-04-24,242,2025-04-30,2025-05-03
PO006164,S018,P0066,W005,2025-07-03,824,2025-07-07,2025-07-07
PO006165,S021,P0018,W002,2025-10-07,993,2025-10-21,2025-10-21
PO006166,S009,P0080,W005,2025-11-18,401,2025-11-24,2025-11-25
PO006167,S008,P0029,W002,2025-11-14,857,2025-11-23,2025-11-24
PO006168,S022,P0075,W008,2025-02-23,922,2025-02-27,2025-02-28
PO006169,S019,P0002,W001,2025-07-16,123,2025-07-22,2025-07-24
PO006170,S022,P0078,W007,2025-10-20,683,2025-10-24,2025-10-24
PO006171,S005,P0068,W007,2025-10-20,133,2025-11-03,2025-11-03
PO006172,S017,P0098,W006,2025-10-18,527,2025-10-27,2025-10-27
PO006173,S005,P0039,W006,2025-06-29,983,2025-07-13,2025-07-18
PO006174,S014,P0073,W002,2025-08-10,74,2025-08-19,2025-08-26
PO006175,S007,P0041,W002,2025-10-01,140,2025-10-15,2025-10-15
PO006176,S009,P0071,W004,2025-09-01,236,2025-09-07,2025-09-07
PO006177,S017,P0081,W003,2025-06-03,654,2025-06-12,2025-06-12
PO006178,S003,P0087,W002,2025-10-31,22,2025-11-12,2025-11-13
PO006179,S008,P0075,W005,2025-09-30,111,2025-10-09,2025-10-09
PO006180,S022,P0022,W001,2025-05-15,426,2025-05-19,2025-05-21
PO006181,S013,P0082,W008,2025-11-09,695,2025-11-14,2025-11-19
PO006182,S016,P0049,W006,2025-01-08,460,2025-01-19,2025-01-26
PO006183,S021,P0028,W005,2025-05-08,650,2025-05-22,2025-05-22
PO006184,S010,P0016,W006,2025-02-25,451,2025-03-08,2025-03-13
PO006185,S018,P0068,W001,2025-05-06,928,2025-05-10,2025-05-11
PO006186,S003,P0062,W008,2025-06-08,80,2025-06-20,2025-06-20
PO006187,S012,P0036,W005,2025-02-28,745,2025-03-07,2025-03-07
PO006188,S016,P0022,W006,2025-02-27,492,2025-03-10,2025-03-11
PO006189,S018,P0011,W002,2025-05-20,266,2025-05-24,2025-05-29
PO006190,S017,P0085,W008,2025-06-25,766,2025-07-04,2025-07-04
PO006191,S007,P0080,W003,2025-04-18,939,2025-05-02,2025-05-02
PO006192,S019,P0042,W002,2025-07-30,958,2025-08-05,2025-08-05
PO006193,S023,P0055,W007,2025-03-15,888,2025-03-27,2025-04-03
PO006194,S023,P0073,W006,2025-06-16,391,2025-06-28,2025-07-05
PO006195,S008,P0035,W004,2025-12-23,308,2026-01-01,2026-01-01
PO006196,S017,P0057,W005,2025-10-31,609,2025-11-09,2025-11-09
PO006197,S021,P0034,W003,2025-08-21,43,2025-09-04,2025-09-09
PO006198,S025,P0073,W005,2025-11-23,425,2025-12-05,2025-12-06
PO006199,S007,P0077,W004,2025-07-01,327,2025-07-15,2025-07-22
PO006200,S001,P0070,W004,2025-05-02,632,2025-05-15,2025-05-18
PO006201,S008,P0004,W004,2025-11-30,391,2025-12-09,2025-12-09
PO006202,S019,P0046,W006,2025-07-22,782,2025-07-28,2025-07-30
PO006203,S020,P0092,W002,2025-01-29,654,2025-02-09,2025-02-09
PO006204,S020,P0011,W006,2025-07-21,234,2025-08-01,2025-08-03
PO006205,S010,P0098,W002,2025-04-03,281,2025-04-14,2025-04-14
PO006206,S012,P0061,W003,2025-11-25,934,2025-12-02,2025-12-07
PO006207,S024,P0035,W004,2025-12-22,863,2026-01-02,2026-01-09
PO006208,S001,P0069,W007,2025-06-25,365,2025-07-08,2025-07-08
PO006209,S024,P0057,W002,2025-11-26,432,2025-12-07,2025-12-07
PO006210,S025,P0011,W001,2025-07-30,142,2025-08-11,2025-08-11
PO006211,S025,P0012,W007,2025-07-03,783,2025-07-15,2025-07-18
PO006212,S021,P0043,W001,2025-04-05,339,2025-04-19,2025-04-21
PO006213,S004,P0019,W002,2025-09-30,929,2025-10-14,2025-10-21
PO006214,S004,P0077,W007,2025-05-17,356,2025-05-31,2025-05-31
PO006215,S009,P0068,W007,2025-08-25,177,2025-08-31,2025-08-31
PO006216,S015,P0078,W003,2025-12-19,346,2025-12-26,2025-12-26
PO006217,S024,P0059,W005,2025-09-22,680,2025-10-03,2025-10-03
PO006218,S015,P0002,W006,2025-05-15,84,2025-05-22,2025-05-23
PO006219,S007,P0008,W008,2025-05-24,388,2025-06-07,2025-06-12
PO006220,S012,P0022,W004,2025-01-19,889,2025-01-26,2025-01-26
PO006221,S003,P0077,W002,2025-08-19,23,2025-08-31,2025-09-03
PO006222,S020,P0021,W003,2025-05-14,705,2025-05-25,2025-05-25
PO006223,S009,P0085,W008,2025-04-24,667,2025-04-30,2025-04-30
PO006224,S014,P0092,W007,2025-05-19,933,2025-05-28,2025-05-28
PO006225,S013,P0097,W006,2025-05-05,775,2025-05-10,2025-05-10
PO006226,S024,P0029,W005,2025-07-23,79,2025-08-03,2025-08-08
PO006227,S012,P0086,W003,2025-03-02,64,2025-03-09,2025-03-09
PO006228,S001,P0090,W005,2025-09-07,603,2025-09-20,2025-09-20
PO006229,S019,P0075,W001,2025-10-25,626,2025-10-31,2025-11-03
PO006230,S016,P0075,W006,2025-01-13,562,2025-01-24,2025-01-31
PO006231,S012,P0098,W006,2025-09-12,175,2025-09-19,2025-09-19
PO006232,S010,P0083,W005,2025-03-26,907,2025-04-06,2025-04-06
PO006233,S002,P0037,W001,2025-01-20,771,2025-02-02,2025-02-02
PO006234,S018,P0078,W008,2025-02-19,83,2025-02-23,2025-02-23
PO006235,S013,P0029,W004,2025-06-13,440,2025-06-18,2025-06-18
PO006236,S024,P0083,W002,2025-04-02,342,2025-04-13,2025-04-18
PO006237,S006,P0037,W007,2025-03-29,128,2025-04-03,2025-04-03
PO006238,S012,P0021,W001,2025-03-10,482,2025-03-17,2025-03-17
PO006239,S022,P0088,W003,2025-02-06,599,2025-02-10,2025-02-11
PO006240,S004,P0090,W005,2025-09-10,566,2025-09-24,2025-09-27
PO006241,S001,P0012,W006,2025-09-09,270,2025-09-22,2025-09-22
PO006242,S011,P0048,W003,2025-05-20,885,2025-05-25,2025-05-25
PO006243,S023,P0083,W006,2025-12-21,529,2026-01-02,2026-01-02
PO006244,S008,P0047,W001,2025-06-17,567,2025-06-26,2025-06-26
PO006245,S002,P0094,W006,2025-02-23,460,2025-03-08,2025-03-08
PO006246,S002,P0015,W007,2025-06-27,473,2025-07-10,2025-07-10
PO006247,S016,P0067,W008,2025-10-24,663,2025-11-04,2025-11-04
PO006248,S001,P0013,W006,2025-10-28,836,2025-11-10,2025-11-10
PO006249,S004,P0059,W007,2025-12-25,753,2026-01-08,2026-01-08
PO006250,S006,P0073,W006,2025-04-16,698,2025-04-21,2025-04-28
PO006251,S021,P0013,W006,2025-05-17,293,2025-05-31,2025-05-31
PO006252,S020,P0080,W008,2025-07-09,79,2025-07-20,2025-07-23
PO006253,S014,P0078,W007,2025-05-08,361,2025-05-17,2025-05-17
PO006254,S020,P0072,W007,2025-12-08,413,2025-12-19,2025-12-21
PO006255,S015,P0019,W003,2025-02-16,132,2025-02-23,2025-02-23
PO006256,S007,P0057,W005,2025-01-05,240,2025-01-19,2025-01-19
PO006257,S007,P0032,W002,2025-09-14,810,2025-09-28,2025-09-30
PO006258,S018,P0099,W008,2025-10-27,87,2025-10-31,2025-11-02
PO006259,S023,P0087,W003,2025-05-30,334,2025-06-11,2025-06-18
PO006260,S002,P0021,W004,2025-10-21,486,2025-11-03,2025-11-05
PO006261,S020,P0082,W005,2025-08-31,877,2025-09-11,2025-09-11
PO006262,S015,P0014,W005,2025-10-02,282,2025-10-09,2025-10-09
PO006263,S001,P0080,W008,2025-07-27,800,2025-08-09,2025-08-09
PO006264,S021,P0024,W007,2025-04-25,150,2025-05-09,2025-05-09
PO006265,S017,P0049,W004,2025-07-14,443,2025-07-23,2025-07-25
PO006266,S020,P0032,W007,2025-12-09,286,2025-12-20,2025-12-20
PO006267,S025,P0075,W007,2025-06-19,739,2025-07-01,2025-07-06
PO006268,S013,P0011,W001,2025-03-23,231,2025-03-28,2025-03-28
PO006269,S012,P0060,W004,2025-06-03,582,2025-06-10,2025-06-10
PO006270,S024,P0068,W001,2025-05-21,938,2025-06-01,2025-06-01
PO006271,S022,P0061,W002,2025-11-10,307,2025-11-14,2025-11-14
PO006272,S015,P0090,W001,2025-05-26,444,2025-06-02,2025-06-05
PO006273,S024,P0005,W007,2025-11-19,573,2025-11-30,2025-12-07
PO006274,S005,P0036,W008,2025-05-02,778,2025-05-16,2025-05-16
PO006275,S007,P0097,W002,2025-09-09,953,2025-09-23,2025-09-25
PO006276,S008,P0064,W002,2025-12-09,726,2025-12-18,2025-12-18
PO006277,S023,P0078,W006,2025-11-07,263,2025-11-19,2025-11-24
PO006278,S014,P0032,W006,2025-03-30,731,2025-04-08,2025-04-08
PO006279,S004,P0071,W004,2025-02-27,889,2025-03-13,2025-03-13
PO006280,S021,P0074,W007,2025-03-04,652,2025-03-18,2025-03-18
PO006281,S014,P0066,W002,2025-12-13,353,2025-12-22,2025-12-22
PO006282,S010,P0010,W007,2025-11-04,347,2025-11-15,2025-11-15
PO006283,S022,P0099,W001,2025-10-07,734,2025-10-11,2025-10-11
PO006284,S016,P0021,W003,2025-03-13,125,2025-03-24,2025-03-24
PO006285,S011,P0040,W006,2025-01-09,781,2025-01-14,2025-01-14
PO006286,S022,P0042,W005,2025-04-04,906,2025-04-08,2025-04-09
PO006287,S025,P0072,W005,2025-12-05,957,2025-12-17,2025-12-18
PO006288,S014,P0046,W001,2025-12-02,958,2025-12-11,2025-12-14
PO006289,S014,P0082,W006,2025-06-01,820,2025-06-10,2025-06-10
PO006290,S002,P0073,W003,2025-12-22,98,2026-01-04,2026-01-04
PO006291,S022,P0041,W008,2025-02-09,184,2025-02-13,2025-02-13
PO006292,S013,P0094,W007,2025-12-25,865,2025-12-30,2025-12-30
PO006293,S003,P0004,W002,2025-03-03,650,2025-03-15,2025-03-15
PO006294,S018,P0099,W006,2025-09-11,76,2025-09-15,2025-09-15
PO006295,S022,P0014,W001,2025-03-10,979,2025-03-14,2025-03-14
PO006296,S004,P0014,W007,2025-09-02,979,2025-09-16,2025-09-16
PO006297,S021,P0053,W002,2025-12-31,207,2026-01-14,2026-01-14
PO006298,S021,P0084,W006,2025-06-19,71,2025-07-03,2025-07-10
PO006299,S019,P0029,W004,2025-06-27,91,2025-07-03,2025-07-10
PO006300,S016,P0023,W003,2025-07-08,772,2025-07-19,2025-07-19
PO006301,S004,P0085,W005,2025-09-17,343,2025-10-01,2025-10-01
PO006302,S019,P0031,W001,2025-03-13,631,2025-03-19,2025-03-24
PO006303,S023,P0096,W005,2025-01-17,357,2025-01-29,2025-02-03
PO006304,S015,P0071,W007,2025-12-07,174,2025-12-14,2025-12-17
PO006305,S001,P0077,W002,2025-02-26,78,2025-03-11,2025-03-11
PO006306,S016,P0061,W002,2025-08-06,294,2025-08-17,2025-08-17
PO006307,S015,P0023,W004,2025-04-17,790,2025-04-24,2025-04-24
PO006308,S016,P0008,W008,2025-10-31,220,2025-11-11,2025-11-14
PO006309,S022,P0076,W002,2025-06-22,314,2025-06-26,2025-06-29
PO006310,S020,P0100,W002,2025-08-07,341,2025-08-18,2025-08-18
PO006311,S001,P0016,W007,2025-09-04,348,2025-09-17,2025-09-17
PO006312,S017,P0026,W008,2025-08-06,971,2025-08-15,2025-08-15
PO006313,S005,P0029,W005,2025-01-31,409,2025-02-14,2025-02-16
PO006314,S005,P0093,W005,2025-02-16,303,2025-03-02,2025-03-03
PO006315,S007,P0006,W001,2025-05-14,195,2025-05-28,2025-05-28
PO006316,S013,P0037,W001,2025-04-18,629,2025-04-23,2025-04-23
PO006317,S012,P0033,W002,2025-03-13,368,2025-03-20,2025-03-20
PO006318,S004,P0095,W006,2025-11-23,451,2025-12-07,2025-12-08
PO006319,S025,P0046,W003,2025-04-18,982,2025-04-30,2025-05-02
PO006320,S004,P0061,W001,2025-11-05,713,2025-11-19,2025-11-19
PO006321,S023,P0041,W002,2025-09-29,401,2025-10-11,2025-10-11
PO006322,S021,P0018,W006,2025-06-20,291,2025-07-04,2025-07-05
PO006323,S021,P0095,W006,2025-04-26,511,2025-05-10,2025-05-10
PO006324,S006,P0016,W005,2025-11-25,566,2025-11-30,2025-11-30
PO006325,S024,P0051,W006,2025-03-15,350,2025-03-26,2025-03-26
PO006326,S015,P0037,W004,2025-09-13,894,2025-09-20,2025-09-22
PO006327,S021,P0014,W005,2025-03-22,618,2025-04-05,2025-04-07
PO006328,S019,P0068,W005,2025-09-25,177,2025-10-01,2025-10-01
PO006329,S006,P0030,W004,2025-05-08,451,2025-05-13,2025-05-13
PO006330,S012,P0060,W007,2025-11-22,344,2025-11-29,2025-11-29
PO006331,S014,P0053,W007,2025-08-23,135,2025-09-01,2025-09-04
PO006332,S018,P0097,W005,2025-02-10,539,2025-02-14,2025-02-17
PO006333,S012,P0036,W001,2025-06-30,638,2025-07-07,2025-07-07
PO006334,S024,P0030,W005,2025-06-06,638,2025-06-17,2025-06-17
PO006335,S024,P0064,W004,2025-02-28,645,2025-03-11,2025-03-11
PO006336,S015,P0014,W002,2025-12-11,454,2025-12-18,2025-12-18
PO006337,S019,P0023,W008,2025-09-06,541,2025-09-12,2025-09-12
PO006338,S008,P0048,W002,2025-07-11,815,2025-07-20,2025-07-21
PO006339,S009,P0028,W002,2025-01-24,951,2025-01-30,2025-01-31
PO006340,S005,P0007,W007,2025-03-21,591,2025-04-04,2025-04-04
PO006341,S005,P0042,W004,2025-05-14,285,2025-05-28,2025-05-31
PO006342,S006,P0010,W004,2025-08-01,417,2025-08-06,2025-08-06
PO006343,S023,P0068,W001,2025-12-14,121,2025-12-26,2025-12-31
PO006344,S003,P0044,W004,2025-06-15,82,2025-06-27,2025-06-27
PO006345,S005,P0013,W006,2025-12-14,706,2025-12-28,2025-12-28
PO006346,S001,P0085,W002,2025-12-03,728,2025-12-16,2025-12-16
PO006347,S011,P0033,W004,2025-03-12,843,2025-03-17,2025-03-17
PO006348,S021,P0092,W003,2025-08-02,921,2025-08-16,2025-08-16
PO006349,S020,P0087,W007,2025-03-06,530,2025-03-17,2025-03-17
PO006350,S001,P0032,W005,2025-08-09,241,2025-08-22,2025-08-22
PO006351,S007,P0048,W001,2025-11-04,934,2025-11-18,2025-11-21
PO006352,S015,P0005,W002,2025-10-13,455,2025-10-20,2025-10-20
PO006353,S017,P0061,W008,2025-07-04,209,2025-07-13,2025-07-13
PO006354,S008,P0090,W006,2025-07-26,659,2025-08-04,2025-08-09
PO006355,S002,P0090,W006,2025-04-09,964,2025-04-22,2025-04-24
PO006356,S013,P0003,W008,2025-08-30,353,2025-09-04,2025-09-04
PO006357,S012,P0024,W002,2025-06-07,926,2025-06-14,2025-06-14
PO006358,S005,P0098,W006,2025-04-08,577,2025-04-22,2025-04-22
PO006359,S013,P0034,W003,2025-02-11,600,2025-02-16,2025-02-16
PO006360,S006,P0084,W001,2025-05-19,320,2025-05-24,2025-05-24
PO006361,S025,P0094,W007,2025-10-10,370,2025-10-22,2025-10-22
PO006362,S015,P0042,W005,2025-08-15,895,2025-08-22,2025-08-24
PO006363,S023,P0020,W001,2025-03-13,589,2025-03-25,2025-03-25
PO006364,S022,P0041,W001,2025-08-31,947,2025-09-04,2025-09-04
PO006365,S021,P0082,W007,2025-01-18,747,2025-02-01,2025-02-01
PO006366,S022,P0020,W008,2025-03-18,134,2025-03-22,2025-03-23
PO006367,S011,P0006,W002,2025-02-14,541,2025-02-19,2025-02-19
PO006368,S004,P0057,W008,2025-12-09,928,2025-12-23,2025-12-24
PO006369,S001,P0042,W004,2025-05-20,386,2025-06-02,2025-06-02
PO006370,S015,P0025,W005,2025-06-26,288,2025-07-03,2025-07-08
PO006371,S012,P0041,W001,2025-08-10,823,2025-08-17,2025-08-17
PO006372,S009,P0041,W003,2025-04-02,105,2025-04-08,2025-04-08
PO006373,S011,P0003,W007,2025-01-22,915,2025-01-27,2025-02-01
PO006374,S005,P0043,W002,2025-06-21,988,2025-07-05,2025-07-12
PO006375,S024,P0046,W004,2025-04-02,397,2025-04-13,2025-04-14
PO006376,S007,P0057,W004,2025-07-11,166,2025-07-25,2025-07-30
PO006377,S008,P0083,W002,2025-03-18,137,2025-03-27,2025-03-27
PO006378,S001,P0074,W001,2025-10-08,154,2025-10-21,2025-10-21
PO006379,S025,P0051,W007,2025-12-30,546,2026-01-11,2026-01-11
PO006380,S001,P0005,W006,2025-06-28,868,2025-07-11,2025-07-11
PO006381,S003,P0086,W008,2025-08-26,833,2025-09-07,2025-09-07
PO006382,S008,P0073,W002,2025-05-15,225,2025-05-24,2025-05-24
PO006383,S011,P0097,W006,2025-12-31,252,2026-01-05,2026-01-08
PO006384,S001,P0015,W004,2025-10-07,835,2025-10-20,2025-10-20
PO006385,S014,P0088,W004,2025-01-19,85,2025-01-28,2025-01-28
PO006386,S001,P0094,W003,2025-03-24,993,2025-04-06,2025-04-06
PO006387,S006,P0100,W003,2025-08-16,23,2025-08-21,2025-08-28
PO006388,S021,P0039,W004,2025-09-22,22,2025-10-06,2025-10-08
PO006389,S006,P0070,W003,2025-04-22,278,2025-04-27,2025-04-27
PO006390,S003,P0079,W003,2025-09-08,734,2025-09-20,2025-09-23
PO006391,S010,P0038,W003,2025-06-13,344,2025-06-24,2025-06-26
PO006392,S012,P0039,W004,2025-12-24,259,2025-12-31,2026-01-05
PO006393,S010,P0052,W001,2025-06-17,624,2025-06-28,2025-06-28
PO006394,S022,P0086,W001,2025-08-09,815,2025-08-13,2025-08-13
PO006395,S002,P0003,W007,2025-10-31,554,2025-11-13,2025-11-13
PO006396,S024,P0029,W005,2025-07-10,817,2025-07-21,2025-07-28
PO006397,S022,P0093,W003,2025-11-21,337,2025-11-25,2025-12-02
PO006398,S013,P0031,W001,2025-06-19,618,2025-06-24,2025-06-26
PO006399,S016,P0066,W005,2025-02-14,70,2025-02-25,2025-02-25
PO006400,S013,P0099,W002,2025-01-14,828,2025-01-19,2025-01-19
PO006401,S004,P0045,W003,2025-08-19,489,2025-09-02,2025-09-02
PO006402,S004,P0073,W001,2025-06-06,851,2025-06-20,2025-06-20
PO006403,S011,P0022,W001,2025-05-14,62,2025-05-19,2025-05-19
PO006404,S023,P0083,W006,2025-02-06,223,2025-02-18,2025-02-18
PO006405,S014,P0010,W001,2025-02-22,366,2025-03-03,2025-03-10
PO006406,S003,P0021,W006,2025-01-18,77,2025-01-30,2025-01-30
PO006407,S019,P0017,W005,2025-02-07,78,2025-02-13,2025-02-18
PO006408,S022,P0067,W006,2025-07-06,699,2025-07-10,2025-07-11
PO006409,S025,P0007,W002,2025-07-15,705,2025-07-27,2025-07-27
PO006410,S001,P0036,W008,2025-08-31,530,2025-09-13,2025-09-13
PO006411,S005,P0067,W007,2025-10-27,337,2025-11-10,2025-11-17
PO006412,S017,P0077,W008,2025-10-30,452,2025-11-08,2025-11-10
PO006413,S001,P0030,W003,2025-02-04,391,2025-02-17,2025-02-17
PO006414,S019,P0087,W001,2025-08-03,226,2025-08-09,2025-08-09
PO006415,S019,P0071,W007,2025-08-07,130,2025-08-13,2025-08-14
PO006416,S004,P0094,W004,2025-11-12,42,2025-11-26,2025-11-26
PO006417,S019,P0029,W003,2025-03-31,447,2025-04-06,2025-04-06
PO006418,S006,P0072,W004,2025-11-04,764,2025-11-09,2025-11-10
PO006419,S015,P0074,W007,2025-09-09,959,2025-09-16,2025-09-17
PO006420,S004,P0033,W005,2025-01-08,806,2025-01-22,2025-01-22
PO006421,S024,P0059,W001,2025-09-13,703,2025-09-24,2025-09-29
PO006422,S001,P0020,W003,2025-12-29,30,2026-01-11,2026-01-12
PO006423,S024,P0093,W003,2025-07-27,591,2025-08-07,2025-08-10
PO006424,S017,P0029,W001,2025-05-11,953,2025-05-20,2025-05-20
PO006425,S011,P0053,W007,2025-08-12,763,2025-08-17,2025-08-17
PO006426,S017,P0085,W002,2025-07-16,766,2025-07-25,2025-07-25
PO006427,S023,P0001,W005,2025-05-22,534,2025-06-03,2025-06-03
PO006428,S001,P0034,W001,2025-09-09,163,2025-09-22,2025-09-29
PO006429,S009,P0044,W008,2025-04-06,761,2025-04-12,2025-04-19
PO006430,S014,P0096,W008,2025-01-26,540,2025-02-04,2025-02-06
PO006431,S015,P0014,W006,2025-04-21,828,2025-04-28,2025-04-28
PO006432,S024,P0037,W003,2025-05-03,313,2025-05-14,2025-05-16
PO006433,S001,P0035,W002,2025-07-05,344,2025-07-18,2025-07-18
PO006434,S002,P0059,W003,2025-06-17,212,2025-06-30,2025-06-30
PO006435,S018,P0024,W004,2025-02-20,310,2025-02-24,2025-02-24
PO006436,S018,P0065,W003,2025-01-05,658,2025-01-09,2025-01-09
PO006437,S006,P0006,W008,2025-03-18,438,2025-03-23,2025-03-23
PO006438,S020,P0068,W005,2025-06-09,479,2025-06-20,2025-06-20
PO006439,S008,P0038,W001,2025-07-27,67,2025-08-05,2025-08-05
PO006440,S001,P0001,W003,2025-09-14,126,2025-09-27,2025-09-27
PO006441,S015,P0041,W008,2025-07-24,283,2025-07-31,2025-07-31
PO006442,S010,P0031,W006,2025-09-12,272,2025-09-23,2025-09-24
PO006443,S004,P0036,W004,2025-01-11,558,2025-01-25,2025-01-25
PO006444,S010,P0073,W008,2025-01-08,540,2025-01-19,2025-01-19
PO006445,S011,P0054,W004,2025-02-01,751,2025-02-06,2025-02-08
PO006446,S005,P0087,W001,2025-01-28,177,2025-02-11,2025-02-11
PO006447,S009,P0031,W004,2025-07-25,545,2025-07-31,2025-07-31
PO006448,S005,P0029,W007,2025-08-16,938,2025-08-30,2025-09-02
PO006449,S011,P0085,W001,2025-05-08,48,2025-05-13,2025-05-13
PO006450,S003,P0003,W005,2025-09-12,557,2025-09-24,2025-09-27
PO006451,S004,P0058,W001,2025-07-31,745,2025-08-14,2025-08-14
PO006452,S010,P0090,W008,2025-08-27,162,2025-09-07,2025-09-07
PO006453,S007,P0061,W002,2025-07-26,646,2025-08-09,2025-08-09
PO006454,S001,P0006,W004,2025-11-14,860,2025-11-27,2025-11-27
PO006455,S006,P0020,W004,2025-10-10,237,2025-10-15,2025-10-15
PO006456,S008,P0061,W006,2025-09-02,612,2025-09-11,2025-09-11
PO006457,S017,P0046,W008,2025-02-14,732,2025-02-23,2025-02-23
PO006458,S024,P0013,W003,2025-04-15,86,2025-04-26,2025-04-27
PO006459,S007,P0023,W002,2025-12-14,780,2025-12-28,2025-12-31
PO006460,S001,P0079,W007,2025-10-08,163,2025-10-21,2025-10-24
PO006461,S009,P0031,W003,2025-08-22,160,2025-08-28,2025-08-28
PO006462,S011,P0004,W001,2025-07-08,365,2025-07-13,2025-07-14
PO006463,S019,P0075,W005,2025-02-13,484,2025-02-19,2025-02-19
PO006464,S002,P0066,W006,2025-08-13,115,2025-08-26,2025-08-26
PO006465,S023,P0016,W004,2025-05-22,427,2025-06-03,2025-06-06
PO006466,S011,P0031,W007,2025-05-16,137,2025-05-21,2025-05-21
PO006467,S003,P0048,W008,2025-06-25,849,2025-07-07,2025-07-14
PO006468,S017,P0043,W007,2025-05-22,716,2025-05-31,2025-06-02
PO006469,S010,P0004,W005,2025-03-21,823,2025-04-01,2025-04-03
PO006470,S003,P0062,W001,2025-03-23,463,2025-04-04,2025-04-05
PO006471,S022,P0048,W001,2025-05-15,776,2025-05-19,2025-05-21
PO006472,S003,P0028,W002,2025-07-26,399,2025-08-07,2025-08-14
PO006473,S021,P0016,W003,2025-12-10,732,2025-12-24,2025-12-26
PO006474,S025,P0089,W004,2025-06-26,297,2025-07-08,2025-07-08
PO006475,S007,P0077,W007,2025-08-31,380,2025-09-14,2025-09-14
PO006476,S002,P0069,W008,2025-02-24,389,2025-03-09,2025-03-09
PO006477,S001,P0030,W008,2025-05-21,641,2025-06-03,2025-06-10
PO006478,S007,P0065,W004,2025-02-25,231,2025-03-11,2025-03-16
PO006479,S020,P0069,W007,2025-01-15,278,2025-01-26,2025-01-26
PO006480,S011,P0014,W005,2025-07-04,695,2025-07-09,2025-07-11
PO006481,S023,P0075,W002,2025-11-10,116,2025-11-22,2025-11-27
PO006482,S006,P0034,W006,2025-03-29,229,2025-04-03,2025-04-03
PO006483,S023,P0056,W001,2025-04-07,567,2025-04-19,2025-04-19
PO006484,S004,P0029,W002,2025-05-24,797,2025-06-07,2025-06-07
PO006485,S019,P0082,W004,2025-01-08,631,2025-01-14,2025-01-16
PO006486,S021,P0079,W006,2025-08-03,40,2025-08-17,2025-08-17
PO006487,S019,P0025,W003,2025-06-22,748,2025-06-28,2025-06-29
PO006488,S014,P0094,W005,2025-08-11,452,2025-08-20,2025-08-20
PO006489,S003,P0066,W001,2025-02-09,635,2025-02-21,2025-02-21
PO006490,S004,P0040,W001,2025-07-01,390,2025-07-15,2025-07-15
PO006491,S008,P0091,W001,2025-09-27,412,2025-10-06,2025-10-06
PO006492,S018,P0015,W003,2025-07-06,643,2025-07-10,2025-07-10
PO006493,S004,P0032,W008,2025-09-02,238,2025-09-16,2025-09-16
PO006494,S011,P0020,W004,2025-11-05,523,2025-11-10,2025-11-11
PO006495,S016,P0053,W004,2025-08-19,651,2025-08-30,2025-08-30
PO006496,S003,P0078,W002,2025-06-04,780,2025-06-16,2025-06-16
PO006497,S007,P0091,W008,2025-06-24,866,2025-07-08,2025-07-08
PO006498,S002,P0067,W006,2025-12-02,967,2025-12-15,2025-12-15
PO006499,S001,P0049,W007,2025-04-25,115,2025-05-08,2025-05-08
PO006500,S001,P0067,W002,2025-11-07,451,2025-11-20,2025-11-22
PO006501,S006,P0077,W004,2025-10-27,207,2025-11-01,2025-11-01
PO006502,S019,P0089,W001,2025-01-18,520,2025-01-24,2025-01-24
PO006503,S007,P0082,W003,2025-09-29,895,2025-10-13,2025-10-20
PO006504,S024,P0001,W004,2025-01-12,394,2025-01-23,2025-01-24
PO006505,S005,P0039,W008,2025-10-28,453,2025-11-11,2025-11-11
PO006506,S021,P0061,W008,2025-07-11,442,2025-07-25,2025-07-25
PO006507,S018,P0055,W003,2025-08-20,163,2025-08-24,2025-08-27
PO006508,S024,P0069,W005,2025-04-03,559,2025-04-14,2025-04-17
PO006509,S013,P0002,W001,2025-08-06,518,2025-08-11,2025-08-11
PO006510,S001,P0094,W005,2025-10-05,25,2025-10-18,2025-10-18
PO006511,S010,P0017,W004,2025-12-19,336,2025-12-30,2025-12-30
PO006512,S009,P0029,W002,2025-10-30,793,2025-11-05,2025-11-05
PO006513,S017,P0004,W004,2025-01-29,249,2025-02-07,2025-02-12
PO006514,S001,P0073,W005,2025-10-28,141,2025-11-10,2025-11-10
PO006515,S001,P0064,W003,2025-03-18,514,2025-03-31,2025-03-31
PO006516,S007,P0085,W006,2025-01-09,725,2025-01-23,2025-01-28
PO006517,S004,P0043,W006,2025-01-24,636,2025-02-07,2025-02-07
PO006518,S023,P0076,W004,2025-01-15,955,2025-01-27,2025-01-27
PO006519,S021,P0012,W007,2025-06-13,730,2025-06-27,2025-06-28
PO006520,S012,P0050,W002,2025-01-13,494,2025-01-20,2025-01-20
PO006521,S016,P0068,W005,2025-12-13,593,2025-12-24,2025-12-26
PO006522,S014,P0061,W004,2025-06-21,815,2025-06-30,2025-06-30
PO006523,S023,P0092,W008,2025-12-23,527,2026-01-04,2026-01-04
PO006524,S010,P0073,W005,2025-11-23,611,2025-12-04,2025-12-04
PO006525,S014,P0051,W005,2025-07-19,194,2025-07-28,2025-07-29
PO006526,S007,P0096,W001,2025-03-17,540,2025-03-31,2025-03-31
PO006527,S004,P0077,W006,2025-06-13,711,2025-06-27,2025-06-27
PO006528,S002,P0098,W007,2025-03-02,290,2025-03-15,2025-03-17
PO006529,S024,P0083,W006,2025-09-02,693,2025-09-13,2025-09-18
PO006530,S018,P0078,W003,2025-06-04,807,2025-06-08,2025-06-09
PO006531,S016,P0005,W008,2025-09-14,737,2025-09-25,2025-09-25
PO006532,S009,P0091,W007,2025-09-01,591,2025-09-07,2025-09-07
PO006533,S005,P0028,W001,2025-06-11,205,2025-06-25,2025-06-26
PO006534,S009,P0090,W006,2025-03-09,606,2025-03-15,2025-03-18
PO006535,S025,P0010,W005,2025-12-10,113,2025-12-22,2025-12-25
PO006536,S008,P0088,W008,2025-10-04,598,2025-10-13,2025-10-18
PO006537,S024,P0081,W002,2025-06-10,533,2025-06-21,2025-06-23
PO006538,S020,P0052,W002,2025-09-16,197,2025-09-27,2025-09-27
PO006539,S016,P0080,W001,2025-11-03,673,2025-11-14,2025-11-15
PO006540,S020,P0017,W002,2025-12-01,971,2025-12-12,2025-12-14
PO006541,S018,P0065,W005,2025-04-05,984,2025-04-09,2025-04-12
PO006542,S004,P0021,W007,2025-09-03,575,2025-09-17,2025-09-22
PO006543,S016,P0054,W004,2025-08-09,705,2025-08-20,2025-08-20
PO006544,S004,P0049,W005,2025-05-03,921,2025-05-17,2025-05-18
PO006545,S006,P0022,W008,2025-07-06,923,2025-07-11,2025-07-11
PO006546,S003,P0069,W006,2025-09-19,314,2025-10-01,2025-10-01
PO006547,S018,P0064,W008,2025-09-30,250,2025-10-04,2025-10-04
PO006548,S015,P0036,W004,2025-03-01,255,2025-03-08,2025-03-15
PO006549,S008,P0021,W008,2025-05-05,112,2025-05-14,2025-05-19
PO006550,S018,P0056,W002,2025-12-03,506,2025-12-07,2025-12-09
PO006551,S024,P0073,W007,2025-12-07,63,2025-12-18,2025-12-18
PO006552,S023,P0091,W003,2025-02-20,558,2025-03-04,2025-03-04
PO006553,S003,P0048,W003,2025-06-27,803,2025-07-09,2025-07-10
PO006554,S006,P0076,W005,2025-05-19,494,2025-05-24,2025-05-24
PO006555,S022,P0018,W005,2025-11-23,58,2025-11-27,2025-11-27
PO006556,S021,P0099,W002,2025-06-19,404,2025-07-03,2025-07-06
PO006557,S024,P0015,W003,2025-02-08,454,2025-02-19,2025-02-19
PO006558,S015,P0044,W008,2025-03-10,978,2025-03-17,2025-03-17
PO006559,S012,P0094,W003,2025-08-24,308,2025-08-31,2025-08-31
PO006560,S005,P0045,W005,2025-02-17,267,2025-03-03,2025-03-08
PO006561,S007,P0097,W006,2025-02-26,581,2025-03-12,2025-03-15
PO006562,S022,P0036,W003,2025-10-04,378,2025-10-08,2025-10-15
PO006563,S015,P0040,W005,2025-12-04,457,2025-12-11,2025-12-13
PO006564,S007,P0051,W001,2025-04-09,814,2025-04-23,2025-04-23
PO006565,S013,P0030,W008,2025-01-15,228,2025-01-20,2025-01-25
PO006566,S025,P0026,W003,2025-11-21,143,2025-12-03,2025-12-03
PO006567,S003,P0085,W004,2025-06-28,994,2025-07-10,2025-07-10
PO006568,S023,P0031,W007,2025-11-28,873,2025-12-10,2025-12-10
PO006569,S013,P0056,W002,2025-03-03,780,2025-03-08,2025-03-10
PO006570,S003,P0061,W007,2025-04-29,422,2025-05-11,2025-05-16
PO006571,S002,P0017,W008,2025-02-06,303,2025-02-19,2025-02-19
PO006572,S023,P0081,W008,2025-05-14,682,2025-05-26,2025-05-26
PO006573,S004,P0098,W005,2025-01-26,595,2025-02-09,2025-02-12
PO006574,S017,P0024,W003,2025-01-08,260,2025-01-17,2025-01-17
PO006575,S006,P0097,W003,2025-01-04,186,2025-01-09,2025-01-11
PO006576,S011,P0004,W006,2025-01-21,771,2025-01-26,2025-01-26
PO006577,S006,P0009,W005,2025-05-29,580,2025-06-03,2025-06-03
PO006578,S022,P0002,W004,2025-01-25,718,2025-01-29,2025-01-29
PO006579,S002,P0035,W003,2025-05-23,167,2025-06-05,2025-06-05
PO006580,S017,P0038,W001,2025-09-02,720,2025-09-11,2025-09-13
PO006581,S003,P0045,W002,2025-02-12,642,2025-02-24,2025-03-01
PO006582,S012,P0015,W005,2025-10-20,915,2025-10-27,2025-10-27
PO006583,S014,P0042,W003,2025-07-04,284,2025-07-13,2025-07-16
PO006584,S002,P0003,W007,2025-02-11,520,2025-02-24,2025-02-25
PO006585,S022,P0031,W006,2025-04-02,298,2025-04-06,2025-04-06
PO006586,S022,P0052,W006,2025-11-13,768,2025-11-17,2025-11-17
PO006587,S005,P0041,W002,2025-11-20,922,2025-12-04,2025-12-05
PO006588,S010,P0057,W008,2025-02-22,178,2025-03-05,2025-03-05
PO006589,S010,P0042,W005,2025-03-25,79,2025-04-05,2025-04-05
PO006590,S021,P0053,W005,2025-02-03,518,2025-02-17,2025-02-24
PO006591,S009,P0056,W005,2025-03-17,336,2025-03-23,2025-03-23
PO006592,S021,P0087,W004,2025-12-19,606,2026-01-02,2026-01-02
PO006593,S013,P0076,W001,2025-07-16,507,2025-07-21,2025-07-21
PO006594,S010,P0072,W006,2025-10-13,484,2025-10-24,2025-10-24
PO006595,S006,P0053,W005,2025-03-29,247,2025-04-03,2025-04-03
PO006596,S011,P0085,W004,2025-08-23,685,2025-08-28,2025-08-28
PO006597,S004,P0085,W008,2025-08-20,375,2025-09-03,2025-09-03
PO006598,S014,P0032,W005,2025-01-07,485,2025-01-16,2025-01-16
PO006599,S017,P0081,W008,2025-10-19,841,2025-10-28,2025-10-28
PO006600,S020,P0054,W008,2025-02-07,818,2025-02-18,2025-02-18
PO006601,S002,P0037,W005,2025-02-21,772,2025-03-06,2025-03-06
PO006602,S010,P0088,W008,2025-05-23,246,2025-06-03,2025-06-03
PO006603,S003,P0008,W004,2025-08-09,188,2025-08-21,2025-08-21
PO006604,S007,P0082,W001,2025-08-28,303,2025-09-11,2025-09-11
PO006605,S007,P0011,W002,2025-05-23,877,2025-06-06,2025-06-06
PO006606,S001,P0054,W006,2025-12-15,281,2025-12-28,2025-12-28
PO006607,S008,P0060,W008,2025-12-29,821,2026-01-07,2026-01-07
PO006608,S023,P0010,W003,2025-02-18,879,2025-03-02,2025-03-05
PO006609,S001,P0090,W007,2025-10-04,383,2025-10-17,2025-10-17
PO006610,S008,P0070,W005,2025-09-28,540,2025-10-07,2025-10-07
PO006611,S014,P0081,W001,2025-01-14,880,2025-01-23,2025-01-23
PO006612,S014,P0087,W006,2025-10-25,117,2025-11-03,2025-11-10
PO006613,S002,P0042,W003,2025-01-15,31,2025-01-28,2025-02-04
PO006614,S008,P0037,W005,2025-08-22,803,2025-08-31,2025-08-31
PO006615,S019,P0092,W007,2025-03-04,602,2025-03-10,2025-03-10
PO006616,S010,P0080,W003,2025-07-15,946,2025-07-26,2025-07-26
PO006617,S007,P0076,W008,2025-01-27,436,2025-02-10,2025-02-10
PO006618,S013,P0058,W004,2025-04-03,520,2025-04-08,2025-04-08
PO006619,S022,P0085,W007,2025-04-15,154,2025-04-19,2025-04-19
PO006620,S021,P0059,W006,2025-11-05,278,2025-11-19,2025-11-19
PO006621,S015,P0024,W001,2025-02-21,935,2025-02-28,2025-02-28
PO006622,S011,P0028,W001,2025-11-15,536,2025-11-20,2025-11-20
PO006623,S014,P0037,W006,2025-06-30,982,2025-07-09,2025-07-14
PO006624,S011,P0021,W008,2025-02-26,770,2025-03-03,2025-03-03
PO006625,S002,P0033,W008,2025-04-30,313,2025-05-13,2025-05-14
PO006626,S002,P0002,W002,2025-11-04,866,2025-11-17,2025-11-17
PO006627,S012,P0083,W002,2025-12-29,630,2026-01-05,2026-01-05
PO006628,S015,P0028,W008,2025-02-12,459,2025-02-19,2025-02-22
PO006629,S017,P0015,W003,2025-05-15,170,2025-05-24,2025-05-24
PO006630,S014,P0001,W004,2025-09-17,500,2025-09-26,2025-09-26
PO006631,S025,P0028,W003,2025-07-16,277,2025-07-28,2025-07-28
PO006632,S016,P0050,W005,2025-05-13,887,2025-05-24,2025-05-24
PO006633,S008,P0035,W001,2025-09-12,168,2025-09-21,2025-09-21
PO006634,S024,P0096,W003,2025-08-08,993,2025-08-19,2025-08-19
PO006635,S017,P0028,W003,2025-12-02,161,2025-12-11,2025-12-11
PO006636,S005,P0009,W008,2025-02-10,270,2025-02-24,2025-02-24
PO006637,S012,P0024,W006,2025-09-12,977,2025-09-19,2025-09-19
PO006638,S006,P0063,W007,2025-01-02,765,2025-01-07,2025-01-07
PO006639,S018,P0004,W001,2025-07-14,926,2025-07-18,2025-07-20
PO006640,S005,P0056,W008,2025-08-30,663,2025-09-13,2025-09-13
PO006641,S006,P0041,W001,2025-05-29,66,2025-06-03,2025-06-03
PO006642,S009,P0067,W008,2025-07-17,391,2025-07-23,2025-07-28
PO006643,S015,P0048,W002,2025-10-26,113,2025-11-02,2025-11-02
PO006644,S010,P0086,W002,2025-09-02,780,2025-09-13,2025-09-13
PO006645,S017,P0058,W001,2025-12-04,375,2025-12-13,2025-12-13
PO006646,S019,P0039,W007,2025-04-18,551,2025-04-24,2025-04-24
PO006647,S012,P0025,W003,2025-07-31,711,2025-08-07,2025-08-07
PO006648,S009,P0060,W005,2025-06-05,291,2025-06-11,2025-06-11
PO006649,S015,P0086,W003,2025-01-26,448,2025-02-02,2025-02-02
PO006650,S014,P0047,W007,2025-03-23,667,2025-04-01,2025-04-01
PO006651,S001,P0098,W005,2025-03-24,768,2025-04-06,2025-04-07
PO006652,S017,P0061,W001,2025-05-11,721,2025-05-20,2025-05-20
PO006653,S001,P0084,W006,2025-11-25,743,2025-12-08,2025-12-11
PO006654,S023,P0100,W005,2025-04-10,936,2025-04-22,2025-04-23
PO006655,S021,P0027,W002,2025-09-13,83,2025-09-27,2025-09-27
PO006656,S022,P0096,W006,2025-02-18,891,2025-02-22,2025-02-22
PO006657,S013,P0042,W008,2025-03-04,945,2025-03-09,2025-03-09
PO006658,S008,P0052,W007,2025-11-07,183,2025-11-16,2025-11-16
PO006659,S013,P0093,W001,2025-10-17,408,2025-10-22,2025-10-24
PO006660,S016,P0048,W007,2025-04-15,488,2025-04-26,2025-04-26
PO006661,S002,P0032,W004,2025-04-15,569,2025-04-28,2025-04-28
PO006662,S013,P0024,W005,2025-11-21,746,2025-11-26,2025-11-26
PO006663,S018,P0003,W005,2025-01-15,550,2025-01-19,2025-01-19
PO006664,S003,P0027,W008,2025-06-24,785,2025-07-06,2025-07-06
PO006665,S013,P0073,W007,2025-09-16,605,2025-09-21,2025-09-21
PO006666,S019,P0040,W006,2025-07-30,942,2025-08-05,2025-08-05
PO006667,S013,P0023,W004,2025-09-16,672,2025-09-21,2025-09-21
PO006668,S019,P0007,W004,2025-04-12,924,2025-04-18,2025-04-18
PO006669,S004,P0081,W001,2025-09-17,36,2025-10-01,2025-10-01
PO006670,S019,P0037,W006,2025-12-10,626,2025-12-16,2025-12-16
PO006671,S018,P0007,W008,2025-06-08,765,2025-06-12,2025-06-12
PO006672,S025,P0094,W003,2025-02-14,959,2025-02-26,2025-02-26
PO006673,S006,P0077,W004,2025-10-28,320,2025-11-02,2025-11-02
PO006674,S019,P0082,W007,2025-09-08,107,2025-09-14,2025-09-14
PO006675,S025,P0095,W005,2025-11-27,829,2025-12-09,2025-12-09
PO006676,S004,P0022,W004,2025-06-14,582,2025-06-28,2025-06-28
PO006677,S004,P0078,W007,2025-07-12,264,2025-07-26,2025-07-26
PO006678,S024,P0082,W001,2025-01-09,486,2025-01-20,2025-01-20
PO006679,S007,P0099,W001,2025-03-06,461,2025-03-20,2025-03-20
PO006680,S007,P0017,W005,2025-10-09,132,2025-10-23,2025-10-23
PO006681,S023,P0019,W008,2025-06-30,461,2025-07-12,2025-07-12
PO006682,S016,P0095,W005,2025-10-09,945,2025-10-20,2025-10-21
PO006683,S016,P0039,W005,2025-10-06,920,2025-10-17,2025-10-17
PO006684,S005,P0036,W003,2025-01-30,27,2025-02-13,2025-02-13
PO006685,S015,P0015,W005,2025-09-23,568,2025-09-30,2025-09-30
PO006686,S023,P0063,W008,2025-11-24,578,2025-12-06,2025-12-06
PO006687,S004,P0029,W006,2025-08-05,119,2025-08-19,2025-08-19
PO006688,S024,P0060,W001,2025-11-16,364,2025-11-27,2025-11-27
PO006689,S025,P0056,W008,2025-04-15,704,2025-04-27,2025-04-27
PO006690,S013,P0040,W001,2025-07-03,772,2025-07-08,2025-07-11
PO006691,S019,P0016,W004,2025-11-26,920,2025-12-02,2025-12-02
PO006692,S007,P0033,W005,2025-05-28,500,2025-06-11,2025-06-16
PO006693,S012,P0089,W003,2025-04-15,722,2025-04-22,2025-04-25
PO006694,S009,P0016,W006,2025-02-16,361,2025-02-22,2025-02-25
PO006695,S017,P0030,W002,2025-03-28,962,2025-04-06,2025-04-09
PO006696,S002,P0098,W004,2025-11-05,253,2025-11-18,2025-11-18
PO006697,S016,P0066,W008,2025-05-09,812,2025-05-20,2025-05-20
PO006698,S007,P0044,W006,2025-09-15,254,2025-09-29,2025-09-29
PO006699,S018,P0038,W007,2025-11-10,145,2025-11-14,2025-11-14
PO006700,S007,P0051,W003,2025-05-27,709,2025-06-10,2025-06-10
PO006701,S001,P0060,W005,2025-03-13,496,2025-03-26,2025-03-29
PO006702,S003,P0018,W003,2025-05-20,704,2025-06-01,2025-06-01
PO006703,S021,P0005,W002,2025-01-27,391,2025-02-10,2025-02-10
PO006704,S011,P0040,W006,2025-01-29,139,2025-02-03,2025-02-04
PO006705,S022,P0006,W003,2025-09-28,561,2025-10-02,2025-10-02
PO006706,S015,P0076,W007,2025-06-23,579,2025-06-30,2025-06-30
PO006707,S025,P0012,W002,2025-09-10,198,2025-09-22,2025-09-22
PO006708,S025,P0012,W002,2025-03-01,113,2025-03-13,2025-03-16
PO006709,S003,P0073,W006,2025-04-17,586,2025-04-29,2025-04-29
PO006710,S024,P0022,W002,2025-08-08,767,2025-08-19,2025-08-19
PO006711,S013,P0049,W006,2025-09-16,970,2025-09-21,2025-09-21
PO006712,S004,P0050,W003,2025-05-26,321,2025-06-09,2025-06-14
PO006713,S023,P0080,W007,2025-02-21,818,2025-03-05,2025-03-05
PO006714,S022,P0004,W005,2025-03-01,437,2025-03-05,2025-03-06
PO006715,S008,P0050,W001,2025-02-03,879,2025-02-12,2025-02-17
PO006716,S022,P0003,W008,2025-04-06,605,2025-04-10,2025-04-10
PO006717,S004,P0016,W001,2025-03-30,471,2025-04-13,2025-04-13
PO006718,S018,P0014,W003,2025-11-12,436,2025-11-16,2025-11-16
PO006719,S007,P0064,W005,2025-08-19,843,2025-09-02,2025-09-02
PO006720,S011,P0041,W001,2025-10-02,973,2025-10-07,2025-10-10
PO006721,S004,P0068,W007,2025-09-03,141,2025-09-17,2025-09-17
PO006722,S013,P0059,W002,2025-04-21,76,2025-04-26,2025-05-01
PO006723,S009,P0002,W003,2025-08-22,804,2025-08-28,2025-08-29
PO006724,S009,P0010,W003,2025-10-05,158,2025-10-11,2025-10-11
PO006725,S023,P0075,W004,2025-06-15,218,2025-06-27,2025-06-27
PO006726,S021,P0090,W004,2025-05-08,740,2025-05-22,2025-05-22
PO006727,S019,P0026,W004,2025-08-25,804,2025-08-31,2025-08-31
PO006728,S003,P0004,W006,2025-10-18,380,2025-10-30,2025-10-30
PO006729,S025,P0090,W005,2025-04-17,669,2025-04-29,2025-04-29
PO006730,S025,P0028,W008,2025-05-08,429,2025-05-20,2025-05-25
PO006731,S012,P0002,W003,2025-07-14,665,2025-07-21,2025-07-21
PO006732,S011,P0066,W004,2025-12-05,868,2025-12-10,2025-12-10
PO006733,S020,P0016,W003,2025-05-23,547,2025-06-03,2025-06-03
PO006734,S011,P0057,W002,2025-04-21,634,2025-04-26,2025-04-27
PO006735,S017,P0023,W004,2025-03-31,262,2025-04-09,2025-04-09
PO006736,S021,P0023,W003,2025-09-08,109,2025-09-22,2025-09-22
PO006737,S014,P0077,W005,2025-10-07,535,2025-10-16,2025-10-21
PO006738,S016,P0021,W006,2025-11-29,81,2025-12-10,2025-12-13
PO006739,S024,P0025,W007,2025-08-12,231,2025-08-23,2025-08-24
PO006740,S010,P0058,W005,2025-04-11,267,2025-04-22,2025-04-27
PO006741,S004,P0037,W005,2025-05-12,723,2025-05-26,2025-05-26
PO006742,S010,P0049,W007,2025-01-13,516,2025-01-24,2025-01-26
PO006743,S020,P0077,W004,2025-04-08,75,2025-04-19,2025-04-19
PO006744,S012,P0015,W005,2025-04-30,478,2025-05-07,2025-05-07
PO006745,S009,P0028,W006,2025-10-20,938,2025-10-26,2025-11-02
PO006746,S015,P0067,W001,2025-10-31,308,2025-11-07,2025-11-07
PO006747,S009,P0087,W008,2025-07-18,562,2025-07-24,2025-07-24
PO006748,S007,P0004,W006,2025-01-01,922,2025-01-15,2025-01-15
PO006749,S024,P0047,W002,2025-03-01,489,2025-03-12,2025-03-12
PO006750,S012,P0050,W006,2025-09-07,408,2025-09-14,2025-09-14
PO006751,S020,P0060,W003,2025-05-20,440,2025-05-31,2025-05-31
PO006752,S024,P0062,W001,2025-05-29,532,2025-06-09,2025-06-16
PO006753,S014,P0067,W004,2025-02-13,729,2025-02-22,2025-02-22
PO006754,S022,P0072,W003,2025-07-05,576,2025-07-09,2025-07-11
PO006755,S016,P0043,W007,2025-04-18,578,2025-04-29,2025-04-29
PO006756,S019,P0089,W006,2025-02-13,983,2025-02-19,2025-02-19
PO006757,S023,P0058,W003,2025-03-19,753,2025-03-31,2025-03-31
PO006758,S003,P0052,W005,2025-08-14,817,2025-08-26,2025-08-29
PO006759,S011,P0076,W003,2025-06-11,100,2025-06-16,2025-06-16
PO006760,S023,P0069,W003,2025-10-08,463,2025-10-20,2025-10-20
PO006761,S021,P0097,W006,2025-09-10,811,2025-09-24,2025-09-24
PO006762,S020,P0046,W002,2025-05-12,306,2025-05-23,2025-05-28
PO006763,S019,P0025,W007,2025-05-24,303,2025-05-30,2025-05-30
PO006764,S008,P0025,W006,2025-09-23,960,2025-10-02,2025-10-02
PO006765,S020,P0035,W004,2025-04-19,510,2025-04-30,2025-05-03
PO006766,S008,P0061,W008,2025-07-13,407,2025-07-22,2025-07-22
PO006767,S003,P0015,W008,2025-02-04,720,2025-02-16,2025-02-21
PO006768,S010,P0090,W007,2025-10-02,570,2025-10-13,2025-10-18
PO006769,S013,P0074,W001,2025-07-06,614,2025-07-11,2025-07-11
PO006770,S009,P0088,W005,2025-08-31,427,2025-09-06,2025-09-06
PO006771,S006,P0035,W002,2025-09-21,346,2025-09-26,2025-09-26
PO006772,S015,P0029,W001,2025-01-10,961,2025-01-17,2025-01-24
PO006773,S016,P0038,W001,2025-06-15,968,2025-06-26,2025-06-26
PO006774,S005,P0069,W007,2025-01-29,195,2025-02-12,2025-02-14
PO006775,S021,P0024,W002,2025-09-28,540,2025-10-12,2025-10-12
PO006776,S013,P0019,W005,2025-03-28,809,2025-04-02,2025-04-02
PO006777,S019,P0046,W004,2025-01-23,402,2025-01-29,2025-01-29
PO006778,S002,P0049,W002,2025-07-29,277,2025-08-11,2025-08-11
PO006779,S006,P0044,W002,2025-02-15,366,2025-02-20,2025-02-20
PO006780,S001,P0073,W002,2025-01-28,291,2025-02-10,2025-02-10
PO006781,S015,P0026,W008,2025-01-26,280,2025-02-02,2025-02-02
PO006782,S015,P0025,W005,2025-09-23,415,2025-09-30,2025-09-30
PO006783,S014,P0035,W008,2025-06-24,711,2025-07-03,2025-07-03
PO006784,S007,P0036,W002,2025-01-04,173,2025-01-18,2025-01-18
PO006785,S005,P0014,W002,2025-11-07,546,2025-11-21,2025-11-21
PO006786,S020,P0056,W003,2025-11-18,86,2025-11-29,2025-11-29
PO006787,S025,P0006,W003,2025-03-08,860,2025-03-20,2025-03-22
PO006788,S016,P0032,W003,2025-05-15,718,2025-05-26,2025-05-26
PO006789,S017,P0026,W003,2025-02-24,367,2025-03-05,2025-03-12
PO006790,S011,P0015,W002,2025-01-31,954,2025-02-05,2025-02-05
PO006791,S015,P0049,W008,2025-03-15,82,2025-03-22,2025-03-24
PO006792,S020,P0095,W007,2025-01-19,375,2025-01-30,2025-01-30
PO006793,S016,P0056,W008,2025-06-05,300,2025-06-16,2025-06-16
PO006794,S003,P0037,W003,2025-12-03,60,2025-12-15,2025-12-15
PO006795,S006,P0053,W001,2025-06-05,559,2025-06-10,2025-06-10
PO006796,S021,P0058,W007,2025-05-27,386,2025-06-10,2025-06-10
PO006797,S023,P0083,W004,2025-03-28,296,2025-04-09,2025-04-09
PO006798,S013,P0078,W003,2025-01-20,240,2025-01-25,2025-01-25
PO006799,S001,P0036,W005,2025-09-26,748,2025-10-09,2025-10-09
PO006800,S021,P0011,W004,2025-11-29,753,2025-12-13,2025-12-14
PO006801,S014,P0027,W008,2025-02-12,80,2025-02-21,2025-02-21
PO006802,S002,P0002,W008,2025-11-02,122,2025-11-15,2025-11-15
PO006803,S002,P0022,W006,2025-01-28,204,2025-02-10,2025-02-10
PO006804,S015,P0066,W008,2025-09-17,926,2025-09-24,2025-09-24
PO006805,S018,P0084,W006,2025-01-22,166,2025-01-26,2025-01-26
PO006806,S009,P0017,W001,2025-04-11,94,2025-04-17,2025-04-17
PO006807,S003,P0004,W004,2025-02-08,492,2025-02-20,2025-02-20
PO006808,S004,P0014,W004,2025-10-17,20,2025-10-31,2025-10-31
PO006809,S015,P0007,W008,2025-12-19,435,2025-12-26,2025-12-26
PO006810,S005,P0079,W001,2025-10-27,488,2025-11-10,2025-11-17
PO006811,S020,P0094,W006,2025-06-19,384,2025-06-30,2025-07-07
PO006812,S020,P0016,W003,2025-10-23,864,2025-11-03,2025-11-03
PO006813,S005,P0066,W001,2025-12-19,693,2026-01-02,2026-01-02
PO006814,S010,P0019,W005,2025-05-10,36,2025-05-21,2025-05-21
PO006815,S016,P0001,W001,2025-06-05,529,2025-06-16,2025-06-16
PO006816,S025,P0031,W002,2025-03-15,774,2025-03-27,2025-03-27
PO006817,S012,P0004,W006,2025-12-08,458,2025-12-15,2025-12-15
PO006818,S025,P0091,W002,2025-03-31,898,2025-04-12,2025-04-12
PO006819,S014,P0058,W006,2025-03-08,550,2025-03-17,2025-03-19
PO006820,S022,P0056,W006,2025-08-24,861,2025-08-28,2025-08-30
PO006821,S011,P0053,W004,2025-07-19,957,2025-07-24,2025-07-31
PO006822,S019,P0089,W003,2025-11-28,78,2025-12-04,2025-12-04
PO006823,S006,P0086,W003,2025-08-15,732,2025-08-20,2025-08-23
PO006824,S010,P0043,W006,2025-12-14,134,2025-12-25,2025-12-25
PO006825,S020,P0074,W006,2025-08-21,222,2025-09-01,2025-09-01
PO006826,S003,P0097,W008,2025-09-23,825,2025-10-05,2025-10-08
PO006827,S022,P0049,W002,2025-03-27,562,2025-03-31,2025-04-05
PO006828,S015,P0060,W008,2025-04-12,213,2025-04-19,2025-04-20
PO006829,S011,P0094,W008,2025-08-02,491,2025-08-07,2025-08-07
PO006830,S022,P0094,W005,2025-04-18,125,2025-04-22,2025-04-22
PO006831,S002,P0016,W001,2025-06-14,898,2025-06-27,2025-06-27
PO006832,S025,P0073,W006,2025-04-01,984,2025-04-13,2025-04-15
PO006833,S024,P0081,W008,2025-07-11,837,2025-07-22,2025-07-23
PO006834,S006,P0099,W006,2025-12-01,145,2025-12-06,2025-12-06
PO006835,S017,P0060,W001,2025-03-27,433,2025-04-05,2025-04-05
PO006836,S018,P0047,W001,2025-08-10,634,2025-08-14,2025-08-14
PO006837,S004,P0015,W005,2025-12-29,694,2026-01-12,2026-01-17
PO006838,S023,P0063,W005,2025-04-11,529,2025-04-23,2025-04-23
PO006839,S009,P0028,W001,2025-08-14,520,2025-08-20,2025-08-20
PO006840,S010,P0020,W006,2025-12-30,846,2026-01-10,2026-01-13
PO006841,S021,P0097,W006,2025-03-01,140,2025-03-15,2025-03-15
PO006842,S002,P0063,W001,2025-09-07,771,2025-09-20,2025-09-22
PO006843,S011,P0033,W006,2025-02-17,932,2025-02-22,2025-02-24
PO006844,S011,P0036,W005,2025-04-27,626,2025-05-02,2025-05-02
PO006845,S011,P0013,W001,2025-08-15,981,2025-08-20,2025-08-20
PO006846,S001,P0062,W005,2025-12-28,227,2026-01-10,2026-01-11
PO006847,S014,P0068,W006,2025-02-02,680,2025-02-11,2025-02-11
PO006848,S001,P0023,W006,2025-02-13,369,2025-02-26,2025-02-26
PO006849,S021,P0072,W004,2025-06-14,839,2025-06-28,2025-06-28
PO006850,S023,P0013,W002,2025-12-11,212,2025-12-23,2025-12-23
PO006851,S025,P0088,W002,2025-10-19,673,2025-10-31,2025-10-31
PO006852,S009,P0040,W007,2025-12-03,803,2025-12-09,2025-12-09
PO006853,S024,P0030,W005,2025-12-10,842,2025-12-21,2025-12-21
PO006854,S001,P0094,W001,2025-10-14,412,2025-10-27,2025-10-27
PO006855,S021,P0025,W002,2025-12-30,516,2026-01-13,2026-01-13
PO006856,S022,P0097,W006,2025-08-13,411,2025-08-17,2025-08-17
PO006857,S022,P0073,W008,2025-10-13,732,2025-10-17,2025-10-19
PO006858,S004,P0026,W003,2025-07-23,693,2025-08-06,2025-08-06
PO006859,S001,P0024,W001,2025-06-21,128,2025-07-04,2025-07-09
PO006860,S019,P0097,W005,2025-01-12,948,2025-01-18,2025-01-18
PO006861,S010,P0039,W006,2025-11-03,489,2025-11-14,2025-11-14
PO006862,S015,P0089,W006,2025-05-01,369,2025-05-08,2025-05-10
PO006863,S020,P0079,W003,2025-09-01,794,2025-09-12,2025-09-12
PO006864,S004,P0061,W005,2025-06-01,741,2025-06-15,2025-06-15
PO006865,S020,P0049,W007,2025-06-01,168,2025-06-12,2025-06-12
PO006866,S014,P0041,W001,2025-07-07,275,2025-07-16,2025-07-16
PO006867,S005,P0070,W006,2025-01-13,408,2025-01-27,2025-01-27
PO006868,S015,P0020,W007,2025-04-01,218,2025-04-08,2025-04-08
PO006869,S015,P0044,W004,2025-07-19,927,2025-07-26,2025-07-26
PO006870,S025,P0016,W006,2025-03-15,462,2025-03-27,2025-03-30
PO006871,S016,P0021,W004,2025-09-13,868,2025-09-24,2025-09-26
PO006872,S016,P0015,W008,2025-10-03,205,2025-10-14,2025-10-14
PO006873,S004,P0039,W004,2025-11-24,363,2025-12-08,2025-12-11
PO006874,S025,P0042,W001,2025-11-25,696,2025-12-07,2025-12-07
PO006875,S009,P0061,W008,2025-03-12,127,2025-03-18,2025-03-18
PO006876,S001,P0004,W001,2025-03-19,614,2025-04-01,2025-04-03
PO006877,S005,P0024,W003,2025-10-11,832,2025-10-25,2025-10-25
PO006878,S009,P0003,W006,2025-05-10,99,2025-05-16,2025-05-16
PO006879,S020,P0001,W001,2025-02-12,272,2025-02-23,2025-02-23
PO006880,S005,P0094,W001,2025-01-08,44,2025-01-22,2025-01-22
PO006881,S004,P0013,W003,2025-01-13,302,2025-01-27,2025-01-27
PO006882,S016,P0054,W003,2025-08-01,582,2025-08-12,2025-08-14
PO006883,S002,P0082,W006,2025-04-21,906,2025-05-04,2025-05-04
PO006884,S016,P0040,W007,2025-10-18,957,2025-10-29,2025-10-29
PO006885,S018,P0011,W005,2025-01-23,639,2025-01-27,2025-01-27
PO006886,S002,P0042,W002,2025-10-29,986,2025-11-11,2025-11-13
PO006887,S016,P0093,W006,2025-09-11,257,2025-09-22,2025-09-22
PO006888,S001,P0004,W002,2025-01-15,957,2025-01-28,2025-01-28
PO006889,S016,P0025,W008,2025-05-10,335,2025-05-21,2025-05-23
PO006890,S003,P0100,W008,2025-03-02,859,2025-03-14,2025-03-14
PO006891,S015,P0036,W005,2025-04-25,482,2025-05-02,2025-05-02
PO006892,S011,P0064,W004,2025-11-16,717,2025-11-21,2025-11-21
PO006893,S010,P0044,W007,2025-11-04,611,2025-11-15,2025-11-15
PO006894,S017,P0040,W006,2025-11-21,859,2025-11-30,2025-11-30
PO006895,S004,P0092,W001,2025-03-08,627,2025-03-22,2025-03-22
PO006896,S017,P0045,W003,2025-09-06,401,2025-09-15,2025-09-15
PO006897,S004,P0008,W006,2025-06-24,484,2025-07-08,2025-07-15
PO006898,S019,P0085,W003,2025-12-05,169,2025-12-11,2025-12-11
PO006899,S025,P0035,W004,2025-01-02,371,2025-01-14,2025-01-14
PO006900,S001,P0044,W003,2025-06-21,461,2025-07-04,2025-07-06
PO006901,S014,P0018,W004,2025-11-30,414,2025-12-09,2025-12-09
PO006902,S024,P0047,W007,2025-10-11,384,2025-10-22,2025-10-22
PO006903,S011,P0025,W005,2025-02-23,25,2025-02-28,2025-02-28
PO006904,S025,P0041,W004,2025-03-08,553,2025-03-20,2025-03-20
PO006905,S007,P0005,W008,2025-04-12,993,2025-04-26,2025-04-26
PO006906,S017,P0064,W002,2025-04-30,239,2025-05-09,2025-05-09
PO006907,S004,P0062,W008,2025-07-10,890,2025-07-24,2025-07-26
PO006908,S010,P0072,W006,2025-10-31,31,2025-11-11,2025-11-11
PO006909,S017,P0087,W008,2025-02-16,814,2025-02-25,2025-02-25
PO006910,S004,P0003,W008,2025-08-10,404,2025-08-24,2025-08-24
PO006911,S019,P0037,W008,2025-01-21,723,2025-01-27,2025-01-29
PO006912,S018,P0095,W004,2025-06-07,477,2025-06-11,2025-06-11
PO006913,S017,P0093,W006,2025-12-14,244,2025-12-23,2025-12-25
PO006914,S006,P0041,W005,2025-06-08,355,2025-06-13,2025-06-14
PO006915,S007,P0020,W007,2025-08-23,186,2025-09-06,2025-09-06
PO006916,S006,P0067,W008,2025-05-30,335,2025-06-04,2025-06-04
PO006917,S025,P0087,W004,2025-09-14,135,2025-09-26,2025-09-26
PO006918,S012,P0040,W005,2025-06-14,857,2025-06-21,2025-06-21
PO006919,S009,P0085,W002,2025-03-18,969,2025-03-24,2025-03-24
PO006920,S018,P0077,W007,2025-03-26,940,2025-03-30,2025-04-02
PO006921,S002,P0008,W001,2025-02-15,517,2025-02-28,2025-03-01
PO006922,S025,P0005,W005,2025-02-16,167,2025-02-28,2025-02-28
PO006923,S017,P0025,W001,2025-08-01,55,2025-08-10,2025-08-12
PO006924,S021,P0039,W005,2025-02-28,426,2025-03-14,2025-03-14
PO006925,S001,P0037,W008,2025-02-23,995,2025-03-08,2025-03-08
PO006926,S023,P0005,W007,2025-12-08,404,2025-12-20,2025-12-20
PO006927,S009,P0008,W004,2025-01-12,776,2025-01-18,2025-01-18
PO006928,S006,P0004,W001,2025-07-11,430,2025-07-16,2025-07-16
PO006929,S002,P0041,W007,2025-01-06,327,2025-01-19,2025-01-19
PO006930,S006,P0060,W005,2025-11-05,661,2025-11-10,2025-11-15
PO006931,S009,P0054,W006,2025-05-24,259,2025-05-30,2025-05-30
PO006932,S003,P0022,W005,2025-12-12,936,2025-12-24,2025-12-27
PO006933,S016,P0078,W001,2025-09-18,924,2025-09-29,2025-09-29
PO006934,S025,P0019,W006,2025-03-14,386,2025-03-26,2025-03-26
PO006935,S024,P0077,W008,2025-06-23,875,2025-07-04,2025-07-07
PO006936,S015,P0099,W007,2025-08-20,323,2025-08-27,2025-08-27
PO006937,S012,P0068,W005,2025-09-27,636,2025-10-04,2025-10-07
PO006938,S023,P0033,W001,2025-12-28,186,2026-01-09,2026-01-09
PO006939,S008,P0022,W002,2025-08-10,573,2025-08-19,2025-08-24
PO006940,S006,P0065,W003,2025-02-21,986,2025-02-26,2025-02-26
PO006941,S003,P0011,W002,2025-04-26,785,2025-05-08,2025-05-08
PO006942,S023,P0016,W001,2025-01-26,881,2025-02-07,2025-02-08
PO006943,S004,P0068,W004,2025-02-22,320,2025-03-08,2025-03-10
PO006944,S010,P0093,W004,2025-12-31,917,2026-01-11,2026-01-11
PO006945,S014,P0044,W003,2025-01-29,991,2025-02-07,2025-02-14
PO006946,S021,P0088,W001,2025-01-19,224,2025-02-02,2025-02-03
PO006947,S024,P0009,W006,2025-10-30,214,2025-11-10,2025-11-10
PO006948,S015,P0072,W005,2025-10-06,190,2025-10-13,2025-10-13
PO006949,S007,P0078,W002,2025-04-27,781,2025-05-11,2025-05-11
PO006950,S007,P0079,W006,2025-04-16,635,2025-04-30,2025-04-30
PO006951,S008,P0062,W007,2025-11-05,894,2025-11-14,2025-11-14
PO006952,S010,P0086,W002,2025-08-15,421,2025-08-26,2025-08-28
PO006953,S019,P0015,W003,2025-12-18,58,2025-12-24,2025-12-25
PO006954,S019,P0006,W008,2025-07-05,767,2025-07-11,2025-07-11
PO006955,S002,P0001,W003,2025-09-18,665,2025-10-01,2025-10-01
PO006956,S015,P0020,W007,2025-01-16,271,2025-01-23,2025-01-28
PO006957,S001,P0036,W003,2025-09-30,701,2025-10-13,2025-10-13
PO006958,S010,P0002,W008,2025-06-09,967,2025-06-20,2025-06-20
PO006959,S006,P0070,W007,2025-12-24,302,2025-12-29,2025-12-29
PO006960,S022,P0002,W006,2025-09-07,226,2025-09-11,2025-09-13
PO006961,S013,P0003,W006,2025-08-12,519,2025-08-17,2025-08-24
PO006962,S010,P0007,W003,2025-09-13,162,2025-09-24,2025-10-01
PO006963,S012,P0084,W006,2025-06-29,38,2025-07-06,2025-07-11
PO006964,S024,P0064,W003,2025-01-20,721,2025-01-31,2025-01-31
PO006965,S006,P0041,W008,2025-04-22,595,2025-04-27,2025-04-27
PO006966,S006,P0054,W006,2025-04-30,761,2025-05-05,2025-05-05
PO006967,S001,P0041,W003,2025-07-13,838,2025-07-26,2025-07-26
PO006968,S012,P0005,W005,2025-04-21,706,2025-04-28,2025-04-28
PO006969,S023,P0089,W008,2025-07-29,844,2025-08-10,2025-08-10
PO006970,S023,P0082,W005,2025-01-01,39,2025-01-13,2025-01-13
PO006971,S010,P0063,W007,2025-02-27,807,2025-03-10,2025-03-10
PO006972,S025,P0001,W002,2025-04-03,869,2025-04-15,2025-04-15
PO006973,S014,P0025,W007,2025-08-09,467,2025-08-18,2025-08-18
PO006974,S015,P0081,W002,2025-07-30,245,2025-08-06,2025-08-09
PO006975,S023,P0046,W007,2025-08-20,762,2025-09-01,2025-09-02
PO006976,S024,P0015,W003,2025-09-19,120,2025-09-30,2025-10-05
PO006977,S004,P0069,W002,2025-12-30,758,2026-01-13,2026-01-13
PO006978,S025,P0017,W006,2025-04-13,313,2025-04-25,2025-04-25
PO006979,S001,P0021,W003,2025-02-19,569,2025-03-04,2025-03-04
PO006980,S008,P0053,W005,2025-04-20,84,2025-04-29,2025-04-30
PO006981,S003,P0055,W004,2025-03-29,518,2025-04-10,2025-04-13
PO006982,S014,P0087,W005,2025-01-20,95,2025-01-29,2025-01-29
PO006983,S017,P0010,W001,2025-01-14,920,2025-01-23,2025-01-26
PO006984,S002,P0081,W005,2025-05-13,723,2025-05-26,2025-05-26
PO006985,S015,P0057,W001,2025-10-23,654,2025-10-30,2025-10-30
PO006986,S006,P0065,W002,2025-02-03,144,2025-02-08,2025-02-08
PO006987,S005,P0037,W005,2025-07-27,46,2025-08-10,2025-08-10
PO006988,S014,P0007,W004,2025-10-28,634,2025-11-06,2025-11-06
PO006989,S019,P0076,W006,2025-07-18,295,2025-07-24,2025-07-24
PO006990,S009,P0040,W005,2025-03-21,591,2025-03-27,2025-03-29
PO006991,S008,P0050,W006,2025-03-12,699,2025-03-21,2025-03-21
PO006992,S003,P0001,W005,2025-06-04,102,2025-06-16,2025-06-16
PO006993,S018,P0020,W005,2025-03-19,505,2025-03-23,2025-03-28
PO006994,S008,P0031,W008,2025-03-19,482,2025-03-28,2025-03-28
PO006995,S016,P0068,W006,2025-06-21,25,2025-07-02,2025-07-02
PO006996,S015,P0090,W006,2025-10-16,988,2025-10-23,2025-10-23
PO006997,S021,P0012,W003,2025-02-02,695,2025-02-16,2025-02-19
PO006998,S015,P0022,W005,2025-10-27,387,2025-11-03,2025-11-03
PO006999,S016,P0001,W005,2025-10-03,490,2025-10-14,2025-10-15
PO007000,S025,P0001,W008,2025-01-07,733,2025-01-19,2025-01-26
PO007001,S001,P0003,W004,2025-06-09,468,2025-06-22,2025-06-24
PO007002,S010,P0076,W006,2025-08-28,926,2025-09-08,2025-09-08
PO007003,S019,P0021,W008,2025-01-24,708,2025-01-30,2025-02-01
PO007004,S005,P0013,W006,2025-08-02,389,2025-08-16,2025-08-17
PO007005,S018,P0061,W001,2025-03-11,359,2025-03-15,2025-03-15
PO007006,S003,P0013,W001,2025-08-04,687,2025-08-16,2025-08-16
PO007007,S004,P0082,W006,2025-04-14,297,2025-04-28,2025-04-29
PO007008,S004,P0033,W004,2025-08-03,359,2025-08-17,2025-08-17
PO007009,S011,P0006,W008,2025-02-23,834,2025-02-28,2025-02-28
PO007010,S009,P0025,W002,2025-10-21,633,2025-10-27,2025-10-28
PO007011,S001,P0023,W005,2025-11-26,99,2025-12-09,2025-12-12
PO007012,S025,P0088,W002,2025-12-02,725,2025-12-14,2025-12-14
PO007013,S016,P0026,W004,2025-07-22,812,2025-08-02,2025-08-02
PO007014,S009,P0004,W002,2025-10-15,622,2025-10-21,2025-10-21
PO007015,S011,P0035,W001,2025-02-14,86,2025-02-19,2025-02-20
PO007016,S006,P0075,W003,2025-11-13,234,2025-11-18,2025-11-25
PO007017,S017,P0100,W002,2025-07-17,435,2025-07-26,2025-07-27
PO007018,S012,P0025,W003,2025-08-04,164,2025-08-11,2025-08-11
PO007019,S022,P0020,W002,2025-11-05,571,2025-11-09,2025-11-16
PO007020,S008,P0001,W008,2025-11-28,743,2025-12-07,2025-12-07
PO007021,S016,P0094,W004,2025-07-03,305,2025-07-14,2025-07-14
PO007022,S005,P0068,W003,2025-01-27,590,2025-02-10,2025-02-10
PO007023,S021,P0023,W002,2025-06-15,559,2025-06-29,2025-06-29
PO007024,S001,P0099,W004,2025-11-14,66,2025-11-27,2025-11-27
PO007025,S017,P0022,W007,2025-10-01,256,2025-10-10,2025-10-10
PO007026,S024,P0095,W007,2025-12-31,136,2026-01-11,2026-01-12
PO007027,S021,P0062,W006,2025-04-13,170,2025-04-27,2025-04-30
PO007028,S008,P0001,W008,2025-11-29,102,2025-12-08,2025-12-08
PO007029,S010,P0059,W007,2025-04-14,76,2025-04-25,2025-04-25
PO007030,S018,P0068,W001,2025-09-02,748,2025-09-06,2025-09-06
PO007031,S015,P0019,W005,2025-11-01,404,2025-11-08,2025-11-09
PO007032,S020,P0030,W004,2025-06-18,239,2025-06-29,2025-06-29
PO007033,S013,P0001,W004,2025-04-26,304,2025-05-01,2025-05-06
PO007034,S010,P0048,W001,2025-05-21,773,2025-06-01,2025-06-01
PO007035,S009,P0019,W003,2025-12-22,453,2025-12-28,2025-12-28
PO007036,S013,P0052,W002,2025-05-05,339,2025-05-10,2025-05-10
PO007037,S003,P0085,W003,2025-01-25,630,2025-02-06,2025-02-06
PO007038,S022,P0022,W008,2025-07-13,261,2025-07-17,2025-07-20
PO007039,S023,P0050,W004,2025-04-10,484,2025-04-22,2025-04-27
PO007040,S003,P0066,W006,2025-01-05,222,2025-01-17,2025-01-17
PO007041,S001,P0006,W007,2025-01-19,568,2025-02-01,2025-02-03
PO007042,S002,P0064,W002,2025-06-19,777,2025-07-02,2025-07-02
PO007043,S011,P0021,W007,2025-10-01,464,2025-10-06,2025-10-06
PO007044,S014,P0097,W007,2025-09-11,659,2025-09-20,2025-09-23
PO007045,S010,P0019,W005,2025-05-01,154,2025-05-12,2025-05-12
PO007046,S007,P0091,W007,2025-02-01,877,2025-02-15,2025-02-15
PO007047,S023,P0037,W008,2025-05-29,874,2025-06-10,2025-06-10
PO007048,S001,P0063,W008,2025-09-23,595,2025-10-06,2025-10-06
PO007049,S007,P0029,W008,2025-02-06,805,2025-02-20,2025-02-20
PO007050,S015,P0060,W005,2025-06-26,560,2025-07-03,2025-07-05
PO007051,S011,P0092,W002,2025-12-08,506,2025-12-13,2025-12-13
PO007052,S006,P0034,W008,2025-01-13,901,2025-01-18,2025-01-18
PO007053,S022,P0001,W004,2025-07-02,757,2025-07-06,2025-07-06
PO007054,S007,P0048,W006,2025-05-25,591,2025-06-08,2025-06-08
PO007055,S007,P0089,W001,2025-09-22,505,2025-10-06,2025-10-08
PO007056,S001,P0021,W007,2025-03-29,585,2025-04-11,2025-04-16
PO007057,S010,P0034,W006,2025-02-15,859,2025-02-26,2025-03-05
PO007058,S021,P0026,W007,2025-04-29,680,2025-05-13,2025-05-13
PO007059,S015,P0036,W007,2025-01-19,424,2025-01-26,2025-02-02
PO007060,S008,P0099,W003,2025-08-08,589,2025-08-17,2025-08-17
PO007061,S024,P0023,W006,2025-08-21,452,2025-09-01,2025-09-01
PO007062,S019,P0081,W006,2025-04-04,567,2025-04-10,2025-04-12
PO007063,S003,P0047,W003,2025-09-08,676,2025-09-20,2025-09-20
PO007064,S023,P0076,W001,2025-09-07,269,2025-09-19,2025-09-19
PO007065,S015,P0044,W001,2025-10-09,99,2025-10-16,2025-10-21
PO007066,S004,P0020,W005,2025-08-20,968,2025-09-03,2025-09-05
PO007067,S006,P0027,W008,2025-02-15,34,2025-02-20,2025-02-20
PO007068,S025,P0061,W007,2025-02-15,994,2025-02-27,2025-03-01
PO007069,S010,P0037,W008,2025-01-14,59,2025-01-25,2025-01-28
PO007070,S018,P0084,W001,2025-03-26,100,2025-03-30,2025-04-04
PO007071,S016,P0052,W002,2025-11-15,529,2025-11-26,2025-11-26
PO007072,S018,P0075,W005,2025-11-24,326,2025-11-28,2025-11-29
PO007073,S006,P0092,W008,2025-01-03,724,2025-01-08,2025-01-10
PO007074,S019,P0062,W004,2025-01-28,416,2025-02-03,2025-02-04
PO007075,S017,P0066,W005,2025-06-06,697,2025-06-15,2025-06-15
PO007076,S018,P0024,W007,2025-12-09,989,2025-12-13,2025-12-13
PO007077,S013,P0080,W006,2025-11-29,884,2025-12-04,2025-12-04
PO007078,S007,P0012,W006,2025-11-28,941,2025-12-12,2025-12-19
PO007079,S020,P0016,W005,2025-06-24,223,2025-07-05,2025-07-05
PO007080,S012,P0036,W003,2025-04-24,230,2025-05-01,2025-05-01
PO007081,S002,P0002,W007,2025-11-27,418,2025-12-10,2025-12-12
PO007082,S012,P0089,W001,2025-09-07,392,2025-09-14,2025-09-14
PO007083,S012,P0062,W006,2025-02-28,408,2025-03-07,2025-03-07
PO007084,S024,P0064,W006,2025-07-22,277,2025-08-02,2025-08-02
PO007085,S004,P0029,W002,2025-11-11,134,2025-11-25,2025-11-25
PO007086,S004,P0092,W007,2025-08-27,353,2025-09-10,2025-09-15
PO007087,S018,P0074,W001,2025-08-22,368,2025-08-26,2025-08-27
PO007088,S016,P0087,W007,2025-10-30,252,2025-11-10,2025-11-10
PO007089,S014,P0096,W006,2025-04-05,528,2025-04-14,2025-04-21
PO007090,S017,P0031,W003,2025-05-21,468,2025-05-30,2025-05-30
PO007091,S017,P0083,W006,2025-11-30,96,2025-12-09,2025-12-09
PO007092,S003,P0015,W001,2025-04-23,847,2025-05-05,2025-05-05
PO007093,S006,P0055,W002,2025-04-19,627,2025-04-24,2025-05-01
PO007094,S023,P0033,W008,2025-12-28,117,2026-01-09,2026-01-09
PO007095,S013,P0081,W008,2025-12-11,587,2025-12-16,2025-12-17
PO007096,S009,P0052,W001,2025-10-16,649,2025-10-22,2025-10-22
PO007097,S021,P0100,W007,2025-04-07,481,2025-04-21,2025-04-21
PO007098,S009,P0020,W007,2025-12-01,519,2025-12-07,2025-12-12
PO007099,S008,P0073,W003,2025-01-16,650,2025-01-25,2025-01-25
PO007100,S017,P0038,W002,2025-02-13,57,2025-02-22,2025-02-24
PO007101,S016,P0003,W008,2025-08-18,716,2025-08-29,2025-08-29
PO007102,S016,P0054,W001,2025-04-18,377,2025-04-29,2025-05-01
PO007103,S019,P0066,W003,2025-08-05,261,2025-08-11,2025-08-13
PO007104,S024,P0018,W003,2025-09-17,70,2025-09-28,2025-09-28
PO007105,S016,P0087,W005,2025-11-08,444,2025-11-19,2025-11-19
PO007106,S025,P0083,W006,2025-11-16,994,2025-11-28,2025-12-05
PO007107,S014,P0007,W007,2025-07-15,146,2025-07-24,2025-07-27
PO007108,S020,P0035,W002,2025-04-05,122,2025-04-16,2025-04-16
PO007109,S014,P0084,W002,2025-02-25,985,2025-03-06,2025-03-07
PO007110,S014,P0084,W006,2025-02-01,496,2025-02-10,2025-02-12
PO007111,S014,P0083,W007,2025-08-19,248,2025-08-28,2025-08-28
PO007112,S012,P0080,W007,2025-01-09,742,2025-01-16,2025-01-16
PO007113,S006,P0085,W001,2025-07-10,455,2025-07-15,2025-07-22
PO007114,S020,P0093,W005,2025-12-27,404,2026-01-07,2026-01-12
PO007115,S013,P0060,W002,2025-07-19,104,2025-07-24,2025-07-27
PO007116,S016,P0024,W003,2025-11-30,378,2025-12-11,2025-12-11
PO007117,S009,P0093,W002,2025-06-10,805,2025-06-16,2025-06-23
PO007118,S002,P0095,W005,2025-03-28,46,2025-04-10,2025-04-10
PO007119,S022,P0039,W006,2025-01-21,879,2025-01-25,2025-01-25
PO007120,S003,P0012,W004,2025-11-07,91,2025-11-19,2025-11-20
PO007121,S010,P0094,W006,2025-03-17,114,2025-03-28,2025-03-31
PO007122,S020,P0053,W003,2025-05-21,607,2025-06-01,2025-06-01
PO007123,S002,P0064,W002,2025-05-06,445,2025-05-19,2025-05-24
PO007124,S024,P0004,W006,2025-09-08,25,2025-09-19,2025-09-24
PO007125,S010,P0094,W003,2025-03-25,109,2025-04-05,2025-04-05
PO007126,S008,P0005,W008,2025-02-17,611,2025-02-26,2025-03-03
PO007127,S017,P0016,W007,2025-03-19,241,2025-03-28,2025-04-02
PO007128,S022,P0027,W001,2025-01-30,614,2025-02-03,2025-02-03
PO007129,S001,P0004,W008,2025-10-12,613,2025-10-25,2025-10-25
PO007130,S006,P0072,W008,2025-05-16,171,2025-05-21,2025-05-21
PO007131,S007,P0048,W003,2025-05-20,576,2025-06-03,2025-06-03
PO007132,S015,P0008,W002,2025-02-10,231,2025-02-17,2025-02-19
PO007133,S018,P0081,W001,2025-10-09,602,2025-10-13,2025-10-13
PO007134,S009,P0046,W001,2025-02-19,282,2025-02-25,2025-03-02
PO007135,S008,P0044,W008,2025-09-15,931,2025-09-24,2025-10-01
PO007136,S025,P0067,W001,2025-11-07,401,2025-11-19,2025-11-19
PO007137,S010,P0091,W004,2025-12-26,589,2026-01-06,2026-01-06
PO007138,S004,P0052,W004,2025-09-27,76,2025-10-11,2025-10-11
PO007139,S020,P0034,W001,2025-05-14,445,2025-05-25,2025-05-25
PO007140,S008,P0062,W008,2025-08-22,642,2025-08-31,2025-08-31
PO007141,S001,P0021,W006,2025-05-08,161,2025-05-21,2025-05-21
PO007142,S008,P0024,W008,2025-04-14,587,2025-04-23,2025-04-23
PO007143,S023,P0044,W006,2025-09-11,543,2025-09-23,2025-09-23
PO007144,S012,P0041,W006,2025-04-05,880,2025-04-12,2025-04-17
PO007145,S023,P0029,W002,2025-12-03,34,2025-12-15,2025-12-15
PO007146,S025,P0006,W001,2025-08-05,27,2025-08-17,2025-08-17
PO007147,S015,P0056,W006,2025-03-02,250,2025-03-09,2025-03-09
PO007148,S013,P0014,W001,2025-09-25,205,2025-09-30,2025-09-30
PO007149,S016,P0050,W003,2025-08-29,72,2025-09-09,2025-09-09
PO007150,S023,P0078,W006,2025-01-13,156,2025-01-25,2025-01-25
PO007151,S018,P0052,W008,2025-05-27,193,2025-05-31,2025-05-31
PO007152,S001,P0088,W003,2025-08-28,879,2025-09-10,2025-09-10
PO007153,S017,P0077,W003,2025-03-30,238,2025-04-08,2025-04-08
PO007154,S016,P0001,W006,2025-04-05,282,2025-04-16,2025-04-16
PO007155,S023,P0012,W005,2025-11-11,274,2025-11-23,2025-11-23
PO007156,S005,P0024,W003,2025-10-20,831,2025-11-03,2025-11-04
PO007157,S020,P0037,W006,2025-01-25,289,2025-02-05,2025-02-05
PO007158,S021,P0084,W007,2025-09-29,606,2025-10-13,2025-10-13
PO007159,S010,P0070,W003,2025-06-15,243,2025-06-26,2025-06-28
PO007160,S006,P0076,W002,2025-09-07,902,2025-09-12,2025-09-17
PO007161,S012,P0085,W004,2025-03-28,623,2025-04-04,2025-04-07
PO007162,S010,P0003,W004,2025-05-22,153,2025-06-02,2025-06-02
PO007163,S022,P0027,W004,2025-05-14,182,2025-05-18,2025-05-18
PO007164,S017,P0053,W007,2025-10-06,729,2025-10-15,2025-10-15
PO007165,S002,P0100,W005,2025-05-06,720,2025-05-19,2025-05-22
PO007166,S019,P0017,W001,2025-11-12,939,2025-11-18,2025-11-21
PO007167,S020,P0015,W003,2025-05-21,92,2025-06-01,2025-06-01
PO007168,S006,P0039,W007,2025-12-22,917,2025-12-27,2025-12-27
PO007169,S013,P0004,W002,2025-04-13,737,2025-04-18,2025-04-18
PO007170,S009,P0017,W005,2025-08-14,966,2025-08-20,2025-08-20
PO007171,S012,P0011,W007,2025-03-04,562,2025-03-11,2025-03-16
PO007172,S018,P0012,W004,2025-10-21,913,2025-10-25,2025-10-25
PO007173,S008,P0032,W005,2025-11-02,650,2025-11-11,2025-11-11
PO007174,S025,P0027,W007,2025-09-11,814,2025-09-23,2025-09-26
PO007175,S018,P0044,W002,2025-06-29,503,2025-07-03,2025-07-03
PO007176,S025,P0043,W006,2025-02-09,897,2025-02-21,2025-02-21
PO007177,S023,P0091,W005,2025-09-21,690,2025-10-03,2025-10-03
PO007178,S025,P0049,W004,2025-07-08,274,2025-07-20,2025-07-20
PO007179,S022,P0093,W001,2025-01-08,776,2025-01-12,2025-01-12
PO007180,S002,P0073,W007,2025-04-14,637,2025-04-27,2025-04-27
PO007181,S008,P0043,W004,2025-08-13,217,2025-08-22,2025-08-22
PO007182,S010,P0003,W007,2025-02-03,446,2025-02-14,2025-02-14
PO007183,S009,P0029,W004,2025-08-24,512,2025-08-30,2025-08-30
PO007184,S024,P0085,W004,2025-08-16,651,2025-08-27,2025-08-30
PO007185,S018,P0035,W007,2025-07-07,101,2025-07-11,2025-07-11
PO007186,S008,P0048,W005,2025-11-09,327,2025-11-18,2025-11-18
PO007187,S019,P0074,W002,2025-01-22,801,2025-01-28,2025-01-28
PO007188,S003,P0087,W004,2025-12-09,718,2025-12-21,2025-12-21
PO007189,S009,P0039,W008,2025-02-09,807,2025-02-15,2025-02-15
PO007190,S013,P0089,W006,2025-06-22,393,2025-06-27,2025-06-29
PO007191,S009,P0024,W005,2025-06-28,583,2025-07-04,2025-07-04
PO007192,S025,P0020,W002,2025-03-27,478,2025-04-08,2025-04-09
PO007193,S020,P0015,W001,2025-05-13,520,2025-05-24,2025-05-24
PO007194,S012,P0085,W008,2025-12-17,376,2025-12-24,2025-12-26
PO007195,S023,P0076,W004,2025-01-13,315,2025-01-25,2025-02-01
PO007196,S013,P0018,W003,2025-01-28,599,2025-02-02,2025-02-02
PO007197,S008,P0060,W005,2025-03-25,319,2025-04-03,2025-04-03
PO007198,S015,P0087,W006,2025-11-14,665,2025-11-21,2025-11-21
PO007199,S013,P0093,W001,2025-12-15,362,2025-12-20,2025-12-23
PO007200,S021,P0041,W001,2025-12-09,139,2025-12-23,2025-12-23
PO007201,S013,P0100,W001,2025-10-07,588,2025-10-12,2025-10-13
PO007202,S017,P0069,W005,2025-12-20,205,2025-12-29,2025-12-30
PO007203,S015,P0090,W002,2025-09-20,603,2025-09-27,2025-09-27
PO007204,S025,P0075,W003,2025-06-15,177,2025-06-27,2025-06-27
PO007205,S022,P0011,W008,2025-10-20,247,2025-10-24,2025-10-24
PO007206,S019,P0056,W006,2025-03-09,327,2025-03-15,2025-03-17
PO007207,S003,P0018,W002,2025-08-14,253,2025-08-26,2025-08-26
PO007208,S014,P0012,W004,2025-06-19,30,2025-06-28,2025-06-28
PO007209,S010,P0016,W003,2025-03-27,194,2025-04-07,2025-04-07
PO007210,S017,P0027,W002,2025-05-13,792,2025-05-22,2025-05-22
PO007211,S008,P0100,W004,2025-06-27,662,2025-07-06,2025-07-06
PO007212,S018,P0017,W007,2025-12-09,930,2025-12-13,2025-12-16
PO007213,S012,P0085,W003,2025-09-09,917,2025-09-16,2025-09-16
PO007214,S017,P0031,W005,2025-01-15,21,2025-01-24,2025-01-26
PO007215,S023,P0035,W006,2025-08-11,780,2025-08-23,2025-08-23
PO007216,S011,P0027,W007,2025-07-20,731,2025-07-25,2025-07-26
PO007217,S009,P0087,W006,2025-04-17,201,2025-04-23,2025-04-23
PO007218,S022,P0032,W004,2025-09-07,961,2025-09-11,2025-09-16
PO007219,S024,P0017,W002,2025-03-30,369,2025-04-10,2025-04-10
PO007220,S024,P0011,W003,2025-05-05,658,2025-05-16,2025-05-16
PO007221,S025,P0001,W004,2025-04-23,401,2025-05-05,2025-05-05
PO007222,S023,P0092,W004,2025-05-17,316,2025-05-29,2025-05-29
PO007223,S025,P0082,W005,2025-09-04,216,2025-09-16,2025-09-16
PO007224,S015,P0049,W004,2025-06-15,305,2025-06-22,2025-06-22
PO007225,S009,P0041,W003,2025-05-30,575,2025-06-05,2025-06-06
PO007226,S012,P0020,W001,2025-12-29,541,2026-01-05,2026-01-05
PO007227,S011,P0071,W003,2025-12-09,244,2025-12-14,2025-12-14
PO007228,S017,P0037,W003,2025-03-09,747,2025-03-18,2025-03-23
PO007229,S006,P0016,W005,2025-08-09,742,2025-08-14,2025-08-14
PO007230,S008,P0039,W005,2025-09-28,305,2025-10-07,2025-10-07
PO007231,S010,P0045,W006,2025-11-17,748,2025-11-28,2025-11-30
PO007232,S025,P0064,W007,2025-11-06,350,2025-11-18,2025-11-18
PO007233,S015,P0047,W006,2025-12-15,580,2025-12-22,2025-12-22
PO007234,S004,P0023,W004,2025-01-20,182,2025-02-03,2025-02-03
PO007235,S018,P0032,W008,2025-10-16,212,2025-10-20,2025-10-20
PO007236,S011,P0049,W006,2025-04-10,164,2025-04-15,2025-04-15
PO007237,S009,P0081,W005,2025-09-09,690,2025-09-15,2025-09-15
PO007238,S009,P0019,W004,2025-03-18,857,2025-03-24,2025-03-24
PO007239,S008,P0098,W001,2025-05-15,992,2025-05-24,2025-05-24
PO007240,S003,P0078,W002,2025-06-22,711,2025-07-04,2025-07-11
PO007241,S021,P0067,W005,2025-12-29,557,2026-01-12,2026-01-12
PO007242,S018,P0039,W007,2025-07-20,631,2025-07-24,2025-07-27
PO007243,S014,P0089,W008,2025-08-05,920,2025-08-14,2025-08-14
PO007244,S003,P0060,W005,2025-07-27,642,2025-08-08,2025-08-09
PO007245,S017,P0011,W001,2025-03-15,289,2025-03-24,2025-03-24
PO007246,S004,P0049,W007,2025-01-11,70,2025-01-25,2025-01-25
PO007247,S021,P0015,W005,2025-10-14,546,2025-10-28,2025-10-28
PO007248,S018,P0083,W006,2025-09-13,147,2025-09-17,2025-09-20
PO007249,S015,P0061,W006,2025-01-12,671,2025-01-19,2025-01-19
PO007250,S019,P0043,W006,2025-03-19,773,2025-03-25,2025-03-25
PO007251,S022,P0015,W008,2025-06-21,65,2025-06-25,2025-06-25
PO007252,S006,P0079,W001,2025-04-06,253,2025-04-11,2025-04-11
PO007253,S015,P0079,W004,2025-11-02,467,2025-11-09,2025-11-09
PO007254,S007,P0073,W008,2025-09-30,603,2025-10-14,2025-10-15
PO007255,S012,P0005,W005,2025-06-28,462,2025-07-05,2025-07-05
PO007256,S016,P0083,W005,2025-03-05,522,2025-03-16,2025-03-16
PO007257,S009,P0088,W006,2025-05-12,626,2025-05-18,2025-05-18
PO007258,S020,P0029,W004,2025-12-09,941,2025-12-20,2025-12-27
PO007259,S005,P0062,W008,2025-09-29,304,2025-10-13,2025-10-13
PO007260,S011,P0060,W005,2025-11-15,151,2025-11-20,2025-11-20
PO007261,S002,P0069,W008,2025-11-28,965,2025-12-11,2025-12-11
PO007262,S022,P0022,W003,2025-12-07,495,2025-12-11,2025-12-11
PO007263,S016,P0013,W001,2025-04-19,812,2025-04-30,2025-05-02
PO007264,S004,P0050,W002,2025-09-30,955,2025-10-14,2025-10-14
PO007265,S005,P0047,W003,2025-06-17,563,2025-07-01,2025-07-02
PO007266,S007,P0029,W007,2025-06-29,375,2025-07-13,2025-07-13
PO007267,S006,P0080,W002,2025-02-27,990,2025-03-04,2025-03-04
PO007268,S024,P0100,W003,2025-03-20,56,2025-03-31,2025-03-31
PO007269,S022,P0017,W003,2025-03-02,657,2025-03-06,2025-03-09
PO007270,S010,P0020,W007,2025-05-01,157,2025-05-12,2025-05-12
PO007271,S014,P0078,W008,2025-07-26,441,2025-08-04,2025-08-05
PO007272,S008,P0006,W007,2025-02-03,464,2025-02-12,2025-02-14
PO007273,S014,P0022,W003,2025-03-11,631,2025-03-20,2025-03-20
PO007274,S014,P0009,W001,2025-01-17,261,2025-01-26,2025-01-26
PO007275,S020,P0032,W002,2025-01-20,264,2025-01-31,2025-02-07
PO007276,S023,P0088,W004,2025-11-11,558,2025-11-23,2025-11-23
PO007277,S003,P0033,W004,2025-03-10,228,2025-03-22,2025-03-27
PO007278,S001,P0077,W006,2025-08-03,922,2025-08-16,2025-08-16
PO007279,S009,P0099,W008,2025-06-10,476,2025-06-16,2025-06-16
PO007280,S009,P0070,W008,2025-04-12,118,2025-04-18,2025-04-18
PO007281,S022,P0049,W008,2025-07-25,521,2025-07-29,2025-07-29
PO007282,S002,P0030,W005,2025-05-25,156,2025-06-07,2025-06-07
PO007283,S016,P0016,W001,2025-02-26,206,2025-03-09,2025-03-09
PO007284,S008,P0065,W008,2025-03-24,55,2025-04-02,2025-04-09
PO007285,S006,P0082,W006,2025-09-26,649,2025-10-01,2025-10-03
PO007286,S023,P0086,W006,2025-07-06,689,2025-07-18,2025-07-18
PO007287,S013,P0090,W001,2025-01-06,498,2025-01-11,2025-01-11
PO007288,S001,P0014,W001,2025-12-19,806,2026-01-01,2026-01-02
PO007289,S019,P0056,W003,2025-12-16,700,2025-12-22,2025-12-22
PO007290,S015,P0037,W001,2025-04-20,74,2025-04-27,2025-04-30
PO007291,S001,P0049,W004,2025-05-18,490,2025-05-31,2025-05-31
PO007292,S010,P0078,W001,2025-02-20,103,2025-03-03,2025-03-04
PO007293,S001,P0090,W007,2025-02-20,25,2025-03-05,2025-03-05
PO007294,S012,P0050,W003,2025-03-28,910,2025-04-04,2025-04-04
PO007295,S011,P0036,W002,2025-03-09,382,2025-03-14,2025-03-14
PO007296,S017,P0052,W006,2025-03-25,875,2025-04-03,2025-04-03
PO007297,S004,P0023,W008,2025-02-11,787,2025-02-25,2025-02-25
PO007298,S023,P0066,W001,2025-08-07,937,2025-08-19,2025-08-19
PO007299,S007,P0071,W007,2025-02-26,729,2025-03-12,2025-03-12
PO007300,S012,P0045,W007,2025-08-14,683,2025-08-21,2025-08-23
PO007301,S013,P0086,W006,2025-07-15,849,2025-07-20,2025-07-20
PO007302,S005,P0028,W002,2025-09-05,189,2025-09-19,2025-09-19
PO007303,S006,P0020,W005,2025-06-15,779,2025-06-20,2025-06-20
PO007304,S002,P0049,W003,2025-03-03,268,2025-03-16,2025-03-16
PO007305,S021,P0057,W006,2025-09-20,681,2025-10-04,2025-10-07
PO007306,S007,P0082,W001,2025-04-22,229,2025-05-06,2025-05-08
PO007307,S014,P0088,W005,2025-09-10,931,2025-09-19,2025-09-24
PO007308,S025,P0097,W005,2025-07-18,759,2025-07-30,2025-08-06
PO007309,S022,P0059,W002,2025-06-27,263,2025-07-01,2025-07-03
PO007310,S014,P0026,W006,2025-01-26,160,2025-02-04,2025-02-04
PO007311,S010,P0019,W006,2025-09-03,651,2025-09-14,2025-09-14
PO007312,S004,P0013,W004,2025-01-19,824,2025-02-02,2025-02-02
PO007313,S003,P0074,W004,2025-09-22,199,2025-10-04,2025-10-11
PO007314,S025,P0062,W004,2025-11-13,939,2025-11-25,2025-11-25
PO007315,S023,P0014,W006,2025-01-20,656,2025-02-01,2025-02-01
PO007316,S014,P0073,W006,2025-04-16,998,2025-04-25,2025-04-30
PO007317,S006,P0011,W004,2025-08-25,773,2025-08-30,2025-08-30
PO007318,S023,P0067,W003,2025-11-02,743,2025-11-14,2025-11-15
PO007319,S015,P0012,W007,2025-09-03,36,2025-09-10,2025-09-12
PO007320,S008,P0035,W007,2025-03-22,35,2025-03-31,2025-04-03
PO007321,S005,P0039,W007,2025-05-30,404,2025-06-13,2025-06-15
PO007322,S003,P0032,W008,2025-01-10,360,2025-01-22,2025-01-25
PO007323,S003,P0014,W001,2025-11-17,912,2025-11-29,2025-11-30
PO007324,S013,P0065,W001,2025-08-12,788,2025-08-17,2025-08-17
PO007325,S002,P0027,W003,2025-09-21,817,2025-10-04,2025-10-05
PO007326,S024,P0060,W002,2025-05-29,999,2025-06-09,2025-06-12
PO007327,S001,P0043,W007,2025-10-05,811,2025-10-18,2025-10-18
PO007328,S012,P0065,W007,2025-10-01,65,2025-10-08,2025-10-08
PO007329,S008,P0055,W001,2025-07-13,523,2025-07-22,2025-07-22
PO007330,S019,P0093,W006,2025-06-21,789,2025-06-27,2025-06-27
PO007331,S009,P0088,W005,2025-09-22,162,2025-09-28,2025-09-28
PO007332,S014,P0081,W006,2025-11-06,304,2025-11-15,2025-11-17
PO007333,S018,P0035,W008,2025-01-26,374,2025-01-30,2025-01-30
PO007334,S010,P0095,W001,2025-12-16,849,2025-12-27,2025-12-27
PO007335,S009,P0032,W008,2025-12-22,544,2025-12-28,2025-12-28
PO007336,S006,P0019,W008,2025-01-26,998,2025-01-31,2025-01-31
PO007337,S001,P0095,W003,2025-02-03,852,2025-02-16,2025-02-16
PO007338,S005,P0039,W002,2025-09-21,576,2025-10-05,2025-10-05
PO007339,S010,P0020,W001,2025-05-18,66,2025-05-29,2025-06-03
PO007340,S025,P0028,W003,2025-10-31,547,2025-11-12,2025-11-15
PO007341,S013,P0003,W005,2025-07-02,913,2025-07-07,2025-07-10
PO007342,S022,P0032,W004,2025-12-29,126,2026-01-02,2026-01-02
PO007343,S023,P0086,W005,2025-08-30,22,2025-09-11,2025-09-14
PO007344,S004,P0058,W005,2025-02-23,635,2025-03-09,2025-03-11
PO007345,S001,P0054,W007,2025-06-17,985,2025-06-30,2025-07-05
PO007346,S021,P0042,W002,2025-04-29,114,2025-05-13,2025-05-13
PO007347,S002,P0015,W001,2025-05-23,152,2025-06-05,2025-06-05
PO007348,S024,P0083,W008,2025-03-22,941,2025-04-02,2025-04-02
PO007349,S004,P0062,W004,2025-09-02,879,2025-09-16,2025-09-21
PO007350,S017,P0031,W003,2025-12-18,802,2025-12-27,2025-12-27
PO007351,S010,P0061,W004,2025-12-24,220,2026-01-04,2026-01-04
PO007352,S023,P0026,W001,2025-03-03,273,2025-03-15,2025-03-15
PO007353,S012,P0069,W002,2025-02-15,202,2025-02-22,2025-02-24
PO007354,S002,P0057,W001,2025-03-28,169,2025-04-10,2025-04-15
PO007355,S003,P0020,W003,2025-04-09,568,2025-04-21,2025-04-22
PO007356,S014,P0066,W004,2025-10-22,509,2025-10-31,2025-11-02
PO007357,S025,P0021,W005,2025-02-22,524,2025-03-06,2025-03-06
PO007358,S015,P0060,W001,2025-07-11,432,2025-07-18,2025-07-18
PO007359,S013,P0063,W008,2025-03-21,941,2025-03-26,2025-03-29
PO007360,S009,P0051,W006,2025-01-16,857,2025-01-22,2025-01-24
PO007361,S002,P0100,W002,2025-12-26,527,2026-01-08,2026-01-09
PO007362,S019,P0092,W002,2025-11-22,670,2025-11-28,2025-11-28
PO007363,S016,P0084,W004,2025-07-13,631,2025-07-24,2025-07-24
PO007364,S011,P0039,W005,2025-05-21,423,2025-05-26,2025-05-26
PO007365,S012,P0100,W003,2025-04-18,255,2025-04-25,2025-04-25
PO007366,S025,P0011,W005,2025-10-30,615,2025-11-11,2025-11-11
PO007367,S001,P0057,W008,2025-09-22,878,2025-10-05,2025-10-10
PO007368,S002,P0003,W004,2025-10-17,985,2025-10-30,2025-10-31
PO007369,S016,P0037,W005,2025-07-28,564,2025-08-08,2025-08-08
PO007370,S002,P0084,W004,2025-06-14,652,2025-06-27,2025-06-27
PO007371,S019,P0096,W005,2025-12-08,561,2025-12-14,2025-12-17
PO007372,S010,P0025,W001,2025-11-16,453,2025-11-27,2025-11-27
PO007373,S019,P0021,W002,2025-06-01,565,2025-06-07,2025-06-08
PO007374,S010,P0080,W004,2025-10-17,664,2025-10-28,2025-10-28
PO007375,S016,P0042,W004,2025-09-25,227,2025-10-06,2025-10-06
PO007376,S013,P0001,W002,2025-05-31,159,2025-06-05,2025-06-05
PO007377,S016,P0023,W006,2025-07-26,607,2025-08-06,2025-08-06
PO007378,S018,P0024,W006,2025-09-12,606,2025-09-16,2025-09-16
PO007379,S024,P0047,W003,2025-12-19,839,2025-12-30,2025-12-31
PO007380,S008,P0089,W004,2025-05-21,326,2025-05-30,2025-05-30
PO007381,S024,P0007,W001,2025-12-09,936,2025-12-20,2025-12-27
PO007382,S018,P0038,W005,2025-12-24,986,2025-12-28,2025-12-31
PO007383,S013,P0047,W001,2025-04-06,589,2025-04-11,2025-04-11
PO007384,S025,P0035,W004,2025-08-15,117,2025-08-27,2025-08-27
PO007385,S007,P0078,W003,2025-07-12,144,2025-07-26,2025-07-27
PO007386,S021,P0062,W008,2025-10-30,979,2025-11-13,2025-11-13
PO007387,S023,P0073,W008,2025-11-10,368,2025-11-22,2025-11-29
PO007388,S024,P0003,W008,2025-04-28,153,2025-05-09,2025-05-09
PO007389,S025,P0020,W004,2025-01-05,245,2025-01-17,2025-01-22
PO007390,S018,P0097,W008,2025-12-18,964,2025-12-22,2025-12-29
PO007391,S006,P0044,W003,2025-08-31,731,2025-09-05,2025-09-05
PO007392,S009,P0032,W002,2025-01-21,568,2025-01-27,2025-01-27
PO007393,S006,P0100,W005,2025-06-01,669,2025-06-06,2025-06-06
PO007394,S018,P0026,W008,2025-05-08,739,2025-05-12,2025-05-12
PO007395,S017,P0048,W008,2025-05-04,725,2025-05-13,2025-05-15
PO007396,S012,P0005,W008,2025-05-26,587,2025-06-02,2025-06-02
PO007397,S003,P0059,W001,2025-10-04,358,2025-10-16,2025-10-16
PO007398,S005,P0061,W003,2025-11-06,858,2025-11-20,2025-11-25
PO007399,S007,P0049,W001,2025-06-01,341,2025-06-15,2025-06-22
PO007400,S010,P0030,W007,2025-12-26,832,2026-01-06,2026-01-06
PO007401,S010,P0017,W002,2025-04-21,106,2025-05-02,2025-05-05
PO007402,S019,P0070,W004,2025-04-26,114,2025-05-02,2025-05-02
PO007403,S025,P0058,W003,2025-07-07,215,2025-07-19,2025-07-22
PO007404,S004,P0063,W005,2025-02-26,211,2025-03-12,2025-03-12
PO007405,S010,P0061,W007,2025-09-08,675,2025-09-19,2025-09-24
PO007406,S018,P0063,W003,2025-05-30,541,2025-06-03,2025-06-04
PO007407,S003,P0015,W006,2025-06-11,772,2025-06-23,2025-06-23
PO007408,S021,P0001,W004,2025-04-30,680,2025-05-14,2025-05-14
PO007409,S003,P0013,W004,2025-03-11,671,2025-03-23,2025-03-23
PO007410,S005,P0048,W005,2025-12-17,32,2025-12-31,2026-01-01
PO007411,S016,P0034,W005,2025-04-09,273,2025-04-20,2025-04-23
PO007412,S020,P0030,W002,2025-06-16,100,2025-06-27,2025-06-29
PO007413,S013,P0019,W007,2025-10-25,741,2025-10-30,2025-11-02
PO007414,S011,P0064,W007,2025-05-31,392,2025-06-05,2025-06-07
PO007415,S013,P0066,W001,2025-11-22,413,2025-11-27,2025-12-04
PO007416,S019,P0057,W008,2025-01-02,909,2025-01-08,2025-01-10
PO007417,S006,P0044,W003,2025-06-01,751,2025-06-06,2025-06-06
PO007418,S024,P0012,W002,2025-12-31,928,2026-01-11,2026-01-13
PO007419,S013,P0040,W001,2025-03-06,437,2025-03-11,2025-03-11
PO007420,S004,P0024,W007,2025-11-22,78,2025-12-06,2025-12-13
PO007421,S025,P0011,W008,2025-03-10,147,2025-03-22,2025-03-22
PO007422,S022,P0066,W008,2025-05-01,836,2025-05-05,2025-05-05
PO007423,S005,P0001,W002,2025-04-19,793,2025-05-03,2025-05-03
PO007424,S019,P0058,W006,2025-11-12,799,2025-11-18,2025-11-19
PO007425,S005,P0028,W005,2025-09-04,560,2025-09-18,2025-09-18
PO007426,S021,P0068,W005,2025-04-03,352,2025-04-17,2025-04-22
PO007427,S014,P0094,W004,2025-09-25,911,2025-10-04,2025-10-04
PO007428,S004,P0059,W008,2025-04-13,301,2025-04-27,2025-04-27
PO007429,S012,P0071,W003,2025-04-22,599,2025-04-29,2025-04-29
PO007430,S006,P0022,W003,2025-11-17,226,2025-11-22,2025-11-22
PO007431,S019,P0090,W003,2025-10-31,291,2025-11-06,2025-11-06
PO007432,S010,P0029,W002,2025-12-10,328,2025-12-21,2025-12-21
PO007433,S001,P0089,W002,2025-03-03,422,2025-03-16,2025-03-16
PO007434,S023,P0074,W003,2025-10-27,194,2025-11-08,2025-11-08
PO007435,S023,P0084,W004,2025-05-16,237,2025-05-28,2025-05-28
PO007436,S016,P0078,W001,2025-02-24,691,2025-03-07,2025-03-09
PO007437,S004,P0097,W006,2025-04-18,345,2025-05-02,2025-05-02
PO007438,S009,P0069,W002,2025-10-30,775,2025-11-05,2025-11-05
PO007439,S018,P0045,W003,2025-09-15,272,2025-09-19,2025-09-19
PO007440,S017,P0070,W005,2025-09-10,473,2025-09-19,2025-09-19
PO007441,S015,P0086,W002,2025-08-10,208,2025-08-17,2025-08-17
PO007442,S019,P0017,W001,2025-06-16,792,2025-06-22,2025-06-22
PO007443,S007,P0079,W002,2025-06-09,462,2025-06-23,2025-06-30
PO007444,S025,P0039,W001,2025-06-15,917,2025-06-27,2025-06-27
PO007445,S018,P0040,W001,2025-07-24,149,2025-07-28,2025-07-28
PO007446,S006,P0028,W002,2025-09-24,504,2025-09-29,2025-09-29
PO007447,S019,P0002,W001,2025-05-18,22,2025-05-24,2025-05-24
PO007448,S021,P0082,W008,2025-12-12,985,2025-12-26,2025-12-26
PO007449,S012,P0027,W002,2025-09-05,370,2025-09-12,2025-09-12
PO007450,S025,P0021,W002,2025-02-24,574,2025-03-08,2025-03-13
PO007451,S003,P0087,W004,2025-07-28,152,2025-08-09,2025-08-09
PO007452,S001,P0007,W005,2025-01-17,709,2025-01-30,2025-01-30
PO007453,S005,P0061,W008,2025-03-09,513,2025-03-23,2025-03-25
PO007454,S001,P0052,W006,2025-05-13,285,2025-05-26,2025-05-26
PO007455,S008,P0048,W008,2025-07-07,942,2025-07-16,2025-07-16
PO007456,S007,P0019,W001,2025-11-04,43,2025-11-18,2025-11-18
PO007457,S015,P0073,W008,2025-05-18,553,2025-05-25,2025-05-25
PO007458,S011,P0012,W002,2025-06-23,876,2025-06-28,2025-06-30
PO007459,S018,P0094,W001,2025-04-07,22,2025-04-11,2025-04-11
PO007460,S014,P0071,W002,2025-06-20,931,2025-06-29,2025-06-29
PO007461,S009,P0002,W006,2025-06-03,689,2025-06-09,2025-06-10
PO007462,S005,P0017,W007,2025-07-02,899,2025-07-16,2025-07-16
PO007463,S023,P0075,W002,2025-08-30,446,2025-09-11,2025-09-11
PO007464,S004,P0076,W002,2025-10-31,23,2025-11-14,2025-11-14
PO007465,S012,P0003,W005,2025-10-12,638,2025-10-19,2025-10-22
PO007466,S001,P0021,W001,2025-01-27,827,2025-02-09,2025-02-10
PO007467,S024,P0078,W005,2025-12-26,803,2026-01-06,2026-01-06
PO007468,S013,P0079,W008,2025-03-01,522,2025-03-06,2025-03-07
PO007469,S001,P0051,W008,2025-07-21,251,2025-08-03,2025-08-04
PO007470,S003,P0010,W005,2025-09-07,892,2025-09-19,2025-09-26
PO007471,S022,P0055,W008,2025-12-28,769,2026-01-01,2026-01-01
PO007472,S008,P0036,W007,2025-03-10,91,2025-03-19,2025-03-22
PO007473,S024,P0051,W008,2025-01-21,107,2025-02-01,2025-02-01
PO007474,S018,P0074,W007,2025-06-01,547,2025-06-05,2025-06-08
PO007475,S025,P0017,W005,2025-04-12,905,2025-04-24,2025-04-24
PO007476,S016,P0089,W005,2025-04-05,622,2025-04-16,2025-04-16
PO007477,S020,P0061,W004,2025-12-27,469,2026-01-07,2026-01-10
PO007478,S020,P0091,W001,2025-08-17,458,2025-08-28,2025-08-30
PO007479,S016,P0097,W001,2025-05-05,551,2025-05-16,2025-05-16
PO007480,S002,P0075,W002,2025-09-15,454,2025-09-28,2025-09-28
PO007481,S017,P0013,W001,2025-11-18,743,2025-11-27,2025-11-27
PO007482,S010,P0065,W006,2025-08-24,103,2025-09-04,2025-09-04
PO007483,S007,P0095,W005,2025-06-11,358,2025-06-25,2025-06-25
PO007484,S010,P0097,W003,2025-02-11,972,2025-02-22,2025-02-22
PO007485,S019,P0085,W007,2025-10-03,145,2025-10-09,2025-10-09
PO007486,S020,P0080,W001,2025-12-19,582,2025-12-30,2025-12-30
PO007487,S009,P0087,W007,2025-03-09,37,2025-03-15,2025-03-15
PO007488,S022,P0074,W007,2025-06-22,992,2025-06-26,2025-07-01
PO007489,S017,P0048,W003,2025-11-27,868,2025-12-06,2025-12-06
PO007490,S009,P0097,W008,2025-05-05,974,2025-05-11,2025-05-12
PO007491,S009,P0086,W007,2025-06-19,884,2025-06-25,2025-06-28
PO007492,S005,P0070,W006,2025-02-16,648,2025-03-02,2025-03-02
PO007493,S024,P0047,W004,2025-09-18,655,2025-09-29,2025-09-29
PO007494,S007,P0100,W002,2025-08-05,559,2025-08-19,2025-08-19
PO007495,S011,P0010,W002,2025-11-01,984,2025-11-06,2025-11-06
PO007496,S008,P0057,W002,2025-05-04,943,2025-05-13,2025-05-13
PO007497,S025,P0080,W004,2025-10-20,364,2025-11-01,2025-11-01
PO007498,S014,P0013,W005,2025-06-11,487,2025-06-20,2025-06-25
PO007499,S002,P0061,W007,2025-07-20,160,2025-08-02,2025-08-02
PO007500,S010,P0058,W003,2025-10-02,25,2025-10-13,2025-10-15
PO007501,S021,P0084,W001,2025-07-25,688,2025-08-08,2025-08-08
PO007502,S024,P0068,W005,2025-02-09,637,2025-02-20,2025-02-20
PO007503,S016,P0084,W002,2025-09-30,650,2025-10-11,2025-10-11
PO007504,S016,P0086,W008,2025-07-07,668,2025-07-18,2025-07-18
PO007505,S019,P0029,W002,2025-12-21,560,2025-12-27,2025-12-29
PO007506,S011,P0016,W007,2025-04-03,697,2025-04-08,2025-04-08
PO007507,S006,P0063,W005,2025-02-11,84,2025-02-16,2025-02-16
PO007508,S006,P0047,W003,2025-04-17,75,2025-04-22,2025-04-22
PO007509,S007,P0043,W005,2025-11-24,817,2025-12-08,2025-12-08
PO007510,S016,P0023,W004,2025-03-06,901,2025-03-17,2025-03-19
PO007511,S013,P0030,W002,2025-12-31,115,2026-01-05,2026-01-07
PO007512,S003,P0057,W003,2025-11-05,908,2025-11-17,2025-11-20
PO007513,S024,P0030,W008,2025-05-15,974,2025-05-26,2025-05-26
PO007514,S024,P0067,W007,2025-01-24,234,2025-02-04,2025-02-04
PO007515,S009,P0056,W001,2025-01-28,762,2025-02-03,2025-02-03
PO007516,S024,P0024,W007,2025-03-03,77,2025-03-14,2025-03-15
PO007517,S003,P0077,W008,2025-09-30,925,2025-10-12,2025-10-12
PO007518,S006,P0096,W008,2025-08-17,511,2025-08-22,2025-08-29
PO007519,S025,P0076,W002,2025-01-20,424,2025-02-01,2025-02-08
PO007520,S017,P0008,W007,2025-01-03,203,2025-01-12,2025-01-17
PO007521,S003,P0088,W005,2025-08-06,301,2025-08-18,2025-08-18
PO007522,S002,P0044,W003,2025-11-03,802,2025-11-16,2025-11-16
PO007523,S012,P0080,W002,2025-05-16,740,2025-05-23,2025-05-26
PO007524,S024,P0096,W001,2025-01-03,182,2025-01-14,2025-01-15
PO007525,S006,P0034,W001,2025-07-12,108,2025-07-17,2025-07-18
PO007526,S010,P0035,W006,2025-03-14,802,2025-03-25,2025-03-25
PO007527,S011,P0096,W005,2025-12-27,116,2026-01-01,2026-01-04
PO007528,S016,P0050,W004,2025-04-28,606,2025-05-09,2025-05-09
PO007529,S016,P0017,W008,2025-06-03,107,2025-06-14,2025-06-14
PO007530,S024,P0002,W005,2025-07-28,537,2025-08-08,2025-08-11
PO007531,S018,P0090,W003,2025-02-03,687,2025-02-07,2025-02-07
PO007532,S022,P0054,W005,2025-05-17,82,2025-05-21,2025-05-22
PO007533,S023,P0044,W003,2025-11-14,560,2025-11-26,2025-11-26
PO007534,S024,P0081,W006,2025-04-30,835,2025-05-11,2025-05-11
PO007535,S009,P0049,W008,2025-04-25,210,2025-05-01,2025-05-01
PO007536,S021,P0002,W008,2025-01-13,973,2025-01-27,2025-01-27
PO007537,S019,P0072,W006,2025-03-10,936,2025-03-16,2025-03-16
PO007538,S002,P0070,W006,2025-11-29,735,2025-12-12,2025-12-12
PO007539,S024,P0009,W004,2025-09-14,297,2025-09-25,2025-09-28
PO007540,S001,P0001,W006,2025-03-30,558,2025-04-12,2025-04-12
PO007541,S016,P0069,W005,2025-02-16,104,2025-02-27,2025-03-02
PO007542,S022,P0009,W001,2025-09-17,354,2025-09-21,2025-09-21
PO007543,S018,P0014,W003,2025-08-16,460,2025-08-20,2025-08-21
PO007544,S003,P0027,W007,2025-06-29,741,2025-07-11,2025-07-11
PO007545,S024,P0009,W003,2025-01-10,669,2025-01-21,2025-01-21
PO007546,S001,P0036,W001,2025-10-11,809,2025-10-24,2025-10-26
PO007547,S006,P0093,W008,2025-05-06,191,2025-05-11,2025-05-11
PO007548,S019,P0084,W007,2025-05-14,871,2025-05-20,2025-05-27
PO007549,S022,P0079,W005,2025-06-04,358,2025-06-08,2025-06-08
PO007550,S019,P0100,W004,2025-09-05,687,2025-09-11,2025-09-16
PO007551,S011,P0003,W002,2025-05-20,248,2025-05-25,2025-05-25
PO007552,S008,P0023,W005,2025-11-14,837,2025-11-23,2025-11-23
PO007553,S005,P0073,W006,2025-06-25,198,2025-07-09,2025-07-09
PO007554,S020,P0030,W007,2025-11-19,266,2025-11-30,2025-11-30
PO007555,S009,P0019,W008,2025-06-23,916,2025-06-29,2025-06-29
PO007556,S015,P0067,W005,2025-03-15,693,2025-03-22,2025-03-22
PO007557,S021,P0050,W003,2025-12-17,694,2025-12-31,2025-12-31
PO007558,S014,P0048,W003,2025-05-23,749,2025-06-01,2025-06-02
PO007559,S004,P0003,W004,2025-10-19,336,2025-11-02,2025-11-05
PO007560,S024,P0098,W006,2025-04-22,305,2025-05-03,2025-05-03
PO007561,S024,P0066,W007,2025-07-25,95,2025-08-05,2025-08-05
PO007562,S008,P0027,W004,2025-05-11,993,2025-05-20,2025-05-20
PO007563,S020,P0087,W004,2025-04-20,471,2025-05-01,2025-05-04
PO007564,S017,P0096,W001,2025-03-08,223,2025-03-17,2025-03-17
PO007565,S002,P0099,W007,2025-03-27,747,2025-04-09,2025-04-09
PO007566,S020,P0040,W002,2025-10-02,443,2025-10-13,2025-10-13
PO007567,S016,P0018,W002,2025-08-15,754,2025-08-26,2025-08-26
PO007568,S010,P0027,W007,2025-11-21,212,2025-12-02,2025-12-02
PO007569,S002,P0011,W006,2025-01-10,312,2025-01-23,2025-01-23
PO007570,S011,P0039,W004,2025-12-21,723,2025-12-26,2025-12-26
PO007571,S010,P0019,W008,2025-10-15,916,2025-10-26,2025-10-27
PO007572,S019,P0089,W003,2025-04-22,930,2025-04-28,2025-04-28
PO007573,S025,P0007,W002,2025-01-24,800,2025-02-05,2025-02-05
PO007574,S025,P0095,W008,2025-10-18,432,2025-10-30,2025-10-31
PO007575,S014,P0057,W007,2025-12-05,458,2025-12-14,2025-12-14
PO007576,S011,P0002,W008,2025-11-22,320,2025-11-27,2025-11-27
PO007577,S009,P0038,W007,2025-06-17,279,2025-06-23,2025-06-24
PO007578,S007,P0005,W005,2025-04-19,211,2025-05-03,2025-05-03
PO007579,S015,P0078,W001,2025-07-09,290,2025-07-16,2025-07-16
PO007580,S020,P0082,W003,2025-12-21,635,2026-01-01,2026-01-02
PO007581,S017,P0036,W001,2025-07-15,451,2025-07-24,2025-07-24
PO007582,S003,P0068,W005,2025-02-02,735,2025-02-14,2025-02-14
PO007583,S015,P0088,W002,2025-07-24,715,2025-07-31,2025-07-31
PO007584,S014,P0077,W001,2025-11-08,236,2025-11-17,2025-11-17
PO007585,S008,P0085,W006,2025-07-01,110,2025-07-10,2025-07-15
PO007586,S004,P0057,W001,2025-05-27,217,2025-06-10,2025-06-11
PO007587,S010,P0097,W001,2025-09-25,418,2025-10-06,2025-10-06
PO007588,S002,P0020,W008,2025-01-11,58,2025-01-24,2025-01-24
PO007589,S014,P0005,W007,2025-03-11,728,2025-03-20,2025-03-23
PO007590,S008,P0024,W005,2025-09-13,490,2025-09-22,2025-09-25
PO007591,S023,P0099,W007,2025-08-07,98,2025-08-19,2025-08-19
PO007592,S010,P0030,W003,2025-10-24,748,2025-11-04,2025-11-04
PO007593,S025,P0028,W008,2025-12-28,847,2026-01-09,2026-01-10
PO007594,S018,P0053,W007,2025-09-16,113,2025-09-20,2025-09-21
PO007595,S015,P0051,W003,2025-01-03,703,2025-01-10,2025-01-10
PO007596,S005,P0007,W005,2025-03-25,62,2025-04-08,2025-04-09
PO007597,S022,P0042,W008,2025-06-05,151,2025-06-09,2025-06-09
PO007598,S013,P0035,W007,2025-05-31,96,2025-06-05,2025-06-05
PO007599,S018,P0094,W001,2025-06-25,965,2025-06-29,2025-06-29
PO007600,S002,P0034,W008,2025-07-14,251,2025-07-27,2025-07-27
PO007601,S013,P0073,W001,2025-04-17,58,2025-04-22,2025-04-24
PO007602,S014,P0076,W004,2025-05-14,585,2025-05-23,2025-05-23
PO007603,S010,P0054,W008,2025-10-03,170,2025-10-14,2025-10-14
PO007604,S004,P0029,W006,2025-12-18,719,2026-01-01,2026-01-04
PO007605,S015,P0010,W002,2025-06-04,995,2025-06-11,2025-06-11
PO007606,S008,P0027,W002,2025-10-04,438,2025-10-13,2025-10-15
PO007607,S015,P0083,W003,2025-08-24,841,2025-08-31,2025-09-02
PO007608,S014,P0013,W005,2025-08-28,205,2025-09-06,2025-09-06
PO007609,S021,P0042,W008,2025-01-13,337,2025-01-27,2025-01-27
PO007610,S009,P0037,W001,2025-12-08,483,2025-12-14,2025-12-17
PO007611,S020,P0061,W007,2025-02-04,451,2025-02-15,2025-02-15
PO007612,S003,P0096,W006,2025-02-16,154,2025-02-28,2025-02-28
PO007613,S015,P0079,W002,2025-08-02,522,2025-08-09,2025-08-12
PO007614,S024,P0021,W005,2025-05-26,704,2025-06-06,2025-06-06
PO007615,S017,P0003,W005,2025-06-08,288,2025-06-17,2025-06-17
PO007616,S025,P0008,W008,2025-05-05,456,2025-05-17,2025-05-17
PO007617,S016,P0070,W001,2025-04-20,646,2025-05-01,2025-05-02
PO007618,S004,P0093,W008,2025-02-06,517,2025-02-20,2025-02-20
PO007619,S011,P0083,W008,2025-10-04,752,2025-10-09,2025-10-09
PO007620,S025,P0017,W006,2025-01-14,570,2025-01-26,2025-01-26
PO007621,S008,P0010,W005,2025-12-13,359,2025-12-22,2025-12-22
PO007622,S003,P0097,W002,2025-08-20,261,2025-09-01,2025-09-04
PO007623,S019,P0013,W004,2025-11-12,240,2025-11-18,2025-11-18
PO007624,S014,P0091,W002,2025-05-04,677,2025-05-13,2025-05-13
PO007625,S009,P0012,W006,2025-10-06,937,2025-10-12,2025-10-12
PO007626,S003,P0066,W004,2025-04-21,695,2025-05-03,2025-05-06
PO007627,S004,P0074,W007,2025-05-04,380,2025-05-18,2025-05-18
PO007628,S025,P0085,W007,2025-01-30,968,2025-02-11,2025-02-11
PO007629,S004,P0023,W005,2025-04-25,899,2025-05-09,2025-05-14
PO007630,S011,P0065,W002,2025-03-31,859,2025-04-05,2025-04-07
PO007631,S019,P0097,W001,2025-07-31,790,2025-08-06,2025-08-06
PO007632,S016,P0052,W006,2025-02-07,209,2025-02-18,2025-02-19
PO007633,S023,P0061,W005,2025-03-24,432,2025-04-05,2025-04-10
PO007634,S022,P0026,W001,2025-01-27,348,2025-01-31,2025-02-02
PO007635,S017,P0015,W004,2025-08-05,795,2025-08-14,2025-08-14
PO007636,S010,P0022,W007,2025-12-26,241,2026-01-06,2026-01-07
PO007637,S024,P0089,W003,2025-08-03,863,2025-08-14,2025-08-14
PO007638,S017,P0065,W003,2025-08-09,705,2025-08-18,2025-08-18
PO007639,S016,P0026,W004,2025-01-15,111,2025-01-26,2025-01-26
PO007640,S020,P0021,W003,2025-09-16,459,2025-09-27,2025-09-27
PO007641,S022,P0024,W008,2025-09-23,125,2025-09-27,2025-09-28
PO007642,S006,P0016,W006,2025-04-30,264,2025-05-05,2025-05-05
PO007643,S007,P0032,W008,2025-05-08,324,2025-05-22,2025-05-22
PO007644,S014,P0016,W005,2025-07-30,574,2025-08-08,2025-08-08
PO007645,S011,P0077,W005,2025-01-11,925,2025-01-16,2025-01-16
PO007646,S012,P0042,W006,2025-06-25,928,2025-07-02,2025-07-02
PO007647,S014,P0032,W002,2025-05-13,972,2025-05-22,2025-05-27
PO007648,S005,P0050,W005,2025-11-21,789,2025-12-05,2025-12-06
PO007649,S005,P0041,W007,2025-11-16,852,2025-11-30,2025-11-30
PO007650,S020,P0024,W003,2025-01-14,617,2025-01-25,2025-01-25
PO007651,S022,P0013,W007,2025-02-19,116,2025-02-23,2025-02-23
PO007652,S023,P0075,W006,2025-03-13,995,2025-03-25,2025-03-26
PO007653,S015,P0079,W001,2025-03-10,957,2025-03-17,2025-03-17
PO007654,S001,P0010,W008,2025-01-16,973,2025-01-29,2025-01-29
PO007655,S025,P0042,W002,2025-11-30,496,2025-12-12,2025-12-12
PO007656,S024,P0041,W001,2025-12-23,285,2026-01-03,2026-01-03
PO007657,S023,P0003,W007,2025-02-25,594,2025-03-09,2025-03-09
PO007658,S009,P0055,W003,2025-04-15,122,2025-04-21,2025-04-23
PO007659,S003,P0016,W007,2025-05-12,273,2025-05-24,2025-05-27
PO007660,S004,P0044,W001,2025-02-17,474,2025-03-03,2025-03-03
PO007661,S016,P0081,W003,2025-09-05,848,2025-09-16,2025-09-18
PO007662,S007,P0089,W005,2025-09-30,532,2025-10-14,2025-10-21
PO007663,S022,P0030,W002,2025-04-21,685,2025-04-25,2025-04-26
PO007664,S014,P0099,W004,2025-11-22,512,2025-12-01,2025-12-02
PO007665,S016,P0037,W003,2025-12-02,280,2025-12-13,2025-12-18
PO007666,S018,P0060,W006,2025-12-15,54,2025-12-19,2025-12-19
PO007667,S016,P0077,W006,2025-02-07,400,2025-02-18,2025-02-18
PO007668,S016,P0024,W005,2025-12-23,416,2026-01-03,2026-01-10
PO007669,S002,P0026,W006,2025-08-28,46,2025-09-10,2025-09-10
PO007670,S010,P0058,W001,2025-11-14,927,2025-11-25,2025-11-27
PO007671,S007,P0009,W005,2025-05-01,881,2025-05-15,2025-05-17
PO007672,S025,P0061,W006,2025-02-17,325,2025-03-01,2025-03-01
PO007673,S015,P0019,W001,2025-01-10,755,2025-01-17,2025-01-17
PO007674,S009,P0028,W001,2025-08-21,718,2025-08-27,2025-08-27
PO007675,S007,P0007,W001,2025-02-05,690,2025-02-19,2025-02-19
PO007676,S024,P0045,W006,2025-01-04,600,2025-01-15,2025-01-15
PO007677,S016,P0086,W008,2025-02-13,184,2025-02-24,2025-02-24
PO007678,S003,P0094,W001,2025-02-25,277,2025-03-09,2025-03-09
PO007679,S017,P0063,W007,2025-02-11,121,2025-02-20,2025-02-20
PO007680,S023,P0037,W002,2025-09-12,474,2025-09-24,2025-09-24
PO007681,S008,P0016,W006,2025-08-16,212,2025-08-25,2025-08-26
PO007682,S002,P0100,W001,2025-04-24,790,2025-05-07,2025-05-10
PO007683,S025,P0005,W002,2025-08-25,935,2025-09-06,2025-09-06
PO007684,S020,P0029,W007,2025-06-23,917,2025-07-04,2025-07-04
PO007685,S025,P0052,W004,2025-09-12,829,2025-09-24,2025-10-01
PO007686,S003,P0023,W002,2025-10-04,318,2025-10-16,2025-10-16
PO007687,S008,P0006,W006,2025-12-01,40,2025-12-10,2025-12-10
PO007688,S002,P0036,W006,2025-03-10,64,2025-03-23,2025-03-23
PO007689,S019,P0057,W001,2025-11-22,499,2025-11-28,2025-11-28
PO007690,S017,P0033,W007,2025-08-18,515,2025-08-27,2025-08-27
PO007691,S005,P0049,W008,2025-03-08,807,2025-03-22,2025-03-22
PO007692,S020,P0041,W007,2025-10-31,702,2025-11-11,2025-11-11
PO007693,S017,P0080,W007,2025-02-05,709,2025-02-14,2025-02-14
PO007694,S010,P0055,W006,2025-06-08,242,2025-06-19,2025-06-19
PO007695,S009,P0098,W004,2025-05-29,318,2025-06-04,2025-06-04
PO007696,S022,P0026,W007,2025-01-27,500,2025-01-31,2025-01-31
PO007697,S006,P0037,W008,2025-03-13,43,2025-03-18,2025-03-18
PO007698,S011,P0077,W005,2025-09-05,357,2025-09-10,2025-09-12
PO007699,S002,P0017,W002,2025-04-11,103,2025-04-24,2025-04-24
PO007700,S023,P0096,W005,2025-07-09,79,2025-07-21,2025-07-21
PO007701,S012,P0032,W004,2025-04-06,307,2025-04-13,2025-04-13
PO007702,S012,P0028,W002,2025-10-09,653,2025-10-16,2025-10-18
PO007703,S016,P0093,W001,2025-11-18,536,2025-11-29,2025-11-30
PO007704,S025,P0025,W002,2025-10-05,917,2025-10-17,2025-10-17
PO007705,S022,P0047,W001,2025-01-17,173,2025-01-21,2025-01-21
PO007706,S024,P0022,W003,2025-09-20,300,2025-10-01,2025-10-01
PO007707,S012,P0091,W002,2025-04-17,453,2025-04-24,2025-04-24
PO007708,S021,P0061,W008,2025-03-09,361,2025-03-23,2025-03-26
PO007709,S018,P0044,W002,2025-05-08,954,2025-05-12,2025-05-12
PO007710,S013,P0020,W008,2025-10-20,105,2025-10-25,2025-10-25
PO007711,S015,P0050,W005,2025-10-21,606,2025-10-28,2025-10-28
PO007712,S016,P0088,W005,2025-04-06,798,2025-04-17,2025-04-17
PO007713,S004,P0047,W004,2025-01-01,210,2025-01-15,2025-01-16
PO007714,S012,P0047,W001,2025-10-25,271,2025-11-01,2025-11-01
PO007715,S017,P0072,W006,2025-06-29,87,2025-07-08,2025-07-08
PO007716,S001,P0051,W005,2025-06-30,884,2025-07-13,2025-07-14
PO007717,S022,P0055,W008,2025-08-23,165,2025-08-27,2025-08-27
PO007718,S018,P0078,W008,2025-11-15,895,2025-11-19,2025-11-20
PO007719,S022,P0039,W007,2025-12-03,653,2025-12-07,2025-12-07
PO007720,S016,P0014,W004,2025-01-08,943,2025-01-19,2025-01-19
PO007721,S001,P0069,W001,2025-01-27,573,2025-02-09,2025-02-12
PO007722,S010,P0047,W008,2025-11-04,847,2025-11-15,2025-11-16
PO007723,S019,P0021,W001,2025-05-26,681,2025-06-01,2025-06-01
PO007724,S016,P0015,W001,2025-04-01,955,2025-04-12,2025-04-14
PO007725,S014,P0100,W003,2025-12-08,593,2025-12-17,2025-12-18
PO007726,S025,P0097,W001,2025-09-29,274,2025-10-11,2025-10-13
PO007727,S002,P0081,W008,2025-11-18,150,2025-12-01,2025-12-01
PO007728,S024,P0084,W008,2025-01-05,858,2025-01-16,2025-01-16
PO007729,S006,P0001,W004,2025-03-23,978,2025-03-28,2025-03-28
PO007730,S022,P0080,W001,2025-08-07,396,2025-08-11,2025-08-12
PO007731,S023,P0082,W008,2025-04-28,551,2025-05-10,2025-05-10
PO007732,S005,P0010,W006,2025-03-22,218,2025-04-05,2025-04-07
PO007733,S012,P0023,W006,2025-03-11,858,2025-03-18,2025-03-18
PO007734,S004,P0018,W008,2025-04-25,240,2025-05-09,2025-05-09
PO007735,S022,P0058,W001,2025-09-20,429,2025-09-24,2025-09-24
PO007736,S024,P0073,W004,2025-11-02,956,2025-11-13,2025-11-13
PO007737,S004,P0094,W002,2025-05-22,662,2025-06-05,2025-06-06
PO007738,S005,P0077,W001,2025-07-26,190,2025-08-09,2025-08-09
PO007739,S007,P0052,W004,2025-04-21,164,2025-05-05,2025-05-05
PO007740,S006,P0095,W005,2025-10-30,507,2025-11-04,2025-11-04
PO007741,S013,P0046,W004,2025-04-22,871,2025-04-27,2025-04-30
PO007742,S004,P0013,W003,2025-02-12,373,2025-02-26,2025-03-01
PO007743,S013,P0096,W005,2025-12-13,200,2025-12-18,2025-12-18
PO007744,S004,P0017,W006,2025-10-12,967,2025-10-26,2025-10-26
PO007745,S010,P0067,W006,2025-05-08,180,2025-05-19,2025-05-19
PO007746,S020,P0061,W002,2025-07-04,483,2025-07-15,2025-07-20
PO007747,S001,P0065,W002,2025-08-17,79,2025-08-30,2025-08-30
PO007748,S021,P0053,W004,2025-08-09,234,2025-08-23,2025-08-23
PO007749,S008,P0005,W004,2025-12-18,599,2025-12-27,2025-12-27
PO007750,S007,P0032,W001,2025-04-27,971,2025-05-11,2025-05-12
PO007751,S005,P0089,W007,2025-03-11,892,2025-03-25,2025-03-28
PO007752,S003,P0045,W007,2025-03-11,211,2025-03-23,2025-03-23
PO007753,S015,P0056,W001,2025-04-20,507,2025-04-27,2025-04-27
PO007754,S017,P0005,W006,2025-05-12,244,2025-05-21,2025-05-21
PO007755,S023,P0087,W003,2025-02-25,411,2025-03-09,2025-03-09
PO007756,S013,P0076,W007,2025-03-30,728,2025-04-04,2025-04-04
PO007757,S015,P0034,W001,2025-05-17,180,2025-05-24,2025-05-27
PO007758,S019,P0061,W006,2025-05-11,780,2025-05-17,2025-05-20
PO007759,S020,P0087,W004,2025-08-06,940,2025-08-17,2025-08-24
PO007760,S014,P0080,W008,2025-06-25,474,2025-07-04,2025-07-04
PO007761,S021,P0062,W007,2025-06-20,130,2025-07-04,2025-07-04
PO007762,S013,P0069,W004,2025-04-10,922,2025-04-15,2025-04-17
PO007763,S012,P0063,W001,2025-05-09,78,2025-05-16,2025-05-16
PO007764,S024,P0044,W007,2025-02-26,564,2025-03-09,2025-03-09
PO007765,S023,P0028,W003,2025-06-30,572,2025-07-12,2025-07-12
PO007766,S009,P0070,W006,2025-09-03,692,2025-09-09,2025-09-14
PO007767,S003,P0013,W004,2025-05-24,48,2025-06-05,2025-06-06
PO007768,S011,P0043,W006,2025-02-20,786,2025-02-25,2025-02-25
PO007769,S010,P0030,W003,2025-08-06,954,2025-08-17,2025-08-17
PO007770,S001,P0026,W004,2025-04-14,204,2025-04-27,2025-04-30
PO007771,S017,P0081,W006,2025-02-24,892,2025-03-05,2025-03-07
PO007772,S013,P0063,W008,2025-09-14,243,2025-09-19,2025-09-20
PO007773,S014,P0073,W003,2025-12-12,376,2025-12-21,2025-12-21
PO007774,S001,P0057,W003,2025-06-05,511,2025-06-18,2025-06-18
PO007775,S002,P0064,W003,2025-02-22,752,2025-03-07,2025-03-07
PO007776,S002,P0080,W001,2025-11-25,851,2025-12-08,2025-12-13
PO007777,S007,P0049,W002,2025-07-06,617,2025-07-20,2025-07-20
PO007778,S009,P0052,W006,2025-12-30,597,2026-01-05,2026-01-05
PO007779,S024,P0063,W003,2025-05-30,133,2025-06-10,2025-06-10
PO007780,S004,P0082,W006,2025-09-21,397,2025-10-05,2025-10-05
PO007781,S002,P0013,W003,2025-09-07,796,2025-09-20,2025-09-20
PO007782,S019,P0093,W006,2025-10-25,304,2025-10-31,2025-11-03
PO007783,S005,P0088,W004,2025-07-30,116,2025-08-13,2025-08-13
PO007784,S009,P0045,W006,2025-01-25,861,2025-01-31,2025-01-31
PO007785,S024,P0046,W007,2025-10-21,143,2025-11-01,2025-11-01
PO007786,S013,P0077,W002,2025-12-07,175,2025-12-12,2025-12-15
PO007787,S012,P0089,W004,2025-06-01,129,2025-06-08,2025-06-10
PO007788,S019,P0041,W008,2025-01-24,72,2025-01-30,2025-01-30
PO007789,S009,P0046,W004,2025-09-09,193,2025-09-15,2025-09-15
PO007790,S010,P0001,W003,2025-03-01,698,2025-03-12,2025-03-12
PO007791,S019,P0073,W005,2025-03-07,607,2025-03-13,2025-03-13
PO007792,S010,P0068,W007,2025-02-22,333,2025-03-05,2025-03-05
PO007793,S012,P0092,W008,2025-04-16,745,2025-04-23,2025-04-25
PO007794,S014,P0012,W002,2025-04-06,713,2025-04-15,2025-04-15
PO007795,S008,P0088,W004,2025-06-25,409,2025-07-04,2025-07-11
PO007796,S016,P0073,W005,2025-02-08,64,2025-02-19,2025-02-19
PO007797,S017,P0035,W005,2025-06-17,955,2025-06-26,2025-06-26
PO007798,S020,P0099,W004,2025-02-11,682,2025-02-22,2025-02-22
PO007799,S004,P0033,W003,2025-04-14,136,2025-04-28,2025-04-28
PO007800,S006,P0058,W001,2025-11-29,141,2025-12-04,2025-12-04
PO007801,S012,P0035,W004,2025-07-23,501,2025-07-30,2025-07-31
PO007802,S018,P0046,W003,2025-01-08,189,2025-01-12,2025-01-12
PO007803,S007,P0084,W002,2025-10-09,697,2025-10-23,2025-10-23
PO007804,S005,P0066,W003,2025-02-12,419,2025-02-26,2025-03-01
PO007805,S010,P0044,W005,2025-04-20,861,2025-05-01,2025-05-06
PO007806,S006,P0026,W007,2025-07-29,962,2025-08-03,2025-08-03
PO007807,S014,P0042,W007,2025-08-25,680,2025-09-03,2025-09-05
PO007808,S006,P0077,W002,2025-12-22,519,2025-12-27,2025-12-27
PO007809,S014,P0030,W008,2025-11-15,93,2025-11-24,2025-11-24
PO007810,S012,P0032,W007,2025-02-18,990,2025-02-25,2025-02-25
PO007811,S022,P0036,W002,2025-04-25,168,2025-04-29,2025-05-06
PO007812,S012,P0019,W001,2025-06-04,556,2025-06-11,2025-06-11
PO007813,S008,P0022,W008,2025-05-17,911,2025-05-26,2025-05-26
PO007814,S010,P0065,W001,2025-06-16,80,2025-06-27,2025-06-27
PO007815,S016,P0057,W004,2025-11-17,885,2025-11-28,2025-11-28
PO007816,S020,P0011,W007,2025-07-18,73,2025-07-29,2025-07-29
PO007817,S008,P0026,W003,2025-03-12,242,2025-03-21,2025-03-21
PO007818,S009,P0048,W004,2025-01-07,750,2025-01-13,2025-01-13
PO007819,S013,P0019,W001,2025-07-19,492,2025-07-24,2025-07-24
PO007820,S020,P0083,W005,2025-12-02,335,2025-12-13,2025-12-13
PO007821,S017,P0012,W001,2025-03-08,189,2025-03-17,2025-03-17
PO007822,S019,P0067,W003,2025-05-18,720,2025-05-24,2025-05-25
PO007823,S017,P0056,W008,2025-08-30,51,2025-09-08,2025-09-08
PO007824,S007,P0018,W008,2025-08-01,72,2025-08-15,2025-08-16
PO007825,S001,P0005,W005,2025-06-30,959,2025-07-13,2025-07-13
PO007826,S020,P0024,W007,2025-09-11,158,2025-09-22,2025-09-22
PO007827,S014,P0078,W004,2025-04-11,393,2025-04-20,2025-04-23
PO007828,S017,P0038,W004,2025-12-17,66,2025-12-26,2025-12-26
PO007829,S013,P0067,W001,2025-03-28,109,2025-04-02,2025-04-02
PO007830,S002,P0070,W001,2025-07-04,847,2025-07-17,2025-07-22
PO007831,S014,P0076,W008,2025-04-01,55,2025-04-10,2025-04-10
PO007832,S001,P0052,W007,2025-09-05,975,2025-09-18,2025-09-18
PO007833,S005,P0075,W006,2025-08-02,948,2025-08-16,2025-08-21
PO007834,S007,P0039,W008,2025-12-25,244,2026-01-08,2026-01-08
PO007835,S019,P0059,W004,2025-09-06,573,2025-09-12,2025-09-13
PO007836,S014,P0026,W007,2025-05-06,759,2025-05-15,2025-05-15
PO007837,S024,P0065,W004,2025-01-04,288,2025-01-15,2025-01-15
PO007838,S014,P0080,W002,2025-03-29,929,2025-04-07,2025-04-07
PO007839,S015,P0048,W003,2025-05-31,205,2025-06-07,2025-06-07
PO007840,S005,P0053,W002,2025-06-25,390,2025-07-09,2025-07-11
PO007841,S005,P0009,W002,2025-07-30,888,2025-08-13,2025-08-18
PO007842,S021,P0005,W004,2025-09-16,254,2025-09-30,2025-09-30
PO007843,S024,P0072,W006,2025-04-01,141,2025-04-12,2025-04-14
PO007844,S002,P0061,W008,2025-09-16,443,2025-09-29,2025-09-29
PO007845,S018,P0021,W008,2025-07-10,852,2025-07-14,2025-07-14
PO007846,S024,P0097,W007,2025-03-22,408,2025-04-02,2025-04-07
PO007847,S009,P0063,W007,2025-05-18,945,2025-05-24,2025-05-24
PO007848,S010,P0020,W003,2025-12-16,136,2025-12-27,2025-12-27
PO007849,S018,P0058,W004,2025-05-06,485,2025-05-10,2025-05-10
PO007850,S004,P0045,W002,2025-12-22,448,2026-01-05,2026-01-05
PO007851,S008,P0022,W002,2025-11-05,888,2025-11-14,2025-11-14
PO007852,S018,P0077,W007,2025-12-09,461,2025-12-13,2025-12-13
PO007853,S020,P0075,W007,2025-08-18,58,2025-08-29,2025-09-01
PO007854,S017,P0082,W004,2025-12-11,927,2025-12-20,2025-12-20
PO007855,S016,P0063,W001,2025-11-06,181,2025-11-17,2025-11-17
PO007856,S018,P0030,W001,2025-01-20,640,2025-01-24,2025-01-24
PO007857,S007,P0063,W004,2025-02-18,545,2025-03-04,2025-03-04
PO007858,S001,P0097,W005,2025-05-15,185,2025-05-28,2025-06-02
PO007859,S001,P0044,W005,2025-01-29,931,2025-02-11,2025-02-16
PO007860,S018,P0067,W001,2025-02-17,893,2025-02-21,2025-02-22
PO007861,S004,P0058,W003,2025-09-26,464,2025-10-10,2025-10-10
PO007862,S023,P0065,W006,2025-01-03,462,2025-01-15,2025-01-18
PO007863,S020,P0036,W002,2025-09-15,350,2025-09-26,2025-09-26
PO007864,S021,P0006,W007,2025-01-16,354,2025-01-30,2025-01-30
PO007865,S020,P0037,W003,2025-04-04,131,2025-04-15,2025-04-15
PO007866,S004,P0093,W007,2025-12-24,765,2026-01-07,2026-01-10
PO007867,S025,P0075,W001,2025-05-14,733,2025-05-26,2025-05-26
PO007868,S006,P0055,W008,2025-10-28,854,2025-11-02,2025-11-02
PO007869,S003,P0077,W004,2025-11-23,158,2025-12-05,2025-12-05
PO007870,S006,P0075,W005,2025-05-13,798,2025-05-18,2025-05-18
PO007871,S013,P0059,W001,2025-11-08,803,2025-11-13,2025-11-16
PO007872,S023,P0038,W003,2025-02-01,185,2025-02-13,2025-02-13
PO007873,S007,P0025,W003,2025-11-01,433,2025-11-15,2025-11-15
PO007874,S024,P0079,W006,2025-09-26,188,2025-10-07,2025-10-07
PO007875,S004,P0077,W007,2025-01-25,788,2025-02-08,2025-02-10
PO007876,S001,P0033,W001,2025-11-12,143,2025-11-25,2025-11-25
PO007877,S006,P0013,W002,2025-02-28,569,2025-03-05,2025-03-05
PO007878,S024,P0038,W003,2025-08-01,901,2025-08-12,2025-08-12
PO007879,S005,P0058,W002,2025-06-05,780,2025-06-19,2025-06-19
PO007880,S013,P0088,W002,2025-11-10,768,2025-11-15,2025-11-18
PO007881,S019,P0020,W007,2025-10-03,117,2025-10-09,2025-10-14
PO007882,S004,P0017,W004,2025-07-29,79,2025-08-12,2025-08-12
PO007883,S024,P0024,W001,2025-02-26,38,2025-03-09,2025-03-09
PO007884,S006,P0026,W001,2025-07-04,143,2025-07-09,2025-07-10
PO007885,S013,P0040,W002,2025-02-23,245,2025-02-28,2025-02-28
PO007886,S005,P0032,W004,2025-07-28,974,2025-08-11,2025-08-11
PO007887,S013,P0093,W008,2025-12-08,631,2025-12-13,2025-12-13
PO007888,S025,P0078,W003,2025-10-20,343,2025-11-01,2025-11-04
PO007889,S010,P0037,W003,2025-12-06,925,2025-12-17,2025-12-19
PO007890,S003,P0086,W001,2025-10-31,36,2025-11-12,2025-11-14
PO007891,S023,P0098,W007,2025-09-09,779,2025-09-21,2025-09-21
PO007892,S025,P0091,W007,2025-10-31,99,2025-11-12,2025-11-14
PO007893,S013,P0092,W002,2025-04-22,616,2025-04-27,2025-04-27
PO007894,S012,P0086,W004,2025-01-06,879,2025-01-13,2025-01-13
PO007895,S004,P0060,W004,2025-07-10,475,2025-07-24,2025-07-27
PO007896,S010,P0057,W003,2025-11-30,560,2025-12-11,2025-12-18
PO007897,S003,P0058,W003,2025-10-06,665,2025-10-18,2025-10-21
PO007898,S017,P0067,W007,2025-12-06,725,2025-12-15,2025-12-17
PO007899,S009,P0022,W005,2025-01-13,650,2025-01-19,2025-01-20
PO007900,S001,P0058,W005,2025-10-30,397,2025-11-12,2025-11-13
PO007901,S018,P0085,W002,2025-02-13,898,2025-02-17,2025-02-20
PO007902,S009,P0080,W005,2025-04-15,210,2025-04-21,2025-04-21
PO007903,S021,P0073,W004,2025-06-09,946,2025-06-23,2025-06-23
PO007904,S020,P0077,W005,2025-06-03,684,2025-06-14,2025-06-16
PO007905,S025,P0074,W008,2025-08-30,874,2025-09-11,2025-09-16
PO007906,S009,P0049,W001,2025-06-30,510,2025-07-06,2025-07-06
PO007907,S002,P0085,W001,2025-01-14,424,2025-01-27,2025-01-29
PO007908,S019,P0049,W006,2025-06-29,291,2025-07-05,2025-07-05
PO007909,S016,P0042,W003,2025-10-19,663,2025-10-30,2025-11-04
PO007910,S003,P0040,W003,2025-09-21,894,2025-10-03,2025-10-04
PO007911,S016,P0071,W007,2025-06-17,449,2025-06-28,2025-06-28
PO007912,S021,P0046,W002,2025-08-02,539,2025-08-16,2025-08-18
PO007913,S013,P0022,W008,2025-05-30,665,2025-06-04,2025-06-06
PO007914,S003,P0082,W001,2025-01-16,912,2025-01-28,2025-01-31
PO007915,S010,P0021,W006,2025-04-01,403,2025-04-12,2025-04-17
PO007916,S022,P0051,W008,2025-04-30,840,2025-05-04,2025-05-04
PO007917,S018,P0014,W002,2025-09-10,906,2025-09-14,2025-09-14
PO007918,S006,P0074,W002,2025-03-01,211,2025-03-06,2025-03-08
PO007919,S006,P0097,W008,2025-09-23,622,2025-09-28,2025-10-03
PO007920,S018,P0009,W007,2025-01-31,454,2025-02-04,2025-02-04
PO007921,S006,P0018,W005,2025-01-21,780,2025-01-26,2025-01-26
PO007922,S006,P0013,W003,2025-08-07,783,2025-08-12,2025-08-12
PO007923,S022,P0017,W002,2025-03-22,82,2025-03-26,2025-03-26
PO007924,S013,P0087,W008,2025-10-16,235,2025-10-21,2025-10-23
PO007925,S014,P0025,W002,2025-01-31,153,2025-02-09,2025-02-09
PO007926,S021,P0054,W003,2025-08-22,977,2025-09-05,2025-09-05
PO007927,S007,P0016,W007,2025-02-05,638,2025-02-19,2025-02-22
PO007928,S013,P0024,W003,2025-05-12,180,2025-05-17,2025-05-17
PO007929,S015,P0095,W001,2025-11-20,277,2025-11-27,2025-11-29
PO007930,S012,P0075,W003,2025-12-12,444,2025-12-19,2025-12-19
PO007931,S021,P0023,W005,2025-05-12,547,2025-05-26,2025-05-27
PO007932,S001,P0041,W001,2025-01-09,377,2025-01-22,2025-01-22
PO007933,S025,P0086,W007,2025-01-30,394,2025-02-11,2025-02-11
PO007934,S003,P0033,W008,2025-04-25,590,2025-05-07,2025-05-07
PO007935,S018,P0042,W006,2025-10-28,28,2025-11-01,2025-11-04
PO007936,S022,P0048,W002,2025-01-04,216,2025-01-08,2025-01-08
PO007937,S008,P0018,W005,2025-11-21,136,2025-11-30,2025-11-30
PO007938,S002,P0063,W005,2025-08-25,29,2025-09-07,2025-09-09
PO007939,S004,P0078,W001,2025-01-23,881,2025-02-06,2025-02-06
PO007940,S018,P0092,W002,2025-01-16,538,2025-01-20,2025-01-25
PO007941,S025,P0011,W001,2025-01-22,368,2025-02-03,2025-02-03
PO007942,S013,P0024,W004,2025-03-13,725,2025-03-18,2025-03-18
PO007943,S015,P0061,W004,2025-10-31,423,2025-11-07,2025-11-07
PO007944,S002,P0064,W001,2025-08-18,654,2025-08-31,2025-08-31
PO007945,S010,P0036,W002,2025-04-17,594,2025-04-28,2025-04-28
PO007946,S002,P0083,W007,2025-07-27,23,2025-08-09,2025-08-09
PO007947,S021,P0077,W002,2025-07-27,815,2025-08-10,2025-08-10
PO007948,S012,P0097,W003,2025-09-20,347,2025-09-27,2025-09-30
PO007949,S005,P0053,W007,2025-02-20,781,2025-03-06,2025-03-08
PO007950,S012,P0083,W005,2025-03-06,531,2025-03-13,2025-03-13
PO007951,S023,P0047,W008,2025-09-22,950,2025-10-04,2025-10-04
PO007952,S001,P0052,W001,2025-12-04,149,2025-12-17,2025-12-18
PO007953,S002,P0096,W007,2025-10-28,956,2025-11-10,2025-11-10
PO007954,S016,P0079,W005,2025-06-24,943,2025-07-05,2025-07-10
PO007955,S022,P0057,W007,2025-06-01,606,2025-06-05,2025-06-05
PO007956,S002,P0075,W005,2025-09-23,503,2025-10-06,2025-10-07
PO007957,S016,P0023,W004,2025-11-25,860,2025-12-06,2025-12-06
PO007958,S020,P0059,W004,2025-10-31,377,2025-11-11,2025-11-11
PO007959,S016,P0069,W006,2025-06-12,404,2025-06-23,2025-06-26
PO007960,S006,P0056,W007,2025-12-09,273,2025-12-14,2025-12-14
PO007961,S013,P0086,W007,2025-08-26,942,2025-08-31,2025-09-01
PO007962,S012,P0042,W001,2025-07-18,854,2025-07-25,2025-07-25
PO007963,S023,P0018,W006,2025-01-16,186,2025-01-28,2025-01-28
PO007964,S010,P0071,W008,2025-11-05,732,2025-11-16,2025-11-16
PO007965,S005,P0033,W001,2025-10-23,699,2025-11-06,2025-11-09
PO007966,S008,P0003,W002,2025-12-22,815,2025-12-31,2025-12-31
PO007967,S006,P0028,W008,2025-10-03,488,2025-10-08,2025-10-08
PO007968,S005,P0001,W001,2025-08-27,879,2025-09-10,2025-09-10
PO007969,S020,P0063,W008,2025-03-10,512,2025-03-21,2025-03-21
PO007970,S022,P0047,W007,2025-10-28,939,2025-11-01,2025-11-04
PO007971,S006,P0037,W002,2025-01-06,357,2025-01-11,2025-01-11
PO007972,S022,P0086,W008,2025-08-08,70,2025-08-12,2025-08-12
PO007973,S017,P0048,W002,2025-09-11,75,2025-09-20,2025-09-20
PO007974,S006,P0019,W001,2025-10-22,92,2025-10-27,2025-10-27
PO007975,S017,P0014,W002,2025-12-24,813,2026-01-02,2026-01-07
PO007976,S005,P0067,W005,2025-04-17,619,2025-05-01,2025-05-01
PO007977,S023,P0083,W002,2025-10-22,71,2025-11-03,2025-11-03
PO007978,S017,P0097,W005,2025-04-28,144,2025-05-07,2025-05-08
PO007979,S017,P0085,W005,2025-06-17,281,2025-06-26,2025-06-26
PO007980,S013,P0065,W005,2025-09-08,974,2025-09-13,2025-09-14
PO007981,S022,P0026,W008,2025-03-23,904,2025-03-27,2025-03-30
PO007982,S007,P0010,W003,2025-02-23,799,2025-03-09,2025-03-09
PO007983,S022,P0099,W006,2025-08-28,594,2025-09-01,2025-09-01
PO007984,S021,P0077,W007,2025-01-12,567,2025-01-26,2025-01-26
PO007985,S006,P0070,W003,2025-07-28,540,2025-08-02,2025-08-02
PO007986,S014,P0043,W007,2025-06-14,349,2025-06-23,2025-06-23
PO007987,S016,P0070,W007,2025-10-21,342,2025-11-01,2025-11-04
PO007988,S003,P0099,W002,2025-01-07,260,2025-01-19,2025-01-21
PO007989,S009,P0080,W006,2025-03-19,304,2025-03-25,2025-03-25
PO007990,S015,P0072,W007,2025-03-06,858,2025-03-13,2025-03-16
PO007991,S021,P0059,W006,2025-04-12,621,2025-04-26,2025-04-26
PO007992,S018,P0003,W006,2025-12-23,283,2025-12-27,2025-12-28
PO007993,S010,P0005,W001,2025-10-27,318,2025-11-07,2025-11-07
PO007994,S010,P0085,W002,2025-10-14,224,2025-10-25,2025-10-25
PO007995,S023,P0095,W008,2025-06-20,310,2025-07-02,2025-07-04
PO007996,S003,P0078,W003,2025-03-18,230,2025-03-30,2025-03-30
PO007997,S001,P0083,W006,2025-02-17,385,2025-03-02,2025-03-02
PO007998,S003,P0037,W007,2025-09-12,809,2025-09-24,2025-09-24
PO007999,S025,P0084,W006,2025-03-23,483,2025-04-04,2025-04-04
PO008000,S005,P0052,W007,2025-07-28,738,2025-08-11,2025-08-12
PO008001,S007,P0066,W004,2025-07-28,341,2025-08-11,2025-08-13
PO008002,S003,P0063,W006,2025-03-25,377,2025-04-06,2025-04-06
PO008003,S004,P0007,W006,2025-01-10,936,2025-01-24,2025-01-24
PO008004,S017,P0097,W004,2025-01-29,113,2025-02-07,2025-02-07
PO008005,S003,P0053,W002,2025-10-31,730,2025-11-12,2025-11-12
PO008006,S023,P0006,W003,2025-04-26,882,2025-05-08,2025-05-08
PO008007,S004,P0007,W008,2025-09-26,188,2025-10-10,2025-10-11
PO008008,S002,P0044,W005,2025-02-16,316,2025-03-01,2025-03-08
PO008009,S014,P0018,W003,2025-12-25,964,2026-01-03,2026-01-03
PO008010,S005,P0054,W002,2025-04-01,758,2025-04-15,2025-04-15
PO008011,S021,P0029,W003,2025-02-22,535,2025-03-08,2025-03-09
PO008012,S002,P0083,W004,2025-08-06,117,2025-08-19,2025-08-19
PO008013,S015,P0025,W006,2025-12-14,724,2025-12-21,2025-12-21
PO008014,S011,P0063,W006,2025-03-18,797,2025-03-23,2025-03-23
PO008015,S022,P0068,W008,2025-07-23,369,2025-07-27,2025-07-28
PO008016,S010,P0013,W005,2025-02-13,755,2025-02-24,2025-02-24
PO008017,S020,P0032,W002,2025-06-05,598,2025-06-16,2025-06-16
PO008018,S001,P0027,W006,2025-01-02,669,2025-01-15,2025-01-15
PO008019,S019,P0051,W002,2025-12-23,860,2025-12-29,2026-01-01
PO008020,S014,P0034,W001,2025-11-09,420,2025-11-18,2025-11-21
PO008021,S025,P0028,W007,2025-02-26,770,2025-03-10,2025-03-12
PO008022,S023,P0073,W005,2025-10-17,470,2025-10-29,2025-10-30
PO008023,S022,P0072,W007,2025-02-27,494,2025-03-03,2025-03-03
PO008024,S014,P0085,W002,2025-09-11,840,2025-09-20,2025-09-20
PO008025,S001,P0030,W003,2025-06-29,438,2025-07-12,2025-07-12
PO008026,S025,P0093,W003,2025-06-06,23,2025-06-18,2025-06-20
PO008027,S009,P0009,W003,2025-02-04,343,2025-02-10,2025-02-10
PO008028,S017,P0013,W003,2025-03-16,388,2025-03-25,2025-03-27
PO008029,S014,P0082,W002,2025-10-16,883,2025-10-25,2025-10-27
PO008030,S013,P0064,W004,2025-03-16,633,2025-03-21,2025-03-24
PO008031,S013,P0038,W005,2025-11-25,414,2025-11-30,2025-12-02
PO008032,S006,P0022,W003,2025-03-19,575,2025-03-24,2025-03-24
PO008033,S007,P0031,W002,2025-09-12,138,2025-09-26,2025-09-26
PO008034,S002,P0099,W006,2025-09-22,719,2025-10-05,2025-10-05
PO008035,S008,P0042,W006,2025-10-31,762,2025-11-09,2025-11-09
PO008036,S024,P0062,W002,2025-03-08,985,2025-03-19,2025-03-19
PO008037,S006,P0064,W003,2025-08-09,209,2025-08-14,2025-08-14
PO008038,S025,P0074,W001,2025-06-13,641,2025-06-25,2025-06-30
PO008039,S003,P0009,W002,2025-08-08,435,2025-08-20,2025-08-20
PO008040,S018,P0095,W005,2025-06-21,833,2025-06-25,2025-06-26
PO008041,S018,P0044,W005,2025-09-11,810,2025-09-15,2025-09-15
PO008042,S022,P0063,W001,2025-07-29,125,2025-08-02,2025-08-09
PO008043,S023,P0040,W008,2025-07-07,184,2025-07-19,2025-07-19
PO008044,S006,P0088,W006,2025-07-10,657,2025-07-15,2025-07-15
PO008045,S011,P0041,W006,2025-08-03,365,2025-08-08,2025-08-08
PO008046,S003,P0072,W002,2025-03-27,117,2025-04-08,2025-04-10
PO008047,S016,P0050,W001,2025-04-16,505,2025-04-27,2025-04-27
PO008048,S005,P0020,W002,2025-11-28,350,2025-12-12,2025-12-15
PO008049,S024,P0081,W002,2025-10-23,389,2025-11-03,2025-11-04
PO008050,S022,P0092,W001,2025-01-19,461,2025-01-23,2025-01-23
PO008051,S002,P0070,W006,2025-02-16,139,2025-03-01,2025-03-01
PO008052,S015,P0042,W007,2025-03-06,872,2025-03-13,2025-03-15
PO008053,S016,P0033,W004,2025-05-26,318,2025-06-06,2025-06-06
PO008054,S007,P0092,W003,2025-10-13,875,2025-10-27,2025-10-30
PO008055,S016,P0063,W003,2025-03-07,162,2025-03-18,2025-03-18
PO008056,S024,P0057,W003,2025-01-05,726,2025-01-16,2025-01-16
PO008057,S004,P0065,W001,2025-04-03,661,2025-04-17,2025-04-18
PO008058,S016,P0052,W002,2025-12-19,986,2025-12-30,2025-12-31
PO008059,S017,P0099,W007,2025-04-04,920,2025-04-13,2025-04-13
PO008060,S002,P0088,W007,2025-04-16,968,2025-04-29,2025-05-02
PO008061,S016,P0006,W002,2025-05-13,960,2025-05-24,2025-05-26
PO008062,S004,P0007,W005,2025-12-07,635,2025-12-21,2025-12-21
PO008063,S007,P0009,W007,2025-11-10,112,2025-11-24,2025-11-24
PO008064,S018,P0061,W002,2025-03-20,316,2025-03-24,2025-03-24
PO008065,S006,P0080,W006,2025-07-31,466,2025-08-05,2025-08-10
PO008066,S018,P0034,W004,2025-01-08,499,2025-01-12,2025-01-15
PO008067,S007,P0035,W003,2025-06-08,753,2025-06-22,2025-06-22
PO008068,S002,P0099,W007,2025-09-25,731,2025-10-08,2025-10-08
PO008069,S019,P0020,W008,2025-05-29,819,2025-06-04,2025-06-11
PO008070,S009,P0058,W006,2025-12-16,893,2025-12-22,2025-12-22
PO008071,S004,P0087,W006,2025-04-01,277,2025-04-15,2025-04-20
PO008072,S014,P0060,W007,2025-08-24,541,2025-09-02,2025-09-02
PO008073,S005,P0054,W007,2025-10-16,702,2025-10-30,2025-10-30
PO008074,S025,P0035,W004,2025-12-22,394,2026-01-03,2026-01-03
PO008075,S007,P0047,W003,2025-06-17,446,2025-07-01,2025-07-01
PO008076,S008,P0046,W007,2025-07-12,120,2025-07-21,2025-07-24
PO008077,S015,P0087,W001,2025-07-06,641,2025-07-13,2025-07-13
PO008078,S019,P0004,W004,2025-09-28,778,2025-10-04,2025-10-04
PO008079,S011,P0010,W006,2025-04-24,854,2025-04-29,2025-05-04
PO008080,S020,P0075,W007,2025-01-11,263,2025-01-22,2025-01-22
PO008081,S023,P0040,W002,2025-02-24,42,2025-03-08,2025-03-08
PO008082,S004,P0055,W003,2025-09-15,373,2025-09-29,2025-09-29
PO008083,S018,P0073,W005,2025-03-06,485,2025-03-10,2025-03-10
PO008084,S014,P0040,W008,2025-06-21,244,2025-06-30,2025-06-30
PO008085,S006,P0076,W004,2025-09-29,884,2025-10-04,2025-10-04
PO008086,S025,P0081,W006,2025-05-30,463,2025-06-11,2025-06-11
PO008087,S016,P0096,W001,2025-12-28,996,2026-01-08,2026-01-08
PO008088,S018,P0023,W006,2025-05-26,793,2025-05-30,2025-05-30
PO008089,S001,P0015,W005,2025-07-28,288,2025-08-10,2025-08-11
PO008090,S008,P0092,W007,2025-10-13,552,2025-10-22,2025-10-22
PO008091,S001,P0005,W007,2025-01-10,333,2025-01-23,2025-01-23
PO008092,S001,P0040,W001,2025-08-15,139,2025-08-28,2025-08-28
PO008093,S019,P0018,W003,2025-07-05,500,2025-07-11,2025-07-11
PO008094,S021,P0021,W004,2025-03-03,943,2025-03-17,2025-03-17
PO008095,S025,P0079,W001,2025-03-26,139,2025-04-07,2025-04-12
PO008096,S010,P0003,W005,2025-05-14,729,2025-05-25,2025-05-25
PO008097,S018,P0046,W006,2025-11-19,155,2025-11-23,2025-11-23
PO008098,S012,P0090,W005,2025-10-24,96,2025-10-31,2025-11-01
PO008099,S017,P0079,W002,2025-06-20,373,2025-06-29,2025-06-30
PO008100,S001,P0053,W001,2025-08-01,77,2025-08-14,2025-08-21
PO008101,S008,P0020,W008,2025-01-18,955,2025-01-27,2025-01-27
PO008102,S010,P0059,W004,2025-11-10,105,2025-11-21,2025-11-21
PO008103,S010,P0021,W004,2025-03-01,20,2025-03-12,2025-03-12
PO008104,S018,P0090,W006,2025-03-29,96,2025-04-02,2025-04-02
PO008105,S009,P0087,W006,2025-01-27,980,2025-02-02,2025-02-02
PO008106,S025,P0051,W007,2025-03-09,541,2025-03-21,2025-03-24
PO008107,S002,P0025,W006,2025-10-05,463,2025-10-18,2025-10-19
PO008108,S003,P0068,W002,2025-02-09,600,2025-02-21,2025-02-21
PO008109,S002,P0010,W008,2025-04-19,167,2025-05-02,2025-05-02
PO008110,S006,P0086,W005,2025-03-15,593,2025-03-20,2025-03-25
PO008111,S023,P0067,W006,2025-03-07,544,2025-03-19,2025-03-19
PO008112,S012,P0083,W007,2025-06-17,205,2025-06-24,2025-06-29
PO008113,S022,P0095,W001,2025-09-19,696,2025-09-23,2025-09-24
PO008114,S019,P0009,W006,2025-10-01,541,2025-10-07,2025-10-14
PO008115,S015,P0029,W005,2025-12-03,790,2025-12-10,2025-12-13
PO008116,S019,P0037,W001,2025-12-24,181,2025-12-30,2025-12-30
PO008117,S012,P0071,W001,2025-08-25,309,2025-09-01,2025-09-03
PO008118,S018,P0038,W001,2025-08-03,945,2025-08-07,2025-08-07
PO008119,S016,P0088,W005,2025-10-13,440,2025-10-24,2025-10-24
PO008120,S002,P0072,W006,2025-05-29,215,2025-06-11,2025-06-11
PO008121,S011,P0098,W005,2025-11-14,53,2025-11-19,2025-11-19
PO008122,S012,P0059,W005,2025-04-17,691,2025-04-24,2025-04-24
PO008123,S005,P0057,W003,2025-05-21,616,2025-06-04,2025-06-04
PO008124,S024,P0090,W007,2025-03-17,589,2025-03-28,2025-03-28
PO008125,S006,P0060,W005,2025-01-09,892,2025-01-14,2025-01-19
PO008126,S025,P0028,W002,2025-07-15,427,2025-07-27,2025-07-27
PO008127,S011,P0028,W007,2025-10-22,796,2025-10-27,2025-10-27
PO008128,S021,P0046,W003,2025-10-07,316,2025-10-21,2025-10-21
PO008129,S010,P0071,W001,2025-04-28,939,2025-05-09,2025-05-09
PO008130,S004,P0067,W006,2025-10-17,556,2025-10-31,2025-11-01
PO008131,S009,P0086,W004,2025-03-02,55,2025-03-08,2025-03-11
PO008132,S012,P0055,W006,2025-12-01,283,2025-12-08,2025-12-08
PO008133,S010,P0038,W003,2025-11-02,401,2025-11-13,2025-11-13
PO008134,S014,P0018,W007,2025-02-20,133,2025-03-01,2025-03-02
PO008135,S005,P0076,W003,2025-02-21,636,2025-03-07,2025-03-07
PO008136,S001,P0095,W007,2025-05-02,624,2025-05-15,2025-05-15
PO008137,S005,P0063,W007,2025-06-16,620,2025-06-30,2025-07-01
PO008138,S016,P0005,W001,2025-01-08,462,2025-01-19,2025-01-20
PO008139,S005,P0044,W005,2025-02-14,182,2025-02-28,2025-02-28
PO008140,S005,P0029,W005,2025-12-10,57,2025-12-24,2025-12-24
PO008141,S018,P0100,W003,2025-09-02,111,2025-09-06,2025-09-07
PO008142,S006,P0014,W005,2025-10-11,650,2025-10-16,2025-10-16
PO008143,S021,P0058,W003,2025-04-17,742,2025-05-01,2025-05-03
PO008144,S018,P0044,W006,2025-01-27,691,2025-01-31,2025-01-31
PO008145,S010,P0018,W004,2025-07-12,120,2025-07-23,2025-07-23
PO008146,S015,P0007,W006,2025-12-03,900,2025-12-10,2025-12-10
PO008147,S024,P0087,W004,2025-12-23,526,2026-01-03,2026-01-08
PO008148,S022,P0097,W001,2025-03-03,198,2025-03-07,2025-03-09
PO008149,S011,P0062,W008,2025-03-03,303,2025-03-08,2025-03-11
PO008150,S019,P0045,W002,2025-10-09,971,2025-10-15,2025-10-15
PO008151,S025,P0016,W002,2025-05-01,374,2025-05-13,2025-05-15
PO008152,S013,P0064,W008,2025-10-07,923,2025-10-12,2025-10-15
PO008153,S020,P0037,W006,2025-02-08,316,2025-02-19,2025-02-19
PO008154,S003,P0025,W005,2025-10-04,905,2025-10-16,2025-10-23
PO008155,S016,P0009,W002,2025-04-04,554,2025-04-15,2025-04-18
PO008156,S007,P0055,W004,2025-04-25,969,2025-05-09,2025-05-16
PO008157,S012,P0028,W001,2025-06-25,507,2025-07-02,2025-07-05
PO008158,S015,P0009,W004,2025-05-01,298,2025-05-08,2025-05-10
PO008159,S008,P0012,W007,2025-01-13,563,2025-01-22,2025-01-27
PO008160,S023,P0018,W003,2025-06-12,669,2025-06-24,2025-06-24
PO008161,S017,P0091,W005,2025-10-02,612,2025-10-11,2025-10-13
PO008162,S001,P0090,W005,2025-06-25,950,2025-07-08,2025-07-08
PO008163,S021,P0056,W002,2025-12-03,374,2025-12-17,2025-12-18
PO008164,S008,P0090,W008,2025-11-20,338,2025-11-29,2025-12-01
PO008165,S014,P0074,W003,2025-06-22,214,2025-07-01,2025-07-02
PO008166,S010,P0058,W002,2025-10-02,823,2025-10-13,2025-10-16
PO008167,S019,P0081,W007,2025-03-05,112,2025-03-11,2025-03-11
PO008168,S008,P0051,W002,2025-04-11,452,2025-04-20,2025-04-20
PO008169,S019,P0032,W002,2025-11-18,577,2025-11-24,2025-11-24
PO008170,S004,P0088,W003,2025-03-07,46,2025-03-21,2025-03-21
PO008171,S010,P0048,W002,2025-11-27,434,2025-12-08,2025-12-08
PO008172,S023,P0008,W007,2025-02-14,181,2025-02-26,2025-02-26
PO008173,S003,P0030,W005,2025-03-28,863,2025-04-09,2025-04-09
PO008174,S004,P0026,W008,2025-03-08,120,2025-03-22,2025-03-22
PO008175,S016,P0024,W002,2025-09-16,718,2025-09-27,2025-09-27
PO008176,S024,P0027,W003,2025-07-24,969,2025-08-04,2025-08-05
PO008177,S004,P0079,W003,2025-06-27,492,2025-07-11,2025-07-11
PO008178,S025,P0092,W008,2025-10-07,725,2025-10-19,2025-10-19
PO008179,S020,P0075,W008,2025-12-10,177,2025-12-21,2025-12-23
PO008180,S020,P0039,W004,2025-01-17,511,2025-01-28,2025-01-28
PO008181,S013,P0066,W002,2025-10-23,988,2025-10-28,2025-10-29
PO008182,S021,P0051,W003,2025-07-21,938,2025-08-04,2025-08-04
PO008183,S017,P0073,W006,2025-06-21,28,2025-06-30,2025-07-07
PO008184,S023,P0050,W002,2025-09-19,231,2025-10-01,2025-10-01
PO008185,S025,P0045,W001,2025-07-13,458,2025-07-25,2025-07-26
PO008186,S016,P0087,W008,2025-05-29,916,2025-06-09,2025-06-09
PO008187,S025,P0033,W005,2025-02-04,843,2025-02-16,2025-02-16
PO008188,S017,P0019,W005,2025-01-29,698,2025-02-07,2025-02-07
PO008189,S006,P0013,W006,2025-09-20,874,2025-09-25,2025-09-25
PO008190,S003,P0078,W002,2025-08-09,805,2025-08-21,2025-08-23
PO008191,S020,P0096,W007,2025-02-22,829,2025-03-05,2025-03-05
PO008192,S024,P0022,W005,2025-10-06,130,2025-10-17,2025-10-18
PO008193,S004,P0020,W008,2025-12-19,860,2026-01-02,2026-01-03
PO008194,S008,P0097,W005,2025-03-17,222,2025-03-26,2025-03-26
PO008195,S020,P0005,W007,2025-06-25,779,2025-07-06,2025-07-06
PO008196,S009,P0084,W001,2025-01-10,84,2025-01-16,2025-01-21
PO008197,S022,P0078,W005,2025-04-27,734,2025-05-01,2025-05-01
PO008198,S001,P0091,W005,2025-10-07,180,2025-10-20,2025-10-20
PO008199,S013,P0090,W003,2025-08-06,433,2025-08-11,2025-08-12
PO008200,S002,P0032,W005,2025-06-24,664,2025-07-07,2025-07-07
PO008201,S023,P0030,W002,2025-08-22,709,2025-09-03,2025-09-03
PO008202,S010,P0091,W005,2025-09-09,724,2025-09-20,2025-09-20
PO008203,S023,P0026,W002,2025-10-22,285,2025-11-03,2025-11-10
PO008204,S019,P0082,W005,2025-11-18,591,2025-11-24,2025-11-24
PO008205,S017,P0087,W002,2025-01-06,224,2025-01-15,2025-01-22
PO008206,S024,P0088,W005,2025-01-21,686,2025-02-01,2025-02-01
PO008207,S013,P0004,W008,2025-03-14,603,2025-03-19,2025-03-19
PO008208,S014,P0067,W006,2025-11-26,175,2025-12-05,2025-12-10
PO008209,S011,P0043,W008,2025-02-05,192,2025-02-10,2025-02-10
PO008210,S010,P0030,W002,2025-08-21,327,2025-09-01,2025-09-01
PO008211,S007,P0016,W005,2025-08-04,469,2025-08-18,2025-08-18
PO008212,S010,P0071,W007,2025-07-25,81,2025-08-05,2025-08-10
PO008213,S024,P0039,W001,2025-02-13,392,2025-02-24,2025-02-24
PO008214,S001,P0086,W003,2025-04-01,479,2025-04-14,2025-04-16
PO008215,S014,P0041,W008,2025-11-12,494,2025-11-21,2025-11-21
PO008216,S003,P0031,W003,2025-04-03,400,2025-04-15,2025-04-15
PO008217,S013,P0049,W003,2025-12-05,736,2025-12-10,2025-12-10
PO008218,S002,P0013,W007,2025-03-24,591,2025-04-06,2025-04-11
PO008219,S017,P0041,W003,2025-11-29,105,2025-12-08,2025-12-09
PO008220,S021,P0093,W008,2025-10-09,955,2025-10-23,2025-10-24
PO008221,S003,P0028,W007,2025-01-21,162,2025-02-02,2025-02-02
PO008222,S015,P0064,W001,2025-08-16,882,2025-08-23,2025-08-23
PO008223,S008,P0019,W006,2025-05-10,26,2025-05-19,2025-05-20
PO008224,S006,P0087,W006,2025-06-24,314,2025-06-29,2025-06-29
PO008225,S009,P0072,W001,2025-04-18,710,2025-04-24,2025-04-25
PO008226,S025,P0025,W008,2025-10-10,758,2025-10-22,2025-10-22
PO008227,S011,P0038,W005,2025-03-12,538,2025-03-17,2025-03-24
PO008228,S022,P0099,W001,2025-02-19,671,2025-02-23,2025-02-23
PO008229,S002,P0090,W003,2025-04-05,545,2025-04-18,2025-04-18
PO008230,S009,P0003,W007,2025-10-06,53,2025-10-12,2025-10-17
PO008231,S018,P0002,W008,2025-12-03,909,2025-12-07,2025-12-07
PO008232,S019,P0005,W008,2025-05-12,954,2025-05-18,2025-05-18
PO008233,S022,P0061,W006,2025-10-03,771,2025-10-07,2025-10-09
PO008234,S018,P0020,W004,2025-01-13,348,2025-01-17,2025-01-17
PO008235,S005,P0076,W005,2025-01-03,851,2025-01-17,2025-01-17
PO008236,S018,P0038,W002,2025-08-12,628,2025-08-16,2025-08-17
PO008237,S012,P0080,W006,2025-06-24,799,2025-07-01,2025-07-01
PO008238,S004,P0036,W003,2025-03-31,657,2025-04-14,2025-04-14
PO008239,S015,P0046,W007,2025-08-29,53,2025-09-05,2025-09-05
PO008240,S011,P0093,W006,2025-02-04,814,2025-02-09,2025-02-09
PO008241,S019,P0099,W007,2025-01-14,425,2025-01-20,2025-01-20
PO008242,S005,P0037,W003,2025-07-14,37,2025-07-28,2025-07-31
PO008243,S006,P0054,W003,2025-11-02,449,2025-11-07,2025-11-07
PO008244,S013,P0021,W006,2025-11-30,447,2025-12-05,2025-12-05
PO008245,S023,P0021,W006,2025-08-01,933,2025-08-13,2025-08-14
PO008246,S010,P0092,W006,2025-01-03,312,2025-01-14,2025-01-16
PO008247,S024,P0070,W001,2025-06-28,922,2025-07-09,2025-07-09
PO008248,S025,P0084,W006,2025-02-09,599,2025-02-21,2025-02-21
PO008249,S014,P0060,W007,2025-06-13,768,2025-06-22,2025-06-22
PO008250,S004,P0036,W002,2025-11-03,99,2025-11-17,2025-11-20
PO008251,S020,P0077,W005,2025-08-23,105,2025-09-03,2025-09-03
PO008252,S023,P0011,W003,2025-09-14,591,2025-09-26,2025-09-26
PO008253,S012,P0088,W008,2025-12-26,67,2026-01-02,2026-01-02
PO008254,S015,P0083,W006,2025-04-26,710,2025-05-03,2025-05-03
PO008255,S010,P0087,W002,2025-02-21,887,2025-03-04,2025-03-11
PO008256,S011,P0031,W004,2025-05-22,103,2025-05-27,2025-05-30
PO008257,S009,P0037,W007,2025-03-27,626,2025-04-02,2025-04-02
PO008258,S011,P0060,W006,2025-02-15,327,2025-02-20,2025-02-23
PO008259,S002,P0061,W001,2025-11-28,271,2025-12-11,2025-12-11
PO008260,S013,P0067,W003,2025-08-26,500,2025-08-31,2025-09-02
PO008261,S022,P0098,W002,2025-01-10,864,2025-01-14,2025-01-14
PO008262,S008,P0029,W007,2025-06-01,199,2025-06-10,2025-06-10
PO008263,S021,P0067,W006,2025-03-02,615,2025-03-16,2025-03-21
PO008264,S021,P0079,W008,2025-01-18,329,2025-02-01,2025-02-04
PO008265,S008,P0071,W002,2025-03-27,956,2025-04-05,2025-04-10
PO008266,S001,P0067,W003,2025-05-17,445,2025-05-30,2025-05-31
PO008267,S006,P0016,W002,2025-08-18,505,2025-08-23,2025-08-23
PO008268,S013,P0045,W002,2025-05-08,681,2025-05-13,2025-05-13
PO008269,S009,P0034,W007,2025-04-14,58,2025-04-20,2025-04-20
PO008270,S006,P0084,W006,2025-07-05,298,2025-07-10,2025-07-10
PO008271,S015,P0044,W006,2025-06-27,835,2025-07-04,2025-07-04
PO008272,S023,P0097,W007,2025-12-23,644,2026-01-04,2026-01-04
PO008273,S016,P0078,W008,2025-01-06,395,2025-01-17,2025-01-18
PO008274,S004,P0042,W005,2025-12-07,948,2025-12-21,2025-12-21
PO008275,S017,P0035,W001,2025-11-03,658,2025-11-12,2025-11-12
PO008276,S009,P0075,W005,2025-02-05,60,2025-02-11,2025-02-11
PO008277,S012,P0084,W001,2025-11-23,689,2025-11-30,2025-12-01
PO008278,S022,P0030,W001,2025-12-22,737,2025-12-26,2026-01-02
PO008279,S019,P0053,W005,2025-10-08,66,2025-10-14,2025-10-15
PO008280,S020,P0058,W007,2025-10-27,503,2025-11-07,2025-11-07
PO008281,S012,P0028,W003,2025-01-14,204,2025-01-21,2025-01-21
PO008282,S022,P0015,W007,2025-08-25,91,2025-08-29,2025-08-31
PO008283,S006,P0038,W002,2025-10-12,588,2025-10-17,2025-10-17
PO008284,S012,P0050,W008,2025-11-26,770,2025-12-03,2025-12-08
PO008285,S009,P0013,W004,2025-02-19,593,2025-02-25,2025-02-25
PO008286,S020,P0035,W005,2025-09-18,361,2025-09-29,2025-09-29
PO008287,S005,P0024,W005,2025-04-20,588,2025-05-04,2025-05-04
PO008288,S021,P0065,W003,2025-07-16,983,2025-07-30,2025-08-01
PO008289,S003,P0088,W008,2025-09-09,262,2025-09-21,2025-09-21
PO008290,S002,P0091,W002,2025-03-29,347,2025-04-11,2025-04-11
PO008291,S008,P0018,W006,2025-11-09,655,2025-11-18,2025-11-18
PO008292,S010,P0058,W007,2025-01-26,172,2025-02-06,2025-02-06
PO008293,S015,P0026,W005,2025-09-19,274,2025-09-26,2025-10-03
PO008294,S009,P0029,W004,2025-05-24,748,2025-05-30,2025-05-30
PO008295,S010,P0072,W002,2025-03-01,443,2025-03-12,2025-03-12
PO008296,S011,P0044,W005,2025-12-22,251,2025-12-27,2025-12-27
PO008297,S009,P0090,W008,2025-09-25,548,2025-10-01,2025-10-01
PO008298,S014,P0005,W006,2025-03-16,611,2025-03-25,2025-03-25
PO008299,S005,P0033,W005,2025-01-03,515,2025-01-17,2025-01-17
PO008300,S009,P0005,W006,2025-03-04,195,2025-03-10,2025-03-11
PO008301,S004,P0036,W001,2025-08-24,570,2025-09-07,2025-09-12
PO008302,S002,P0077,W001,2025-08-17,162,2025-08-30,2025-08-30
PO008303,S019,P0081,W005,2025-10-02,36,2025-10-08,2025-10-10
PO008304,S001,P0013,W008,2025-01-18,268,2025-01-31,2025-02-05
PO008305,S021,P0025,W003,2025-03-21,54,2025-04-04,2025-04-04
PO008306,S001,P0058,W001,2025-08-03,820,2025-08-16,2025-08-16
PO008307,S012,P0002,W005,2025-06-20,165,2025-06-27,2025-06-29
PO008308,S011,P0088,W006,2025-11-25,945,2025-11-30,2025-12-01
PO008309,S001,P0036,W002,2025-09-12,746,2025-09-25,2025-09-25
PO008310,S014,P0025,W008,2025-05-06,184,2025-05-15,2025-05-15
PO008311,S011,P0034,W007,2025-09-12,130,2025-09-17,2025-09-17
PO008312,S007,P0012,W006,2025-03-13,666,2025-03-27,2025-03-27
PO008313,S002,P0019,W008,2025-02-07,93,2025-02-20,2025-02-21
PO008314,S015,P0094,W008,2025-11-20,995,2025-11-27,2025-11-28
PO008315,S008,P0037,W004,2025-07-23,687,2025-08-01,2025-08-04
PO008316,S022,P0001,W001,2025-06-21,746,2025-06-25,2025-06-25
PO008317,S020,P0060,W007,2025-08-11,373,2025-08-22,2025-08-22
PO008318,S025,P0067,W007,2025-08-05,293,2025-08-17,2025-08-17
PO008319,S015,P0049,W007,2025-09-02,962,2025-09-09,2025-09-09
PO008320,S008,P0090,W005,2025-12-02,298,2025-12-11,2025-12-13
PO008321,S010,P0079,W001,2025-07-10,679,2025-07-21,2025-07-22
PO008322,S019,P0046,W006,2025-10-25,50,2025-10-31,2025-11-03
PO008323,S003,P0048,W006,2025-11-16,545,2025-11-28,2025-11-30
PO008324,S020,P0092,W002,2025-07-01,554,2025-07-12,2025-07-12
PO008325,S014,P0068,W008,2025-11-30,529,2025-12-09,2025-12-09
PO008326,S009,P0019,W003,2025-07-24,533,2025-07-30,2025-08-04
PO008327,S009,P0088,W005,2025-12-27,944,2026-01-02,2026-01-02
PO008328,S021,P0040,W002,2025-07-18,197,2025-08-01,2025-08-08
PO008329,S025,P0006,W004,2025-11-28,348,2025-12-10,2025-12-10
PO008330,S006,P0080,W005,2025-06-14,590,2025-06-19,2025-06-19
PO008331,S008,P0096,W008,2025-08-30,820,2025-09-08,2025-09-11
PO008332,S011,P0094,W004,2025-05-10,707,2025-05-15,2025-05-17
PO008333,S008,P0063,W008,2025-08-15,191,2025-08-24,2025-08-26
PO008334,S012,P0035,W003,2025-05-02,415,2025-05-09,2025-05-09
PO008335,S010,P0072,W005,2025-02-13,614,2025-02-24,2025-02-27
PO008336,S023,P0061,W005,2025-07-15,957,2025-07-27,2025-07-27
PO008337,S004,P0005,W008,2025-12-24,999,2026-01-07,2026-01-07
PO008338,S016,P0037,W007,2025-07-23,754,2025-08-03,2025-08-08
PO008339,S020,P0076,W008,2025-11-14,54,2025-11-25,2025-11-26
PO008340,S006,P0089,W002,2025-09-14,316,2025-09-19,2025-09-19
PO008341,S009,P0097,W001,2025-01-17,488,2025-01-23,2025-01-23
PO008342,S023,P0088,W005,2025-09-29,970,2025-10-11,2025-10-11
PO008343,S005,P0011,W003,2025-01-09,514,2025-01-23,2025-01-26
PO008344,S021,P0099,W005,2025-09-06,641,2025-09-20,2025-09-20
PO008345,S024,P0040,W005,2025-07-20,254,2025-07-31,2025-08-02
PO008346,S006,P0065,W005,2025-02-28,928,2025-03-05,2025-03-07
PO008347,S017,P0008,W007,2025-05-20,58,2025-05-29,2025-05-29
PO008348,S017,P0087,W008,2025-04-29,238,2025-05-08,2025-05-08
PO008349,S025,P0084,W005,2025-02-10,236,2025-02-22,2025-02-22
PO008350,S024,P0096,W008,2025-11-18,725,2025-11-29,2025-12-01
PO008351,S022,P0011,W003,2025-11-27,694,2025-12-01,2025-12-01
PO008352,S013,P0071,W008,2025-09-24,647,2025-09-29,2025-10-01
PO008353,S017,P0058,W002,2025-01-08,859,2025-01-17,2025-01-17
PO008354,S014,P0094,W001,2025-07-02,692,2025-07-11,2025-07-12
PO008355,S002,P0048,W003,2025-05-14,620,2025-05-27,2025-05-27
PO008356,S019,P0013,W003,2025-06-30,439,2025-07-06,2025-07-06
PO008357,S003,P0060,W004,2025-12-21,672,2026-01-02,2026-01-03
PO008358,S002,P0049,W001,2025-03-13,843,2025-03-26,2025-03-28
PO008359,S002,P0067,W007,2025-04-23,193,2025-05-06,2025-05-06
PO008360,S022,P0007,W002,2025-04-17,732,2025-04-21,2025-04-21
PO008361,S007,P0077,W008,2025-10-17,886,2025-10-31,2025-10-31
PO008362,S004,P0025,W006,2025-11-09,833,2025-11-23,2025-11-23
PO008363,S017,P0023,W002,2025-04-27,887,2025-05-06,2025-05-07
PO008364,S006,P0051,W008,2025-04-30,132,2025-05-05,2025-05-05
PO008365,S007,P0047,W006,2025-05-27,898,2025-06-10,2025-06-10
PO008366,S020,P0097,W004,2025-11-23,959,2025-12-04,2025-12-04
PO008367,S006,P0005,W004,2025-07-29,193,2025-08-03,2025-08-05
PO008368,S009,P0096,W007,2025-10-23,93,2025-10-29,2025-10-29
PO008369,S020,P0094,W003,2025-04-13,856,2025-04-24,2025-04-24
PO008370,S004,P0095,W002,2025-05-04,818,2025-05-18,2025-05-18
PO008371,S005,P0013,W006,2025-09-02,656,2025-09-16,2025-09-18
PO008372,S019,P0042,W002,2025-12-22,555,2025-12-28,2025-12-28
PO008373,S010,P0005,W006,2025-07-28,51,2025-08-08,2025-08-08
PO008374,S018,P0023,W002,2025-11-10,273,2025-11-14,2025-11-21
PO008375,S015,P0062,W003,2025-04-19,516,2025-04-26,2025-04-26
PO008376,S025,P0001,W006,2025-12-14,132,2025-12-26,2025-12-26
PO008377,S001,P0074,W002,2025-02-19,214,2025-03-04,2025-03-05
PO008378,S005,P0091,W005,2025-04-15,547,2025-04-29,2025-04-30
PO008379,S005,P0054,W008,2025-01-27,460,2025-02-10,2025-02-10
PO008380,S008,P0072,W004,2025-10-15,508,2025-10-24,2025-10-24
PO008381,S022,P0003,W007,2025-09-14,516,2025-09-18,2025-09-18
PO008382,S022,P0083,W004,2025-09-30,743,2025-10-04,2025-10-04
PO008383,S022,P0064,W006,2025-05-17,639,2025-05-21,2025-05-21
PO008384,S020,P0051,W004,2025-12-06,43,2025-12-17,2025-12-17
PO008385,S015,P0002,W007,2025-10-28,309,2025-11-04,2025-11-04
PO008386,S017,P0049,W008,2025-11-18,915,2025-11-27,2025-11-27
PO008387,S019,P0031,W004,2025-02-01,327,2025-02-07,2025-02-07
PO008388,S013,P0074,W005,2025-02-14,323,2025-02-19,2025-02-19
PO008389,S022,P0080,W001,2025-09-22,874,2025-09-26,2025-09-26
PO008390,S021,P0084,W002,2025-01-30,650,2025-02-13,2025-02-13
PO008391,S010,P0003,W008,2025-03-25,712,2025-04-05,2025-04-05
PO008392,S017,P0035,W006,2025-06-15,970,2025-06-24,2025-06-24
PO008393,S005,P0098,W004,2025-11-12,57,2025-11-26,2025-11-27
PO008394,S018,P0085,W002,2025-01-01,405,2025-01-05,2025-01-07
PO008395,S017,P0036,W002,2025-09-06,764,2025-09-15,2025-09-16
PO008396,S004,P0064,W008,2025-09-18,600,2025-10-02,2025-10-02
PO008397,S022,P0032,W005,2025-03-04,101,2025-03-08,2025-03-08
PO008398,S007,P0018,W007,2025-06-13,137,2025-06-27,2025-06-28
PO008399,S025,P0034,W002,2025-11-17,840,2025-11-29,2025-11-29
PO008400,S005,P0056,W007,2025-11-30,69,2025-12-14,2025-12-14
PO008401,S008,P0067,W004,2025-07-20,688,2025-07-29,2025-08-03
PO008402,S008,P0053,W006,2025-08-10,93,2025-08-19,2025-08-19
PO008403,S011,P0067,W008,2025-06-01,714,2025-06-06,2025-06-06
PO008404,S009,P0091,W002,2025-05-12,125,2025-05-18,2025-05-18
PO008405,S019,P0066,W005,2025-04-24,720,2025-04-30,2025-05-03
PO008406,S019,P0064,W006,2025-08-05,837,2025-08-11,2025-08-16
PO008407,S009,P0067,W006,2025-07-15,803,2025-07-21,2025-07-26
PO008408,S023,P0081,W006,2025-10-08,618,2025-10-20,2025-10-20
PO008409,S020,P0039,W004,2025-07-21,881,2025-08-01,2025-08-02
PO008410,S017,P0038,W005,2025-05-15,345,2025-05-24,2025-05-24
PO008411,S016,P0040,W008,2025-08-22,703,2025-09-02,2025-09-02
PO008412,S007,P0019,W003,2025-05-21,783,2025-06-04,2025-06-07
PO008413,S022,P0083,W001,2025-07-15,375,2025-07-19,2025-07-19
PO008414,S003,P0005,W002,2025-02-12,487,2025-02-24,2025-02-24
PO008415,S021,P0069,W002,2025-02-26,675,2025-03-12,2025-03-12
PO008416,S019,P0014,W002,2025-05-22,303,2025-05-28,2025-05-28
PO008417,S008,P0091,W007,2025-07-29,204,2025-08-07,2025-08-07
PO008418,S005,P0049,W003,2025-03-13,173,2025-03-27,2025-03-27
PO008419,S006,P0064,W006,2025-08-12,873,2025-08-17,2025-08-17
PO008420,S002,P0100,W006,2025-01-27,137,2025-02-09,2025-02-09
PO008421,S024,P0057,W007,2025-05-08,286,2025-05-19,2025-05-19
PO008422,S025,P0035,W008,2025-04-16,404,2025-04-28,2025-05-01
PO008423,S019,P0085,W001,2025-06-14,856,2025-06-20,2025-06-21
PO008424,S013,P0005,W005,2025-08-03,274,2025-08-08,2025-08-08
PO008425,S006,P0088,W003,2025-03-12,260,2025-03-17,2025-03-17
PO008426,S006,P0039,W003,2025-07-23,190,2025-07-28,2025-07-28
PO008427,S002,P0024,W004,2025-06-02,961,2025-06-15,2025-06-17
PO008428,S024,P0040,W006,2025-03-08,636,2025-03-19,2025-03-24
PO008429,S005,P0050,W003,2025-03-31,567,2025-04-14,2025-04-14
PO008430,S011,P0077,W008,2025-09-17,597,2025-09-22,2025-09-22
PO008431,S011,P0058,W003,2025-12-28,204,2026-01-02,2026-01-03
PO008432,S024,P0001,W002,2025-08-16,921,2025-08-27,2025-08-27
PO008433,S014,P0043,W007,2025-03-20,721,2025-03-29,2025-04-03
PO008434,S013,P0039,W006,2025-04-06,686,2025-04-11,2025-04-12
PO008435,S008,P0010,W004,2025-12-15,912,2025-12-24,2025-12-24
PO008436,S015,P0002,W005,2025-11-26,429,2025-12-03,2025-12-03
PO008437,S012,P0063,W008,2025-09-03,758,2025-09-10,2025-09-11
PO008438,S003,P0016,W001,2025-09-29,672,2025-10-11,2025-10-11
PO008439,S021,P0037,W008,2025-06-06,607,2025-06-20,2025-06-23
PO008440,S023,P0016,W005,2025-04-26,165,2025-05-08,2025-05-08
PO008441,S005,P0087,W004,2025-01-18,57,2025-02-01,2025-02-08
PO008442,S006,P0090,W002,2025-06-21,509,2025-06-26,2025-06-26
PO008443,S002,P0080,W001,2025-01-16,281,2025-01-29,2025-01-30
PO008444,S008,P0027,W005,2025-08-28,145,2025-09-06,2025-09-06
PO008445,S005,P0063,W006,2025-02-25,623,2025-03-11,2025-03-11
PO008446,S022,P0094,W006,2025-03-20,815,2025-03-24,2025-03-24
PO008447,S017,P0064,W001,2025-04-13,364,2025-04-22,2025-04-22
PO008448,S002,P0097,W001,2025-10-11,280,2025-10-24,2025-10-24
PO008449,S011,P0032,W001,2025-07-12,462,2025-07-17,2025-07-17
PO008450,S004,P0009,W003,2025-01-05,994,2025-01-19,2025-01-19
PO008451,S011,P0011,W004,2025-04-16,898,2025-04-21,2025-04-21
PO008452,S009,P0070,W006,2025-10-05,127,2025-10-11,2025-10-13
PO008453,S006,P0030,W006,2025-04-10,988,2025-04-15,2025-04-15
PO008454,S024,P0015,W004,2025-08-26,576,2025-09-06,2025-09-06
PO008455,S002,P0059,W002,2025-09-26,899,2025-10-09,2025-10-09
PO008456,S015,P0048,W006,2025-11-17,456,2025-11-24,2025-11-27
PO008457,S005,P0094,W005,2025-03-27,533,2025-04-10,2025-04-13
PO008458,S012,P0082,W002,2025-11-16,964,2025-11-23,2025-11-23
PO008459,S013,P0076,W007,2025-02-01,732,2025-02-06,2025-02-09
PO008460,S017,P0060,W007,2025-12-02,109,2025-12-11,2025-12-13
PO008461,S004,P0068,W005,2025-02-20,234,2025-03-06,2025-03-06
PO008462,S010,P0057,W001,2025-03-20,646,2025-03-31,2025-03-31
PO008463,S001,P0064,W006,2025-07-05,338,2025-07-18,2025-07-18
PO008464,S011,P0054,W005,2025-06-23,623,2025-06-28,2025-06-28
PO008465,S016,P0080,W005,2025-04-16,857,2025-04-27,2025-04-27
PO008466,S011,P0087,W008,2025-03-04,717,2025-03-09,2025-03-09
PO008467,S009,P0075,W001,2025-03-17,791,2025-03-23,2025-03-23
PO008468,S002,P0054,W007,2025-11-12,689,2025-11-25,2025-11-25
PO008469,S007,P0059,W002,2025-11-17,76,2025-12-01,2025-12-03
PO008470,S019,P0088,W005,2025-03-22,578,2025-03-28,2025-03-28
PO008471,S018,P0086,W008,2025-12-27,421,2025-12-31,2025-12-31
PO008472,S020,P0039,W006,2025-05-08,241,2025-05-19,2025-05-26
PO008473,S007,P0015,W002,2025-07-02,494,2025-07-16,2025-07-16
PO008474,S023,P0079,W002,2025-08-31,127,2025-09-12,2025-09-12
PO008475,S009,P0074,W004,2025-07-04,882,2025-07-10,2025-07-11
PO008476,S012,P0028,W007,2025-08-08,831,2025-08-15,2025-08-18
PO008477,S003,P0036,W008,2025-03-12,199,2025-03-24,2025-03-24
PO008478,S023,P0054,W008,2025-12-08,196,2025-12-20,2025-12-21
PO008479,S022,P0017,W006,2025-06-03,506,2025-06-07,2025-06-12
PO008480,S016,P0100,W008,2025-09-02,433,2025-09-13,2025-09-13
PO008481,S007,P0086,W006,2025-05-20,711,2025-06-03,2025-06-03
PO008482,S023,P0087,W001,2025-03-12,56,2025-03-24,2025-03-25
PO008483,S005,P0093,W001,2025-02-15,594,2025-03-01,2025-03-01
PO008484,S025,P0022,W008,2025-02-16,287,2025-02-28,2025-02-28
PO008485,S023,P0075,W003,2025-03-20,804,2025-04-01,2025-04-04
PO008486,S007,P0036,W006,2025-05-29,821,2025-06-12,2025-06-12
PO008487,S019,P0029,W008,2025-05-10,943,2025-05-16,2025-05-16
PO008488,S017,P0055,W008,2025-05-07,407,2025-05-16,2025-05-16
PO008489,S016,P0042,W007,2025-12-31,373,2026-01-11,2026-01-11
PO008490,S021,P0032,W002,2025-04-29,833,2025-05-13,2025-05-13
PO008491,S024,P0014,W008,2025-12-23,289,2026-01-03,2026-01-04
PO008492,S021,P0018,W003,2025-09-19,288,2025-10-03,2025-10-05
PO008493,S019,P0038,W006,2025-09-01,461,2025-09-07,2025-09-07
PO008494,S025,P0034,W001,2025-04-13,324,2025-04-25,2025-05-02
PO008495,S018,P0045,W007,2025-02-06,265,2025-02-10,2025-02-15
PO008496,S019,P0087,W008,2025-05-22,197,2025-05-28,2025-05-28
PO008497,S004,P0032,W001,2025-02-06,86,2025-02-20,2025-02-20
PO008498,S001,P0067,W006,2025-01-08,296,2025-01-21,2025-01-21
PO008499,S004,P0063,W003,2025-08-19,227,2025-09-02,2025-09-02
PO008500,S004,P0055,W001,2025-11-29,326,2025-12-13,2025-12-13
PO008501,S009,P0043,W001,2025-10-23,569,2025-10-29,2025-10-29
PO008502,S008,P0022,W004,2025-04-17,650,2025-04-26,2025-04-26
PO008503,S002,P0087,W005,2025-12-14,557,2025-12-27,2025-12-27
PO008504,S023,P0068,W008,2025-01-18,537,2025-01-30,2025-01-30
PO008505,S006,P0077,W006,2025-11-09,293,2025-11-14,2025-11-14
PO008506,S023,P0096,W004,2025-03-24,252,2025-04-05,2025-04-05
PO008507,S011,P0029,W007,2025-10-15,133,2025-10-20,2025-10-20
PO008508,S004,P0040,W005,2025-07-13,153,2025-07-27,2025-08-01
PO008509,S014,P0045,W006,2025-08-03,444,2025-08-12,2025-08-12
PO008510,S021,P0010,W004,2025-10-08,844,2025-10-22,2025-10-27
PO008511,S022,P0077,W008,2025-08-08,709,2025-08-12,2025-08-12
PO008512,S009,P0045,W004,2025-10-16,44,2025-10-22,2025-10-22
PO008513,S002,P0017,W006,2025-12-10,579,2025-12-23,2025-12-23
PO008514,S025,P0002,W002,2025-07-13,299,2025-07-25,2025-07-27
PO008515,S001,P0017,W003,2025-06-07,945,2025-06-20,2025-06-20
PO008516,S004,P0090,W006,2025-04-14,362,2025-04-28,2025-05-03
PO008517,S012,P0038,W004,2025-02-03,832,2025-02-10,2025-02-10
PO008518,S005,P0037,W002,2025-04-12,830,2025-04-26,2025-04-26
PO008519,S009,P0063,W004,2025-05-07,91,2025-05-13,2025-05-13
PO008520,S022,P0005,W003,2025-08-02,971,2025-08-06,2025-08-08
PO008521,S004,P0025,W007,2025-11-21,220,2025-12-05,2025-12-10
PO008522,S016,P0073,W008,2025-10-23,345,2025-11-03,2025-11-03
PO008523,S002,P0092,W002,2025-06-28,52,2025-07-11,2025-07-13
PO008524,S016,P0022,W006,2025-03-21,116,2025-04-01,2025-04-02
PO008525,S016,P0093,W005,2025-05-21,576,2025-06-01,2025-06-01
PO008526,S021,P0063,W007,2025-01-31,282,2025-02-14,2025-02-15
PO008527,S024,P0035,W003,2025-03-04,893,2025-03-15,2025-03-15
PO008528,S024,P0055,W008,2025-02-17,933,2025-02-28,2025-02-28
PO008529,S022,P0020,W001,2025-03-28,89,2025-04-01,2025-04-03
PO008530,S011,P0005,W006,2025-10-31,832,2025-11-05,2025-11-05
PO008531,S001,P0039,W008,2025-03-02,312,2025-03-15,2025-03-18
PO008532,S015,P0063,W006,2025-11-30,936,2025-12-07,2025-12-10
PO008533,S024,P0032,W006,2025-10-01,749,2025-10-12,2025-10-15
PO008534,S004,P0063,W002,2025-10-11,226,2025-10-25,2025-10-25
PO008535,S018,P0074,W001,2025-03-21,191,2025-03-25,2025-03-25
PO008536,S017,P0040,W007,2025-06-29,777,2025-07-08,2025-07-08
PO008537,S007,P0017,W007,2025-09-29,945,2025-10-13,2025-10-20
PO008538,S018,P0079,W002,2025-03-18,414,2025-03-22,2025-03-22
PO008539,S013,P0073,W005,2025-08-09,275,2025-08-14,2025-08-14
PO008540,S020,P0032,W002,2025-10-09,283,2025-10-20,2025-10-20
PO008541,S020,P0023,W006,2025-01-28,920,2025-02-08,2025-02-08
PO008542,S010,P0075,W004,2025-12-27,283,2026-01-07,2026-01-07
PO008543,S001,P0060,W001,2025-03-18,536,2025-03-31,2025-03-31
PO008544,S002,P0077,W001,2025-06-13,29,2025-06-26,2025-06-26
PO008545,S017,P0082,W007,2025-01-09,290,2025-01-18,2025-01-25
PO008546,S022,P0056,W007,2025-06-24,761,2025-06-28,2025-06-29
PO008547,S003,P0009,W002,2025-11-03,331,2025-11-15,2025-11-16
PO008548,S017,P0069,W004,2025-03-17,389,2025-03-26,2025-03-26
PO008549,S012,P0062,W004,2025-09-02,586,2025-09-09,2025-09-11
PO008550,S024,P0064,W008,2025-05-02,918,2025-05-13,2025-05-18
PO008551,S012,P0022,W002,2025-07-04,572,2025-07-11,2025-07-18
PO008552,S020,P0032,W003,2025-02-01,669,2025-02-12,2025-02-12
PO008553,S010,P0047,W005,2025-09-07,410,2025-09-18,2025-09-21
PO008554,S007,P0002,W002,2025-02-26,978,2025-03-12,2025-03-12
PO008555,S010,P0085,W008,2025-11-06,134,2025-11-17,2025-11-17
PO008556,S018,P0092,W008,2025-05-24,594,2025-05-28,2025-05-28
PO008557,S022,P0052,W006,2025-11-14,363,2025-11-18,2025-11-19
PO008558,S006,P0088,W004,2025-03-25,429,2025-03-30,2025-03-30
PO008559,S007,P0088,W005,2025-02-25,565,2025-03-11,2025-03-11
PO008560,S017,P0014,W002,2025-10-06,397,2025-10-15,2025-10-17
PO008561,S012,P0037,W005,2025-09-30,783,2025-10-07,2025-10-07
PO008562,S017,P0027,W003,2025-06-15,475,2025-06-24,2025-06-24
PO008563,S018,P0024,W008,2025-06-07,442,2025-06-11,2025-06-11
PO008564,S014,P0064,W004,2025-09-06,463,2025-09-15,2025-09-15
PO008565,S011,P0070,W003,2025-07-05,216,2025-07-10,2025-07-10
PO008566,S002,P0026,W007,2025-03-19,887,2025-04-01,2025-04-01
PO008567,S021,P0054,W003,2025-01-22,382,2025-02-05,2025-02-12
PO008568,S001,P0015,W004,2025-04-18,429,2025-05-01,2025-05-04
PO008569,S011,P0029,W007,2025-09-30,783,2025-10-05,2025-10-05
PO008570,S002,P0100,W006,2025-09-09,593,2025-09-22,2025-09-22
PO008571,S016,P0074,W003,2025-01-15,413,2025-01-26,2025-01-26
PO008572,S022,P0028,W002,2025-10-31,756,2025-11-04,2025-11-04
PO008573,S003,P0059,W002,2025-06-09,528,2025-06-21,2025-06-21
PO008574,S020,P0073,W005,2025-07-24,887,2025-08-04,2025-08-04
PO008575,S001,P0021,W002,2025-04-23,585,2025-05-06,2025-05-06
PO008576,S021,P0010,W002,2025-06-17,690,2025-07-01,2025-07-01
PO008577,S020,P0004,W007,2025-12-19,313,2025-12-30,2025-12-30
PO008578,S008,P0062,W008,2025-09-10,901,2025-09-19,2025-09-24
PO008579,S019,P0004,W007,2025-07-05,44,2025-07-11,2025-07-18
PO008580,S001,P0006,W005,2025-12-13,256,2025-12-26,2025-12-31
PO008581,S005,P0090,W001,2025-08-15,480,2025-08-29,2025-09-05
PO008582,S001,P0080,W004,2025-01-16,340,2025-01-29,2025-01-29
PO008583,S011,P0072,W002,2025-06-05,119,2025-06-10,2025-06-11
PO008584,S021,P0092,W005,2025-12-20,759,2026-01-03,2026-01-03
PO008585,S009,P0016,W008,2025-04-21,709,2025-04-27,2025-04-30
PO008586,S005,P0038,W003,2025-01-01,427,2025-01-15,2025-01-17
PO008587,S002,P0049,W003,2025-02-10,174,2025-02-23,2025-02-23
PO008588,S013,P0061,W007,2025-02-17,997,2025-02-22,2025-02-22
PO008589,S018,P0065,W006,2025-04-18,453,2025-04-22,2025-04-22
PO008590,S025,P0083,W002,2025-06-10,770,2025-06-22,2025-06-22
PO008591,S012,P0050,W004,2025-06-10,453,2025-06-17,2025-06-24
PO008592,S014,P0017,W005,2025-12-25,162,2026-01-03,2026-01-06
PO008593,S005,P0028,W007,2025-05-08,548,2025-05-22,2025-05-22
PO008594,S024,P0044,W006,2025-07-29,304,2025-08-09,2025-08-09
PO008595,S010,P0012,W006,2025-05-31,24,2025-06-11,2025-06-11
PO008596,S020,P0070,W005,2025-09-12,542,2025-09-23,2025-09-30
PO008597,S002,P0071,W007,2025-08-06,739,2025-08-19,2025-08-24
PO008598,S004,P0072,W007,2025-01-30,455,2025-02-13,2025-02-13
PO008599,S012,P0003,W005,2025-02-14,437,2025-02-21,2025-02-22
PO008600,S011,P0049,W008,2025-03-21,100,2025-03-26,2025-03-27
PO008601,S004,P0021,W008,2025-02-08,564,2025-02-22,2025-02-22
PO008602,S011,P0008,W005,2025-08-28,836,2025-09-02,2025-09-07
PO008603,S009,P0064,W005,2025-02-14,396,2025-02-20,2025-02-20
PO008604,S010,P0092,W004,2025-03-19,178,2025-03-30,2025-03-30
PO008605,S006,P0059,W005,2025-12-03,805,2025-12-08,2025-12-08
PO008606,S015,P0030,W007,2025-12-15,646,2025-12-22,2025-12-22
PO008607,S010,P0032,W004,2025-10-15,236,2025-10-26,2025-10-26
PO008608,S022,P0075,W004,2025-10-07,792,2025-10-11,2025-10-12
PO008609,S021,P0020,W004,2025-04-26,689,2025-05-10,2025-05-13
PO008610,S006,P0016,W003,2025-09-26,64,2025-10-01,2025-10-03
PO008611,S001,P0025,W001,2025-12-01,651,2025-12-14,2025-12-14
PO008612,S021,P0060,W006,2025-11-08,234,2025-11-22,2025-11-22
PO008613,S022,P0045,W002,2025-02-22,530,2025-02-26,2025-02-26
PO008614,S024,P0009,W003,2025-03-09,147,2025-03-20,2025-03-20
PO008615,S020,P0051,W007,2025-07-01,273,2025-07-12,2025-07-12
PO008616,S021,P0061,W001,2025-02-03,569,2025-02-17,2025-02-22
PO008617,S004,P0040,W006,2025-10-11,896,2025-10-25,2025-10-30
PO008618,S023,P0061,W008,2025-11-02,741,2025-11-14,2025-11-14
PO008619,S022,P0067,W003,2025-09-06,371,2025-09-10,2025-09-12
PO008620,S014,P0080,W006,2025-04-21,625,2025-04-30,2025-05-01
PO008621,S020,P0076,W004,2025-04-04,560,2025-04-15,2025-04-22
PO008622,S022,P0015,W004,2025-06-28,183,2025-07-02,2025-07-02
PO008623,S020,P0053,W005,2025-02-16,668,2025-02-27,2025-02-28
PO008624,S008,P0004,W007,2025-10-09,554,2025-10-18,2025-10-18
PO008625,S011,P0023,W004,2025-12-06,150,2025-12-11,2025-12-11
PO008626,S015,P0027,W003,2025-12-28,617,2026-01-04,2026-01-04
PO008627,S019,P0037,W006,2025-04-02,715,2025-04-08,2025-04-08
PO008628,S008,P0077,W002,2025-07-31,523,2025-08-09,2025-08-09
PO008629,S013,P0043,W007,2025-03-16,443,2025-03-21,2025-03-21
PO008630,S018,P0037,W008,2025-07-21,768,2025-07-25,2025-07-26
PO008631,S022,P0085,W008,2025-10-24,203,2025-10-28,2025-10-29
PO008632,S024,P0029,W006,2025-11-04,845,2025-11-15,2025-11-22
PO008633,S017,P0029,W004,2025-07-30,690,2025-08-08,2025-08-08
PO008634,S006,P0049,W008,2025-12-04,542,2025-12-09,2025-12-14
PO008635,S025,P0075,W006,2025-05-14,573,2025-05-26,2025-05-26
PO008636,S015,P0051,W001,2025-11-26,254,2025-12-03,2025-12-03
PO008637,S013,P0050,W006,2025-03-07,150,2025-03-12,2025-03-13
PO008638,S018,P0028,W003,2025-10-07,716,2025-10-11,2025-10-12
PO008639,S011,P0074,W001,2025-01-28,33,2025-02-02,2025-02-02
PO008640,S013,P0005,W007,2025-04-27,833,2025-05-02,2025-05-04
PO008641,S001,P0056,W005,2025-11-13,785,2025-11-26,2025-11-27
PO008642,S018,P0064,W005,2025-11-21,678,2025-11-25,2025-12-02
PO008643,S005,P0089,W006,2025-04-24,399,2025-05-08,2025-05-13
PO008644,S006,P0097,W002,2025-03-16,79,2025-03-21,2025-03-22
PO008645,S001,P0017,W003,2025-07-21,946,2025-08-03,2025-08-04
PO008646,S007,P0097,W002,2025-02-28,311,2025-03-14,2025-03-19
PO008647,S004,P0089,W001,2025-01-15,179,2025-01-29,2025-02-05
PO008648,S009,P0097,W002,2025-08-19,466,2025-08-25,2025-08-27
PO008649,S015,P0055,W007,2025-04-15,557,2025-04-22,2025-04-24
PO008650,S006,P0009,W001,2025-06-14,596,2025-06-19,2025-06-19
PO008651,S025,P0091,W007,2025-07-18,405,2025-07-30,2025-08-02
PO008652,S017,P0089,W008,2025-12-20,89,2025-12-29,2025-12-29
PO008653,S020,P0068,W002,2025-02-04,401,2025-02-15,2025-02-15
PO008654,S018,P0073,W005,2025-06-11,704,2025-06-15,2025-06-15
PO008655,S022,P0079,W003,2025-09-02,993,2025-09-06,2025-09-06
PO008656,S004,P0016,W002,2025-10-14,244,2025-10-28,2025-10-28
PO008657,S009,P0016,W006,2025-01-19,527,2025-01-25,2025-01-28
PO008658,S014,P0013,W007,2025-10-07,684,2025-10-16,2025-10-18
PO008659,S003,P0078,W001,2025-12-06,59,2025-12-18,2025-12-18
PO008660,S001,P0086,W007,2025-12-14,165,2025-12-27,2025-12-28
PO008661,S011,P0085,W006,2025-07-01,385,2025-07-06,2025-07-13
PO008662,S001,P0073,W003,2025-05-27,629,2025-06-09,2025-06-09
PO008663,S012,P0063,W008,2025-06-25,267,2025-07-02,2025-07-02
PO008664,S025,P0041,W006,2025-06-12,31,2025-06-24,2025-06-24
PO008665,S009,P0053,W005,2025-06-24,555,2025-06-30,2025-07-05
PO008666,S005,P0068,W008,2025-02-16,756,2025-03-02,2025-03-02
PO008667,S015,P0074,W007,2025-09-13,529,2025-09-20,2025-09-27
PO008668,S018,P0099,W005,2025-06-23,264,2025-06-27,2025-06-27
PO008669,S009,P0009,W004,2025-04-13,994,2025-04-19,2025-04-19
PO008670,S013,P0051,W003,2025-05-01,190,2025-05-06,2025-05-06
PO008671,S013,P0048,W008,2025-12-16,51,2025-12-21,2025-12-21
PO008672,S024,P0080,W002,2025-05-25,645,2025-06-05,2025-06-05
PO008673,S013,P0049,W005,2025-02-11,740,2025-02-16,2025-02-16
PO008674,S010,P0018,W008,2025-01-29,834,2025-02-09,2025-02-09
PO008675,S010,P0010,W002,2025-09-30,448,2025-10-11,2025-10-11
PO008676,S022,P0085,W007,2025-01-14,54,2025-01-18,2025-01-21
PO008677,S007,P0054,W002,2025-11-02,224,2025-11-16,2025-11-19
PO008678,S022,P0079,W007,2025-11-09,909,2025-11-13,2025-11-14
PO008679,S005,P0015,W001,2025-07-08,403,2025-07-22,2025-07-27
PO008680,S020,P0011,W006,2025-12-26,924,2026-01-06,2026-01-06
PO008681,S007,P0040,W002,2025-10-22,285,2025-11-05,2025-11-05
PO008682,S020,P0047,W007,2025-07-02,596,2025-07-13,2025-07-13
PO008683,S010,P0020,W004,2025-12-18,462,2025-12-29,2025-12-29
PO008684,S010,P0098,W003,2025-02-05,629,2025-02-16,2025-02-16
PO008685,S025,P0022,W008,2025-02-06,716,2025-02-18,2025-02-23
PO008686,S021,P0048,W003,2025-01-14,769,2025-01-28,2025-01-31
PO008687,S024,P0082,W001,2025-05-03,504,2025-05-14,2025-05-14
PO008688,S013,P0016,W004,2025-03-24,489,2025-03-29,2025-03-29
PO008689,S015,P0005,W006,2025-06-08,285,2025-06-15,2025-06-16
PO008690,S006,P0065,W004,2025-11-25,934,2025-11-30,2025-12-07
PO008691,S020,P0083,W007,2025-04-12,763,2025-04-23,2025-04-23
PO008692,S012,P0074,W003,2025-12-03,128,2025-12-10,2025-12-10
PO008693,S019,P0021,W004,2025-03-24,508,2025-03-30,2025-04-06
PO008694,S011,P0061,W006,2025-02-13,197,2025-02-18,2025-02-25
PO008695,S006,P0077,W005,2025-03-09,268,2025-03-14,2025-03-14
PO008696,S001,P0055,W002,2025-02-17,855,2025-03-02,2025-03-02
PO008697,S002,P0024,W008,2025-02-26,891,2025-03-11,2025-03-11
PO008698,S023,P0023,W007,2025-03-16,24,2025-03-28,2025-03-31
PO008699,S015,P0087,W002,2025-01-22,176,2025-01-29,2025-01-29
PO008700,S004,P0011,W003,2025-05-12,249,2025-05-26,2025-05-31
PO008701,S005,P0047,W003,2025-10-29,647,2025-11-12,2025-11-12
PO008702,S015,P0002,W006,2025-09-24,280,2025-10-01,2025-10-01
PO008703,S011,P0070,W004,2025-10-14,847,2025-10-19,2025-10-20
PO008704,S010,P0053,W006,2025-04-30,340,2025-05-11,2025-05-11
PO008705,S017,P0011,W001,2025-09-03,146,2025-09-12,2025-09-12
PO008706,S002,P0015,W003,2025-02-25,47,2025-03-10,2025-03-10
PO008707,S020,P0073,W007,2025-02-07,870,2025-02-18,2025-02-21
PO008708,S024,P0012,W008,2025-09-02,529,2025-09-13,2025-09-13
PO008709,S010,P0036,W007,2025-01-21,247,2025-02-01,2025-02-01
PO008710,S020,P0092,W003,2025-04-20,660,2025-05-01,2025-05-02
PO008711,S003,P0023,W003,2025-04-04,560,2025-04-16,2025-04-16
PO008712,S019,P0027,W006,2025-05-16,198,2025-05-22,2025-05-27
PO008713,S005,P0088,W007,2025-08-19,695,2025-09-02,2025-09-02
PO008714,S003,P0014,W006,2025-01-08,691,2025-01-20,2025-01-20
PO008715,S008,P0054,W004,2025-11-24,851,2025-12-03,2025-12-03
PO008716,S005,P0099,W005,2025-10-17,929,2025-10-31,2025-11-01
PO008717,S012,P0027,W003,2025-09-08,307,2025-09-15,2025-09-15
PO008718,S014,P0021,W005,2025-12-27,513,2026-01-05,2026-01-08
PO008719,S007,P0049,W006,2025-03-28,284,2025-04-11,2025-04-11
PO008720,S011,P0062,W008,2025-07-23,486,2025-07-28,2025-07-28
PO008721,S008,P0077,W004,2025-08-07,414,2025-08-16,2025-08-16
PO008722,S005,P0072,W006,2025-08-29,451,2025-09-12,2025-09-12
PO008723,S008,P0044,W001,2025-11-16,454,2025-11-25,2025-11-25
PO008724,S012,P0044,W007,2025-09-15,407,2025-09-22,2025-09-22
PO008725,S015,P0098,W002,2025-04-19,828,2025-04-26,2025-04-26
PO008726,S019,P0061,W002,2025-09-13,556,2025-09-19,2025-09-22
PO008727,S016,P0042,W006,2025-10-09,164,2025-10-20,2025-10-23
PO008728,S014,P0023,W002,2025-08-08,194,2025-08-17,2025-08-17
PO008729,S007,P0073,W002,2025-03-24,539,2025-04-07,2025-04-07
PO008730,S008,P0001,W004,2025-04-17,333,2025-04-26,2025-04-29
PO008731,S007,P0036,W002,2025-03-10,640,2025-03-24,2025-03-24
PO008732,S018,P0055,W004,2025-04-07,148,2025-04-11,2025-04-18
PO008733,S024,P0016,W001,2025-07-31,533,2025-08-11,2025-08-11
PO008734,S006,P0089,W003,2025-10-13,29,2025-10-18,2025-10-19
PO008735,S019,P0018,W008,2025-08-25,366,2025-08-31,2025-08-31
PO008736,S004,P0098,W003,2025-01-08,136,2025-01-22,2025-01-22
PO008737,S023,P0038,W003,2025-10-21,430,2025-11-02,2025-11-02
PO008738,S003,P0067,W007,2025-07-08,416,2025-07-20,2025-07-21
PO008739,S017,P0020,W004,2025-03-22,850,2025-03-31,2025-03-31
PO008740,S022,P0019,W004,2025-04-18,30,2025-04-22,2025-04-22
PO008741,S019,P0013,W004,2025-11-17,417,2025-11-23,2025-11-23
PO008742,S015,P0017,W001,2025-03-08,627,2025-03-15,2025-03-15
PO008743,S006,P0078,W008,2025-06-23,995,2025-06-28,2025-06-28
PO008744,S012,P0030,W005,2025-12-12,911,2025-12-19,2025-12-19
PO008745,S019,P0086,W004,2025-12-17,112,2025-12-23,2025-12-23
PO008746,S006,P0043,W004,2025-11-24,121,2025-11-29,2025-11-29
PO008747,S011,P0048,W003,2025-02-12,117,2025-02-17,2025-02-18
PO008748,S020,P0043,W006,2025-07-06,301,2025-07-17,2025-07-24
PO008749,S020,P0093,W007,2025-10-29,984,2025-11-09,2025-11-11
PO008750,S010,P0066,W008,2025-07-19,998,2025-07-30,2025-07-30
PO008751,S016,P0053,W002,2025-02-08,826,2025-02-19,2025-02-19
PO008752,S018,P0072,W002,2025-08-08,879,2025-08-12,2025-08-12
PO008753,S014,P0078,W001,2025-11-03,687,2025-11-12,2025-11-12
PO008754,S004,P0034,W002,2025-01-04,676,2025-01-18,2025-01-18
PO008755,S012,P0077,W005,2025-05-01,440,2025-05-08,2025-05-08
PO008756,S020,P0074,W003,2025-12-02,383,2025-12-13,2025-12-13
PO008757,S023,P0072,W001,2025-03-18,230,2025-03-30,2025-03-30
PO008758,S021,P0071,W008,2025-06-28,686,2025-07-12,2025-07-12
PO008759,S008,P0013,W002,2025-05-13,773,2025-05-22,2025-05-22
PO008760,S007,P0090,W008,2025-11-07,527,2025-11-21,2025-11-21
PO008761,S009,P0056,W002,2025-08-17,95,2025-08-23,2025-08-24
PO008762,S024,P0059,W006,2025-10-03,342,2025-10-14,2025-10-14
PO008763,S025,P0032,W003,2025-06-01,909,2025-06-13,2025-06-13
PO008764,S017,P0083,W001,2025-06-13,471,2025-06-22,2025-06-22
PO008765,S010,P0079,W003,2025-10-17,706,2025-10-28,2025-10-28
PO008766,S003,P0054,W001,2025-04-19,642,2025-05-01,2025-05-04
PO008767,S021,P0002,W007,2025-05-06,990,2025-05-20,2025-05-20
PO008768,S025,P0037,W007,2025-08-28,949,2025-09-09,2025-09-09
PO008769,S008,P0083,W002,2025-11-06,37,2025-11-15,2025-11-16
PO008770,S014,P0097,W003,2025-12-11,310,2025-12-20,2025-12-20
PO008771,S007,P0033,W003,2025-05-26,805,2025-06-09,2025-06-12
PO008772,S016,P0001,W005,2025-09-09,769,2025-09-20,2025-09-23
PO008773,S018,P0028,W007,2025-07-02,217,2025-07-06,2025-07-06
PO008774,S011,P0017,W006,2025-11-05,181,2025-11-10,2025-11-10
PO008775,S006,P0057,W003,2025-11-02,436,2025-11-07,2025-11-08
PO008776,S020,P0070,W008,2025-03-13,403,2025-03-24,2025-03-29
PO008777,S021,P0052,W008,2025-08-07,219,2025-08-21,2025-08-23
PO008778,S014,P0044,W001,2025-07-26,765,2025-08-04,2025-08-04
PO008779,S021,P0084,W005,2025-06-22,914,2025-07-06,2025-07-06
PO008780,S013,P0047,W008,2025-05-21,871,2025-05-26,2025-05-28
PO008781,S004,P0013,W003,2025-09-29,517,2025-10-13,2025-10-13
PO008782,S020,P0076,W003,2025-08-02,999,2025-08-13,2025-08-13
PO008783,S020,P0030,W005,2025-09-26,62,2025-10-07,2025-10-07
PO008784,S011,P0085,W002,2025-01-20,101,2025-01-25,2025-01-25
PO008785,S018,P0066,W003,2025-03-07,558,2025-03-11,2025-03-14
PO008786,S001,P0053,W004,2025-10-30,323,2025-11-12,2025-11-15
PO008787,S012,P0018,W006,2025-05-27,600,2025-06-03,2025-06-03
PO008788,S018,P0028,W002,2025-06-14,218,2025-06-18,2025-06-18
PO008789,S007,P0004,W003,2025-11-06,425,2025-11-20,2025-11-21
PO008790,S012,P0042,W002,2025-01-06,949,2025-01-13,2025-01-13
PO008791,S001,P0006,W001,2025-01-14,446,2025-01-27,2025-01-27
PO008792,S022,P0009,W002,2025-05-12,480,2025-05-16,2025-05-16
PO008793,S004,P0020,W005,2025-12-08,903,2025-12-22,2025-12-27
PO008794,S018,P0094,W003,2025-08-31,499,2025-09-04,2025-09-04
PO008795,S015,P0038,W002,2025-08-19,747,2025-08-26,2025-08-26
PO008796,S003,P0068,W008,2025-08-16,143,2025-08-28,2025-08-28
PO008797,S007,P0050,W004,2025-06-11,547,2025-06-25,2025-06-25
PO008798,S006,P0060,W001,2025-10-10,657,2025-10-15,2025-10-15
PO008799,S015,P0013,W001,2025-09-20,545,2025-09-27,2025-09-27
PO008800,S015,P0099,W007,2025-05-11,58,2025-05-18,2025-05-18
PO008801,S006,P0094,W002,2025-08-13,218,2025-08-18,2025-08-18
PO008802,S008,P0042,W005,2025-09-15,127,2025-09-24,2025-09-25
PO008803,S008,P0068,W001,2025-08-22,287,2025-08-31,2025-09-01
PO008804,S022,P0025,W007,2025-12-02,999,2025-12-06,2025-12-06
PO008805,S001,P0031,W002,2025-11-12,372,2025-11-25,2025-11-25
PO008806,S013,P0012,W002,2025-01-24,330,2025-01-29,2025-01-29
PO008807,S023,P0064,W001,2025-09-28,409,2025-10-10,2025-10-10
PO008808,S024,P0079,W002,2025-04-05,59,2025-04-16,2025-04-16
PO008809,S021,P0061,W002,2025-05-22,878,2025-06-05,2025-06-05
PO008810,S013,P0053,W006,2025-07-01,800,2025-07-06,2025-07-06
PO008811,S011,P0026,W004,2025-07-25,600,2025-07-30,2025-07-30
PO008812,S004,P0061,W002,2025-03-22,171,2025-04-05,2025-04-05
PO008813,S007,P0010,W008,2025-10-01,989,2025-10-15,2025-10-15
PO008814,S012,P0012,W006,2025-10-03,206,2025-10-10,2025-10-10
PO008815,S013,P0022,W006,2025-07-27,449,2025-08-01,2025-08-08
PO008816,S022,P0053,W002,2025-10-23,883,2025-10-27,2025-10-27
PO008817,S012,P0021,W005,2025-02-08,476,2025-02-15,2025-02-18
PO008818,S016,P0035,W001,2025-10-15,772,2025-10-26,2025-10-26
PO008819,S006,P0071,W008,2025-05-04,246,2025-05-09,2025-05-09
PO008820,S014,P0082,W006,2025-12-30,447,2026-01-08,2026-01-15
PO008821,S019,P0027,W008,2025-10-10,223,2025-10-16,2025-10-19
PO008822,S016,P0060,W006,2025-06-29,798,2025-07-10,2025-07-10
PO008823,S004,P0099,W007,2025-04-07,137,2025-04-21,2025-04-21
PO008824,S005,P0047,W008,2025-07-10,848,2025-07-24,2025-07-24
PO008825,S009,P0066,W005,2025-03-15,823,2025-03-21,2025-03-23
PO008826,S024,P0096,W003,2025-09-30,987,2025-10-11,2025-10-11
PO008827,S003,P0015,W005,2025-02-18,413,2025-03-02,2025-03-02
PO008828,S022,P0024,W007,2025-12-03,993,2025-12-07,2025-12-07
PO008829,S010,P0084,W003,2025-07-29,241,2025-08-09,2025-08-09
PO008830,S017,P0010,W003,2025-04-26,916,2025-05-05,2025-05-06
PO008831,S019,P0088,W008,2025-01-23,82,2025-01-29,2025-01-30
PO008832,S010,P0024,W008,2025-04-08,415,2025-04-19,2025-04-19
PO008833,S012,P0088,W005,2025-11-24,24,2025-12-01,2025-12-01
PO008834,S023,P0057,W004,2025-11-09,353,2025-11-21,2025-11-24
PO008835,S007,P0034,W005,2025-07-09,311,2025-07-23,2025-07-23
PO008836,S018,P0041,W006,2025-07-01,527,2025-07-05,2025-07-05
PO008837,S019,P0040,W001,2025-05-28,164,2025-06-03,2025-06-03
PO008838,S015,P0011,W005,2025-12-08,973,2025-12-15,2025-12-15
PO008839,S007,P0090,W004,2025-01-23,681,2025-02-06,2025-02-13
PO008840,S012,P0001,W005,2025-04-15,178,2025-04-22,2025-04-22
PO008841,S022,P0030,W004,2025-06-12,941,2025-06-16,2025-06-16
PO008842,S007,P0043,W001,2025-03-08,800,2025-03-22,2025-03-23
PO008843,S010,P0082,W002,2025-10-17,978,2025-10-28,2025-10-28
PO008844,S025,P0026,W004,2025-10-16,982,2025-10-28,2025-10-28
PO008845,S024,P0053,W004,2025-02-15,850,2025-02-26,2025-03-01
PO008846,S022,P0047,W006,2025-03-22,30,2025-03-26,2025-03-26
PO008847,S020,P0009,W004,2025-05-27,88,2025-06-07,2025-06-07
PO008848,S010,P0009,W001,2025-08-10,723,2025-08-21,2025-08-21
PO008849,S025,P0001,W003,2025-12-09,633,2025-12-21,2025-12-21
PO008850,S023,P0071,W004,2025-01-15,983,2025-01-27,2025-01-29
PO008851,S005,P0044,W007,2025-05-01,563,2025-05-15,2025-05-16
PO008852,S018,P0059,W001,2025-03-19,221,2025-03-23,2025-03-25
PO008853,S009,P0056,W006,2025-11-18,285,2025-11-24,2025-11-24
PO008854,S016,P0051,W008,2025-10-22,127,2025-11-02,2025-11-07
PO008855,S007,P0016,W007,2025-08-29,73,2025-09-12,2025-09-12
PO008856,S025,P0038,W006,2025-01-18,970,2025-01-30,2025-01-30
PO008857,S025,P0011,W002,2025-09-13,357,2025-09-25,2025-09-30
PO008858,S010,P0025,W004,2025-10-04,209,2025-10-15,2025-10-15
PO008859,S005,P0093,W003,2025-01-27,258,2025-02-10,2025-02-10
PO008860,S007,P0083,W008,2025-01-02,970,2025-01-16,2025-01-23
PO008861,S005,P0082,W001,2025-12-19,362,2026-01-02,2026-01-09
PO008862,S015,P0059,W002,2025-10-22,869,2025-10-29,2025-10-31
PO008863,S019,P0029,W003,2025-11-08,310,2025-11-14,2025-11-14
PO008864,S010,P0080,W008,2025-12-29,342,2026-01-09,2026-01-09
PO008865,S008,P0040,W002,2025-08-27,340,2025-09-05,2025-09-05
PO008866,S024,P0008,W008,2025-01-13,804,2025-01-24,2025-01-24
PO008867,S009,P0098,W003,2025-07-03,61,2025-07-09,2025-07-09
PO008868,S011,P0006,W005,2025-07-13,974,2025-07-18,2025-07-18
PO008869,S022,P0045,W005,2025-02-25,217,2025-03-01,2025-03-01
PO008870,S002,P0053,W005,2025-08-18,908,2025-08-31,2025-08-31
PO008871,S003,P0094,W008,2025-01-28,652,2025-02-09,2025-02-10
PO008872,S013,P0098,W002,2025-11-16,926,2025-11-21,2025-11-21
PO008873,S011,P0021,W005,2025-03-12,865,2025-03-17,2025-03-20
PO008874,S010,P0057,W001,2025-07-29,303,2025-08-09,2025-08-09
PO008875,S015,P0076,W001,2025-07-03,826,2025-07-10,2025-07-10
PO008876,S006,P0006,W005,2025-12-22,201,2025-12-27,2025-12-27
PO008877,S001,P0063,W003,2025-02-10,631,2025-02-23,2025-02-23
PO008878,S014,P0006,W003,2025-09-17,30,2025-09-26,2025-09-26
PO008879,S018,P0053,W002,2025-12-10,902,2025-12-14,2025-12-15
PO008880,S024,P0004,W003,2025-03-25,764,2025-04-05,2025-04-05
PO008881,S011,P0009,W007,2025-02-15,461,2025-02-20,2025-02-25
PO008882,S008,P0069,W007,2025-06-08,648,2025-06-17,2025-06-17
PO008883,S022,P0074,W008,2025-12-10,443,2025-12-14,2025-12-14
PO008884,S003,P0072,W007,2025-01-07,519,2025-01-19,2025-01-19
PO008885,S014,P0087,W004,2025-11-29,407,2025-12-08,2025-12-10
PO008886,S002,P0004,W008,2025-05-16,595,2025-05-29,2025-05-29
PO008887,S016,P0058,W003,2025-07-02,707,2025-07-13,2025-07-16
PO008888,S006,P0037,W008,2025-07-16,473,2025-07-21,2025-07-22
PO008889,S001,P0071,W001,2025-06-21,614,2025-07-04,2025-07-04
PO008890,S014,P0006,W006,2025-12-15,946,2025-12-24,2025-12-24
PO008891,S010,P0051,W003,2025-10-03,21,2025-10-14,2025-10-14
PO008892,S006,P0079,W007,2025-03-19,830,2025-03-24,2025-03-24
PO008893,S009,P0099,W002,2025-06-27,748,2025-07-03,2025-07-03
PO008894,S007,P0050,W003,2025-01-27,261,2025-02-10,2025-02-12
PO008895,S025,P0096,W007,2025-04-30,828,2025-05-12,2025-05-12
PO008896,S002,P0014,W002,2025-10-08,79,2025-10-21,2025-10-21
PO008897,S011,P0099,W004,2025-11-04,387,2025-11-09,2025-11-09
PO008898,S014,P0011,W005,2025-07-15,734,2025-07-24,2025-07-24
PO008899,S005,P0010,W004,2025-10-04,961,2025-10-18,2025-10-19
PO008900,S009,P0061,W001,2025-01-18,59,2025-01-24,2025-01-25
PO008901,S007,P0081,W006,2025-10-22,334,2025-11-05,2025-11-05
PO008902,S025,P0013,W004,2025-09-28,576,2025-10-10,2025-10-10
PO008903,S014,P0034,W004,2025-02-22,317,2025-03-03,2025-03-05
PO008904,S016,P0060,W001,2025-10-21,650,2025-11-01,2025-11-01
PO008905,S022,P0051,W001,2025-02-21,936,2025-02-25,2025-02-25
PO008906,S016,P0005,W005,2025-08-04,662,2025-08-15,2025-08-20
PO008907,S007,P0074,W005,2025-03-13,469,2025-03-27,2025-03-29
PO008908,S010,P0032,W003,2025-01-28,414,2025-02-08,2025-02-08
PO008909,S021,P0012,W002,2025-09-09,811,2025-09-23,2025-09-23
PO008910,S006,P0052,W001,2025-02-04,581,2025-02-09,2025-02-14
PO008911,S017,P0013,W008,2025-07-20,107,2025-07-29,2025-07-31
PO008912,S001,P0085,W004,2025-09-06,552,2025-09-19,2025-09-19
PO008913,S002,P0054,W004,2025-04-09,940,2025-04-22,2025-04-23
PO008914,S014,P0097,W005,2025-11-04,407,2025-11-13,2025-11-13
PO008915,S004,P0054,W002,2025-05-20,763,2025-06-03,2025-06-03
PO008916,S009,P0041,W007,2025-03-24,400,2025-03-30,2025-03-30
PO008917,S023,P0048,W001,2025-02-17,574,2025-03-01,2025-03-01
PO008918,S006,P0051,W005,2025-10-05,450,2025-10-10,2025-10-11
PO008919,S017,P0047,W007,2025-09-05,554,2025-09-14,2025-09-14
PO008920,S021,P0050,W002,2025-06-26,975,2025-07-10,2025-07-12
PO008921,S011,P0096,W001,2025-02-21,235,2025-02-26,2025-02-26
PO008922,S004,P0076,W004,2025-03-20,296,2025-04-03,2025-04-03
PO008923,S021,P0046,W004,2025-11-18,213,2025-12-02,2025-12-02
PO008924,S009,P0099,W005,2025-03-05,746,2025-03-11,2025-03-11
PO008925,S016,P0100,W002,2025-01-08,198,2025-01-19,2025-01-19
PO008926,S003,P0038,W004,2025-08-02,162,2025-08-14,2025-08-14
PO008927,S004,P0092,W008,2025-01-25,845,2025-02-08,2025-02-09
PO008928,S024,P0013,W007,2025-09-13,557,2025-09-24,2025-09-24
PO008929,S003,P0076,W002,2025-08-31,237,2025-09-12,2025-09-13
PO008930,S013,P0022,W005,2025-07-17,530,2025-07-22,2025-07-23
PO008931,S019,P0002,W007,2025-04-04,78,2025-04-10,2025-04-12
PO008932,S025,P0093,W007,2025-07-26,365,2025-08-07,2025-08-07
PO008933,S021,P0077,W003,2025-01-15,576,2025-01-29,2025-02-05
PO008934,S001,P0099,W002,2025-06-27,981,2025-07-10,2025-07-10
PO008935,S023,P0013,W006,2025-03-16,438,2025-03-28,2025-03-29
PO008936,S023,P0057,W002,2025-04-14,243,2025-04-26,2025-04-27
PO008937,S006,P0034,W005,2025-10-21,369,2025-10-26,2025-10-26
PO008938,S022,P0019,W006,2025-06-17,787,2025-06-21,2025-06-28
PO008939,S003,P0009,W003,2025-04-25,641,2025-05-07,2025-05-07
PO008940,S003,P0095,W004,2025-02-08,851,2025-02-20,2025-02-20
PO008941,S016,P0033,W001,2025-12-30,871,2026-01-10,2026-01-10
PO008942,S010,P0027,W005,2025-09-30,781,2025-10-11,2025-10-11
PO008943,S025,P0045,W001,2025-05-15,96,2025-05-27,2025-05-28
PO008944,S017,P0002,W003,2025-08-20,814,2025-08-29,2025-08-29
PO008945,S007,P0079,W006,2025-02-08,618,2025-02-22,2025-02-25
PO008946,S013,P0083,W003,2025-10-18,781,2025-10-23,2025-10-23
PO008947,S011,P0057,W008,2025-11-03,227,2025-11-08,2025-11-08
PO008948,S010,P0095,W002,2025-02-16,178,2025-02-27,2025-02-27
PO008949,S007,P0057,W008,2025-02-05,543,2025-02-19,2025-02-19
PO008950,S024,P0016,W001,2025-11-16,244,2025-11-27,2025-12-02
PO008951,S006,P0079,W001,2025-04-05,377,2025-04-10,2025-04-11
PO008952,S024,P0006,W003,2025-12-27,832,2026-01-07,2026-01-07
PO008953,S001,P0014,W006,2025-01-13,403,2025-01-26,2025-01-26
PO008954,S017,P0027,W001,2025-05-26,563,2025-06-04,2025-06-04
PO008955,S025,P0038,W007,2025-03-06,585,2025-03-18,2025-03-18
PO008956,S012,P0019,W004,2025-08-16,523,2025-08-23,2025-08-25
PO008957,S004,P0037,W003,2025-08-30,469,2025-09-13,2025-09-14
PO008958,S003,P0004,W002,2025-01-08,261,2025-01-20,2025-01-20
PO008959,S006,P0058,W002,2025-10-31,388,2025-11-05,2025-11-08
PO008960,S016,P0090,W002,2025-12-07,646,2025-12-18,2025-12-18
PO008961,S013,P0009,W001,2025-02-12,490,2025-02-17,2025-02-17
PO008962,S009,P0040,W003,2025-09-01,307,2025-09-07,2025-09-08
PO008963,S011,P0015,W008,2025-06-30,418,2025-07-05,2025-07-05
PO008964,S020,P0004,W002,2025-03-26,123,2025-04-06,2025-04-06
PO008965,S025,P0090,W003,2025-06-04,330,2025-06-16,2025-06-16
PO008966,S021,P0052,W001,2025-10-02,828,2025-10-16,2025-10-16
PO008967,S013,P0018,W004,2025-01-23,146,2025-01-28,2025-01-28
PO008968,S023,P0053,W004,2025-04-25,59,2025-05-07,2025-05-07
PO008969,S019,P0059,W004,2025-11-02,91,2025-11-08,2025-11-08
PO008970,S003,P0099,W001,2025-10-26,766,2025-11-07,2025-11-07
PO008971,S012,P0054,W002,2025-04-09,901,2025-04-16,2025-04-16
PO008972,S019,P0041,W001,2025-04-14,964,2025-04-20,2025-04-20
PO008973,S008,P0060,W008,2025-02-20,266,2025-03-01,2025-03-01
PO008974,S014,P0093,W003,2025-12-28,825,2026-01-06,2026-01-09
PO008975,S022,P0088,W004,2025-04-22,266,2025-04-26,2025-04-29
PO008976,S009,P0004,W003,2025-09-01,331,2025-09-07,2025-09-07
PO008977,S025,P0085,W001,2025-06-18,53,2025-06-30,2025-07-03
PO008978,S024,P0039,W005,2025-03-13,148,2025-03-24,2025-03-24
PO008979,S017,P0007,W005,2025-05-19,29,2025-05-28,2025-05-28
PO008980,S006,P0023,W007,2025-12-02,187,2025-12-07,2025-12-07
PO008981,S004,P0085,W001,2025-08-19,803,2025-09-02,2025-09-03
PO008982,S004,P0063,W002,2025-08-27,235,2025-09-10,2025-09-10
PO008983,S019,P0065,W008,2025-09-10,961,2025-09-16,2025-09-16
PO008984,S012,P0041,W006,2025-02-18,427,2025-02-25,2025-02-25
PO008985,S025,P0089,W003,2025-10-30,771,2025-11-11,2025-11-11
PO008986,S002,P0095,W001,2025-03-13,545,2025-03-26,2025-03-26
PO008987,S017,P0044,W008,2025-09-20,621,2025-09-29,2025-09-29
PO008988,S015,P0045,W001,2025-11-18,954,2025-11-25,2025-11-25
PO008989,S010,P0069,W005,2025-08-10,37,2025-08-21,2025-08-21
PO008990,S003,P0095,W004,2025-03-18,359,2025-03-30,2025-03-30
PO008991,S020,P0051,W004,2025-03-03,700,2025-03-14,2025-03-16
PO008992,S004,P0065,W006,2025-06-06,587,2025-06-20,2025-06-20
PO008993,S022,P0054,W002,2025-10-21,695,2025-10-25,2025-10-25
PO008994,S001,P0056,W002,2025-05-05,683,2025-05-18,2025-05-18
PO008995,S001,P0094,W006,2025-08-17,109,2025-08-30,2025-09-01
PO008996,S018,P0082,W002,2025-12-06,304,2025-12-10,2025-12-10
PO008997,S004,P0072,W007,2025-06-10,553,2025-06-24,2025-06-24
PO008998,S023,P0090,W007,2025-01-29,286,2025-02-10,2025-02-10
PO008999,S022,P0040,W005,2025-04-24,828,2025-04-28,2025-04-28
PO009000,S015,P0058,W001,2025-03-20,452,2025-03-27,2025-03-27
PO009001,S025,P0015,W002,2025-01-23,777,2025-02-04,2025-02-04
PO009002,S023,P0019,W005,2025-04-16,670,2025-04-28,2025-04-28
PO009003,S021,P0010,W007,2025-05-11,71,2025-05-25,2025-05-25
PO009004,S022,P0088,W003,2025-12-23,86,2025-12-27,2025-12-27
PO009005,S010,P0016,W001,2025-06-22,616,2025-07-03,2025-07-04
PO009006,S025,P0043,W006,2025-09-21,269,2025-10-03,2025-10-03
PO009007,S017,P0031,W003,2025-12-08,350,2025-12-17,2025-12-24
PO009008,S025,P0016,W004,2025-10-12,923,2025-10-24,2025-10-31
PO009009,S022,P0080,W004,2025-01-02,434,2025-01-06,2025-01-08
PO009010,S012,P0028,W001,2025-08-21,142,2025-08-28,2025-09-02
PO009011,S020,P0062,W002,2025-09-08,221,2025-09-19,2025-09-19
PO009012,S012,P0020,W001,2025-11-17,25,2025-11-24,2025-11-26
PO009013,S016,P0035,W002,2025-04-18,868,2025-04-29,2025-04-29
PO009014,S005,P0059,W006,2025-10-03,505,2025-10-17,2025-10-18
PO009015,S016,P0009,W004,2025-06-29,218,2025-07-10,2025-07-10
PO009016,S017,P0010,W007,2025-08-01,755,2025-08-10,2025-08-10
PO009017,S023,P0045,W007,2025-10-20,32,2025-11-01,2025-11-06
PO009018,S015,P0082,W001,2025-03-13,25,2025-03-20,2025-03-20
PO009019,S013,P0015,W001,2025-10-10,982,2025-10-15,2025-10-17
PO009020,S008,P0030,W006,2025-06-24,430,2025-07-03,2025-07-04
PO009021,S021,P0048,W007,2025-05-03,140,2025-05-17,2025-05-17
PO009022,S002,P0096,W002,2025-08-15,576,2025-08-28,2025-08-28
PO009023,S008,P0040,W004,2025-10-28,381,2025-11-06,2025-11-06
PO009024,S010,P0091,W004,2025-03-24,557,2025-04-04,2025-04-09
PO009025,S007,P0091,W002,2025-09-10,23,2025-09-24,2025-10-01
PO009026,S010,P0083,W006,2025-05-26,824,2025-06-06,2025-06-07
PO009027,S025,P0074,W002,2025-04-30,808,2025-05-12,2025-05-15
PO009028,S004,P0044,W006,2025-03-06,303,2025-03-20,2025-03-20
PO009029,S011,P0046,W002,2025-10-08,741,2025-10-13,2025-10-13
PO009030,S009,P0006,W004,2025-10-10,819,2025-10-16,2025-10-16
PO009031,S004,P0024,W008,2025-04-16,378,2025-04-30,2025-04-30
PO009032,S003,P0073,W004,2025-10-27,712,2025-11-08,2025-11-08
PO009033,S011,P0091,W001,2025-04-17,784,2025-04-22,2025-04-22
PO009034,S003,P0007,W008,2025-02-05,948,2025-02-17,2025-02-18
PO009035,S018,P0006,W007,2025-05-27,301,2025-05-31,2025-05-31
PO009036,S019,P0033,W007,2025-09-19,676,2025-09-25,2025-09-25
PO009037,S014,P0085,W006,2025-06-08,971,2025-06-17,2025-06-17
PO009038,S024,P0038,W004,2025-09-22,647,2025-10-03,2025-10-05
PO009039,S011,P0044,W006,2025-07-21,368,2025-07-26,2025-07-26
PO009040,S024,P0017,W006,2025-06-04,999,2025-06-15,2025-06-15
PO009041,S002,P0031,W003,2025-01-13,49,2025-01-26,2025-01-28
PO009042,S002,P0037,W003,2025-10-24,908,2025-11-06,2025-11-06
PO009043,S002,P0011,W002,2025-11-18,773,2025-12-01,2025-12-01
PO009044,S010,P0092,W007,2025-03-26,536,2025-04-06,2025-04-07
PO009045,S023,P0005,W006,2025-10-07,393,2025-10-19,2025-10-19
PO009046,S015,P0064,W002,2025-09-02,793,2025-09-09,2025-09-09
PO009047,S022,P0076,W002,2025-10-27,637,2025-10-31,2025-10-31
PO009048,S012,P0003,W001,2025-12-28,143,2026-01-04,2026-01-04
PO009049,S011,P0056,W003,2025-12-20,465,2025-12-25,2025-12-25
PO009050,S017,P0063,W003,2025-11-12,413,2025-11-21,2025-11-21
PO009051,S018,P0038,W004,2025-01-09,857,2025-01-13,2025-01-16
PO009052,S014,P0054,W003,2025-09-04,669,2025-09-13,2025-09-13
PO009053,S017,P0002,W004,2025-11-08,637,2025-11-17,2025-11-17
PO009054,S015,P0090,W006,2025-10-05,744,2025-10-12,2025-10-12
PO009055,S012,P0002,W001,2025-08-26,831,2025-09-02,2025-09-05
PO009056,S016,P0012,W002,2025-07-22,75,2025-08-02,2025-08-02
PO009057,S023,P0040,W002,2025-09-04,151,2025-09-16,2025-09-16
PO009058,S006,P0002,W006,2025-08-23,800,2025-08-28,2025-08-28
PO009059,S002,P0080,W004,2025-03-22,141,2025-04-04,2025-04-04
PO009060,S002,P0094,W005,2025-12-22,221,2026-01-04,2026-01-04
PO009061,S016,P0057,W006,2025-01-13,739,2025-01-24,2025-01-24
PO009062,S002,P0047,W004,2025-11-23,806,2025-12-06,2025-12-06
PO009063,S008,P0036,W006,2025-01-16,985,2025-01-25,2025-01-25
PO009064,S007,P0004,W001,2025-02-14,621,2025-02-28,2025-02-28
PO009065,S001,P0075,W006,2025-11-17,721,2025-11-30,2025-11-30
PO009066,S004,P0024,W006,2025-05-19,284,2025-06-02,2025-06-02
PO009067,S011,P0082,W003,2025-11-22,577,2025-11-27,2025-11-27
PO009068,S020,P0091,W004,2025-05-28,843,2025-06-08,2025-06-11
PO009069,S007,P0062,W001,2025-12-21,861,2026-01-04,2026-01-04
PO009070,S018,P0002,W008,2025-08-24,59,2025-08-28,2025-09-02
PO009071,S004,P0015,W007,2025-07-10,598,2025-07-24,2025-07-24
PO009072,S017,P0075,W002,2025-04-11,132,2025-04-20,2025-04-20
PO009073,S011,P0091,W005,2025-04-15,358,2025-04-20,2025-04-21
PO009074,S011,P0049,W005,2025-09-07,81,2025-09-12,2025-09-12
PO009075,S020,P0087,W004,2025-04-04,246,2025-04-15,2025-04-15
PO009076,S011,P0035,W006,2025-08-08,193,2025-08-13,2025-08-13
PO009077,S015,P0094,W003,2025-10-25,153,2025-11-01,2025-11-01
PO009078,S014,P0047,W006,2025-12-05,304,2025-12-14,2025-12-16
PO009079,S017,P0024,W004,2025-05-13,806,2025-05-22,2025-05-23
PO009080,S002,P0083,W005,2025-12-27,645,2026-01-09,2026-01-14
PO009081,S018,P0060,W005,2025-06-04,127,2025-06-08,2025-06-13
PO009082,S016,P0093,W006,2025-01-28,162,2025-02-08,2025-02-08
PO009083,S012,P0077,W006,2025-10-09,588,2025-10-16,2025-10-16
PO009084,S010,P0048,W006,2025-04-26,313,2025-05-07,2025-05-07
PO009085,S016,P0023,W002,2025-11-01,296,2025-11-12,2025-11-12
PO009086,S003,P0012,W003,2025-08-22,511,2025-09-03,2025-09-03
PO009087,S008,P0041,W003,2025-01-01,582,2025-01-10,2025-01-10
PO009088,S022,P0029,W007,2025-12-14,954,2025-12-18,2025-12-18
PO009089,S022,P0070,W007,2025-08-28,490,2025-09-01,2025-09-01
PO009090,S025,P0051,W008,2025-02-27,295,2025-03-11,2025-03-11
PO009091,S024,P0023,W005,2025-12-01,253,2025-12-12,2025-12-12
PO009092,S002,P0031,W005,2025-07-02,261,2025-07-15,2025-07-15
PO009093,S022,P0021,W004,2025-12-03,277,2025-12-07,2025-12-09
PO009094,S001,P0024,W004,2025-01-26,768,2025-02-08,2025-02-10
PO009095,S014,P0072,W007,2025-03-18,51,2025-03-27,2025-03-27
PO009096,S025,P0009,W002,2025-08-05,386,2025-08-17,2025-08-22
PO009097,S004,P0022,W005,2025-11-24,367,2025-12-08,2025-12-08
PO009098,S004,P0004,W004,2025-11-21,779,2025-12-05,2025-12-07
PO009099,S009,P0077,W002,2025-09-19,151,2025-09-25,2025-09-25
PO009100,S003,P0098,W003,2025-01-23,794,2025-02-04,2025-02-04
PO009101,S005,P0003,W008,2025-09-01,790,2025-09-15,2025-09-15
PO009102,S001,P0028,W005,2025-06-07,812,2025-06-20,2025-06-20
PO009103,S022,P0090,W001,2025-07-25,387,2025-07-29,2025-08-01
PO009104,S019,P0098,W005,2025-11-06,781,2025-11-12,2025-11-12
PO009105,S001,P0015,W004,2025-03-28,284,2025-04-10,2025-04-10
PO009106,S010,P0008,W005,2025-09-24,234,2025-10-05,2025-10-05
PO009107,S022,P0048,W007,2025-05-14,234,2025-05-18,2025-05-18
PO009108,S012,P0099,W001,2025-09-24,301,2025-10-01,2025-10-01
PO009109,S010,P0088,W007,2025-11-29,851,2025-12-10,2025-12-15
PO009110,S002,P0052,W005,2025-09-25,549,2025-10-08,2025-10-08
PO009111,S016,P0055,W007,2025-02-22,878,2025-03-05,2025-03-05
PO009112,S008,P0037,W004,2025-04-09,21,2025-04-18,2025-04-23
PO009113,S014,P0004,W003,2025-09-04,532,2025-09-13,2025-09-13
PO009114,S015,P0055,W004,2025-02-05,835,2025-02-12,2025-02-12
PO009115,S016,P0012,W002,2025-01-28,483,2025-02-08,2025-02-08
PO009116,S011,P0019,W007,2025-08-08,466,2025-08-13,2025-08-13
PO009117,S012,P0079,W004,2025-04-12,382,2025-04-19,2025-04-19
PO009118,S002,P0057,W002,2025-09-20,235,2025-10-03,2025-10-03
PO009119,S004,P0094,W005,2025-09-28,183,2025-10-12,2025-10-13
PO009120,S003,P0037,W002,2025-08-12,722,2025-08-24,2025-08-26
PO009121,S009,P0076,W007,2025-05-19,606,2025-05-25,2025-05-25
PO009122,S018,P0083,W006,2025-10-07,557,2025-10-11,2025-10-14
PO009123,S019,P0098,W005,2025-10-13,530,2025-10-19,2025-10-19
PO009124,S007,P0007,W002,2025-09-07,793,2025-09-21,2025-09-21
PO009125,S004,P0092,W007,2025-11-18,813,2025-12-02,2025-12-03
PO009126,S006,P0055,W007,2025-11-13,240,2025-11-18,2025-11-18
PO009127,S019,P0028,W004,2025-03-19,574,2025-03-25,2025-03-25
PO009128,S001,P0093,W001,2025-10-24,653,2025-11-06,2025-11-06
PO009129,S016,P0037,W005,2025-12-04,660,2025-12-15,2025-12-17
PO009130,S011,P0084,W002,2025-11-03,796,2025-11-08,2025-11-08
PO009131,S022,P0061,W001,2025-12-17,302,2025-12-21,2025-12-21
PO009132,S004,P0075,W007,2025-01-13,90,2025-01-27,2025-01-27
PO009133,S018,P0039,W002,2025-12-12,904,2025-12-16,2025-12-18
PO009134,S023,P0023,W008,2025-03-23,393,2025-04-04,2025-04-04
PO009135,S005,P0052,W002,2025-01-09,278,2025-01-23,2025-01-23
PO009136,S022,P0084,W002,2025-08-01,464,2025-08-05,2025-08-07
PO009137,S006,P0084,W004,2025-02-17,220,2025-02-22,2025-02-24
PO009138,S025,P0011,W002,2025-02-18,661,2025-03-02,2025-03-02
PO009139,S002,P0066,W001,2025-11-05,399,2025-11-18,2025-11-18
PO009140,S012,P0013,W006,2025-02-09,861,2025-02-16,2025-02-16
PO009141,S022,P0077,W002,2025-12-29,612,2026-01-02,2026-01-07
PO009142,S009,P0041,W006,2025-10-07,785,2025-10-13,2025-10-13
PO009143,S020,P0049,W003,2025-08-14,434,2025-08-25,2025-08-25
PO009144,S012,P0015,W007,2025-04-18,84,2025-04-25,2025-04-25
PO009145,S013,P0056,W005,2025-09-02,397,2025-09-07,2025-09-07
PO009146,S022,P0054,W004,2025-09-12,677,2025-09-16,2025-09-17
PO009147,S023,P0031,W003,2025-02-02,665,2025-02-14,2025-02-14
PO009148,S017,P0061,W003,2025-01-23,121,2025-02-01,2025-02-01
PO009149,S005,P0058,W001,2025-11-29,61,2025-12-13,2025-12-18
PO009150,S020,P0087,W001,2025-02-23,898,2025-03-06,2025-03-08
PO009151,S013,P0060,W008,2025-11-05,215,2025-11-10,2025-11-15
PO009152,S013,P0053,W006,2025-02-18,379,2025-02-23,2025-02-25
PO009153,S010,P0086,W006,2025-03-19,791,2025-03-30,2025-03-30
PO009154,S015,P0061,W004,2025-12-02,118,2025-12-09,2025-12-09
PO009155,S015,P0080,W004,2025-12-24,407,2025-12-31,2025-12-31
PO009156,S018,P0042,W008,2025-05-02,84,2025-05-06,2025-05-06
PO009157,S018,P0029,W005,2025-12-25,316,2025-12-29,2025-12-29
PO009158,S002,P0084,W002,2025-03-31,446,2025-04-13,2025-04-13
PO009159,S023,P0092,W004,2025-12-12,242,2025-12-24,2025-12-29
PO009160,S011,P0027,W004,2025-07-12,776,2025-07-17,2025-07-17
PO009161,S013,P0044,W006,2025-09-01,714,2025-09-06,2025-09-06
PO009162,S011,P0093,W002,2025-05-29,934,2025-06-03,2025-06-03
PO009163,S004,P0005,W005,2025-05-26,168,2025-06-09,2025-06-12
PO009164,S015,P0052,W007,2025-11-12,528,2025-11-19,2025-11-24
PO009165,S022,P0053,W007,2025-05-21,461,2025-05-25,2025-05-25
PO009166,S023,P0052,W001,2025-10-13,433,2025-10-25,2025-10-25
PO009167,S025,P0038,W005,2025-12-05,135,2025-12-17,2025-12-17
PO009168,S011,P0044,W002,2025-04-21,922,2025-04-26,2025-05-01
PO009169,S018,P0053,W001,2025-04-18,472,2025-04-22,2025-04-22
PO009170,S016,P0002,W001,2025-10-08,339,2025-10-19,2025-10-20
PO009171,S010,P0054,W008,2025-02-19,789,2025-03-02,2025-03-02
PO009172,S012,P0084,W001,2025-01-14,902,2025-01-21,2025-01-21
PO009173,S013,P0077,W005,2025-05-14,470,2025-05-19,2025-05-19
PO009174,S009,P0090,W008,2025-03-17,915,2025-03-23,2025-03-26
PO009175,S021,P0035,W006,2025-03-25,98,2025-04-08,2025-04-15
PO009176,S013,P0046,W002,2025-12-09,762,2025-12-14,2025-12-17
PO009177,S006,P0072,W005,2025-06-07,376,2025-06-12,2025-06-12
PO009178,S006,P0092,W005,2025-10-13,138,2025-10-18,2025-10-18
PO009179,S011,P0079,W003,2025-11-10,605,2025-11-15,2025-11-17
PO009180,S019,P0055,W004,2025-04-04,540,2025-04-10,2025-04-10
PO009181,S011,P0072,W007,2025-10-24,298,2025-10-29,2025-11-03
PO009182,S010,P0011,W005,2025-04-04,801,2025-04-15,2025-04-15
PO009183,S023,P0029,W003,2025-02-26,585,2025-03-10,2025-03-15
PO009184,S015,P0069,W007,2025-06-13,911,2025-06-20,2025-06-22
PO009185,S013,P0063,W006,2025-11-16,64,2025-11-21,2025-11-21
PO009186,S023,P0047,W008,2025-04-08,244,2025-04-20,2025-04-20
PO009187,S008,P0007,W006,2025-01-16,547,2025-01-25,2025-01-25
PO009188,S005,P0064,W002,2025-12-10,743,2025-12-24,2025-12-24
PO009189,S002,P0082,W003,2025-03-19,731,2025-04-01,2025-04-01
PO009190,S016,P0064,W008,2025-12-12,260,2025-12-23,2025-12-23
PO009191,S013,P0092,W005,2025-03-13,633,2025-03-18,2025-03-18
PO009192,S019,P0012,W008,2025-09-27,501,2025-10-03,2025-10-03
PO009193,S009,P0012,W002,2025-10-14,114,2025-10-20,2025-10-27
PO009194,S015,P0036,W003,2025-03-07,384,2025-03-14,2025-03-14
PO009195,S006,P0029,W005,2025-03-09,204,2025-03-14,2025-03-17
PO009196,S008,P0011,W002,2025-07-12,155,2025-07-21,2025-07-21
PO009197,S024,P0053,W007,2025-02-24,44,2025-03-07,2025-03-09
PO009198,S014,P0070,W002,2025-06-17,956,2025-06-26,2025-06-26
PO009199,S005,P0085,W007,2025-01-25,337,2025-02-08,2025-02-09
PO009200,S017,P0074,W004,2025-05-11,352,2025-05-20,2025-05-21
PO009201,S022,P0096,W006,2025-11-21,933,2025-11-25,2025-11-30
PO009202,S007,P0047,W008,2025-04-12,581,2025-04-26,2025-04-26
PO009203,S009,P0033,W008,2025-10-09,700,2025-10-15,2025-10-15
PO009204,S016,P0081,W007,2025-10-23,821,2025-11-03,2025-11-06
PO009205,S018,P0067,W005,2025-10-21,119,2025-10-25,2025-10-25
PO009206,S013,P0043,W004,2025-09-20,389,2025-09-25,2025-09-25
PO009207,S018,P0018,W002,2025-04-30,612,2025-05-04,2025-05-04
PO009208,S010,P0074,W002,2025-08-19,31,2025-08-30,2025-08-30
PO009209,S001,P0053,W003,2025-10-18,739,2025-10-31,2025-10-31
PO009210,S021,P0039,W004,2025-06-10,96,2025-06-24,2025-06-24
PO009211,S018,P0072,W001,2025-06-10,606,2025-06-14,2025-06-14
PO009212,S019,P0034,W005,2025-03-19,993,2025-03-25,2025-03-25
PO009213,S002,P0037,W006,2025-02-07,701,2025-02-20,2025-02-20
PO009214,S004,P0041,W007,2025-01-28,842,2025-02-11,2025-02-13
PO009215,S011,P0097,W004,2025-04-10,367,2025-04-15,2025-04-20
PO009216,S003,P0049,W002,2025-10-21,462,2025-11-02,2025-11-02
PO009217,S009,P0010,W003,2025-05-04,710,2025-05-10,2025-05-12
PO009218,S010,P0040,W005,2025-04-02,107,2025-04-13,2025-04-18
PO009219,S002,P0018,W006,2025-09-12,968,2025-09-25,2025-09-26
PO009220,S007,P0025,W007,2025-04-07,484,2025-04-21,2025-04-28
PO009221,S015,P0041,W005,2025-01-06,796,2025-01-13,2025-01-13
PO009222,S019,P0036,W003,2025-06-18,513,2025-06-24,2025-06-27
PO009223,S010,P0002,W002,2025-09-28,241,2025-10-09,2025-10-10
PO009224,S024,P0083,W008,2025-04-18,534,2025-04-29,2025-04-29
PO009225,S020,P0074,W007,2025-10-26,137,2025-11-06,2025-11-07
PO009226,S014,P0049,W008,2025-02-16,155,2025-02-25,2025-02-25
PO009227,S004,P0067,W006,2025-04-09,997,2025-04-23,2025-04-23
PO009228,S025,P0053,W001,2025-01-14,206,2025-01-26,2025-01-26
PO009229,S011,P0019,W003,2025-07-13,561,2025-07-18,2025-07-19
PO009230,S003,P0026,W001,2025-06-06,598,2025-06-18,2025-06-19
PO009231,S023,P0054,W004,2025-06-03,330,2025-06-15,2025-06-15
PO009232,S017,P0051,W008,2025-04-25,949,2025-05-04,2025-05-04
PO009233,S007,P0025,W005,2025-09-15,398,2025-09-29,2025-09-29
PO009234,S011,P0017,W006,2025-05-25,830,2025-05-30,2025-05-30
PO009235,S018,P0074,W008,2025-10-18,431,2025-10-22,2025-10-25
PO009236,S014,P0061,W002,2025-01-10,440,2025-01-19,2025-01-22
PO009237,S014,P0046,W001,2025-08-02,236,2025-08-11,2025-08-12
PO009238,S006,P0055,W002,2025-08-21,689,2025-08-26,2025-09-02
PO009239,S009,P0050,W004,2025-06-20,90,2025-06-26,2025-06-29
PO009240,S022,P0075,W001,2025-01-21,849,2025-01-25,2025-01-25
PO009241,S003,P0011,W002,2025-01-15,129,2025-01-27,2025-01-27
PO009242,S017,P0012,W002,2025-05-06,304,2025-05-15,2025-05-15
PO009243,S012,P0040,W007,2025-12-07,902,2025-12-14,2025-12-14
PO009244,S004,P0048,W004,2025-12-07,789,2025-12-21,2025-12-23
PO009245,S020,P0056,W003,2025-08-01,621,2025-08-12,2025-08-12
PO009246,S016,P0008,W006,2025-07-07,892,2025-07-18,2025-07-21
PO009247,S024,P0088,W004,2025-06-21,588,2025-07-02,2025-07-02
PO009248,S010,P0014,W001,2025-09-04,972,2025-09-15,2025-09-16
PO009249,S007,P0087,W001,2025-01-05,317,2025-01-19,2025-01-19
PO009250,S010,P0056,W005,2025-08-19,518,2025-08-30,2025-08-30
PO009251,S007,P0054,W002,2025-07-20,580,2025-08-03,2025-08-03
PO009252,S023,P0100,W006,2025-05-29,716,2025-06-10,2025-06-13
PO009253,S018,P0017,W001,2025-03-13,730,2025-03-17,2025-03-20
PO009254,S009,P0045,W003,2025-08-14,549,2025-08-20,2025-08-21
PO009255,S022,P0005,W003,2025-03-15,217,2025-03-19,2025-03-19
PO009256,S018,P0003,W004,2025-11-03,526,2025-11-07,2025-11-07
PO009257,S017,P0009,W008,2025-06-18,508,2025-06-27,2025-06-30
PO009258,S011,P0084,W001,2025-09-06,763,2025-09-11,2025-09-11
PO009259,S001,P0020,W006,2025-10-07,46,2025-10-20,2025-10-21
PO009260,S017,P0083,W006,2025-06-01,137,2025-06-10,2025-06-10
PO009261,S004,P0021,W008,2025-08-12,73,2025-08-26,2025-08-26
PO009262,S004,P0080,W001,2025-08-13,523,2025-08-27,2025-08-27
PO009263,S014,P0033,W008,2025-02-07,171,2025-02-16,2025-02-21
PO009264,S009,P0005,W007,2025-02-13,756,2025-02-19,2025-02-22
PO009265,S013,P0024,W005,2025-07-04,498,2025-07-09,2025-07-12
PO009266,S016,P0063,W005,2025-08-29,181,2025-09-09,2025-09-09
PO009267,S001,P0079,W005,2025-11-27,681,2025-12-10,2025-12-10
PO009268,S003,P0026,W007,2025-12-17,235,2025-12-29,2026-01-05
PO009269,S019,P0089,W001,2025-07-29,850,2025-08-04,2025-08-04
PO009270,S008,P0092,W004,2025-01-23,439,2025-02-01,2025-02-01
PO009271,S018,P0033,W007,2025-05-04,367,2025-05-08,2025-05-08
PO009272,S006,P0018,W006,2025-03-27,359,2025-04-01,2025-04-01
PO009273,S020,P0018,W004,2025-02-12,848,2025-02-23,2025-02-23
PO009274,S006,P0038,W008,2025-02-09,869,2025-02-14,2025-02-17
PO009275,S005,P0033,W004,2025-10-30,573,2025-11-13,2025-11-20
PO009276,S012,P0027,W007,2025-06-18,371,2025-06-25,2025-06-25
PO009277,S009,P0049,W004,2025-06-24,692,2025-06-30,2025-06-30
PO009278,S009,P0050,W003,2025-01-20,605,2025-01-26,2025-01-27
PO009279,S017,P0015,W001,2025-04-19,924,2025-04-28,2025-04-28
PO009280,S019,P0077,W002,2025-07-12,394,2025-07-18,2025-07-25
PO009281,S017,P0052,W001,2025-09-01,556,2025-09-10,2025-09-10
PO009282,S022,P0098,W004,2025-11-20,928,2025-11-24,2025-11-24
PO009283,S016,P0068,W003,2025-10-07,322,2025-10-18,2025-10-19
PO009284,S012,P0099,W003,2025-08-16,261,2025-08-23,2025-08-25
PO009285,S003,P0019,W001,2025-02-05,397,2025-02-17,2025-02-17
PO009286,S014,P0095,W008,2025-02-14,704,2025-02-23,2025-02-23
PO009287,S017,P0025,W002,2025-01-28,408,2025-02-06,2025-02-06
PO009288,S022,P0076,W007,2025-06-03,306,2025-06-07,2025-06-07
PO009289,S016,P0076,W007,2025-01-23,178,2025-02-03,2025-02-03
PO009290,S021,P0025,W004,2025-07-26,373,2025-08-09,2025-08-12
PO009291,S012,P0033,W003,2025-04-01,749,2025-04-08,2025-04-08
PO009292,S024,P0060,W004,2025-12-25,474,2026-01-05,2026-01-05
PO009293,S002,P0037,W004,2025-02-07,956,2025-02-20,2025-02-21
PO009294,S008,P0092,W006,2025-08-16,646,2025-08-25,2025-08-25
PO009295,S012,P0043,W004,2025-07-21,961,2025-07-28,2025-07-31
PO009296,S021,P0009,W005,2025-12-16,260,2025-12-30,2025-12-31
PO009297,S016,P0014,W006,2025-11-05,839,2025-11-16,2025-11-16
PO009298,S008,P0003,W004,2025-09-11,231,2025-09-20,2025-09-23
PO009299,S016,P0069,W004,2025-02-07,382,2025-02-18,2025-02-18
PO009300,S010,P0056,W002,2025-08-09,617,2025-08-20,2025-08-21
PO009301,S020,P0026,W007,2025-07-06,152,2025-07-17,2025-07-20
PO009302,S015,P0053,W006,2025-02-12,799,2025-02-19,2025-02-22
PO009303,S004,P0041,W007,2025-12-25,528,2026-01-08,2026-01-08
PO009304,S015,P0082,W006,2025-04-24,296,2025-05-01,2025-05-01
PO009305,S004,P0021,W002,2025-09-17,284,2025-10-01,2025-10-01
PO009306,S011,P0039,W005,2025-01-05,624,2025-01-10,2025-01-12
PO009307,S006,P0080,W006,2025-03-09,622,2025-03-14,2025-03-19
PO009308,S004,P0023,W005,2025-08-16,676,2025-08-30,2025-08-30
PO009309,S009,P0093,W004,2025-05-03,379,2025-05-09,2025-05-09
PO009310,S009,P0074,W003,2025-06-22,683,2025-06-28,2025-06-30
PO009311,S003,P0058,W003,2025-12-02,686,2025-12-14,2025-12-14
PO009312,S023,P0069,W001,2025-06-02,155,2025-06-14,2025-06-14
PO009313,S005,P0075,W003,2025-09-24,784,2025-10-08,2025-10-08
PO009314,S015,P0029,W003,2025-06-06,447,2025-06-13,2025-06-13
PO009315,S009,P0062,W002,2025-06-11,849,2025-06-17,2025-06-24
PO009316,S002,P0053,W001,2025-08-02,48,2025-08-15,2025-08-22
PO009317,S003,P0045,W007,2025-01-26,614,2025-02-07,2025-02-07
PO009318,S021,P0027,W008,2025-10-19,349,2025-11-02,2025-11-09
PO009319,S012,P0034,W001,2025-07-08,939,2025-07-15,2025-07-15
PO009320,S016,P0014,W002,2025-05-02,53,2025-05-13,2025-05-16
PO009321,S005,P0041,W008,2025-08-18,523,2025-09-01,2025-09-01
PO009322,S010,P0074,W003,2025-02-28,847,2025-03-11,2025-03-13
PO009323,S015,P0060,W003,2025-04-06,123,2025-04-13,2025-04-13
PO009324,S014,P0042,W001,2025-09-19,946,2025-09-28,2025-09-28
PO009325,S014,P0051,W003,2025-12-20,513,2025-12-29,2026-01-03
PO009326,S023,P0075,W001,2025-11-08,390,2025-11-20,2025-11-20
PO009327,S013,P0011,W003,2025-05-16,407,2025-05-21,2025-05-28
PO009328,S016,P0035,W004,2025-12-16,764,2025-12-27,2025-12-27
PO009329,S008,P0019,W002,2025-10-10,256,2025-10-19,2025-10-19
PO009330,S008,P0088,W008,2025-04-30,754,2025-05-09,2025-05-12
PO009331,S017,P0065,W006,2025-01-25,924,2025-02-03,2025-02-03
PO009332,S017,P0076,W005,2025-12-08,109,2025-12-17,2025-12-17
PO009333,S003,P0061,W007,2025-05-26,352,2025-06-07,2025-06-07
PO009334,S001,P0047,W004,2025-01-12,396,2025-01-25,2025-01-25
PO009335,S017,P0014,W003,2025-03-28,259,2025-04-06,2025-04-06
PO009336,S024,P0067,W005,2025-04-19,749,2025-04-30,2025-04-30
PO009337,S016,P0052,W006,2025-12-11,201,2025-12-22,2025-12-22
PO009338,S017,P0032,W004,2025-09-23,276,2025-10-02,2025-10-02
PO009339,S025,P0080,W006,2025-08-10,763,2025-08-22,2025-08-29
PO009340,S002,P0010,W002,2025-03-15,208,2025-03-28,2025-03-29
PO009341,S025,P0017,W005,2025-11-29,860,2025-12-11,2025-12-11
PO009342,S014,P0040,W006,2025-11-06,434,2025-11-15,2025-11-15
PO009343,S007,P0068,W005,2025-04-12,875,2025-04-26,2025-04-26
PO009344,S025,P0063,W002,2025-05-17,274,2025-05-29,2025-05-29
PO009345,S019,P0015,W006,2025-07-10,64,2025-07-16,2025-07-16
PO009346,S001,P0097,W004,2025-05-22,847,2025-06-04,2025-06-07
PO009347,S017,P0039,W005,2025-12-23,617,2026-01-01,2026-01-04
PO009348,S010,P0057,W007,2025-03-14,220,2025-03-25,2025-03-25
PO009349,S006,P0010,W007,2025-11-24,378,2025-11-29,2025-11-29
PO009350,S007,P0071,W007,2025-06-16,362,2025-06-30,2025-06-30
PO009351,S025,P0097,W008,2025-06-17,231,2025-06-29,2025-06-29
PO009352,S006,P0017,W008,2025-02-23,650,2025-02-28,2025-03-02
PO009353,S005,P0076,W006,2025-09-16,317,2025-09-30,2025-10-01
PO009354,S002,P0017,W002,2025-04-21,174,2025-05-04,2025-05-04
PO009355,S018,P0016,W007,2025-08-20,717,2025-08-24,2025-08-25
PO009356,S024,P0078,W006,2025-06-10,216,2025-06-21,2025-06-22
PO009357,S017,P0003,W006,2025-12-18,868,2025-12-27,2025-12-27
PO009358,S024,P0051,W004,2025-11-23,501,2025-12-04,2025-12-04
PO009359,S023,P0094,W003,2025-01-19,732,2025-01-31,2025-02-02
PO009360,S007,P0046,W001,2025-10-17,949,2025-10-31,2025-10-31
PO009361,S021,P0055,W003,2025-02-19,797,2025-03-05,2025-03-07
PO009362,S019,P0099,W008,2025-06-24,398,2025-06-30,2025-06-30
PO009363,S007,P0026,W003,2025-10-29,767,2025-11-12,2025-11-12
PO009364,S023,P0076,W001,2025-07-03,725,2025-07-15,2025-07-15
PO009365,S007,P0031,W006,2025-07-04,386,2025-07-18,2025-07-18
PO009366,S016,P0081,W003,2025-12-05,556,2025-12-16,2025-12-16
PO009367,S012,P0072,W008,2025-11-03,790,2025-11-10,2025-11-13
PO009368,S015,P0019,W008,2025-11-06,949,2025-11-13,2025-11-14
PO009369,S015,P0090,W003,2025-12-12,90,2025-12-19,2025-12-26
PO009370,S011,P0068,W002,2025-03-22,47,2025-03-27,2025-03-27
PO009371,S002,P0015,W002,2025-06-05,412,2025-06-18,2025-06-18
PO009372,S003,P0058,W004,2025-10-02,542,2025-10-14,2025-10-14
PO009373,S019,P0078,W008,2025-10-10,368,2025-10-16,2025-10-16
PO009374,S020,P0030,W005,2025-09-06,137,2025-09-17,2025-09-17
PO009375,S025,P0048,W006,2025-05-27,399,2025-06-08,2025-06-09
PO009376,S015,P0056,W007,2025-01-07,227,2025-01-14,2025-01-14
PO009377,S016,P0042,W008,2025-06-06,442,2025-06-17,2025-06-17
PO009378,S001,P0024,W004,2025-06-20,112,2025-07-03,2025-07-03
PO009379,S015,P0052,W008,2025-03-10,160,2025-03-17,2025-03-17
PO009380,S012,P0043,W008,2025-04-04,374,2025-04-11,2025-04-13
PO009381,S007,P0034,W002,2025-12-29,542,2026-01-12,2026-01-15
PO009382,S007,P0060,W008,2025-07-05,822,2025-07-19,2025-07-19
PO009383,S011,P0083,W002,2025-06-19,770,2025-06-24,2025-06-26
PO009384,S020,P0003,W001,2025-07-23,795,2025-08-03,2025-08-03
PO009385,S011,P0068,W001,2025-02-11,794,2025-02-16,2025-02-16
PO009386,S017,P0011,W007,2025-01-13,88,2025-01-22,2025-01-22
PO009387,S003,P0013,W008,2025-06-03,601,2025-06-15,2025-06-16
PO009388,S016,P0050,W007,2025-10-01,716,2025-10-12,2025-10-12
PO009389,S005,P0082,W002,2025-10-25,902,2025-11-08,2025-11-08
PO009390,S002,P0019,W003,2025-02-20,143,2025-03-05,2025-03-05
PO009391,S023,P0044,W007,2025-07-31,438,2025-08-12,2025-08-12
PO009392,S007,P0033,W004,2025-05-24,753,2025-06-07,2025-06-07
PO009393,S010,P0038,W002,2025-12-23,542,2026-01-03,2026-01-06
PO009394,S005,P0003,W006,2025-01-03,697,2025-01-17,2025-01-18
PO009395,S015,P0099,W008,2025-09-11,622,2025-09-18,2025-09-25
PO009396,S012,P0065,W002,2025-12-01,779,2025-12-08,2025-12-10
PO009397,S010,P0035,W001,2025-09-13,360,2025-09-24,2025-09-24
PO009398,S022,P0036,W004,2025-04-08,993,2025-04-12,2025-04-12
PO009399,S017,P0038,W008,2025-06-22,324,2025-07-01,2025-07-01
PO009400,S020,P0039,W004,2025-05-30,822,2025-06-10,2025-06-10
PO009401,S020,P0025,W005,2025-10-06,176,2025-10-17,2025-10-17
PO009402,S011,P0064,W002,2025-02-28,107,2025-03-05,2025-03-06
PO009403,S008,P0013,W005,2025-04-23,247,2025-05-02,2025-05-02
PO009404,S015,P0068,W001,2025-11-20,956,2025-11-27,2025-11-28
PO009405,S002,P0070,W005,2025-08-31,384,2025-09-13,2025-09-13
PO009406,S017,P0075,W003,2025-11-06,665,2025-11-15,2025-11-15
PO009407,S023,P0001,W002,2025-02-26,285,2025-03-10,2025-03-10
PO009408,S006,P0072,W002,2025-03-01,103,2025-03-06,2025-03-06
PO009409,S021,P0054,W004,2025-11-25,231,2025-12-09,2025-12-09
PO009410,S013,P0098,W008,2025-08-04,237,2025-08-09,2025-08-09
PO009411,S008,P0009,W007,2025-08-21,872,2025-08-30,2025-08-30
PO009412,S011,P0036,W005,2025-02-24,768,2025-03-01,2025-03-01
PO009413,S015,P0037,W004,2025-07-27,170,2025-08-03,2025-08-04
PO009414,S013,P0059,W006,2025-03-04,705,2025-03-09,2025-03-09
PO009415,S018,P0021,W008,2025-07-03,159,2025-07-07,2025-07-09
PO009416,S018,P0020,W005,2025-11-07,74,2025-11-11,2025-11-11
PO009417,S025,P0001,W007,2025-10-08,160,2025-10-20,2025-10-20
PO009418,S017,P0099,W005,2025-01-26,93,2025-02-04,2025-02-07
PO009419,S022,P0059,W008,2025-06-26,154,2025-06-30,2025-07-02
PO009420,S013,P0028,W007,2025-03-04,927,2025-03-09,2025-03-11
PO009421,S003,P0071,W007,2025-03-14,848,2025-03-26,2025-03-26
PO009422,S021,P0056,W001,2025-12-01,940,2025-12-15,2025-12-15
PO009423,S024,P0009,W008,2025-06-16,661,2025-06-27,2025-06-27
PO009424,S007,P0065,W005,2025-08-13,763,2025-08-27,2025-08-27
PO009425,S012,P0036,W004,2025-03-06,45,2025-03-13,2025-03-18
PO009426,S004,P0098,W008,2025-03-10,507,2025-03-24,2025-03-24
PO009427,S024,P0034,W006,2025-01-09,454,2025-01-20,2025-01-20
PO009428,S011,P0081,W007,2025-08-24,600,2025-08-29,2025-08-29
PO009429,S014,P0032,W008,2025-07-17,81,2025-07-26,2025-07-28
PO009430,S018,P0066,W005,2025-06-22,219,2025-06-26,2025-06-26
PO009431,S007,P0100,W005,2025-10-09,509,2025-10-23,2025-10-28
PO009432,S005,P0025,W002,2025-01-28,512,2025-02-11,2025-02-11
PO009433,S016,P0051,W002,2025-10-23,988,2025-11-03,2025-11-06
PO009434,S011,P0063,W006,2025-05-14,698,2025-05-19,2025-05-19
PO009435,S022,P0090,W007,2025-01-27,487,2025-01-31,2025-02-02
PO009436,S003,P0045,W002,2025-02-07,135,2025-02-19,2025-02-19
PO009437,S016,P0026,W003,2025-07-15,390,2025-07-26,2025-07-28
PO009438,S011,P0021,W002,2025-07-22,670,2025-07-27,2025-07-27
PO009439,S010,P0082,W003,2025-03-26,251,2025-04-06,2025-04-06
PO009440,S023,P0093,W008,2025-11-16,467,2025-11-28,2025-11-28
PO009441,S023,P0051,W006,2025-01-30,233,2025-02-11,2025-02-12
PO009442,S002,P0024,W003,2025-04-09,227,2025-04-22,2025-04-22
PO009443,S016,P0092,W008,2025-07-09,121,2025-07-20,2025-07-20
PO009444,S017,P0012,W006,2025-01-12,829,2025-01-21,2025-01-21
PO009445,S010,P0011,W004,2025-04-01,29,2025-04-12,2025-04-12
PO009446,S018,P0027,W002,2025-01-30,492,2025-02-03,2025-02-04
PO009447,S012,P0023,W005,2025-08-01,142,2025-08-08,2025-08-08
PO009448,S008,P0033,W007,2025-02-07,806,2025-02-16,2025-02-16
PO009449,S003,P0080,W001,2025-12-07,23,2025-12-19,2025-12-19
PO009450,S020,P0092,W007,2025-03-01,486,2025-03-12,2025-03-12
PO009451,S024,P0092,W005,2025-10-21,278,2025-11-01,2025-11-01
PO009452,S003,P0038,W002,2025-12-26,740,2026-01-07,2026-01-07
PO009453,S006,P0055,W005,2025-05-23,929,2025-05-28,2025-05-28
PO009454,S002,P0070,W002,2025-06-29,797,2025-07-12,2025-07-12
PO009455,S003,P0042,W007,2025-10-12,793,2025-10-24,2025-10-26
PO009456,S017,P0029,W002,2025-04-22,306,2025-05-01,2025-05-01
PO009457,S009,P0034,W005,2025-08-18,50,2025-08-24,2025-08-27
PO009458,S004,P0057,W008,2025-01-21,707,2025-02-04,2025-02-04
PO009459,S022,P0003,W003,2025-05-25,540,2025-05-29,2025-05-30
PO009460,S023,P0006,W004,2025-05-26,735,2025-06-07,2025-06-07
PO009461,S002,P0048,W004,2025-11-12,639,2025-11-25,2025-11-25
PO009462,S024,P0064,W004,2025-06-15,143,2025-06-26,2025-06-26
PO009463,S009,P0013,W004,2025-05-20,769,2025-05-26,2025-05-28
PO009464,S014,P0036,W008,2025-07-22,941,2025-07-31,2025-07-31
PO009465,S011,P0079,W001,2025-09-01,149,2025-09-06,2025-09-06
PO009466,S002,P0070,W006,2025-04-23,765,2025-05-06,2025-05-06
PO009467,S021,P0033,W002,2025-07-20,535,2025-08-03,2025-08-08
PO009468,S002,P0076,W008,2025-11-10,499,2025-11-23,2025-11-26
PO009469,S005,P0057,W001,2025-09-16,751,2025-09-30,2025-09-30
PO009470,S007,P0055,W004,2025-09-12,793,2025-09-26,2025-09-28
PO009471,S022,P0013,W004,2025-01-23,561,2025-01-27,2025-01-27
PO009472,S004,P0097,W007,2025-09-03,970,2025-09-17,2025-09-18
PO009473,S014,P0051,W005,2025-12-05,943,2025-12-14,2025-12-14
PO009474,S002,P0092,W004,2025-11-07,848,2025-11-20,2025-11-20
PO009475,S023,P0053,W002,2025-11-14,96,2025-11-26,2025-11-26
PO009476,S012,P0036,W007,2025-03-28,202,2025-04-04,2025-04-11
PO009477,S010,P0005,W004,2025-08-07,385,2025-08-18,2025-08-21
PO009478,S025,P0025,W004,2025-12-22,311,2026-01-03,2026-01-05
PO009479,S001,P0081,W008,2025-01-27,989,2025-02-09,2025-02-09
PO009480,S019,P0037,W001,2025-10-17,733,2025-10-23,2025-10-23
PO009481,S023,P0019,W008,2025-10-16,408,2025-10-28,2025-10-28
PO009482,S016,P0035,W002,2025-12-14,176,2025-12-25,2025-12-28
PO009483,S015,P0034,W003,2025-08-11,119,2025-08-18,2025-08-23
PO009484,S014,P0054,W005,2025-12-18,927,2025-12-27,2025-12-27
PO009485,S009,P0046,W003,2025-06-27,653,2025-07-03,2025-07-03
PO009486,S021,P0006,W006,2025-05-28,937,2025-06-11,2025-06-12
PO009487,S023,P0083,W008,2025-08-15,846,2025-08-27,2025-08-27
PO009488,S015,P0001,W001,2025-12-17,129,2025-12-24,2025-12-24
PO009489,S007,P0071,W004,2025-07-05,698,2025-07-19,2025-07-19
PO009490,S004,P0034,W005,2025-10-21,661,2025-11-04,2025-11-05
PO009491,S021,P0056,W008,2025-02-10,289,2025-02-24,2025-02-27
PO009492,S018,P0083,W006,2025-07-10,157,2025-07-14,2025-07-17
PO009493,S008,P0097,W006,2025-03-20,707,2025-03-29,2025-03-30
PO009494,S012,P0026,W008,2025-07-24,83,2025-07-31,2025-07-31
PO009495,S015,P0042,W002,2025-10-05,662,2025-10-12,2025-10-13
PO009496,S015,P0091,W008,2025-09-29,526,2025-10-06,2025-10-09
PO009497,S017,P0038,W005,2025-02-01,859,2025-02-10,2025-02-10
PO009498,S002,P0026,W006,2025-05-22,719,2025-06-04,2025-06-04
PO009499,S012,P0099,W001,2025-09-08,996,2025-09-15,2025-09-20
PO009500,S003,P0059,W004,2025-10-21,983,2025-11-02,2025-11-05
PO009501,S007,P0084,W001,2025-04-08,808,2025-04-22,2025-04-25
PO009502,S006,P0024,W007,2025-05-16,369,2025-05-21,2025-05-26
PO009503,S014,P0021,W008,2025-10-04,166,2025-10-13,2025-10-13
PO009504,S023,P0060,W006,2025-11-08,354,2025-11-20,2025-11-23
PO009505,S005,P0090,W002,2025-10-29,551,2025-11-12,2025-11-12
PO009506,S004,P0020,W003,2025-02-12,845,2025-02-26,2025-02-26
PO009507,S015,P0006,W004,2025-04-30,573,2025-05-07,2025-05-07
PO009508,S007,P0067,W004,2025-08-08,881,2025-08-22,2025-08-22
PO009509,S003,P0010,W008,2025-02-15,925,2025-02-27,2025-02-27
PO009510,S013,P0012,W008,2025-08-24,426,2025-08-29,2025-09-05
PO009511,S010,P0097,W001,2025-02-17,363,2025-02-28,2025-02-28
PO009512,S023,P0022,W008,2025-07-17,671,2025-07-29,2025-08-03
PO009513,S002,P0062,W001,2025-03-25,540,2025-04-07,2025-04-07
PO009514,S012,P0061,W001,2025-01-31,610,2025-02-07,2025-02-07
PO009515,S024,P0080,W006,2025-06-10,944,2025-06-21,2025-06-21
PO009516,S022,P0017,W004,2025-03-12,869,2025-03-16,2025-03-17
PO009517,S012,P0010,W001,2025-01-08,679,2025-01-15,2025-01-15
PO009518,S019,P0012,W008,2025-02-21,724,2025-02-27,2025-03-06
PO009519,S019,P0083,W007,2025-02-14,790,2025-02-20,2025-02-21
PO009520,S021,P0040,W005,2025-10-20,155,2025-11-03,2025-11-05
PO009521,S003,P0023,W006,2025-10-27,58,2025-11-08,2025-11-08
PO009522,S006,P0040,W008,2025-02-07,339,2025-02-12,2025-02-12
PO009523,S002,P0074,W006,2025-12-21,306,2026-01-03,2026-01-08
PO009524,S024,P0074,W005,2025-08-19,898,2025-08-30,2025-08-30
PO009525,S013,P0050,W005,2025-09-19,987,2025-09-24,2025-09-24
PO009526,S009,P0010,W006,2025-03-09,482,2025-03-15,2025-03-15
PO009527,S013,P0094,W004,2025-06-28,910,2025-07-03,2025-07-08
PO009528,S023,P0004,W001,2025-12-23,681,2026-01-04,2026-01-04
PO009529,S014,P0001,W007,2025-07-05,371,2025-07-14,2025-07-14
PO009530,S019,P0043,W002,2025-07-20,24,2025-07-26,2025-07-27
PO009531,S011,P0083,W001,2025-01-13,255,2025-01-18,2025-01-23
PO009532,S014,P0005,W004,2025-08-02,255,2025-08-11,2025-08-11
PO009533,S016,P0094,W005,2025-08-08,845,2025-08-19,2025-08-19
PO009534,S010,P0090,W004,2025-10-13,988,2025-10-24,2025-10-24
PO009535,S020,P0034,W008,2025-09-01,520,2025-09-12,2025-09-12
PO009536,S016,P0066,W001,2025-12-22,124,2026-01-02,2026-01-02
PO009537,S002,P0024,W007,2025-09-15,226,2025-09-28,2025-09-28
PO009538,S025,P0014,W004,2025-02-27,258,2025-03-11,2025-03-11
PO009539,S016,P0041,W002,2025-02-05,850,2025-02-16,2025-02-16
PO009540,S014,P0042,W004,2025-11-24,848,2025-12-03,2025-12-03
PO009541,S021,P0013,W008,2025-07-12,71,2025-07-26,2025-07-31
PO009542,S018,P0029,W003,2025-11-29,127,2025-12-03,2025-12-03
PO009543,S006,P0065,W004,2025-02-19,376,2025-02-24,2025-02-24
PO009544,S007,P0046,W001,2025-02-01,52,2025-02-15,2025-02-15
PO009545,S013,P0034,W003,2025-04-08,41,2025-04-13,2025-04-13
PO009546,S002,P0063,W008,2025-02-12,326,2025-02-25,2025-02-26
PO009547,S015,P0004,W005,2025-12-17,30,2025-12-24,2025-12-26
PO009548,S017,P0028,W001,2025-11-30,658,2025-12-09,2025-12-09
PO009549,S013,P0083,W008,2025-11-06,461,2025-11-11,2025-11-14
PO009550,S007,P0001,W006,2025-02-16,581,2025-03-02,2025-03-04
PO009551,S001,P0036,W002,2025-09-27,217,2025-10-10,2025-10-10
PO009552,S003,P0013,W004,2025-11-07,548,2025-11-19,2025-11-19
PO009553,S020,P0005,W004,2025-03-04,961,2025-03-15,2025-03-16
PO009554,S018,P0097,W001,2025-01-19,63,2025-01-23,2025-01-30
PO009555,S007,P0014,W004,2025-12-13,204,2025-12-27,2025-12-27
PO009556,S021,P0080,W004,2025-04-11,408,2025-04-25,2025-04-25
PO009557,S017,P0032,W005,2025-02-06,570,2025-02-15,2025-02-18
PO009558,S012,P0050,W008,2025-04-17,526,2025-04-24,2025-04-24
PO009559,S016,P0027,W004,2025-04-02,461,2025-04-13,2025-04-14
PO009560,S024,P0035,W004,2025-11-04,515,2025-11-15,2025-11-15
PO009561,S010,P0003,W005,2025-07-04,524,2025-07-15,2025-07-15
PO009562,S023,P0004,W008,2025-08-04,156,2025-08-16,2025-08-16
PO009563,S016,P0007,W006,2025-01-28,298,2025-02-08,2025-02-09
PO009564,S020,P0077,W004,2025-02-05,962,2025-02-16,2025-02-16
PO009565,S018,P0003,W006,2025-11-16,183,2025-11-20,2025-11-22
PO009566,S015,P0081,W008,2025-01-18,562,2025-01-25,2025-01-25
PO009567,S023,P0059,W005,2025-12-11,871,2025-12-23,2025-12-23
PO009568,S011,P0074,W002,2025-07-15,42,2025-07-20,2025-07-20
PO009569,S018,P0001,W008,2025-03-19,971,2025-03-23,2025-03-25
PO009570,S006,P0028,W008,2025-06-16,730,2025-06-21,2025-06-23
PO009571,S001,P0059,W004,2025-03-31,526,2025-04-13,2025-04-13
PO009572,S023,P0053,W008,2025-09-21,705,2025-10-03,2025-10-03
PO009573,S007,P0010,W001,2025-07-27,529,2025-08-10,2025-08-13
PO009574,S012,P0071,W003,2025-07-31,589,2025-08-07,2025-08-07
PO009575,S020,P0003,W002,2025-09-28,951,2025-10-09,2025-10-09
PO009576,S004,P0007,W004,2025-09-20,727,2025-10-04,2025-10-04
PO009577,S010,P0009,W001,2025-09-30,619,2025-10-11,2025-10-18
PO009578,S021,P0099,W003,2025-12-08,463,2025-12-22,2025-12-27
PO009579,S002,P0090,W005,2025-08-02,161,2025-08-15,2025-08-15
PO009580,S009,P0069,W004,2025-03-05,300,2025-03-11,2025-03-11
PO009581,S010,P0013,W007,2025-01-12,986,2025-01-23,2025-01-26
PO009582,S020,P0094,W006,2025-07-29,226,2025-08-09,2025-08-09
PO009583,S011,P0040,W006,2025-11-08,703,2025-11-13,2025-11-13
PO009584,S025,P0062,W005,2025-06-23,321,2025-07-05,2025-07-05
PO009585,S014,P0062,W002,2025-09-13,416,2025-09-22,2025-09-22
PO009586,S003,P0010,W006,2025-04-11,337,2025-04-23,2025-04-25
PO009587,S025,P0087,W003,2025-01-16,806,2025-01-28,2025-01-28
PO009588,S001,P0011,W006,2025-07-16,927,2025-07-29,2025-07-29
PO009589,S007,P0076,W007,2025-09-15,899,2025-09-29,2025-09-29
PO009590,S004,P0062,W007,2025-09-01,877,2025-09-15,2025-09-17
PO009591,S007,P0077,W003,2025-12-14,67,2025-12-28,2025-12-30
PO009592,S016,P0056,W006,2025-09-06,692,2025-09-17,2025-09-17
PO009593,S010,P0049,W005,2025-04-15,994,2025-04-26,2025-05-01
PO009594,S015,P0016,W005,2025-07-01,696,2025-07-08,2025-07-08
PO009595,S016,P0073,W006,2025-06-04,409,2025-06-15,2025-06-17
PO009596,S006,P0074,W007,2025-10-14,398,2025-10-19,2025-10-19
PO009597,S004,P0093,W002,2025-06-18,236,2025-07-02,2025-07-02
PO009598,S004,P0009,W008,2025-02-16,648,2025-03-02,2025-03-02
PO009599,S024,P0033,W001,2025-02-12,868,2025-02-23,2025-02-23
PO009600,S023,P0088,W007,2025-11-17,958,2025-11-29,2025-12-02
PO009601,S004,P0035,W006,2025-11-02,270,2025-11-16,2025-11-18
PO009602,S022,P0075,W007,2025-08-09,887,2025-08-13,2025-08-13
PO009603,S022,P0039,W008,2025-01-01,453,2025-01-05,2025-01-05
PO009604,S017,P0077,W007,2025-07-19,775,2025-07-28,2025-08-02
PO009605,S013,P0087,W004,2025-05-24,961,2025-05-29,2025-05-29
PO009606,S002,P0025,W001,2025-01-28,778,2025-02-10,2025-02-10
PO009607,S020,P0080,W007,2025-12-08,604,2025-12-19,2025-12-21
PO009608,S006,P0056,W006,2025-12-04,303,2025-12-09,2025-12-09
PO009609,S022,P0048,W007,2025-10-05,502,2025-10-09,2025-10-10
PO009610,S001,P0085,W003,2025-02-10,726,2025-02-23,2025-02-23
PO009611,S008,P0010,W004,2025-11-28,286,2025-12-07,2025-12-07
PO009612,S018,P0041,W008,2025-05-27,935,2025-05-31,2025-06-01
PO009613,S021,P0083,W002,2025-12-11,618,2025-12-25,2025-12-25
PO009614,S004,P0099,W001,2025-06-27,265,2025-07-11,2025-07-11
PO009615,S005,P0059,W001,2025-11-11,177,2025-11-25,2025-11-25
PO009616,S005,P0028,W004,2025-11-21,376,2025-12-05,2025-12-05
PO009617,S015,P0041,W002,2025-06-16,567,2025-06-23,2025-06-23
PO009618,S010,P0066,W007,2025-05-03,255,2025-05-14,2025-05-16
PO009619,S008,P0051,W006,2025-03-15,779,2025-03-24,2025-03-24
PO009620,S007,P0062,W002,2025-08-27,479,2025-09-10,2025-09-13
PO009621,S012,P0030,W006,2025-09-06,119,2025-09-13,2025-09-14
PO009622,S025,P0040,W001,2025-09-20,758,2025-10-02,2025-10-02
PO009623,S011,P0040,W007,2025-09-09,138,2025-09-14,2025-09-17
PO009624,S013,P0069,W006,2025-12-23,373,2025-12-28,2025-12-28
PO009625,S015,P0062,W001,2025-04-21,727,2025-04-28,2025-04-28
PO009626,S017,P0015,W005,2025-06-29,107,2025-07-08,2025-07-08
PO009627,S022,P0100,W004,2025-07-07,55,2025-07-11,2025-07-11
PO009628,S022,P0003,W007,2025-11-04,333,2025-11-08,2025-11-15
PO009629,S018,P0024,W002,2025-07-26,559,2025-07-30,2025-07-30
PO009630,S008,P0041,W003,2025-08-22,570,2025-08-31,2025-09-03
PO009631,S006,P0063,W004,2025-01-24,341,2025-01-29,2025-01-30
PO009632,S011,P0048,W008,2025-01-26,446,2025-01-31,2025-01-31
PO009633,S009,P0061,W006,2025-08-06,536,2025-08-12,2025-08-17
PO009634,S005,P0048,W005,2025-12-12,672,2025-12-26,2026-01-02
PO009635,S007,P0047,W004,2025-01-10,759,2025-01-24,2025-01-29
PO009636,S022,P0056,W001,2025-01-17,28,2025-01-21,2025-01-21
PO009637,S015,P0076,W004,2025-09-02,378,2025-09-09,2025-09-09
PO009638,S021,P0008,W007,2025-07-25,497,2025-08-08,2025-08-08
PO009639,S022,P0078,W006,2025-09-15,76,2025-09-19,2025-09-19
PO009640,S004,P0018,W004,2025-04-22,302,2025-05-06,2025-05-06
PO009641,S019,P0084,W007,2025-07-24,464,2025-07-30,2025-07-31
PO009642,S013,P0023,W004,2025-01-27,480,2025-02-01,2025-02-03
PO009643,S001,P0069,W006,2025-03-12,509,2025-03-25,2025-03-25
PO009644,S001,P0065,W003,2025-06-25,378,2025-07-08,2025-07-08
PO009645,S022,P0046,W005,2025-07-21,709,2025-07-25,2025-07-30
PO009646,S014,P0066,W004,2025-09-05,613,2025-09-14,2025-09-14
PO009647,S009,P0080,W004,2025-04-28,949,2025-05-04,2025-05-04
PO009648,S024,P0069,W003,2025-01-09,616,2025-01-20,2025-01-20
PO009649,S012,P0022,W002,2025-03-27,84,2025-04-03,2025-04-03
PO009650,S018,P0065,W004,2025-01-23,448,2025-01-27,2025-01-27
PO009651,S009,P0012,W007,2025-08-28,874,2025-09-03,2025-09-03
PO009652,S008,P0019,W006,2025-03-14,821,2025-03-23,2025-03-23
PO009653,S014,P0022,W008,2025-01-27,887,2025-02-05,2025-02-05
PO009654,S009,P0055,W007,2025-12-15,476,2025-12-21,2025-12-21
PO009655,S020,P0062,W006,2025-03-22,155,2025-04-02,2025-04-02
PO009656,S025,P0051,W008,2025-03-25,781,2025-04-06,2025-04-09
PO009657,S002,P0048,W004,2025-07-18,625,2025-07-31,2025-07-31
PO009658,S001,P0017,W002,2025-02-12,67,2025-02-25,2025-02-25
PO009659,S013,P0013,W006,2025-09-20,951,2025-09-25,2025-09-28
PO009660,S025,P0028,W007,2025-04-02,631,2025-04-14,2025-04-14
PO009661,S010,P0067,W008,2025-12-05,869,2025-12-16,2025-12-16
PO009662,S008,P0005,W008,2025-03-25,213,2025-04-03,2025-04-06
PO009663,S007,P0100,W007,2025-10-27,136,2025-11-10,2025-11-10
PO009664,S024,P0060,W004,2025-10-23,798,2025-11-03,2025-11-06
PO009665,S012,P0015,W004,2025-05-15,839,2025-05-22,2025-05-24
PO009666,S017,P0081,W004,2025-10-08,183,2025-10-17,2025-10-17
PO009667,S025,P0044,W005,2025-02-28,498,2025-03-12,2025-03-12
PO009668,S012,P0046,W006,2025-12-25,306,2026-01-01,2026-01-01
PO009669,S016,P0029,W001,2025-12-08,555,2025-12-19,2025-12-19
PO009670,S010,P0068,W005,2025-08-29,513,2025-09-09,2025-09-12
PO009671,S025,P0096,W002,2025-12-08,424,2025-12-20,2025-12-20
PO009672,S012,P0049,W005,2025-04-08,115,2025-04-15,2025-04-15
PO009673,S011,P0043,W007,2025-03-03,516,2025-03-08,2025-03-08
PO009674,S025,P0068,W005,2025-09-21,273,2025-10-03,2025-10-03
PO009675,S014,P0077,W003,2025-04-23,433,2025-05-02,2025-05-02
PO009676,S022,P0020,W002,2025-05-26,652,2025-05-30,2025-05-30
PO009677,S020,P0018,W008,2025-08-04,603,2025-08-15,2025-08-17
PO009678,S013,P0064,W002,2025-09-13,884,2025-09-18,2025-09-18
PO009679,S002,P0049,W002,2025-11-12,390,2025-11-25,2025-11-25
PO009680,S020,P0042,W005,2025-11-12,595,2025-11-23,2025-11-23
PO009681,S007,P0012,W002,2025-12-28,262,2026-01-11,2026-01-11
PO009682,S001,P0089,W006,2025-09-15,658,2025-09-28,2025-09-28
PO009683,S025,P0094,W003,2025-07-13,392,2025-07-25,2025-07-25
PO009684,S003,P0079,W004,2025-12-13,58,2025-12-25,2025-12-25
PO009685,S020,P0036,W005,2025-01-14,916,2025-01-25,2025-01-25
PO009686,S012,P0008,W004,2025-10-31,372,2025-11-07,2025-11-07
PO009687,S005,P0028,W004,2025-04-13,445,2025-04-27,2025-04-29
PO009688,S012,P0086,W008,2025-09-02,96,2025-09-09,2025-09-09
PO009689,S003,P0060,W005,2025-09-02,529,2025-09-14,2025-09-15
PO009690,S020,P0049,W006,2025-11-08,536,2025-11-19,2025-11-19
PO009691,S005,P0038,W008,2025-09-25,159,2025-10-09,2025-10-12
PO009692,S001,P0080,W005,2025-08-12,271,2025-08-25,2025-08-25
PO009693,S016,P0058,W002,2025-08-08,688,2025-08-19,2025-08-19
PO009694,S009,P0005,W008,2025-11-07,790,2025-11-13,2025-11-15
PO009695,S010,P0046,W003,2025-08-05,336,2025-08-16,2025-08-18
PO009696,S010,P0098,W005,2025-01-04,966,2025-01-15,2025-01-22
PO009697,S013,P0075,W004,2025-02-05,439,2025-02-10,2025-02-10
PO009698,S016,P0002,W005,2025-06-27,898,2025-07-08,2025-07-08
PO009699,S020,P0089,W003,2025-09-14,768,2025-09-25,2025-09-25
PO009700,S025,P0025,W001,2025-01-17,94,2025-01-29,2025-01-30
PO009701,S004,P0001,W006,2025-07-18,917,2025-08-01,2025-08-08
PO009702,S014,P0095,W004,2025-11-14,48,2025-11-23,2025-11-23
PO009703,S017,P0069,W001,2025-02-17,60,2025-02-26,2025-02-27
PO009704,S005,P0040,W001,2025-03-03,560,2025-03-17,2025-03-17
PO009705,S013,P0068,W008,2025-03-10,511,2025-03-15,2025-03-15
PO009706,S025,P0069,W007,2025-05-27,119,2025-06-08,2025-06-08
PO009707,S003,P0069,W003,2025-12-25,339,2026-01-06,2026-01-06
PO009708,S005,P0016,W008,2025-06-11,589,2025-06-25,2025-06-25
PO009709,S016,P0054,W008,2025-08-15,742,2025-08-26,2025-08-26
PO009710,S019,P0063,W006,2025-12-13,669,2025-12-19,2025-12-19
PO009711,S019,P0018,W005,2025-08-18,542,2025-08-24,2025-08-24
PO009712,S017,P0017,W001,2025-06-27,922,2025-07-06,2025-07-08
PO009713,S018,P0099,W007,2025-12-11,864,2025-12-15,2025-12-15
PO009714,S018,P0082,W002,2025-02-25,895,2025-03-01,2025-03-01
PO009715,S025,P0004,W005,2025-03-19,208,2025-03-31,2025-03-31
PO009716,S023,P0095,W006,2025-09-27,469,2025-10-09,2025-10-12
PO009717,S008,P0095,W004,2025-07-25,113,2025-08-03,2025-08-03
PO009718,S018,P0009,W005,2025-10-08,873,2025-10-12,2025-10-19
PO009719,S009,P0031,W008,2025-08-16,200,2025-08-22,2025-08-22
PO009720,S019,P0005,W003,2025-08-27,340,2025-09-02,2025-09-02
PO009721,S010,P0100,W007,2025-10-15,302,2025-10-26,2025-10-26
PO009722,S002,P0016,W008,2025-03-23,410,2025-04-05,2025-04-05
PO009723,S017,P0042,W003,2025-11-30,340,2025-12-09,2025-12-09
PO009724,S025,P0041,W004,2025-09-07,589,2025-09-19,2025-09-19
PO009725,S024,P0080,W004,2025-07-12,44,2025-07-23,2025-07-23
PO009726,S013,P0084,W004,2025-04-16,835,2025-04-21,2025-04-21
PO009727,S011,P0030,W007,2025-07-08,279,2025-07-13,2025-07-14
PO009728,S016,P0026,W007,2025-10-03,923,2025-10-14,2025-10-17
PO009729,S020,P0049,W003,2025-03-15,516,2025-03-26,2025-03-26
PO009730,S007,P0031,W008,2025-01-10,232,2025-01-24,2025-01-24
PO009731,S003,P0050,W006,2025-05-03,134,2025-05-15,2025-05-15
PO009732,S016,P0015,W007,2025-08-04,471,2025-08-15,2025-08-15
PO009733,S019,P0052,W006,2025-10-17,719,2025-10-23,2025-10-24
PO009734,S020,P0038,W007,2025-02-09,791,2025-02-20,2025-02-20
PO009735,S016,P0038,W005,2025-07-12,667,2025-07-23,2025-07-23
PO009736,S002,P0060,W001,2025-05-07,509,2025-05-20,2025-05-20
PO009737,S014,P0020,W001,2025-10-16,621,2025-10-25,2025-10-25
PO009738,S020,P0099,W002,2025-03-12,752,2025-03-23,2025-03-25
PO009739,S010,P0087,W003,2025-05-17,547,2025-05-28,2025-05-28
PO009740,S019,P0044,W004,2025-05-24,678,2025-05-30,2025-06-06
PO009741,S024,P0089,W006,2025-12-20,404,2025-12-31,2026-01-07
PO009742,S011,P0063,W007,2025-10-26,632,2025-10-31,2025-11-02
PO009743,S018,P0050,W005,2025-12-11,437,2025-12-15,2025-12-15
PO009744,S011,P0022,W006,2025-09-26,238,2025-10-01,2025-10-01
PO009745,S009,P0072,W003,2025-05-19,899,2025-05-25,2025-05-25
PO009746,S019,P0054,W008,2025-02-21,576,2025-02-27,2025-03-06
PO009747,S020,P0009,W002,2025-01-17,82,2025-01-28,2025-01-28
PO009748,S010,P0015,W008,2025-06-14,369,2025-06-25,2025-06-26
PO009749,S003,P0048,W006,2025-01-13,409,2025-01-25,2025-01-30
PO009750,S003,P0020,W001,2025-07-09,823,2025-07-21,2025-07-23
PO009751,S024,P0035,W005,2025-12-06,396,2025-12-17,2025-12-17
PO009752,S008,P0067,W001,2025-12-19,890,2025-12-28,2025-12-28
PO009753,S006,P0060,W008,2025-12-28,85,2026-01-02,2026-01-02
PO009754,S020,P0098,W005,2025-12-18,138,2025-12-29,2025-12-29
PO009755,S001,P0034,W008,2025-09-21,765,2025-10-04,2025-10-09
PO009756,S020,P0100,W004,2025-11-08,993,2025-11-19,2025-11-24
PO009757,S024,P0099,W008,2025-08-09,27,2025-08-20,2025-08-20
PO009758,S006,P0073,W005,2025-04-14,726,2025-04-19,2025-04-19
PO009759,S002,P0094,W007,2025-12-05,758,2025-12-18,2025-12-18
PO009760,S019,P0054,W004,2025-07-17,46,2025-07-23,2025-07-23
PO009761,S007,P0090,W003,2025-10-27,309,2025-11-10,2025-11-10
PO009762,S011,P0012,W008,2025-12-25,47,2025-12-30,2025-12-30
PO009763,S011,P0088,W001,2025-06-18,178,2025-06-23,2025-06-28
PO009764,S004,P0019,W005,2025-05-29,164,2025-06-12,2025-06-17
PO009765,S020,P0080,W005,2025-09-06,486,2025-09-17,2025-09-17
PO009766,S016,P0026,W002,2025-09-13,765,2025-09-24,2025-09-24
PO009767,S005,P0023,W001,2025-02-11,127,2025-02-25,2025-02-25
PO009768,S024,P0033,W003,2025-07-21,910,2025-08-01,2025-08-02
PO009769,S007,P0057,W004,2025-09-01,458,2025-09-15,2025-09-15
PO009770,S025,P0030,W003,2025-06-06,222,2025-06-18,2025-06-18
PO009771,S016,P0023,W002,2025-10-13,796,2025-10-24,2025-10-24
PO009772,S015,P0074,W003,2025-10-09,844,2025-10-16,2025-10-16
PO009773,S005,P0036,W008,2025-08-26,320,2025-09-09,2025-09-12
PO009774,S001,P0095,W004,2025-01-19,921,2025-02-01,2025-02-08
PO009775,S020,P0086,W001,2025-02-22,929,2025-03-05,2025-03-06
PO009776,S022,P0043,W006,2025-03-26,946,2025-03-30,2025-03-31
PO009777,S022,P0066,W002,2025-09-30,457,2025-10-04,2025-10-04
PO009778,S009,P0053,W007,2025-12-26,30,2026-01-01,2026-01-01
PO009779,S021,P0087,W005,2025-08-01,856,2025-08-15,2025-08-16
PO009780,S005,P0099,W005,2025-12-27,626,2026-01-10,2026-01-10
PO009781,S022,P0060,W001,2025-04-14,661,2025-04-18,2025-04-18
PO009782,S006,P0037,W008,2025-07-11,122,2025-07-16,2025-07-17
PO009783,S003,P0061,W006,2025-06-26,804,2025-07-08,2025-07-08
PO009784,S006,P0096,W003,2025-05-27,505,2025-06-01,2025-06-01
PO009785,S008,P0053,W007,2025-03-22,129,2025-03-31,2025-03-31
PO009786,S006,P0012,W007,2025-07-12,823,2025-07-17,2025-07-17
PO009787,S016,P0035,W005,2025-02-06,662,2025-02-17,2025-02-17
PO009788,S016,P0067,W002,2025-11-22,722,2025-12-03,2025-12-03
PO009789,S021,P0098,W006,2025-06-03,830,2025-06-17,2025-06-17
PO009790,S003,P0038,W008,2025-05-10,112,2025-05-22,2025-05-29
PO009791,S017,P0024,W004,2025-02-28,820,2025-03-09,2025-03-11
PO009792,S021,P0081,W008,2025-08-12,737,2025-08-26,2025-08-26
PO009793,S006,P0040,W007,2025-09-06,889,2025-09-11,2025-09-12
PO009794,S006,P0065,W003,2025-08-28,560,2025-09-02,2025-09-02
PO009795,S022,P0057,W006,2025-10-20,938,2025-10-24,2025-10-26
PO009796,S019,P0072,W008,2025-10-14,718,2025-10-20,2025-10-22
PO009797,S020,P0079,W007,2025-07-23,868,2025-08-03,2025-08-03
PO009798,S015,P0045,W008,2025-04-09,526,2025-04-16,2025-04-17
PO009799,S019,P0089,W004,2025-12-16,196,2025-12-22,2025-12-25
PO009800,S002,P0072,W006,2025-06-25,458,2025-07-08,2025-07-08
PO009801,S008,P0096,W006,2025-09-19,862,2025-09-28,2025-09-28
PO009802,S007,P0013,W003,2025-09-28,687,2025-10-12,2025-10-12
PO009803,S008,P0079,W002,2025-05-23,777,2025-06-01,2025-06-01
PO009804,S013,P0006,W004,2025-07-08,730,2025-07-13,2025-07-13
PO009805,S022,P0097,W002,2025-09-29,530,2025-10-03,2025-10-03
PO009806,S015,P0071,W008,2025-01-20,128,2025-01-27,2025-01-27
PO009807,S012,P0097,W004,2025-11-29,891,2025-12-06,2025-12-06
PO009808,S015,P0047,W007,2025-10-27,91,2025-11-03,2025-11-04
PO009809,S014,P0093,W007,2025-02-15,508,2025-02-24,2025-03-03
PO009810,S007,P0044,W003,2025-04-05,752,2025-04-19,2025-04-24
PO009811,S017,P0032,W008,2025-03-05,300,2025-03-14,2025-03-14
PO009812,S005,P0003,W002,2025-05-11,922,2025-05-25,2025-05-27
PO009813,S020,P0054,W007,2025-01-09,908,2025-01-20,2025-01-25
PO009814,S010,P0084,W003,2025-07-22,233,2025-08-02,2025-08-07
PO009815,S019,P0078,W006,2025-10-25,476,2025-10-31,2025-11-03
PO009816,S018,P0092,W006,2025-06-23,606,2025-06-27,2025-06-29
PO009817,S025,P0038,W003,2025-03-14,437,2025-03-26,2025-03-26
PO009818,S024,P0004,W008,2025-03-25,773,2025-04-05,2025-04-05
PO009819,S010,P0079,W004,2025-02-28,529,2025-03-11,2025-03-11
PO009820,S002,P0017,W007,2025-01-21,681,2025-02-03,2025-02-03
PO009821,S006,P0037,W006,2025-06-06,342,2025-06-11,2025-06-18
PO009822,S003,P0088,W004,2025-11-15,197,2025-11-27,2025-11-27
PO009823,S019,P0036,W002,2025-11-25,707,2025-12-01,2025-12-06
PO009824,S005,P0058,W005,2025-03-02,123,2025-03-16,2025-03-18
PO009825,S007,P0041,W006,2025-03-05,138,2025-03-19,2025-03-19
PO009826,S007,P0008,W006,2025-11-21,731,2025-12-05,2025-12-05
PO009827,S010,P0067,W001,2025-06-17,601,2025-06-28,2025-06-28
PO009828,S001,P0030,W008,2025-07-22,76,2025-08-04,2025-08-05
PO009829,S011,P0086,W004,2025-05-09,428,2025-05-14,2025-05-16
PO009830,S023,P0052,W008,2025-09-02,597,2025-09-14,2025-09-21
PO009831,S007,P0097,W003,2025-04-16,931,2025-04-30,2025-04-30
PO009832,S006,P0025,W001,2025-11-17,77,2025-11-22,2025-11-22
PO009833,S006,P0052,W002,2025-05-02,136,2025-05-07,2025-05-07
PO009834,S013,P0059,W001,2025-11-14,444,2025-11-19,2025-11-19
PO009835,S016,P0030,W001,2025-07-01,838,2025-07-12,2025-07-14
PO009836,S013,P0067,W005,2025-04-13,40,2025-04-18,2025-04-18
PO009837,S002,P0004,W005,2025-11-12,98,2025-11-25,2025-11-25
PO009838,S019,P0093,W001,2025-10-29,843,2025-11-04,2025-11-04
PO009839,S019,P0057,W005,2025-09-18,885,2025-09-24,2025-09-24
PO009840,S019,P0063,W007,2025-04-23,578,2025-04-29,2025-04-29
PO009841,S018,P0032,W005,2025-03-11,905,2025-03-15,2025-03-15
PO009842,S025,P0087,W001,2025-06-09,702,2025-06-21,2025-06-21
PO009843,S006,P0083,W004,2025-08-28,615,2025-09-02,2025-09-03
PO009844,S002,P0079,W005,2025-01-11,127,2025-01-24,2025-01-24
PO009845,S019,P0051,W001,2025-05-18,818,2025-05-24,2025-05-24
PO009846,S006,P0063,W008,2025-06-16,290,2025-06-21,2025-06-26
PO009847,S020,P0080,W004,2025-09-04,707,2025-09-15,2025-09-16
PO009848,S023,P0087,W008,2025-12-20,849,2026-01-01,2026-01-01
PO009849,S022,P0001,W006,2025-01-31,495,2025-02-04,2025-02-05
PO009850,S015,P0019,W005,2025-01-12,89,2025-01-19,2025-01-21
PO009851,S006,P0035,W001,2025-08-31,406,2025-09-05,2025-09-05
PO009852,S003,P0063,W005,2025-04-18,185,2025-04-30,2025-05-01
PO009853,S011,P0094,W004,2025-12-02,874,2025-12-07,2025-12-07
PO009854,S008,P0081,W007,2025-11-19,77,2025-11-28,2025-11-30
PO009855,S025,P0026,W001,2025-07-13,470,2025-07-25,2025-07-25
PO009856,S022,P0013,W004,2025-11-04,264,2025-11-08,2025-11-13
PO009857,S018,P0086,W008,2025-05-13,64,2025-05-17,2025-05-17
PO009858,S017,P0023,W008,2025-10-08,703,2025-10-17,2025-10-17
PO009859,S019,P0097,W006,2025-10-18,795,2025-10-24,2025-10-24
PO009860,S019,P0091,W008,2025-06-12,402,2025-06-18,2025-06-18
PO009861,S024,P0035,W003,2025-10-05,597,2025-10-16,2025-10-16
PO009862,S021,P0012,W002,2025-07-22,858,2025-08-05,2025-08-05
PO009863,S017,P0009,W008,2025-04-06,720,2025-04-15,2025-04-15
PO009864,S004,P0098,W007,2025-08-11,804,2025-08-25,2025-08-25
PO009865,S007,P0078,W003,2025-08-25,90,2025-09-08,2025-09-08
PO009866,S005,P0067,W005,2025-04-27,884,2025-05-11,2025-05-11
PO009867,S016,P0044,W004,2025-07-11,567,2025-07-22,2025-07-22
PO009868,S006,P0061,W008,2025-10-03,258,2025-10-08,2025-10-08
PO009869,S014,P0021,W001,2025-04-16,599,2025-04-25,2025-04-25
PO009870,S020,P0007,W007,2025-01-04,127,2025-01-15,2025-01-15
PO009871,S002,P0097,W004,2025-01-18,227,2025-01-31,2025-01-31
PO009872,S025,P0099,W005,2025-11-03,808,2025-11-15,2025-11-15
PO009873,S018,P0011,W001,2025-01-20,741,2025-01-24,2025-01-24
PO009874,S018,P0045,W007,2025-05-02,321,2025-05-06,2025-05-06
PO009875,S013,P0032,W003,2025-05-17,449,2025-05-22,2025-05-22
PO009876,S018,P0086,W008,2025-03-21,367,2025-03-25,2025-03-25
PO009877,S017,P0083,W004,2025-06-03,126,2025-06-12,2025-06-12
PO009878,S013,P0036,W002,2025-12-24,911,2025-12-29,2026-01-01
PO009879,S012,P0037,W007,2025-01-25,547,2025-02-01,2025-02-03
PO009880,S003,P0075,W006,2025-06-18,770,2025-06-30,2025-07-07
PO009881,S022,P0041,W006,2025-02-28,425,2025-03-04,2025-03-04
PO009882,S007,P0077,W005,2025-10-28,921,2025-11-11,2025-11-11
PO009883,S001,P0092,W005,2025-02-10,753,2025-02-23,2025-02-28
PO009884,S005,P0049,W004,2025-02-07,971,2025-02-21,2025-02-21
PO009885,S021,P0015,W003,2025-04-27,275,2025-05-11,2025-05-11
PO009886,S001,P0013,W003,2025-10-02,320,2025-10-15,2025-10-15
PO009887,S004,P0053,W002,2025-09-27,973,2025-10-11,2025-10-11
PO009888,S001,P0033,W002,2025-05-07,943,2025-05-20,2025-05-20
PO009889,S013,P0072,W004,2025-01-03,164,2025-01-08,2025-01-10
PO009890,S014,P0032,W001,2025-10-20,695,2025-10-29,2025-11-05
PO009891,S015,P0048,W003,2025-01-16,543,2025-01-23,2025-01-23
PO009892,S017,P0068,W007,2025-09-22,581,2025-10-01,2025-10-03
PO009893,S012,P0057,W007,2025-08-27,846,2025-09-03,2025-09-03
PO009894,S007,P0062,W007,2025-09-20,379,2025-10-04,2025-10-04
PO009895,S023,P0082,W001,2025-05-14,543,2025-05-26,2025-05-27
PO009896,S019,P0087,W008,2025-08-01,503,2025-08-07,2025-08-07
PO009897,S023,P0093,W008,2025-01-15,209,2025-01-27,2025-01-27
PO009898,S003,P0002,W001,2025-11-24,315,2025-12-06,2025-12-06
PO009899,S018,P0077,W004,2025-12-26,112,2025-12-30,2025-12-30
PO009900,S004,P0016,W008,2025-05-09,149,2025-05-23,2025-05-23
PO009901,S003,P0008,W002,2025-12-18,880,2025-12-30,2026-01-04
PO009902,S012,P0019,W001,2025-05-02,503,2025-05-09,2025-05-10
PO009903,S023,P0032,W004,2025-08-29,895,2025-09-10,2025-09-10
PO009904,S012,P0067,W002,2025-04-25,428,2025-05-02,2025-05-02
PO009905,S017,P0032,W001,2025-07-16,360,2025-07-25,2025-07-30
PO009906,S006,P0085,W001,2025-08-10,233,2025-08-15,2025-08-16
PO009907,S015,P0025,W007,2025-08-02,349,2025-08-09,2025-08-09
PO009908,S002,P0053,W002,2025-03-21,914,2025-04-03,2025-04-03
PO009909,S008,P0081,W006,2025-09-20,818,2025-09-29,2025-09-29
PO009910,S014,P0025,W002,2025-05-15,194,2025-05-24,2025-05-24
PO009911,S005,P0033,W005,2025-11-02,463,2025-11-16,2025-11-18
PO009912,S003,P0031,W007,2025-08-30,220,2025-09-11,2025-09-11
PO009913,S010,P0036,W005,2025-10-30,636,2025-11-10,2025-11-17
PO009914,S007,P0087,W004,2025-09-27,762,2025-10-11,2025-10-11
PO009915,S011,P0089,W004,2025-10-14,117,2025-10-19,2025-10-19
PO009916,S015,P0049,W008,2025-02-19,122,2025-02-26,2025-02-26
PO009917,S002,P0044,W003,2025-07-08,572,2025-07-21,2025-07-21
PO009918,S005,P0048,W005,2025-10-24,965,2025-11-07,2025-11-07
PO009919,S011,P0030,W002,2025-01-14,170,2025-01-19,2025-01-19
PO009920,S008,P0013,W008,2025-08-20,287,2025-08-29,2025-09-05
PO009921,S013,P0043,W008,2025-09-18,858,2025-09-23,2025-09-23
PO009922,S011,P0093,W005,2025-07-11,371,2025-07-16,2025-07-16
PO009923,S017,P0016,W006,2025-07-22,486,2025-07-31,2025-07-31
PO009924,S015,P0091,W007,2025-09-18,297,2025-09-25,2025-09-25
PO009925,S001,P0026,W008,2025-04-23,587,2025-05-06,2025-05-06
PO009926,S019,P0075,W008,2025-12-18,35,2025-12-24,2025-12-24
PO009927,S016,P0047,W004,2025-02-05,973,2025-02-16,2025-02-16
PO009928,S019,P0037,W006,2025-03-20,475,2025-03-26,2025-03-29
PO009929,S013,P0003,W004,2025-10-02,753,2025-10-07,2025-10-07
PO009930,S023,P0026,W006,2025-10-05,198,2025-10-17,2025-10-17
PO009931,S022,P0098,W008,2025-06-11,153,2025-06-15,2025-06-15
PO009932,S023,P0097,W004,2025-11-08,277,2025-11-20,2025-11-20
PO009933,S004,P0015,W002,2025-01-17,81,2025-01-31,2025-01-31
PO009934,S011,P0066,W006,2025-07-23,501,2025-07-28,2025-07-28
PO009935,S018,P0028,W007,2025-01-17,496,2025-01-21,2025-01-21
PO009936,S018,P0084,W001,2025-07-21,654,2025-07-25,2025-07-25
PO009937,S010,P0038,W004,2025-07-29,61,2025-08-09,2025-08-16
PO009938,S017,P0044,W008,2025-03-19,392,2025-03-28,2025-03-28
PO009939,S013,P0053,W005,2025-02-25,392,2025-03-02,2025-03-02
PO009940,S025,P0080,W001,2025-03-21,318,2025-04-02,2025-04-02
PO009941,S014,P0004,W005,2025-11-02,71,2025-11-11,2025-11-11
PO009942,S007,P0072,W008,2025-02-27,398,2025-03-13,2025-03-13
PO009943,S010,P0044,W004,2025-01-18,973,2025-01-29,2025-01-30
PO009944,S003,P0046,W008,2025-07-27,935,2025-08-08,2025-08-11
PO009945,S002,P0084,W002,2025-05-15,331,2025-05-28,2025-05-28
PO009946,S019,P0026,W007,2025-11-28,598,2025-12-04,2025-12-04
PO009947,S007,P0096,W007,2025-01-10,78,2025-01-24,2025-01-24
PO009948,S005,P0013,W001,2025-03-10,323,2025-03-24,2025-03-24
PO009949,S003,P0069,W001,2025-12-07,54,2025-12-19,2025-12-19
PO009950,S025,P0044,W004,2025-03-24,667,2025-04-05,2025-04-10
PO009951,S002,P0053,W007,2025-04-19,607,2025-05-02,2025-05-03
PO009952,S023,P0051,W007,2025-02-13,773,2025-02-25,2025-03-02
PO009953,S022,P0013,W006,2025-05-12,512,2025-05-16,2025-05-16
PO009954,S006,P0041,W004,2025-01-18,510,2025-01-23,2025-01-23
PO009955,S014,P0011,W004,2025-04-03,819,2025-04-12,2025-04-13
PO009956,S007,P0037,W007,2025-10-21,240,2025-11-04,2025-11-05
PO009957,S022,P0060,W003,2025-05-28,832,2025-06-01,2025-06-01
PO009958,S002,P0032,W002,2025-06-21,616,2025-07-04,2025-07-11
PO009959,S011,P0045,W006,2025-02-20,142,2025-02-25,2025-03-02
PO009960,S021,P0018,W008,2025-01-19,726,2025-02-02,2025-02-02
PO009961,S003,P0093,W002,2025-04-30,121,2025-05-12,2025-05-12
PO009962,S009,P0079,W007,2025-11-20,814,2025-11-26,2025-11-26
PO009963,S008,P0020,W004,2025-08-13,906,2025-08-22,2025-08-25
PO009964,S011,P0044,W003,2025-03-07,534,2025-03-12,2025-03-13
PO009965,S018,P0036,W008,2025-05-21,332,2025-05-25,2025-05-25
PO009966,S001,P0069,W008,2025-07-08,525,2025-07-21,2025-07-21
PO009967,S015,P0037,W007,2025-06-07,980,2025-06-14,2025-06-14
PO009968,S004,P0033,W004,2025-04-08,513,2025-04-22,2025-04-22
PO009969,S004,P0082,W004,2025-06-07,778,2025-06-21,2025-06-21
PO009970,S010,P0019,W002,2025-09-03,679,2025-09-14,2025-09-14
PO009971,S011,P0051,W007,2025-12-10,218,2025-12-15,2025-12-16
PO009972,S018,P0032,W003,2025-08-24,652,2025-08-28,2025-08-28
PO009973,S023,P0022,W002,2025-02-02,700,2025-02-14,2025-02-14
PO009974,S015,P0001,W004,2025-12-27,532,2026-01-03,2026-01-03
PO009975,S003,P0054,W005,2025-08-29,349,2025-09-10,2025-09-10
PO009976,S007,P0089,W001,2025-11-26,640,2025-12-10,2025-12-11
PO009977,S007,P0020,W007,2025-12-04,991,2025-12-18,2025-12-18
PO009978,S017,P0058,W006,2025-10-02,919,2025-10-11,2025-10-11
PO009979,S022,P0035,W004,2025-03-12,346,2025-03-16,2025-03-16
PO009980,S020,P0070,W006,2025-11-09,29,2025-11-20,2025-11-20
PO009981,S024,P0070,W008,2025-08-04,146,2025-08-15,2025-08-17
PO009982,S016,P0061,W003,2025-03-20,688,2025-03-31,2025-03-31
PO009983,S016,P0063,W007,2025-06-18,250,2025-06-29,2025-06-29
PO009984,S008,P0061,W005,2025-10-25,34,2025-11-03,2025-11-06
PO009985,S003,P0057,W006,2025-06-29,806,2025-07-11,2025-07-11
PO009986,S020,P0003,W007,2025-04-26,506,2025-05-07,2025-05-07
PO009987,S015,P0095,W006,2025-09-17,461,2025-09-24,2025-09-24
PO009988,S001,P0099,W003,2025-09-17,897,2025-09-30,2025-10-05
PO009989,S010,P0045,W004,2025-01-05,968,2025-01-16,2025-01-17
PO009990,S002,P0015,W004,2025-10-24,577,2025-11-06,2025-11-06
PO009991,S007,P0017,W001,2025-04-18,293,2025-05-02,2025-05-03
PO009992,S014,P0015,W003,2025-12-09,637,2025-12-18,2025-12-18
PO009993,S016,P0005,W005,2025-12-26,22,2026-01-06,2026-01-06
PO009994,S015,P0086,W001,2025-04-27,345,2025-05-04,2025-05-05
PO009995,S007,P0046,W007,2025-12-23,272,2026-01-06,2026-01-06
PO009996,S013,P0011,W003,2025-11-27,553,2025-12-02,2025-12-02
PO009997,S025,P0064,W004,2025-11-27,74,2025-12-09,2025-12-09
PO009998,S010,P0092,W001,2025-01-13,905,2025-01-24,2025-01-24
PO009999,S009,P0014,W004,2025-05-22,467,2025-05-28,2025-05-28
PO010000,S009,P0039,W002,2025-07-07,316,2025-07-13,2025-07-13
